task_id,seed,classifier,method,status,error,train_n,train_pos,val_n,val_pos,test_n,test_pos,n_features,train_row_delta,scale_pos_weight,fit_seconds,val_ROC_AUC,val_PR_AUC,val_F1,val_Recall,val_Precision,val_MCC,val_FPR,val_Threshold,val_TN,val_FP,val_FN,val_TP,val_Recall_at_FPR010,val_Recall_at_FPR020,val_Recall_at_FPR050,test_ROC_AUC,test_PR_AUC,test_F1,test_Recall,test_Precision,test_MCC,test_FPR,test_Threshold,test_TN,test_FP,test_FN,test_TP,test_Recall_at_FPR010,test_Recall_at_FPR020,test_Recall_at_FPR050
0,42,lightgbm,adasyn,ok,,4714,151,941,67,1046,50,169,144,1.0,0.5999753000214696,0.8294682195430172,0.196432996095244,0.3840579710144927,0.7910447761194029,0.2535885167464115,0.3789741394154787,0.1784897025171624,0.0001146401491535,718,156,14,53,0.044776119402985,0.044776119402985,0.0597014925373134,0.8363253012048193,0.1478233054979194,0.2884012539184953,0.92,0.1710037174721189,0.3397835988459913,0.2238955823293172,0.0001146401491535,773,223,4,46,0.02,0.02,0.02
0,42,lightgbm,borderline_smote,ok,,4714,151,941,67,1046,50,169,151,1.0,0.5744983998592943,0.8286143652447147,0.1897244775998793,0.3703703703703703,0.746268656716418,0.2463054187192118,0.3571197106001207,0.1750572082379862,8.462643900099358e-05,721,153,17,50,0.0298507462686567,0.044776119402985,0.0746268656716417,0.841004016064257,0.1545524152038122,0.2772861356932153,0.94,0.1626297577854671,0.3325585398102739,0.2429718875502008,8.462643900099358e-05,754,242,3,47,0.02,0.02,0.04
0,42,lightgbm,class_weighted,ok,,4714,151,941,67,1046,50,169,0,30.218543046357617,0.5296449000015855,0.8100857269715496,0.2054380430777744,0.3426791277258567,0.8208955223880597,0.2165354330708661,0.3436402008057388,0.2276887871853546,1.992773435043445e-05,675,199,12,55,0.0298507462686567,0.0298507462686567,0.044776119402985,0.8421887550200804,0.1509331409740125,0.256,0.96,0.1476923076923077,0.3143533694462153,0.2781124497991968,1.992773435043445e-05,719,277,2,48,0.0,0.0,0.02
0,42,lightgbm,random_over,ok,,4714,151,941,67,1046,50,169,151,1.0,0.5521627999842167,0.8459646845862221,0.2100580442600387,0.396551724137931,0.6865671641791045,0.2787878787878788,0.372226963714278,0.1361556064073226,0.0001197029916293,755,119,21,46,0.044776119402985,0.044776119402985,0.0597014925373134,0.8377510040160643,0.155823288570134,0.2809364548494983,0.84,0.1686746987951807,0.3166786675589844,0.2078313253012048,0.0001197029916293,789,207,8,42,0.02,0.02,0.06
0,42,lightgbm,random_under_10to1,ok,,4714,151,941,67,1046,50,169,-3053,1.0,0.4512047998141497,0.8049626011817342,0.1752367244187863,0.3249097472924188,0.6716417910447762,0.2142857142857142,0.2982230174191886,0.188787185354691,0.0004683637676989,709,165,22,45,0.0298507462686567,0.044776119402985,0.044776119402985,0.8318072289156626,0.1397309759742918,0.2674418604651162,0.92,0.1564625850340136,0.3184616972626446,0.2489959839357429,0.0004683637676989,748,248,4,46,0.02,0.06,0.06
0,42,lightgbm,smote,ok,,4714,151,941,67,1046,50,169,151,1.0,2.3763582999818027,0.8155162403087537,0.2015493571767442,0.3692307692307692,0.7164179104477612,0.2487046632124352,0.3506162561961338,0.165903890160183,8.642529709495716e-05,729,145,19,48,0.044776119402985,0.044776119402985,0.0597014925373134,0.835281124497992,0.1628294244531448,0.2716049382716049,0.88,0.1605839416058394,0.3149390369560258,0.2309236947791164,8.642529709495716e-05,766,230,6,44,0.04,0.04,0.16
0,42,lightgbm,unweighted,ok,,4714,151,941,67,1046,50,169,0,1.0,0.524154799990356,0.838177533385703,0.2020021518558718,0.3949579831932773,0.7014925373134329,0.2748538011695906,0.3731985141084131,0.1418764302059496,7.612726564462198e-05,750,124,20,47,0.0149253731343283,0.0149253731343283,0.0746268656716417,0.8387751004016064,0.1524554353055061,0.2939297124600639,0.92,0.1749049429657794,0.3452808773849773,0.2178714859437751,7.612726564462198e-05,779,217,4,46,0.02,0.02,0.2
0,43,lightgbm,adasyn,ok,,4714,151,941,67,1046,50,169,144,1.0,0.5912966001778841,0.8258137231462824,0.1945566111392526,0.3607843137254902,0.6865671641791045,0.2446808510638297,0.3370756324333852,0.1624713958810068,9.278708743016436e-05,732,142,21,46,0.0298507462686567,0.044776119402985,0.0597014925373134,0.8351606425702811,0.1572508670506868,0.2803738317757009,0.9,0.1660516605166051,0.3277584083084323,0.2269076305220883,9.278708743016436e-05,770,226,5,45,0.02,0.02,0.04
0,43,lightgbm,borderline_smote,ok,,4714,151,941,67,1046,50,169,151,1.0,0.5671544999349862,0.8153967007069913,0.1809437587925893,0.3167155425219941,0.8059701492537313,0.1970802919708029,0.3137355112802734,0.2517162471395881,3.139904290934216e-05,654,220,13,54,0.0298507462686567,0.0298507462686567,0.0597014925373134,0.8372289156626506,0.1544243781457723,0.2406015037593984,0.96,0.1375358166189111,0.2976278757349739,0.3022088353413654,3.139904290934216e-05,695,301,2,48,0.02,0.02,0.06
0,43,lightgbm,class_weighted,ok,,4714,151,941,67,1046,50,169,0,30.218543046357617,0.5288388000335544,0.8242426312374056,0.1953372477247596,0.3378378378378378,0.746268656716418,0.2183406113537118,0.3244922262118167,0.2048054919908467,3.070093867494142e-05,695,179,17,50,0.0298507462686567,0.0298507462686567,0.044776119402985,0.8396586345381526,0.1454159101948545,0.2685714285714285,0.94,0.1566666666666666,0.3235925958123468,0.2540160642570281,3.070093867494142e-05,743,253,3,47,0.02,0.02,0.02
0,43,lightgbm,random_over,ok,,4714,151,941,67,1046,50,169,151,1.0,0.5234896999318153,0.846921001400321,0.2080228379993876,0.3659305993690852,0.8656716417910447,0.232,0.3761068425635176,0.2196796338672768,4.166313507957214e-05,682,192,9,58,0.044776119402985,0.0597014925373134,0.0597014925373134,0.8406224899598393,0.1522569988751796,0.2526315789473684,0.96,0.1454545454545454,0.3107454889578396,0.2831325301204819,4.166313507957214e-05,714,282,2,48,0.02,0.04,0.04
0,43,lightgbm,random_under_10to1,ok,,4714,151,941,67,1046,50,169,-3053,1.0,0.4521296999882906,0.8283582089552239,0.2069829930834919,0.3533834586466165,0.7014925373134329,0.236180904522613,0.3322404709387884,0.1739130434782608,0.000774292362452,722,152,20,47,0.0597014925373134,0.0597014925373134,0.0746268656716417,0.8292570281124498,0.1508001581737026,0.255591054313099,0.8,0.1520912547528517,0.2833068801743121,0.2238955823293172,0.000774292362452,773,223,10,40,0.04,0.04,0.06
0,43,lightgbm,smote,ok,,4714,151,941,67,1046,50,169,151,1.0,0.5795783998910338,0.8126643669524233,0.1907044133439269,0.3650190114068441,0.7164179104477612,0.2448979591836734,0.3464487472473903,0.1693363844393592,7.665644982239912e-05,726,148,19,48,0.044776119402985,0.044776119402985,0.0597014925373134,0.8308634538152612,0.1442801701098534,0.2650602409638554,0.88,0.1560283687943262,0.3081991221038233,0.2389558232931727,7.665644982239912e-05,758,238,6,44,0.02,0.02,0.04
0,43,lightgbm,unweighted,ok,,4714,151,941,67,1046,50,169,0,1.0,0.5660372001584619,0.8179411865159328,0.1883772516252072,0.3601532567049808,0.7014925373134329,0.2422680412371134,0.3390031972094048,0.1681922196796338,4.412608924345164e-05,727,147,20,47,0.0149253731343283,0.044776119402985,0.0597014925373134,0.8326305220883534,0.1462094132725433,0.2697947214076246,0.92,0.1580756013745704,0.3208964765430621,0.2459839357429719,4.412608924345164e-05,751,245,4,46,0.02,0.02,0.1
0,44,lightgbm,adasyn,ok,,4714,151,941,67,1046,50,169,144,1.0,0.5643482999876142,0.7975340687865023,0.1796520595262472,0.3190184049079754,0.7761194029850746,0.2007722007722007,0.3105011308464666,0.2368421052631578,3.290397146399141e-05,667,207,15,52,0.0597014925373134,0.0597014925373134,0.0597014925373134,0.8293373493975903,0.1526251455245426,0.2548476454293629,0.92,0.1479099678456591,0.3052290627393497,0.2660642570281124,3.290397146399141e-05,731,265,4,46,0.02,0.02,0.02
0,44,lightgbm,borderline_smote,ok,,4714,151,941,67,1046,50,169,151,1.0,0.5802672998979688,0.8389460022541754,0.2039875318173849,0.3719298245614035,0.7910447761194029,0.2431192660550458,0.3670946073301728,0.188787185354691,6.45662684526184e-05,709,165,14,53,0.0298507462686567,0.044776119402985,0.044776119402985,0.8475702811244981,0.1546726539433658,0.2874617737003058,0.94,0.1696750902527075,0.3428503443571419,0.2309236947791164,6.45662684526184e-05,766,230,3,47,0.02,0.02,0.02
0,44,lightgbm,class_weighted,ok,,4714,151,941,67,1046,50,169,0,30.218543046357617,0.503097000066191,0.836469824789098,0.214371701177052,0.3941605839416058,0.8059701492537313,0.2608695652173913,0.3916781551358421,0.1750572082379862,6.544312191432102e-05,721,153,13,54,0.0149253731343283,0.0298507462686567,0.0298507462686567,0.8411044176706827,0.1541668546384753,0.2903225806451613,0.9,0.173076923076923,0.3377221264968483,0.215863453815261,6.544312191432102e-05,781,215,5,45,0.0,0.02,0.02
0,44,lightgbm,random_over,ok,,4714,151,941,67,1046,50,169,151,1.0,0.5424691000953317,0.8477407015266915,0.2247539370649216,0.4031620553359684,0.7611940298507462,0.2741935483870967,0.3917959283795046,0.154462242562929,8.476198302035931e-05,739,135,16,51,0.044776119402985,0.044776119402985,0.0597014925373134,0.8360843373493976,0.1547036069717774,0.2857142857142857,0.88,0.1705426356589147,0.3291964497409032,0.214859437751004,8.476198302035931e-05,782,214,6,44,0.02,0.02,0.04
0,44,lightgbm,random_under_10to1,ok,,4714,151,941,67,1046,50,169,-3053,1.0,0.4390015001408756,0.8023839612008608,0.1889412571114646,0.3902439024390244,0.5970149253731343,0.2898550724637681,0.3524813510853551,0.1121281464530892,0.0018940152395611,776,98,27,40,0.0149253731343283,0.044776119402985,0.0895522388059701,0.8419879518072291,0.1489143159389151,0.3032490974729241,0.84,0.185022026431718,0.3386165561622283,0.1857429718875502,0.0018940152395611,811,185,8,42,0.0,0.02,0.06
0,44,lightgbm,smote,ok,,4714,151,941,67,1046,50,169,151,1.0,0.6449134000577033,0.8060896888554937,0.1845364855225887,0.3233082706766917,0.6417910447761194,0.2160804020100502,0.2917616358053127,0.1784897025171624,6.142817568553957e-05,718,156,24,43,0.044776119402985,0.044776119402985,0.0597014925373134,0.8190160642570281,0.1403513792101364,0.2478386167146974,0.86,0.1447811447811448,0.2862440696324848,0.2550200803212851,6.142817568553957e-05,742,254,7,43,0.02,0.02,0.06
0,44,lightgbm,unweighted,ok,,4714,151,941,67,1046,50,169,0,1.0,0.5221345000900328,0.8369138290242153,0.201623775547507,0.3539823008849557,0.8955223880597015,0.2205882352941176,0.3704092507289886,0.2425629290617849,1.702907201342673e-05,662,212,7,60,0.0298507462686567,0.044776119402985,0.0597014925373134,0.8336746987951806,0.1484001332873585,0.2404092071611253,0.94,0.1378299120234604,0.2934816389783253,0.2951807228915662,1.702907201342673e-05,702,294,3,47,0.02,0.02,0.04
0,45,lightgbm,adasyn,ok,,4714,151,941,67,1046,50,169,144,1.0,0.6659293998964131,0.8078144745380649,0.1847606255223434,0.3253012048192771,0.8059701492537313,0.2037735849056604,0.3227753122098108,0.2414187643020595,3.2157942372623855e-05,663,211,13,54,0.0298507462686567,0.0298507462686567,0.0597014925373134,0.8358433734939759,0.1526245361337416,0.2326732673267326,0.94,0.1327683615819209,0.2848504940887303,0.3082329317269076,3.2157942372623855e-05,689,307,3,47,0.02,0.02,0.04
0,45,lightgbm,borderline_smote,ok,,4714,151,941,67,1046,50,169,151,1.0,0.6727603999897838,0.796406981112743,0.1818147744234469,0.3601532567049808,0.7014925373134329,0.2422680412371134,0.3390031972094048,0.1681922196796338,6.324201071090811e-05,727,147,20,47,0.0298507462686567,0.0298507462686567,0.0746268656716417,0.838273092369478,0.1589836706802557,0.2705882352941176,0.92,0.1586206896551724,0.3217151159879458,0.2449799196787148,6.324201071090811e-05,752,244,4,46,0.02,0.02,0.14
0,45,lightgbm,class_weighted,ok,,4714,151,941,67,1046,50,169,0,30.218543046357617,0.5364667000249028,0.8667816523788381,0.2409983612180512,0.447653429602888,0.9253731343283582,0.2952380952380952,0.4669471061779776,0.1693363844393592,6.305297303704176e-05,726,148,5,62,0.0298507462686567,0.0298507462686567,0.044776119402985,0.8396385542168674,0.1497636583807969,0.2939297124600639,0.92,0.1749049429657794,0.3452808773849773,0.2178714859437751,6.305297303704176e-05,779,217,4,46,0.02,0.02,0.02
0,45,lightgbm,random_over,ok,,4714,151,941,67,1046,50,169,151,1.0,0.5927502999547869,0.8276751255165818,0.2067025369036529,0.3622641509433962,0.7164179104477612,0.2424242424242424,0.343714450355469,0.17162471395881,7.576473161829206e-05,724,150,19,48,0.044776119402985,0.0597014925373134,0.0597014925373134,0.8344176706827309,0.1577419353153922,0.2813455657492354,0.92,0.1660649819494584,0.3326945485880671,0.2319277108433735,7.576473161829206e-05,765,231,4,46,0.02,0.04,0.04
0,45,lightgbm,random_under_10to1,ok,,4714,151,941,67,1046,50,169,-3053,1.0,0.4405739998910576,0.8027255029201817,0.1994673686831885,0.3063063063063063,0.7611940298507462,0.1917293233082706,0.2942219656623484,0.2459954233409611,0.0004058748002091,659,215,16,51,0.044776119402985,0.0597014925373134,0.0746268656716417,0.8123694779116465,0.1279380868142318,0.2085308056872037,0.88,0.1182795698924731,0.2454226892613565,0.3293172690763052,0.0004058748002091,668,328,6,44,0.0,0.0,0.04
0,45,lightgbm,smote,ok,,4714,151,941,67,1046,50,169,151,1.0,0.6419494000729173,0.7663854639844256,0.1729349275534548,0.3307692307692307,0.6417910447761194,0.2227979274611398,0.2994437064736779,0.17162471395881,0.0001076510661817,724,150,24,43,0.044776119402985,0.044776119402985,0.044776119402985,0.8264457831325301,0.1486634777572048,0.2594936708860759,0.82,0.1541353383458646,0.2910606278782482,0.2259036144578313,0.0001076510661817,771,225,9,41,0.02,0.02,0.02
0,45,lightgbm,unweighted,ok,,4714,151,941,67,1046,50,169,0,1.0,0.5474328999407589,0.8423101881894873,0.2095479800404192,0.4120171673819742,0.7164179104477612,0.2891566265060241,0.392254633035406,0.1350114416475972,8.19934183507456e-05,756,118,19,48,0.0298507462686567,0.044776119402985,0.0597014925373134,0.8327911646586345,0.1509283541638444,0.2727272727272727,0.84,0.1627906976744186,0.3084055134754169,0.216867469879518,8.19934183507456e-05,780,216,8,42,0.02,0.02,0.06
0,46,lightgbm,adasyn,ok,,4714,151,941,67,1046,50,169,144,1.0,0.6289389999583364,0.8003176337989686,0.1900453346929741,0.3416666666666667,0.6119402985074627,0.2369942196531791,0.3059892050293393,0.1510297482837528,0.0001243605478994,742,132,26,41,0.044776119402985,0.044776119402985,0.0746268656716417,0.82929718875502,0.1522989409879496,0.2468354430379747,0.78,0.1466165413533834,0.2704799872535847,0.2279116465863453,0.0001243605478994,769,227,11,39,0.02,0.02,0.08
0,46,lightgbm,borderline_smote,ok,,4714,151,941,67,1046,50,169,151,1.0,0.665991900023073,0.8119812835137812,0.1963430638753009,0.3745019920318725,0.7014925373134329,0.2554347826086957,0.35320520886426,0.1567505720823798,9.02914383736354e-05,737,137,20,47,0.0298507462686567,0.044776119402985,0.0746268656716417,0.8387751004016064,0.1685792265803296,0.2732919254658385,0.88,0.1617647058823529,0.3166627558304302,0.2289156626506024,9.02914383736354e-05,768,228,6,44,0.02,0.02,0.18
0,46,lightgbm,class_weighted,ok,,4714,151,941,67,1046,50,169,0,30.218543046357617,0.6278556999750435,0.8293486799412548,0.2224148675999445,0.4,0.7761194029850746,0.2694300518134715,0.3915542959740985,0.1613272311212814,4.859336181788776e-05,733,141,15,52,0.0298507462686567,0.0298507462686567,0.0746268656716417,0.8420883534136547,0.1516465584137151,0.3028391167192429,0.96,0.1797752808988764,0.3621535400664764,0.2198795180722891,4.859336181788776e-05,777,219,2,48,0.02,0.02,0.16
0,46,lightgbm,random_over,ok,,4714,151,941,67,1046,50,169,151,1.0,0.5316514999140054,0.8262064961235015,0.2044122301733535,0.4095238095238095,0.6417910447761194,0.3006993006993007,0.3777833701455185,0.11441647597254,0.0001350042889426,774,100,24,43,0.0298507462686567,0.044776119402985,0.0597014925373134,0.8481325301204818,0.1598687602563633,0.2809364548494983,0.84,0.1686746987951807,0.3166786675589844,0.2078313253012048,0.0001350042889426,789,207,8,42,0.02,0.02,0.08
0,46,lightgbm,random_under_10to1,ok,,4714,151,941,67,1046,50,169,-3053,1.0,0.4665045998990536,0.8401926295296971,0.2123326093359252,0.3630573248407643,0.8507462686567164,0.2307692307692307,0.3701792615665621,0.217391304347826,0.0002232323674258,684,190,10,57,0.044776119402985,0.044776119402985,0.0597014925373134,0.8322088353413655,0.1553205007788774,0.2418136020151133,0.96,0.138328530259366,0.2989669140305526,0.3002008032128514,0.0002232323674258,697,299,2,48,0.02,0.02,0.08
0,46,lightgbm,smote,ok,,4714,151,941,67,1046,50,169,151,1.0,0.7419207999482751,0.8365552102189283,0.2030182944633777,0.3918367346938775,0.7164179104477612,0.2696629213483146,0.3727535234944839,0.148741418764302,0.0001270390289195,744,130,19,48,0.0298507462686567,0.044776119402985,0.0746268656716417,0.8355421686746989,0.1520386331581993,0.2884615384615384,0.9,0.1717557251908397,0.3358707611629926,0.2178714859437751,0.0001270390289195,779,217,5,45,0.02,0.02,0.04
0,46,lightgbm,unweighted,ok,,4714,151,941,67,1046,50,169,0,1.0,0.5772847000043839,0.8227398476723933,0.1936281721817564,0.3739130434782609,0.6417910447761194,0.263803680981595,0.3428176515155009,0.137299771167048,7.715101444646188e-05,754,120,24,43,0.0149253731343283,0.044776119402985,0.0746268656716417,0.8365060240963855,0.1524508900534162,0.2922077922077922,0.9,0.1744186046511628,0.3395919178736464,0.2138554216867469,7.715101444646188e-05,783,213,5,45,0.02,0.04,0.14
1,42,lightgbm,adasyn,ok,,22059,584,2951,76,2574,113,299,487,1.0,1.2366061001084745,0.7364027459954234,0.1592481552185336,0.2875,0.3026315789473684,0.2738095238095238,0.2680514865007735,0.0212173913043478,0.0726077544452643,2814,61,53,23,0.1578947368421052,0.2763157894736842,0.4210526315789473,0.7128946071997497,0.1659120057384925,0.1648351648351648,0.1327433628318584,0.217391304347826,0.1405434288583527,0.0219422998780983,0.0726077544452643,2407,54,98,15,0.0973451327433628,0.1327433628318584,0.3539823008849557
1,42,lightgbm,borderline_smote,ok,,22059,584,2951,76,2574,113,299,584,1.0,1.3301687000785023,0.7569748283752862,0.1491745237462216,0.2816901408450704,0.3947368421052631,0.218978102189781,0.2691553799556992,0.0372173913043478,0.0334094000798677,2768,107,46,30,0.0921052631578947,0.2368421052631578,0.4342105263157895,0.6951595329619947,0.1570025996771995,0.1864406779661017,0.1946902654867256,0.1788617886178861,0.1475718388970928,0.0410402275497765,0.0334094000798677,2360,101,91,22,0.0884955752212389,0.1150442477876106,0.2566371681415929
1,42,lightgbm,class_weighted,ok,,22059,584,2951,76,2574,113,299,0,36.772260273972606,1.232681800145656,0.7715286041189932,0.1569609650151632,0.2692307692307692,0.2763157894736842,0.2625,0.2494908195734648,0.0205217391304347,0.2461130747880969,2816,59,55,21,0.131578947368421,0.25,0.3947368421052631,0.7060335930785744,0.1582080581369595,0.2210526315789473,0.1858407079646017,0.2727272727272727,0.1961355680519613,0.0227549776513612,0.2461130747880969,2405,56,92,21,0.0973451327433628,0.1592920353982301,0.2920353982300885
1,42,lightgbm,random_over,ok,,22059,584,2951,76,2574,113,299,584,1.0,0.9397720999550074,0.7588009153318078,0.1465455351153174,0.2666666666666666,0.4210526315789473,0.1951219512195122,0.259375057001344,0.0459130434782608,0.0319493419403289,2743,132,44,32,0.131578947368421,0.1842105263157894,0.4210526315789473,0.7045592661447789,0.172504285001969,0.2049689440993788,0.2920353982300885,0.1578947368421052,0.1654069725049182,0.0715156440471353,0.0319493419403289,2285,176,80,33,0.1504424778761062,0.1858407079646017,0.2920353982300885
1,42,lightgbm,random_under_10to1,ok,,22059,584,2951,76,2574,113,299,-15635,1.0,0.7391546999569982,0.7472173913043478,0.140537144092165,0.25,0.5263157894736842,0.1639344262295081,0.2619032330679206,0.0709565217391304,0.0438989518312929,2671,204,36,40,0.0789473684210526,0.1578947368421052,0.3947368421052631,0.6924050587393424,0.1409545184522985,0.2080378250591016,0.3893805309734513,0.1419354838709677,0.1770667584983347,0.1080861438439658,0.0438989518312929,2195,266,69,44,0.1061946902654867,0.1769911504424778,0.2831858407079646
1,42,lightgbm,smote,ok,,22059,584,2951,76,2574,113,299,584,1.0,1.0969499999191612,0.7521922196796339,0.1656088128299323,0.2714932126696832,0.3947368421052631,0.2068965517241379,0.2599585954220201,0.04,0.0411703270300318,2760,115,46,30,0.1842105263157894,0.2236842105263158,0.4210526315789473,0.7249373411053136,0.1688387411299725,0.1992619926199262,0.2389380530973451,0.170886075949367,0.1585067770290295,0.05323039414872,0.0411703270300318,2330,131,86,27,0.1415929203539823,0.1504424778761062,0.2920353982300885
1,42,lightgbm,unweighted,ok,,22059,584,2951,76,2574,113,299,0,1.0,0.965798599878326,0.7313455377574372,0.1655782098401068,0.2874251497005988,0.3157894736842105,0.2637362637362637,0.2679944456756777,0.0233043478260869,0.0439762716058134,2808,67,52,24,0.0921052631578947,0.2763157894736842,0.3684210526315789,0.7047102947575092,0.1699018796911056,0.1875,0.1592920353982301,0.2278481012658227,0.1597665326086135,0.0247866720845184,0.0439762716058134,2400,61,95,18,0.1150442477876106,0.1592920353982301,0.2566371681415929
1,43,lightgbm,adasyn,ok,,22059,584,2951,76,2574,113,299,487,1.0,1.2662154000718149,0.7321830663615561,0.1604320725464785,0.2840909090909091,0.3289473684210526,0.25,0.2651365620838062,0.0260869565217391,0.0813432721817659,2800,75,51,25,0.131578947368421,0.2631578947368421,0.4210526315789473,0.6884099923406918,0.1673260605959408,0.1894736842105263,0.1592920353982301,0.2337662337662337,0.16274066900455,0.0239739943112555,0.0813432721817659,2402,59,95,18,0.0973451327433628,0.1327433628318584,0.2654867256637168
1,43,lightgbm,borderline_smote,ok,,22059,584,2951,76,2574,113,299,584,1.0,1.9945737000089137,0.7912356979405034,0.1878576336336146,0.2631578947368421,0.1973684210526315,0.3947368421052631,0.2660548854458831,0.008,0.2066269759246041,2852,23,61,15,0.1973684210526315,0.2763157894736842,0.3552631578947368,0.7418705253278579,0.1717953552025561,0.0985915492957746,0.0619469026548672,0.2413793103448276,0.1028937570562451,0.0089394555058919,0.2066269759246041,2439,22,106,7,0.0619469026548672,0.1150442477876106,0.3274336283185841
1,43,lightgbm,class_weighted,ok,,22059,584,2951,76,2574,113,299,0,36.772260273972606,1.0910599001217631,0.7018993135011442,0.148959233625348,0.2875816993464052,0.2894736842105263,0.2857142857142857,0.2686287589806833,0.0191304347826086,0.2460048390163495,2820,55,54,22,0.131578947368421,0.2894736842105263,0.3815789473684211,0.6561545957647261,0.1435010597689157,0.2146892655367231,0.168141592920354,0.296875,0.19717112348568,0.0182852498984152,0.2460048390163495,2416,45,94,19,0.1150442477876106,0.168141592920354,0.2300884955752212
1,43,lightgbm,random_over,ok,,22059,584,2951,76,2574,113,299,584,1.0,1.027391499839723,0.7574965675057209,0.167699988399572,0.2629757785467128,0.5,0.1784037558685446,0.2687897694600356,0.0608695652173913,0.0219725059469671,2700,175,38,38,0.1184210526315789,0.2105263157894736,0.4210526315789473,0.6928689323355857,0.1565018012791425,0.2267441860465116,0.3451327433628318,0.1688311688311688,0.1914706766377452,0.0780170662332385,0.0219725059469671,2269,192,74,39,0.0884955752212389,0.1327433628318584,0.3097345132743362
1,43,lightgbm,random_under_10to1,ok,,22059,584,2951,76,2574,113,299,-15635,1.0,0.8213170000817627,0.735954233409611,0.1603666157061915,0.2857142857142857,0.4078947368421052,0.2198581560283688,0.2744952037771157,0.0382608695652173,0.1517262724687066,2765,110,45,31,0.1447368421052631,0.2105263157894736,0.4342105263157895,0.6802005084629963,0.1447025410644142,0.1831501831501831,0.2212389380530973,0.15625,0.141180867683441,0.0548557496952458,0.1517262724687066,2326,135,88,25,0.0973451327433628,0.1327433628318584,0.2920353982300885
1,43,lightgbm,smote,ok,,22059,584,2951,76,2574,113,299,584,1.0,1.621070799883455,0.7589794050343249,0.1595959943080818,0.2546816479400749,0.4473684210526316,0.1780104712041884,0.2528607627896352,0.0546086956521739,0.0272664361482394,2718,157,42,34,0.1184210526315789,0.2236842105263158,0.4078947368421052,0.7281556889242089,0.1659897357722868,0.2151162790697674,0.3274336283185841,0.1601731601731601,0.178201273903188,0.0788297440065014,0.0272664361482394,2267,194,76,37,0.1061946902654867,0.1504424778761062,0.2920353982300885
1,43,lightgbm,unweighted,ok,,22059,584,2951,76,2574,113,299,0,1.0,1.3607093000318855,0.7506636155606408,0.1831663043401918,0.1234567901234567,0.0657894736842105,1.0,0.2533849168831984,0.0,0.4331605543432417,2875,0,71,5,0.1052631578947368,0.1842105263157894,0.4078947368421052,0.7179324902101096,0.1675523333285566,0.0338983050847457,0.0176991150442477,0.4,0.0766810011398583,0.0012190166598943,0.4331605543432417,2458,3,111,2,0.1592920353982301,0.2300884955752212,0.336283185840708
1,44,lightgbm,adasyn,ok,,22059,584,2951,76,2574,113,299,487,1.0,1.9626794999931008,0.7443340961098398,0.173422394672991,0.3101604278074866,0.3815789473684211,0.2612612612612612,0.2939342160367421,0.0285217391304347,0.0510107442298817,2793,82,47,29,0.1578947368421052,0.2631578947368421,0.4210526315789473,0.7151384608745994,0.1616334025093333,0.2133333333333333,0.2123893805309734,0.2142857142857142,0.1773823049409667,0.0357578220235676,0.0510107442298817,2373,88,89,24,0.1061946902654867,0.1504424778761062,0.2920353982300885
1,44,lightgbm,borderline_smote,ok,,22059,584,2951,76,2574,113,299,584,1.0,1.754099699901417,0.7418535469107551,0.1711894699767452,0.2941176470588235,0.3289473684210526,0.2659574468085106,0.2750626125281048,0.024,0.0811495570584783,2806,69,51,25,0.1578947368421052,0.2894736842105263,0.4342105263157895,0.7039443639358056,0.186102879879763,0.1979166666666666,0.168141592920354,0.240506329113924,0.1707607594481957,0.024380333197887,0.0811495570584783,2401,60,94,19,0.079646017699115,0.1592920353982301,0.3451327433628318
1,44,lightgbm,class_weighted,ok,,22059,584,2951,76,2574,113,299,0,36.772260273972606,1.396941399900243,0.7354279176201373,0.1631612100107582,0.3108108108108108,0.3026315789473684,0.3194444444444444,0.2932099798964601,0.0170434782608695,0.2095053513335047,2826,49,53,23,0.1447368421052631,0.3026315789473684,0.3947368421052631,0.7120459702329796,0.1602089988742644,0.2196531791907514,0.168141592920354,0.3166666666666666,0.2056823061036619,0.0166598943518894,0.2095053513335047,2420,41,94,19,0.1061946902654867,0.168141592920354,0.247787610619469
1,44,lightgbm,random_over,ok,,22059,584,2951,76,2574,113,299,584,1.0,1.5158200000878423,0.7554599542334096,0.1544562023044747,0.308457711442786,0.4078947368421052,0.248,0.2950845053201968,0.032695652173913,0.0464855013743294,2781,94,45,31,0.0921052631578947,0.1973684210526315,0.4210526315789473,0.6639505489170889,0.1369790512138545,0.2490272373540856,0.2831858407079646,0.2222222222222222,0.211882830616072,0.0455099553027224,0.0464855013743294,2349,112,81,32,0.1061946902654867,0.1592920353982301,0.3274336283185841
1,44,lightgbm,random_under_10to1,ok,,22059,584,2951,76,2574,113,299,-15635,1.0,1.5258429998066276,0.7408741418764301,0.1644954054617892,0.2687747035573122,0.4473684210526316,0.192090395480226,0.2652553960795294,0.0497391304347826,0.1051015739645328,2732,143,42,34,0.1578947368421052,0.2368421052631578,0.4473684210526316,0.7142215014401658,0.1512373778241829,0.2119205298013245,0.2831858407079646,0.1693121693121693,0.1723209264979448,0.0637952052011377,0.1051015739645328,2304,157,81,32,0.1061946902654867,0.1150442477876106,0.2831858407079646
1,44,lightgbm,smote,ok,,22059,584,2951,76,2574,113,299,584,1.0,1.5590142000000924,0.7493867276887871,0.1533646146784294,0.2454873646209386,0.4473684210526316,0.1691542288557214,0.2447513356458771,0.0580869565217391,0.0233826071484793,2708,167,42,34,0.131578947368421,0.1842105263157894,0.3815789473684211,0.6988489462158343,0.1414776135486852,0.2014388489208633,0.3716814159292035,0.1381578947368421,0.168365307028615,0.10646078829744,0.0233826071484793,2199,262,71,42,0.0973451327433628,0.1504424778761062,0.3185840707964602
1,44,lightgbm,unweighted,ok,,22059,584,2951,76,2574,113,299,0,1.0,1.1209193000104278,0.7282425629290615,0.141714378653444,0.2790697674418604,0.3947368421052631,0.2158273381294964,0.2667868839958072,0.0379130434782608,0.0324616249619264,2766,109,46,30,0.0789473684210526,0.2236842105263158,0.4210526315789473,0.693933324463399,0.14783827928563,0.2153846153846154,0.247787610619469,0.1904761904761904,0.1760755735770175,0.0483543275091426,0.0324616249619264,2342,119,85,28,0.079646017699115,0.1504424778761062,0.2831858407079646
1,45,lightgbm,adasyn,ok,,22059,584,2951,76,2574,113,299,487,1.0,1.5861845999024808,0.7515697940503432,0.1484197699064401,0.2698412698412698,0.4473684210526316,0.1931818181818181,0.2661926098857241,0.049391304347826,0.0263580622548961,2733,142,42,34,0.0921052631578947,0.1447368421052631,0.4473684210526316,0.6955263167357684,0.1689143061154308,0.2392638036809816,0.3451327433628318,0.1830985915492957,0.2040743708110174,0.0707029662738724,0.0263580622548961,2287,174,74,39,0.0707964601769911,0.1061946902654867,0.3451327433628318
1,45,lightgbm,borderline_smote,ok,,22059,584,2951,76,2574,113,299,584,1.0,1.733740100171417,0.7657162471395881,0.1543705405528496,0.2819383259911894,0.4210526315789473,0.2119205298013245,0.2729320850342049,0.041391304347826,0.0353595626212576,2756,119,44,32,0.1184210526315789,0.1973684210526315,0.4210526315789473,0.7272099621349692,0.1703063424084386,0.2113207547169811,0.247787610619469,0.1842105263157894,0.1715682054650226,0.0503860219422998,0.0353595626212576,2337,124,85,28,0.0442477876106194,0.1150442477876106,0.247787610619469
1,45,lightgbm,class_weighted,ok,,22059,584,2951,76,2574,113,299,0,36.772260273972606,1.546218799892813,0.7541556064073227,0.170420604990854,0.3067484662576687,0.3289473684210526,0.2873563218390804,0.2878446970958933,0.0215652173913043,0.2004305638973747,2813,62,51,25,0.1710526315789473,0.2894736842105263,0.4473684210526316,0.6886724944532946,0.1879791539908532,0.2122905027932961,0.168141592920354,0.2878787878787879,0.193184739591181,0.0190979276716781,0.2004305638973747,2414,47,94,19,0.1061946902654867,0.168141592920354,0.2389380530973451
1,45,lightgbm,random_over,ok,,22059,584,2951,76,2574,113,299,584,1.0,1.308808600064367,0.7422105263157894,0.1349743989966293,0.2653061224489796,0.5131578947368421,0.1788990825688073,0.2730580773952209,0.0622608695652173,0.021248462560685,2696,179,37,39,0.0657894736842105,0.131578947368421,0.4342105263157895,0.6931673936416953,0.123961319811809,0.2263157894736842,0.3805309734513274,0.1610486891385767,0.1945273920253377,0.0910199106054449,0.021248462560685,2237,224,70,43,0.0707964601769911,0.1504424778761062,0.3539823008849557
1,45,lightgbm,random_under_10to1,ok,,22059,584,2951,76,2574,113,299,-15635,1.0,1.0054667999502271,0.7333775743707094,0.1372752093206771,0.2564102564102564,0.3947368421052631,0.189873417721519,0.2464317041710353,0.0445217391304347,0.082221374215301,2747,128,46,30,0.0921052631578947,0.1447368421052631,0.3947368421052631,0.6868241919070238,0.1288852065912663,0.2215909090909091,0.3451327433628318,0.1631799163179916,0.186266334148075,0.0812677773262901,0.082221374215301,2261,200,74,39,0.0884955752212389,0.1415929203539823,0.3451327433628318
1,45,lightgbm,smote,ok,,22059,584,2951,76,2574,113,299,584,1.0,1.5105105999391526,0.738654462242563,0.1398467104521176,0.2699386503067484,0.2894736842105263,0.2528735632183908,0.2499028376883334,0.0226086956521739,0.0775213747122839,2810,65,54,22,0.0921052631578947,0.2236842105263158,0.3815789473684211,0.712207786603762,0.1695373573117272,0.2,0.1858407079646017,0.2164948453608247,0.1667104525153223,0.0308817553839902,0.0775213747122839,2385,76,92,21,0.1150442477876106,0.1592920353982301,0.2831858407079646
1,45,lightgbm,unweighted,ok,,22059,584,2951,76,2574,113,299,0,1.0,1.4047412998043,0.742745995423341,0.1549526251171925,0.2588235294117647,0.4342105263157895,0.1843575418994413,0.2544405485081562,0.0507826086956521,0.0196762081798973,2729,146,43,33,0.131578947368421,0.1842105263157894,0.4210526315789473,0.7096942389776082,0.1443071455914917,0.2105263157894736,0.3008849557522124,0.1619047619047619,0.1716710077131591,0.0715156440471353,0.0196762081798973,2285,176,79,34,0.1238938053097345,0.168141592920354,0.2920353982300885
1,46,lightgbm,adasyn,ok,,22059,584,2951,76,2574,113,299,487,1.0,1.858753099804744,0.7543157894736842,0.1581344939012916,0.3,0.3947368421052631,0.2419354838709677,0.2858314138063526,0.032695652173913,0.0453010618695512,2781,94,46,30,0.1184210526315789,0.1973684210526315,0.4342105263157895,0.7124702887163646,0.1566707179284484,0.2100840336134453,0.2212389380530973,0.2,0.172137510488871,0.040633888663145,0.0453010618695512,2361,100,88,25,0.0973451327433628,0.1327433628318584,0.3185840707964602
1,46,lightgbm,borderline_smote,ok,,22059,584,2951,76,2574,113,299,584,1.0,1.9064469002187248,0.7656842105263159,0.1493309399626186,0.247787610619469,0.5526315789473685,0.1596958174904943,0.2644983565604858,0.0768695652173913,0.0122883340294957,2654,221,34,42,0.0921052631578947,0.1842105263157894,0.4078947368421052,0.7129629296674134,0.1472095879886789,0.2004555808656036,0.3893805309734513,0.1349693251533742,0.1692753362427133,0.114587566030069,0.0122883340294957,2179,282,69,44,0.0884955752212389,0.1592920353982301,0.2389380530973451
1,46,lightgbm,class_weighted,ok,,22059,584,2951,76,2574,113,299,0,36.772260273972606,2.100041799945757,0.7682059496567506,0.1637161271007473,0.2346368715083799,0.5526315789473685,0.1489361702127659,0.252779396010817,0.0834782608695652,0.0315687569515345,2635,240,34,42,0.1578947368421052,0.25,0.3815789473684211,0.6838611543620299,0.1523814548875883,0.1869565217391304,0.3805309734513274,0.1239193083573487,0.1541735896060914,0.1235270215359609,0.0315687569515345,2157,304,70,43,0.0884955752212389,0.1592920353982301,0.2300884955752212
1,46,lightgbm,random_over,ok,,22059,584,2951,76,2574,113,299,584,1.0,1.4060849999077618,0.748091533180778,0.1631408312787643,0.271062271062271,0.4868421052631579,0.1878172588832487,0.2736397914518511,0.0556521739130434,0.0283828111413493,2715,160,39,37,0.0921052631578947,0.2368421052631578,0.4210526315789473,0.7060443808366266,0.155154365483946,0.2464183381088825,0.3805309734513274,0.1822033898305084,0.2144758407538074,0.0784234051198699,0.0283828111413493,2268,193,70,43,0.1150442477876106,0.1858407079646017,0.2920353982300885
1,46,lightgbm,random_under_10to1,ok,,22059,584,2951,76,2574,113,299,-15635,1.0,0.8295078000519425,0.7533546910755148,0.1502631002235049,0.2469879518072289,0.5394736842105263,0.16015625,0.2615114357542866,0.0747826086956521,0.035515138106508,2660,215,35,41,0.1052631578947368,0.1842105263157894,0.3552631578947368,0.6874534777933999,0.1652201315301447,0.2271604938271605,0.4070796460176991,0.1575342465753424,0.1984057607146831,0.0999593661113368,0.035515138106508,2215,246,67,46,0.1150442477876106,0.1769911504424778,0.2831858407079646
1,46,lightgbm,smote,ok,,22059,584,2951,76,2574,113,299,584,1.0,1.9570534001104531,0.7546773455377573,0.1440349119157109,0.2714932126696832,0.3947368421052631,0.2068965517241379,0.2599585954220201,0.04,0.0351633859093549,2760,115,46,30,0.0657894736842105,0.2236842105263158,0.3947368421052631,0.6963857414605905,0.162771587986848,0.1963636363636363,0.2389380530973451,0.1666666666666666,0.1552962288268367,0.0548557496952458,0.0351633859093549,2326,135,86,27,0.079646017699115,0.1327433628318584,0.2389380530973451
1,46,lightgbm,unweighted,ok,,22059,584,2951,76,2574,113,299,0,1.0,1.4710152000188828,0.7456567505720824,0.1527924246324935,0.2698412698412698,0.4473684210526316,0.1931818181818181,0.2661926098857241,0.049391304347826,0.0170614159322604,2733,142,42,34,0.1184210526315789,0.2236842105263158,0.4473684210526316,0.6922252627718065,0.1574330338012665,0.2388059701492537,0.3539823008849557,0.1801801801801801,0.2043630183046915,0.073953677366924,0.0170614159322604,2279,182,73,40,0.1238938053097345,0.1327433628318584,0.3539823008849557
2,42,lightgbm,adasyn,ok,,62068,1766,11954,188,6891,115,355,1585,1.0,4.257247800007463,0.7215380776199724,0.0419196735186675,0.1131105398457583,0.2340425531914893,0.0745762711864406,0.107775918155643,0.0464048954614992,0.2340613034626197,11220,546,144,44,0.0212765957446808,0.1117021276595744,0.2340425531914893,0.6380139623222626,0.0275251582069801,0.0586907449209932,0.1130434782608695,0.0396341463414634,0.0400436716854098,0.0464876033057851,0.2340613034626197,6461,315,102,13,0.017391304347826,0.0608695652173913,0.1130434782608695
2,42,lightgbm,borderline_smote,ok,,62068,1766,11954,188,6891,115,355,1766,1.0,3.3875973999965936,0.7310737574185987,0.042310023769861,0.0985714285714285,0.3670212765957447,0.0569306930693069,0.1112411003690169,0.0971443141254462,0.0809671836281876,10623,1143,119,69,0.026595744680851,0.0851063829787234,0.2180851063829787,0.6727182896155228,0.0311684015768264,0.0652173913043478,0.208695652173913,0.038647342995169,0.0539472630120225,0.0881050767414403,0.0809671836281876,6179,597,91,24,0.0,0.0521739130434782,0.1304347826086956
2,42,lightgbm,class_weighted,ok,,62068,1766,11954,188,6891,115,355,0,34.14609286523216,2.479835700010881,0.6292721364479694,0.0275232683560214,0.0555004955401387,0.2978723404255319,0.0306010928961748,0.0508277908212839,0.1507734149243583,0.2405312887422385,9992,1774,132,56,0.0106382978723404,0.0319148936170212,0.1063829787234042,0.6107418767003747,0.0229789345160403,0.0367309458218549,0.1739130434782608,0.0205338809034907,0.0121792942370216,0.1407910271546635,0.2405312887422385,5822,954,95,20,0.0,0.008695652173913,0.0608695652173913
2,42,lightgbm,random_over,ok,,62068,1766,11954,188,6891,115,355,1766,1.0,2.727782799862325,0.7137948868177691,0.0413717812001685,0.1161695447409733,0.1968085106382978,0.0824053452115812,0.1058729175327182,0.0350161482236953,0.3720546639538407,11354,412,151,37,0.026595744680851,0.0957446808510638,0.2180851063829787,0.6591614906832298,0.0279080808052573,0.0435967302452316,0.0695652173913043,0.0317460317460317,0.0229008315757382,0.0360094451003541,0.3720546639538407,6532,244,107,8,0.008695652173913,0.0260869565217391,0.1043478260869565
2,42,lightgbm,random_under_10to1,ok,,62068,1766,11954,188,6891,115,355,-42642,1.0,1.7363421998452395,0.6470042151746287,0.0274275012412361,0.0730816077953715,0.3191489361702128,0.0412654745529573,0.0763841420682737,0.1184769675335713,0.1529370122785755,10372,1394,128,60,0.0159574468085106,0.026595744680851,0.0797872340425532,0.5953942302756532,0.0239637082103979,0.0493273542600896,0.1913043478260869,0.0283140283140283,0.0323526291807565,0.11142266824085,0.1529370122785755,6021,755,93,22,0.008695652173913,0.008695652173913,0.1130434782608695
2,42,lightgbm,smote,ok,,62068,1766,11954,188,6891,115,355,1766,1.0,2.9672660999931395,0.7379928101525854,0.0463461650449547,0.079900124843945,0.5106382978723404,0.0433408577878103,0.1058467201645342,0.1800951895291518,0.0386450387340117,9647,2119,92,96,0.0425531914893617,0.1117021276595744,0.2287234042553191,0.6725873928443098,0.0341324561110804,0.0606498194945848,0.3652173913043478,0.0330708661417322,0.0607883102869773,0.1812278630460448,0.0386450387340117,5548,1228,73,42,0.017391304347826,0.0608695652173913,0.1478260869565217
2,42,lightgbm,unweighted,ok,,62068,1766,11954,188,6891,115,355,0,1.0,2.8620495998766278,0.6802843841432762,0.0325036428190978,0.0856463124504361,0.2872340425531915,0.0503261882572227,0.0873276666887357,0.0866054733979262,0.1178458379464315,10747,1019,134,54,0.0106382978723404,0.0425531914893617,0.1436170212765957,0.6245161952671834,0.026538802661814,0.0578034682080924,0.1739130434782608,0.0346620450606585,0.0424148156607839,0.0822018890200708,0.1178458379464315,6219,557,95,20,0.017391304347826,0.0434782608695652,0.0782608695652174
2,43,lightgbm,adasyn,ok,,62068,1766,11954,188,6891,115,355,1585,1.0,3.7575510998722166,0.7098758232339124,0.0418983123659195,0.1145251396648044,0.2180851063829787,0.0776515151515151,0.1069923430914199,0.0413904470508244,0.1871803673246784,11279,487,147,41,0.026595744680851,0.0585106382978723,0.2287234042553191,0.6534867306606438,0.0286944183797784,0.0556844547563805,0.1043478260869565,0.0379746835443038,0.0364285126046414,0.0448642266824085,0.1871803673246784,6472,304,103,12,0.017391304347826,0.0347826086956521,0.1130434782608695
2,43,lightgbm,borderline_smote,ok,,62068,1766,11954,188,6891,115,355,1766,1.0,3.1290290001779795,0.69397624240057,0.0422723384514449,0.1217798594847775,0.1382978723404255,0.1087866108786611,0.1068339187459897,0.0181030086690464,0.465644688975245,11553,213,162,26,0.0691489361702127,0.1382978723404255,0.2234042553191489,0.656400467121811,0.0318580607690285,0.0486322188449848,0.0695652173913043,0.0373831775700934,0.028921637275675,0.0304014167650531,0.465644688975245,6570,206,107,8,0.0347826086956521,0.0695652173913043,0.1478260869565217
2,43,lightgbm,class_weighted,ok,,62068,1766,11954,188,6891,115,355,0,34.14609286523216,2.362218099879101,0.6239245066021462,0.0229861585270596,0.0474185685796587,0.5691489361702128,0.0247398843930635,0.0545437763386533,0.3584905660377358,0.1270414387451169,7548,4218,81,107,0.0106382978723404,0.0372340425531914,0.0851063829787234,0.606087983163082,0.0224592875966599,0.0454733360892931,0.4782608695652174,0.0238715277777777,0.039740655224019,0.3319067296340023,0.1270414387451169,4527,2249,60,55,0.017391304347826,0.0260869565217391,0.0434782608695652
2,43,lightgbm,random_over,ok,,62068,1766,11954,188,6891,115,355,1766,1.0,2.4421075000427663,0.6695823432826644,0.0356704303383755,0.0982948846539618,0.2606382978723404,0.0605686032138442,0.0971036853273157,0.064592894781574,0.2438138938905786,11006,760,139,49,0.0212765957446808,0.0585106382978723,0.2127659574468085,0.6349147887685438,0.0279311678371549,0.064128256513026,0.1391304347826087,0.0416666666666666,0.0473678358701777,0.0543093270365997,0.2438138938905786,6408,368,99,16,0.008695652173913,0.008695652173913,0.0956521739130434
2,43,lightgbm,random_under_10to1,ok,,62068,1766,11954,188,6891,115,355,-42642,1.0,1.758089100010693,0.6732787584855028,0.0312874997203869,0.0772818121252498,0.3085106382978723,0.0441736481340441,0.0803142965409111,0.1066632670406255,0.2262045942593487,10511,1255,130,58,0.0,0.026595744680851,0.1702127659574468,0.6350687849699707,0.0297533465406352,0.0768094534711964,0.2260869565217391,0.0462633451957295,0.068797188022651,0.0791027154663518,0.2262045942593487,6240,536,89,26,0.0,0.0260869565217391,0.1043478260869565
2,43,lightgbm,smote,ok,,62068,1766,11954,188,6891,115,355,1766,1.0,2.641075300052762,0.6972798018813674,0.0452703548328774,0.1223021582733813,0.1808510638297872,0.092391304347826,0.1098172377830876,0.0283868774434812,0.2659101621502965,11432,334,154,34,0.0744680851063829,0.1329787234042553,0.2180851063829787,0.5879510805400133,0.027872510981748,0.0650887573964497,0.0956521739130434,0.0493273542600896,0.0465947566369063,0.0312868949232585,0.2659101621502965,6564,212,104,11,0.017391304347826,0.0521739130434782,0.1217391304347826
2,43,lightgbm,unweighted,ok,,62068,1766,11954,188,6891,115,355,0,1.0,2.830498500028625,0.6680518334472569,0.0305430520626673,0.081277213352685,0.2978723404255319,0.0470588235294117,0.0837322689633158,0.0963793982661907,0.1732274020245434,10632,1134,132,56,0.0053191489361702,0.0478723404255319,0.1223404255319148,0.5867896925209178,0.0241247934440933,0.0616966580976863,0.208695652173913,0.0361990950226244,0.0496936701186718,0.0943034238488784,0.1732274020245434,6137,639,91,24,0.0,0.0260869565217391,0.1043478260869565
2,44,lightgbm,adasyn,ok,,62068,1766,11954,188,6891,115,355,1585,1.0,3.662767100147903,0.7105112187659357,0.0408893380508701,0.1265822784810126,0.1595744680851064,0.1048951048951049,0.1122055852059974,0.021757606663267,0.4122040400211211,11510,256,158,30,0.0212765957446808,0.1223404255319148,0.2127659574468085,0.662387711103126,0.0289844302182596,0.0476190476190476,0.0782608695652174,0.0342205323193916,0.0272625922571289,0.0374852420306965,0.4122040400211211,6522,254,106,9,0.008695652173913,0.0782608695652174,0.1304347826086956
2,44,lightgbm,borderline_smote,ok,,62068,1766,11954,188,6891,115,355,1766,1.0,3.882382099982351,0.7162123735538027,0.0407323530175107,0.0919377652050919,0.3457446808510638,0.0530179445350734,0.1013233837348429,0.0986741458439571,0.0640570717080478,10605,1161,123,65,0.0159574468085106,0.0797872340425532,0.2074468085106383,0.6885029002617936,0.0373959197868406,0.0719576719576719,0.2956521739130435,0.0409638554216867,0.0701262006290024,0.1174734356552538,0.0640570717080478,5980,796,81,34,0.008695652173913,0.0608695652173913,0.208695652173913
2,44,lightgbm,class_weighted,ok,,62068,1766,11954,188,6891,115,355,0,34.14609286523216,2.6008193001616746,0.6068300837971653,0.0224191343301583,0.0534171249018067,0.3617021276595745,0.0288379983036471,0.0522376935124685,0.1946285908550059,0.2290831044581045,9476,2290,120,68,0.0053191489361702,0.0212765957446808,0.0585106382978723,0.5780093424362199,0.0199877537288769,0.0370134014039566,0.2521739130434782,0.0199724517906336,0.0132457296275239,0.2100059031877213,0.2290831044581045,5353,1423,86,29,0.0,0.008695652173913,0.0347826086956521
2,44,lightgbm,random_over,ok,,62068,1766,11954,188,6891,115,355,1766,1.0,2.292950199916959,0.6192506989124813,0.0339332725808904,0.111358574610245,0.1329787234042553,0.0957854406130268,0.0961356713544234,0.0200577936426993,0.5744681988868046,11530,236,163,25,0.0478723404255319,0.1276595744680851,0.1808510638297872,0.6162004003901238,0.0336274708912576,0.1067961165048543,0.0956521739130434,0.1208791208791208,0.0940896322794489,0.011806375442739,0.5744681988868046,6696,80,104,11,0.008695652173913,0.0869565217391304,0.1130434782608695
2,44,lightgbm,random_under_10to1,ok,,62068,1766,11954,188,6891,115,355,-42642,1.0,1.970956499921158,0.6531540573090152,0.028223444055289,0.0761606677099634,0.3882978723404255,0.042220936957779,0.0875654949676513,0.1407445181030086,0.2360532632168664,10110,1656,115,73,0.0159574468085106,0.0372340425531914,0.0797872340425532,0.59472049689441,0.024465933796306,0.0593406593406593,0.2347826086956521,0.0339622641509433,0.0486963439731101,0.1133412042502951,0.2360532632168664,6008,768,88,27,0.0,0.008695652173913,0.0695652173913043
2,44,lightgbm,smote,ok,,62068,1766,11954,188,6891,115,355,1766,1.0,2.568393100053072,0.6912827620876596,0.0396377508246029,0.1021505376344086,0.3031914893617021,0.0614224137931034,0.1065511047460893,0.0740268570457249,0.0966025010302181,10895,871,131,57,0.0212765957446808,0.0851063829787234,0.2127659574468085,0.643879934294954,0.0324010046651249,0.0666666666666666,0.1913043478260869,0.0403669724770642,0.0541688652039277,0.0771841794569067,0.0966025010302181,6253,523,93,22,0.008695652173913,0.0434782608695652,0.1217391304347826
2,44,lightgbm,unweighted,ok,,62068,1766,11954,188,6891,115,355,0,1.0,2.4368116999976337,0.6477259575914736,0.0329755410951372,0.0941949616648411,0.2287234042553191,0.0593103448275862,0.0890101206496619,0.0579636240013598,0.2234966765271283,11084,682,145,43,0.0159574468085106,0.0531914893617021,0.1914893617021276,0.62814280581079,0.0262248810401348,0.0613026819923371,0.1391304347826087,0.0393120393120393,0.0442470320082755,0.0577036599763872,0.2234966765271283,6385,391,99,16,0.008695652173913,0.0347826086956521,0.1304347826086956
2,45,lightgbm,adasyn,ok,,62068,1766,11954,188,6891,115,355,1585,1.0,3.791671399958432,0.7079449983906025,0.0406794628810486,0.1132502831257078,0.2659574468085106,0.0719424460431654,0.1122582891419982,0.0548189699133095,0.122794875391384,11121,645,138,50,0.0106382978723404,0.0691489361702127,0.2393617021276596,0.6208767517067911,0.0266812202935803,0.0489642184557438,0.1130434782608695,0.03125,0.0288125361313082,0.0594746162927981,0.122794875391384,6373,403,102,13,0.008695652173913,0.0347826086956521,0.1043478260869565
2,45,lightgbm,borderline_smote,ok,,62068,1766,11954,188,6891,115,355,1766,1.0,3.363404599949717,0.6914409893635104,0.0404093129182905,0.1151515151515151,0.202127659574468,0.0805084745762711,0.1055682385328399,0.0368859425463199,0.3530830564874108,11332,434,150,38,0.026595744680851,0.1063829787234042,0.2234042553191489,0.6690826959601663,0.0320114434664071,0.0547945205479452,0.0869565217391304,0.04,0.0353078555249278,0.0354191263282172,0.3530830564874108,6536,240,105,10,0.008695652173913,0.0521739130434782,0.1217391304347826
2,45,lightgbm,class_weighted,ok,,62068,1766,11954,188,6891,115,355,0,34.14609286523216,3.2133512999862432,0.5883319590164231,0.0206666047621271,0.039355482675032,0.7340425531914894,0.0202197802197802,0.0416557127075375,0.5683324834268231,0.0560106924615122,5079,6687,50,138,0.0212765957446808,0.026595744680851,0.0744680851063829,0.6393986448334275,0.0258717048939208,0.0437648299499077,0.7217391304347827,0.0225666122892876,0.0490952946853692,0.5305489964580874,0.0560106924615122,3181,3595,32,83,0.008695652173913,0.008695652173913,0.0434782608695652
2,45,lightgbm,random_over,ok,,62068,1766,11954,188,6891,115,355,1766,1.0,2.6680634999647737,0.6509029352515904,0.0292317851590827,0.0806599450045829,0.2340425531914893,0.0487264673311184,0.0758176875990304,0.0730069692333843,0.1609445830439405,10907,859,144,44,0.0159574468085106,0.026595744680851,0.1063829787234042,0.5964734869873209,0.0237383648777351,0.0439560439560439,0.1043478260869565,0.0278422273781902,0.0224901107870815,0.0618358913813459,0.1609445830439405,6357,419,103,12,0.0,0.0,0.0521739130434782
2,45,lightgbm,random_under_10to1,ok,,62068,1766,11954,188,6891,115,355,-42642,1.0,1.704775100108236,0.6682875920882745,0.0352826769047129,0.0896785109983079,0.2819148936170212,0.0533199195171026,0.0909943472973767,0.079976202617712,0.2441616827047864,10825,941,135,53,0.0159574468085106,0.0797872340425532,0.1968085106382978,0.6122516811251989,0.0249044285622289,0.0591900311526479,0.1652173913043478,0.0360531309297912,0.0435008309929216,0.0749704840613931,0.2441616827047864,6268,508,96,19,0.0,0.0347826086956521,0.1043478260869565
2,45,lightgbm,smote,ok,,62068,1766,11954,188,6891,115,355,1766,1.0,3.1733615999110043,0.7139341268205178,0.0427058867219466,0.0956937799043062,0.3723404255319149,0.0549019607843137,0.1087974688842929,0.1024137344892061,0.0775468810556761,10561,1205,118,70,0.0319148936170212,0.0957446808510638,0.2180851063829787,0.6531562804784149,0.0340358818826315,0.0760456273764258,0.2608695652173913,0.0445103857566765,0.0715111456777235,0.0950413223140495,0.0775468810556761,6132,644,85,30,0.0347826086956521,0.0782608695652174,0.1217391304347826
2,45,lightgbm,unweighted,ok,,62068,1766,11954,188,6891,115,355,0,1.0,1.7754815998487177,0.6799464558898521,0.0370030536290013,0.1010928961748633,0.1968085106382978,0.0680147058823529,0.0917648814346814,0.0430902600713921,0.2388121134409016,11259,507,151,37,0.0053191489361702,0.0691489361702127,0.202127659574468,0.6178731841281249,0.0279175157576692,0.050125313283208,0.0869565217391304,0.0352112676056338,0.0299785807548331,0.0404368358913813,0.2388121134409016,6502,274,105,10,0.0,0.0347826086956521,0.1043478260869565
2,46,lightgbm,adasyn,ok,,62068,1766,11954,188,6891,115,355,1585,1.0,4.21008830005303,0.7183134057381348,0.0402405835961408,0.0928162746344564,0.3882978723404255,0.0527075812274368,0.1075974858231215,0.1115077341492435,0.0807105373418597,10454,1312,115,73,0.0106382978723404,0.0531914893617021,0.202127659574468,0.6250596735280529,0.0272050872617887,0.070528967254408,0.2434782608695652,0.0412371134020618,0.0633569008876208,0.0960743801652892,0.0807105373418597,6125,651,87,28,0.0,0.0347826086956521,0.1130434782608695
2,46,lightgbm,borderline_smote,ok,,62068,1766,11954,188,6891,115,355,1766,1.0,3.510463299928233,0.7064054469965751,0.0406727268690833,0.1209829867674858,0.1702127659574468,0.093841642228739,0.1075864528198876,0.0262621111677715,0.4790316300156947,11457,309,156,32,0.0212765957446808,0.1276595744680851,0.2074468085106383,0.6770981982444433,0.0347183087157096,0.0699708454810495,0.1043478260869565,0.0526315789473684,0.0519033297398665,0.0318772136953955,0.4790316300156947,6560,216,103,12,0.0347826086956521,0.0695652173913043,0.1217391304347826
2,46,lightgbm,class_weighted,ok,,62068,1766,11954,188,6891,115,355,0,34.14609286523216,4.395370899932459,0.6326066632670406,0.0248824476692368,0.0523224773091297,0.5212765957446809,0.0275435637998875,0.0618272003801059,0.2940676525582186,0.1375714299371467,8306,3460,90,98,0.0106382978723404,0.026595744680851,0.0638297872340425,0.5809750526153687,0.0227869471259753,0.0412926391382405,0.4,0.0217699952673923,0.0263797367226529,0.3050472255017709,0.1375714299371467,4709,2067,69,46,0.008695652173913,0.0347826086956521,0.0608695652173913
2,46,lightgbm,random_over,ok,,62068,1766,11954,188,6891,115,355,1766,1.0,2.759333499940112,0.6494370725603162,0.0298148264729615,0.0829817158931083,0.3138297872340425,0.0478119935170178,0.0874948880328158,0.0998640149583545,0.1254437461767707,10591,1175,129,59,0.0053191489361702,0.0425531914893617,0.1436170212765957,0.6041360813099944,0.0255639690345166,0.0606896551724137,0.1913043478260869,0.0360655737704918,0.0471397005670166,0.0867768595041322,0.1254437461767707,6188,588,93,22,0.0,0.0347826086956521,0.0869565217391304
2,46,lightgbm,random_under_10to1,ok,,62068,1766,11954,188,6891,115,355,-42642,1.0,2.3810019998345524,0.6206412906282436,0.0307711768720377,0.0873362445414847,0.2127659574468085,0.0549450549450549,0.080271179238669,0.0584735679075301,0.382305949787154,11078,688,148,40,0.0159574468085106,0.0585106382978723,0.1808510638297872,0.5777873312458293,0.0243284724947074,0.0591966173361522,0.1217391304347826,0.0391061452513966,0.0409659549071295,0.050767414403778,0.382305949787154,6432,344,101,14,0.0,0.0260869565217391,0.0956521739130434
2,46,lightgbm,smote,ok,,62068,1766,11954,188,6891,115,355,1766,1.0,2.850116000045091,0.7129723310223108,0.0390626214628309,0.0751565762004175,0.574468085106383,0.0402084884586746,0.1059298954430879,0.2191058983511813,0.0255183816355741,9188,2578,80,108,0.0159574468085106,0.0478723404255319,0.2234042553191489,0.6637646938042195,0.0319598116697757,0.059721300597213,0.391304347826087,0.0323275862068965,0.0614239286102285,0.1987898465171192,0.0255183816355741,5429,1347,70,45,0.008695652173913,0.0782608695652174,0.1391304347826087
2,46,lightgbm,unweighted,ok,,62068,1766,11954,188,6891,115,355,0,1.0,3.609791100025177,0.6860709816601025,0.0356139523188614,0.0997920997920998,0.2553191489361702,0.0620155038759689,0.097891067663118,0.0617032126466088,0.1700847894027197,11040,726,140,48,0.0106382978723404,0.0638297872340425,0.202127659574468,0.6120219701247369,0.0267751225715127,0.0551724137931034,0.1391304347826087,0.0344086021505376,0.0372109348516519,0.066263282172373,0.1700847894027197,6327,449,99,16,0.0,0.0260869565217391,0.1130434782608695
3,42,lightgbm,adasyn,ok,,19863,383,4639,91,3889,108,257,326,1.0,2.570544899906963,0.7981868615113998,0.1340230964873751,0.2258064516129032,0.3076923076923077,0.1783439490445859,0.2142199637920305,0.0283641160949868,0.0164535376985816,4419,129,63,28,0.1318681318681318,0.1868131868131868,0.3406593406593406,0.8004275764788856,0.1335200860379186,0.1353383458646616,0.1666666666666666,0.1139240506329113,0.1078974411318383,0.0370272414705104,0.0164535376985816,3641,140,90,18,0.0833333333333333,0.0925925925925925,0.3611111111111111
3,42,lightgbm,borderline_smote,ok,,19863,383,4639,91,3889,108,257,383,1.0,1.9662907000165435,0.8091686238124233,0.1456307893502616,0.2,0.1318681318681318,0.4137931034482758,0.2254410775724794,0.0037379067722075,0.1688398680390565,4531,17,79,12,0.1758241758241758,0.1978021978021978,0.3846153846153846,0.8043531497644165,0.1443127312074794,0.064516129032258,0.037037037037037,0.25,0.0869281455027848,0.0031737635546151,0.1688398680390565,3769,12,104,4,0.0925925925925925,0.2129629629629629,0.4074074074074074
3,42,lightgbm,class_weighted,ok,,19863,383,4639,91,3889,108,257,0,50.86161879895561,1.7554838000796735,0.7488571235273083,0.1191440413228237,0.1481481481481481,0.0879120879120879,0.4705882352941176,0.1972206826006367,0.0019788918205804,0.7341174255524943,4539,9,83,8,0.1428571428571428,0.1868131868131868,0.2527472527472527,0.6109935643127922,0.0695717429450793,0.0357142857142857,0.0185185185185185,0.5,0.0922168324002084,0.0005289605924358,0.7341174255524943,3779,2,106,2,0.0462962962962962,0.0648148148148148,0.0925925925925925
3,42,lightgbm,random_over,ok,,19863,383,4639,91,3889,108,257,383,1.0,1.705357300117612,0.7853470188562537,0.127816353937042,0.1651376146788991,0.0989010989010989,0.5,0.2161971589307812,0.0019788918205804,0.4691355161231608,4539,9,82,9,0.1428571428571428,0.1868131868131868,0.2967032967032967,0.8011206128106418,0.1188402141692636,0.0350877192982456,0.0185185185185185,0.3333333333333333,0.0730995987294196,0.0010579211848717,0.4691355161231608,3777,4,106,2,0.0648148148148148,0.1018518518518518,0.1388888888888889
3,42,lightgbm,random_under_10to1,ok,,19863,383,4639,91,3889,108,257,-15650,1.0,1.221093200147152,0.7991654343897088,0.1454878105827972,0.231578947368421,0.2417582417582417,0.2222222222222222,0.2157422790588941,0.0169305189094107,0.1378172286117419,4471,77,69,22,0.1648351648351648,0.2527472527472527,0.3296703296703296,0.7997418868220244,0.1219375416482461,0.1401273885350318,0.1018518518518518,0.2244897959183673,0.1352389585177587,0.0100502512562814,0.1378172286117419,3743,38,97,11,0.074074074074074,0.1111111111111111,0.1296296296296296
3,42,lightgbm,smote,ok,,19863,383,4639,91,3889,108,257,383,1.0,1.8275425001047552,0.7839238597813797,0.1409537267790755,0.1666666666666666,0.0989010989010989,0.5294117647058824,0.2229456016666948,0.001759014951627,0.277964424074482,4540,8,82,9,0.1758241758241758,0.2417582417582417,0.3406593406593406,0.7691650259092735,0.099895820046067,0.0350877192982456,0.0185185185185185,0.3333333333333333,0.0730995987294196,0.0010579211848717,0.277964424074482,3777,4,106,2,0.0648148148148148,0.0925925925925925,0.1481481481481481
3,42,lightgbm,unweighted,ok,,19863,383,4639,91,3889,108,257,0,1.0,1.5248865999747068,0.8119182927890052,0.1346033002387656,0.1875,0.4615384615384615,0.1176470588235294,0.2041110911059487,0.0692612137203166,0.0047924518772094,4233,315,49,42,0.1538461538461538,0.2307692307692307,0.3516483516483517,0.7966587322577801,0.1314273473860598,0.1954022988505747,0.3148148148148148,0.1416666666666666,0.1777665353700986,0.0544829410208939,0.0047924518772094,3575,206,74,34,0.074074074074074,0.1018518518518518,0.2037037037037037
3,43,lightgbm,adasyn,ok,,19863,383,4639,91,3889,108,257,326,1.0,1.93414150015451,0.7641107792822832,0.1269165313010901,0.2298850574712643,0.2197802197802197,0.2409638554216867,0.2154345596973507,0.0138522427440633,0.0281563816720585,4485,63,71,20,0.1208791208791208,0.2307692307692307,0.3186813186813186,0.781326221752035,0.1263495024985141,0.1046511627906976,0.0833333333333333,0.140625,0.0888413920666479,0.0145464162919862,0.0281563816720585,3726,55,99,9,0.074074074074074,0.1203703703703703,0.3055555555555556
3,43,lightgbm,borderline_smote,ok,,19863,383,4639,91,3889,108,257,383,1.0,1.822259099921212,0.7717557288797393,0.1279049541043257,0.2032085561497326,0.4175824175824176,0.1342756183745583,0.2107424860949524,0.0538698328935796,0.0105518761352307,4303,245,53,38,0.1428571428571428,0.1758241758241758,0.3846153846153846,0.8090256349976,0.1328922145130955,0.2134831460674157,0.3518518518518518,0.1532258064516129,0.1992630601000254,0.0555408622057656,0.0105518761352307,3571,210,70,38,0.037037037037037,0.1018518518518518,0.3055555555555556
3,43,lightgbm,class_weighted,ok,,19863,383,4639,91,3889,108,257,0,50.86161879895561,2.898846899857745,0.7521456116442924,0.1489685303292521,0.2451612903225806,0.2087912087912088,0.296875,0.2364683788754123,0.0098944591029023,0.1252595967549949,4503,45,72,19,0.2087912087912088,0.2307692307692307,0.3406593406593406,0.6737047812160216,0.071255538849016,0.072463768115942,0.0462962962962962,0.1666666666666666,0.0745308033301616,0.0066120074054482,0.1252595967549949,3756,25,103,5,0.0462962962962962,0.074074074074074,0.1203703703703703
3,43,lightgbm,random_over,ok,,19863,383,4639,91,3889,108,257,383,1.0,1.7858446000609547,0.796050914784424,0.1450848265036862,0.2297297297297297,0.1868131868131868,0.2982456140350877,0.2240939567087975,0.0087950747581354,0.0577936846907658,4508,40,74,17,0.1868131868131868,0.2307692307692307,0.3846153846153846,0.8016495734030777,0.1310352713605178,0.1007194244604316,0.0648148148148148,0.2258064516129032,0.1080354301044448,0.0063475271092303,0.0577936846907658,3757,24,101,7,0.0648148148148148,0.1111111111111111,0.2037037037037037
3,43,lightgbm,random_under_10to1,ok,,19863,383,4639,91,3889,108,257,-15650,1.0,1.8019214998930693,0.8021059854832941,0.139806307594159,0.2137404580152671,0.1538461538461538,0.35,0.2221827594315582,0.005716798592788,0.3306205547389991,4522,26,77,14,0.1868131868131868,0.1868131868131868,0.3516483516483517,0.7951036860716839,0.1369457188220723,0.096,0.0555555555555555,0.3529411764705882,0.1311265718132882,0.0029092832583972,0.3306205547389991,3770,11,102,6,0.074074074074074,0.074074074074074,0.2777777777777778
3,43,lightgbm,smote,ok,,19863,383,4639,91,3889,108,257,383,1.0,1.6192042001057416,0.7887925618796331,0.1220937974161277,0.1785714285714285,0.1098901098901098,0.4761904761904761,0.2220176384352007,0.0024186455584872,0.2762160139469682,4537,11,81,10,0.1538461538461538,0.1648351648351648,0.3296703296703296,0.6966313046715056,0.0780592501529131,0.017391304347826,0.0092592592592592,0.1428571428571428,0.0297418783485724,0.0015868817773075,0.2762160139469682,3775,6,107,1,0.074074074074074,0.0833333333333333,0.1296296296296296
3,43,lightgbm,unweighted,ok,,19863,383,4639,91,3889,108,257,0,1.0,1.984954700106755,0.7984792252602279,0.1332675288415874,0.2291666666666666,0.2417582417582417,0.2178217821782178,0.2132247232387228,0.0173702726473175,0.0205773607226057,4469,79,69,22,0.1538461538461538,0.2417582417582417,0.3516483516483517,0.7751525659486517,0.1052078031495766,0.1257142857142857,0.1018518518518518,0.1641791044776119,0.1099147869457258,0.0148108965882041,0.0205773607226057,3725,56,97,11,0.0648148148148148,0.1018518518518518,0.1388888888888889
3,44,lightgbm,adasyn,ok,,19863,383,4639,91,3889,108,257,326,1.0,1.9173892000690105,0.7787193018063729,0.1288837231257906,0.1621621621621621,0.0989010989010989,0.45,0.2042162435586041,0.0024186455584872,0.2505508127365791,4537,11,82,9,0.1428571428571428,0.2307692307692307,0.3406593406593406,0.7496816440878857,0.0926296706479363,0.0336134453781512,0.0185185185185185,0.1818181818181818,0.0499309642653655,0.0023803226659613,0.2505508127365791,3772,9,106,2,0.074074074074074,0.1203703703703703,0.1666666666666666
3,44,lightgbm,borderline_smote,ok,,19863,383,4639,91,3889,108,257,383,1.0,1.8992063999176023,0.7602979694008717,0.1281986924678538,0.2113821138211382,0.1428571428571428,0.40625,0.2323587549710407,0.0041776605101143,0.0986444754999988,4529,19,78,13,0.1428571428571428,0.1758241758241758,0.3406593406593406,0.8013899908901231,0.1391673775726999,0.0916030534351145,0.0555555555555555,0.2608695652173913,0.1094198210127831,0.0044961650357048,0.0986444754999988,3764,17,102,6,0.0555555555555555,0.1111111111111111,0.2222222222222222
3,44,lightgbm,class_weighted,ok,,19863,383,4639,91,3889,108,257,0,50.86161879895561,1.916145900031552,0.7326973817738989,0.1533546730708179,0.2166666666666666,0.1428571428571428,0.4482758620689655,0.2451627611580407,0.0035180299032541,0.3673272630652135,4532,16,78,13,0.1868131868131868,0.2527472527472527,0.3736263736263736,0.6459074123051907,0.076332332328008,0.05,0.0277777777777777,0.25,0.0752431371145853,0.0023803226659613,0.3673272630652135,3772,9,105,3,0.0555555555555555,0.0648148148148148,0.1203703703703703
3,44,lightgbm,random_over,ok,,19863,383,4639,91,3889,108,257,383,1.0,2.198285299818963,0.7887925618796331,0.142071801319982,0.2461538461538461,0.2637362637362637,0.2307692307692307,0.2305783849991693,0.0175901495162708,0.0251714554180643,4468,80,67,24,0.1538461538461538,0.2747252747252747,0.3736263736263736,0.7998961669948181,0.1426444404980421,0.1916167664670658,0.1481481481481481,0.2711864406779661,0.1838645995104751,0.011372652737371,0.0251714554180643,3738,43,92,16,0.1018518518518518,0.1574074074074074,0.2685185185185185
3,44,lightgbm,random_under_10to1,ok,,19863,383,4639,91,3889,108,257,-15650,1.0,1.5889351000078022,0.8077116375269409,0.1301761127358369,0.1709401709401709,0.1098901098901098,0.3846153846153846,0.1975969215986951,0.0035180299032541,0.7197293051135426,4532,16,81,10,0.1538461538461538,0.1978021978021978,0.2967032967032967,0.814653187967126,0.1220209167871196,0.0344827586206896,0.0185185185185185,0.25,0.0614040962705441,0.0015868817773075,0.7197293051135426,3775,6,106,2,0.037037037037037,0.074074074074074,0.1944444444444444
3,44,lightgbm,smote,ok,,19863,383,4639,91,3889,108,257,383,1.0,1.983496000058949,0.7563570993650149,0.1086498520222757,0.1739130434782608,0.1098901098901098,0.4166666666666667,0.2064708861109862,0.0030782761653474,0.2432209456515816,4534,14,81,10,0.1318681318681318,0.1758241758241758,0.2637362637362637,0.7223740535033844,0.0924295854304527,0.0341880341880341,0.0185185185185185,0.2222222222222222,0.0569953743939696,0.0018513620735255,0.2432209456515816,3774,7,106,2,0.0555555555555555,0.0648148148148148,0.1203703703703703
3,44,lightgbm,unweighted,ok,,19863,383,4639,91,3889,108,257,0,1.0,1.4068275999743491,0.8016638155160583,0.1343801843493859,0.1935483870967742,0.1318681318681318,0.3636363636363636,0.2099772422560244,0.0046174142480211,0.0843982118057214,4527,21,79,12,0.1428571428571428,0.1758241758241758,0.3846153846153846,0.7802462605424785,0.1145296748112204,0.0991735537190082,0.0555555555555555,0.4615384615384615,0.1528832318743063,0.0018513620735255,0.0843982118057214,3774,7,102,6,0.074074074074074,0.1111111111111111,0.2037037037037037
3,45,lightgbm,adasyn,ok,,19863,383,4639,91,3889,108,257,326,1.0,1.9084860999137163,0.7838779514241255,0.1315052668885306,0.1880877742946708,0.3296703296703296,0.131578947368421,0.1835547023906309,0.0435356200527704,0.0151595516580524,4350,198,61,30,0.1318681318681318,0.1758241758241758,0.3296703296703296,0.8017475290683437,0.1281728749119778,0.1794871794871795,0.1944444444444444,0.1666666666666666,0.1546787763047519,0.0277704311028828,0.0151595516580524,3676,105,87,21,0.0462962962962962,0.074074074074074,0.1944444444444444
3,45,lightgbm,borderline_smote,ok,,19863,383,4639,91,3889,108,257,383,1.0,2.2088509001769125,0.7697550909951966,0.1324567778408968,0.1481481481481481,0.0879120879120879,0.4705882352941176,0.1972206826006367,0.0019788918205804,0.333771132980903,4539,9,83,8,0.1208791208791208,0.1648351648351648,0.3186813186813186,0.7542047469315388,0.1017926566223835,0.0,0.0,0.0,-0.0046958884123362,0.0007934408886537,0.333771132980903,3778,3,108,0,0.0277777777777777,0.1018518518518518,0.1481481481481481
3,45,lightgbm,class_weighted,ok,,19863,383,4639,91,3889,108,257,0,50.86161879895561,1.6622629999183118,0.7350290430765365,0.1283242294824301,0.2123893805309734,0.1318681318681318,0.5454545454545454,0.2617441744171286,0.0021987686895338,0.653220361262477,4538,10,79,12,0.1428571428571428,0.1758241758241758,0.2967032967032967,0.7025257868288812,0.0942094382758763,0.0701754385964912,0.037037037037037,0.6666666666666666,0.1528427514527612,0.0005289605924358,0.653220361262477,3779,2,104,4,0.0462962962962962,0.0648148148148148,0.0833333333333333
3,45,lightgbm,random_over,ok,,19863,383,4639,91,3889,108,257,383,1.0,1.5309413000941277,0.7849241787236511,0.134145210485971,0.2116788321167883,0.3186813186813186,0.1584699453551912,0.2029101157370319,0.0338610378188214,0.0144859950796615,4394,154,62,29,0.1208791208791208,0.1978021978021978,0.3626373626373626,0.7701984581778288,0.1023314920331575,0.1181818181818181,0.1203703703703703,0.1160714285714285,0.0925385844113376,0.0261835493255752,0.0144859950796615,3682,99,95,13,0.0648148148148148,0.0925925925925925,0.1481481481481481
3,45,lightgbm,random_under_10to1,ok,,19863,383,4639,91,3889,108,257,-15650,1.0,1.3545166000258178,0.8295398532865551,0.1436785071037472,0.175438596491228,0.1098901098901098,0.4347826086956521,0.2113229051593496,0.002858399296394,0.7637573278672403,4535,13,81,10,0.1538461538461538,0.2197802197802197,0.3406593406593406,0.8004520653952021,0.1237127024245682,0.0672268907563025,0.037037037037037,0.3636363636363636,0.1088631402981444,0.0018513620735255,0.7637573278672403,3774,7,104,4,0.074074074074074,0.1018518518518518,0.1759259259259259
3,45,lightgbm,smote,ok,,19863,383,4639,91,3889,108,257,383,1.0,2.022539199795574,0.8017870432118452,0.1480743803900648,0.2,0.1318681318681318,0.4137931034482758,0.2254410775724794,0.0037379067722075,0.1296820345857859,4531,17,79,12,0.1648351648351648,0.2307692307692307,0.3736263736263736,0.7808290967508105,0.1132661825005081,0.0508474576271186,0.0277777777777777,0.3,0.084119717758226,0.0018513620735255,0.1296820345857859,3774,7,105,3,0.0555555555555555,0.074074074074074,0.1666666666666666
3,45,lightgbm,unweighted,ok,,19863,383,4639,91,3889,108,257,0,1.0,1.9547260999679563,0.7849652546222466,0.1413932543398034,0.2121212121212121,0.1538461538461538,0.3414634146341463,0.2191545631708319,0.0059366754617414,0.0501880682952668,4521,27,77,14,0.1758241758241758,0.1978021978021978,0.3186813186813186,0.7794797574617727,0.1054894100556349,0.0916030534351145,0.0555555555555555,0.2608695652173913,0.1094198210127831,0.0044961650357048,0.0501880682952668,3764,17,102,6,0.0648148148148148,0.074074074074074,0.1851851851851851
3,46,lightgbm,adasyn,ok,,19863,383,4639,91,3889,108,257,326,1.0,2.2385505998972803,0.7543129693525472,0.155540779807582,0.2580645161290322,0.1758241758241758,0.4848484848484848,0.2839606792123101,0.0037379067722075,0.1274023785411469,4531,17,75,16,0.2307692307692307,0.2417582417582417,0.3186813186813186,0.7663341071830889,0.1149271712224952,0.0672268907563025,0.037037037037037,0.3636363636363636,0.1088631402981444,0.0018513620735255,0.1274023785411469,3774,7,104,4,0.0833333333333333,0.1018518518518518,0.1851851851851851
3,46,lightgbm,borderline_smote,ok,,19863,383,4639,91,3889,108,257,383,1.0,2.042135399999097,0.7931973479466884,0.1278278392152995,0.2172701949860724,0.4285714285714285,0.1455223880597015,0.2248108068308808,0.0503518029903254,0.0128689715943998,4319,229,52,39,0.1428571428571428,0.1758241758241758,0.3956043956043956,0.7965999588586207,0.1351483140119432,0.2093862815884476,0.2685185185185185,0.1715976331360946,0.1865670845506135,0.0370272414705104,0.0128689715943998,3641,140,79,29,0.0555555555555555,0.0648148148148148,0.2685185185185185
3,46,lightgbm,class_weighted,ok,,19863,383,4639,91,3889,108,257,0,50.86161879895561,1.6574405001010746,0.7342993418191308,0.1166588323038304,0.1481481481481481,0.0879120879120879,0.4705882352941176,0.1972206826006367,0.0019788918205804,0.8279567653563905,4539,9,83,8,0.1648351648351648,0.1978021978021978,0.2637362637362637,0.5980462742562715,0.0549957380364,0.018018018018018,0.0092592592592592,0.3333333333333333,0.0516692660184532,0.0005289605924358,0.8279567653563905,3779,2,107,1,0.0277777777777777,0.0462962962962962,0.0648148148148148
3,46,lightgbm,random_over,ok,,19863,383,4639,91,3889,108,257,383,1.0,1.9046142001170665,0.8059936984739096,0.1386556429142257,0.2467532467532467,0.2087912087912088,0.3015873015873015,0.2385751290269124,0.0096745822339489,0.0751952965743848,4504,44,72,19,0.2087912087912088,0.2197802197802197,0.3186813186813186,0.768410767286726,0.0996833226239742,0.0821917808219178,0.0555555555555555,0.1578947368421052,0.0786657178681552,0.0084633694789738,0.0751952965743848,3749,32,102,6,0.0555555555555555,0.0925925925925925,0.1481481481481481
3,46,lightgbm,random_under_10to1,ok,,19863,383,4639,91,3889,108,257,-15650,1.0,1.1551205001305789,0.8236949945393216,0.1642592808782176,0.3052631578947368,0.3186813186813186,0.2929292929292929,0.2910337816852466,0.015391380826737,0.1757386413408642,4478,70,62,29,0.2087912087912088,0.3186813186813186,0.4065934065934066,0.8212970309637858,0.1682097868456342,0.2571428571428571,0.3333333333333333,0.2093023255813953,0.2376529018137982,0.0359693202856387,0.1757386413408642,3645,136,72,36,0.074074074074074,0.3333333333333333,0.5
3,46,lightgbm,smote,ok,,19863,383,4639,91,3889,108,257,383,1.0,1.9031618000008168,0.7573984942058821,0.1389833683044708,0.2580645161290322,0.2197802197802197,0.3125,0.2497946275191073,0.0096745822339489,0.0593827052350994,4504,44,71,20,0.2197802197802197,0.2417582417582417,0.3296703296703296,0.7709453701254811,0.1256132038674673,0.1151079136690647,0.074074074074074,0.2580645161290322,0.125633326970463,0.0060830468130124,0.0593827052350994,3758,23,100,8,0.074074074074074,0.0833333333333333,0.1203703703703703
3,46,lightgbm,unweighted,ok,,19863,383,4639,91,3889,108,257,0,1.0,1.6066753000486642,0.7844167705645277,0.1276842973406768,0.2043010752688172,0.2087912087912088,0.2,0.1880760039005087,0.0167106420404573,0.0183060084765772,4472,76,72,19,0.1428571428571428,0.2087912087912088,0.2967032967032967,0.7770529058548101,0.0977063202763805,0.108695652173913,0.0925925925925925,0.131578947368421,0.0891924822037646,0.0174556995503834,0.0183060084765772,3715,66,98,10,0.0462962962962962,0.0925925925925925,0.2129629629629629
4,42,lightgbm,adasyn,ok,,7220,169,1351,27,1328,51,200,146,1.0,1.615466000046581,0.5134552981985006,0.0289553848009348,0.0625,0.037037037037037,0.2,0.0783971307365233,0.0030211480362537,0.0034171974709376,1320,4,26,1,0.037037037037037,0.074074074074074,0.074074074074074,0.609486081041657,0.0510455322703876,0.0,0.0,0.0,0.0,0.0,0.0034171974709376,1277,0,51,0,0.0,0.0196078431372549,0.0196078431372549
4,42,lightgbm,borderline_smote,ok,,7220,169,1351,27,1328,51,200,169,1.0,1.5225335999857634,0.5912498601320353,0.0292652072074928,0.0451127819548872,1.0,0.023076923076923,0.0561673903422378,0.8632930513595166,1.6490584549501217e-05,181,1143,0,27,0.037037037037037,0.037037037037037,0.074074074074074,0.6120195924885224,0.0559291866390826,0.0779220779220779,0.9411764705882352,0.0406435224386113,0.0330380188729144,0.8872357086922474,1.6490584549501217e-05,144,1133,3,48,0.0,0.0,0.0
4,42,lightgbm,class_weighted,ok,,7220,169,1351,27,1328,51,200,0,41.72189349112426,1.1935886999126524,0.6974376188877699,0.0923261269790396,0.2,0.1481481481481481,0.3076923076923077,0.2026393066188057,0.0067975830815709,0.0015851239971093,1315,9,23,4,0.1481481481481481,0.1851851851851851,0.1851851851851851,0.5370583628909669,0.043194483529943,0.0350877192982456,0.0196078431372549,0.1666666666666666,0.0449654564501718,0.0039154267815191,0.0015851239971093,1272,5,50,1,0.0196078431372549,0.0196078431372549,0.0196078431372549
4,42,lightgbm,random_over,ok,,7220,169,1351,27,1328,51,200,169,1.0,1.1508625999558717,0.6313639923911827,0.0731865672572306,0.0714285714285714,0.037037037037037,1.0,0.1905878567447201,0.0,0.0049646561484528,1324,0,26,1,0.037037037037037,0.074074074074074,0.1481481481481481,0.5871758256944124,0.0659901840186528,0.0,0.0,0.0,0.0,0.0,0.0049646561484528,1277,0,51,0,0.0,0.0196078431372549,0.0392156862745098
4,42,lightgbm,random_under_10to1,ok,,7220,169,1351,27,1328,51,200,-5361,1.0,0.836802399950102,0.6670582969676625,0.056615945104644,0.0689655172413793,0.037037037037037,0.5,0.1320666399981499,0.0007552870090634,0.1940546535703822,1323,1,26,1,0.074074074074074,0.074074074074074,0.074074074074074,0.5666620602822178,0.0470639385417966,0.0,0.0,0.0,0.0,0.0,0.1940546535703822,1277,0,51,0,0.0,0.0,0.0
4,42,lightgbm,smote,ok,,7220,169,1351,27,1328,51,200,169,1.0,1.2070995001122355,0.5076927380552758,0.0270176390130943,0.0588235294117647,0.037037037037037,0.1428571428571428,0.0633623971168513,0.0045317220543806,0.0015576848929138,1318,6,26,1,0.037037037037037,0.074074074074074,0.074074074074074,0.6480875827229873,0.0712427533644864,0.0344827586206896,0.0196078431372549,0.1428571428571428,0.0395674684204354,0.004698512137823,0.0015576848929138,1271,6,50,1,0.0196078431372549,0.0392156862745098,0.0392156862745098
4,42,lightgbm,unweighted,ok,,7220,169,1351,27,1328,51,200,0,1.0,1.3042564000934362,0.5935996419380105,0.0371143448869101,0.0666666666666666,0.037037037037037,0.3333333333333333,0.10562635004787,0.0015105740181268,0.0016311977167492,1322,2,26,1,0.037037037037037,0.037037037037037,0.074074074074074,0.5793756813610331,0.0468156557902863,0.0,0.0,0.0,-0.0054859794694871,0.0007830853563038,0.0016311977167492,1276,1,51,0,0.0,0.0,0.0196078431372549
4,43,lightgbm,adasyn,ok,,7220,169,1351,27,1328,51,200,146,1.0,2.245258599985391,0.5664093096117265,0.0634918413061796,0.0714285714285714,0.037037037037037,1.0,0.1905878567447201,0.0,0.0059143401619983,1324,0,26,1,0.037037037037037,0.074074074074074,0.1111111111111111,0.5840741934988561,0.0534343792356093,0.0,0.0,0.0,-0.0054859794694871,0.0007830853563038,0.0059143401619983,1276,1,51,0,0.0,0.0,0.0196078431372549
4,43,lightgbm,borderline_smote,ok,,7220,169,1351,27,1328,51,200,169,1.0,1.7673669999931008,0.6068311513930849,0.0441078786718196,0.0689655172413793,0.037037037037037,0.5,0.1320666399981499,0.0007552870090634,0.0047110907313757,1323,1,26,1,0.037037037037037,0.037037037037037,0.074074074074074,0.6275123988514748,0.0624492763327561,0.0,0.0,0.0,-0.0054859794694871,0.0007830853563038,0.0047110907313757,1276,1,51,0,0.0,0.0,0.0392156862745098
4,43,lightgbm,class_weighted,ok,,7220,169,1351,27,1328,51,200,0,41.72189349112426,1.320710300002247,0.6243426205661855,0.0683983417322658,0.0714285714285714,0.037037037037037,1.0,0.1905878567447201,0.0,0.0321172921180742,1324,0,26,1,0.037037037037037,0.037037037037037,0.1111111111111111,0.5170052359236569,0.0470354410163046,0.0,0.0,0.0,0.0,0.0,0.0321172921180742,1277,0,51,0,0.0,0.0,0.0392156862745098
4,43,lightgbm,random_over,ok,,7220,169,1351,27,1328,51,200,169,1.0,1.4399010001216084,0.5730390511357278,0.0746125756460381,0.0714285714285714,0.037037037037037,1.0,0.1905878567447201,0.0,0.0031412669388956,1324,0,26,1,0.074074074074074,0.074074074074074,0.074074074074074,0.6150290969951018,0.0614225620755677,0.0377358490566037,0.0196078431372549,0.5,0.0932874396420255,0.0007830853563038,0.0031412669388956,1276,1,50,1,0.0196078431372549,0.0196078431372549,0.0196078431372549
4,43,lightgbm,random_under_10to1,ok,,7220,169,1351,27,1328,51,200,-5361,1.0,0.657985300058499,0.5534575360859348,0.0619621984857702,0.0714285714285714,0.037037037037037,1.0,0.1905878567447201,0.0,0.211893230138562,1324,0,26,1,0.037037037037037,0.074074074074074,0.074074074074074,0.5958511830730726,0.0665666445905692,0.0384615384615384,0.0196078431372549,1.0,0.1373646231869637,0.0,0.211893230138562,1277,0,50,1,0.0196078431372549,0.0196078431372549,0.0196078431372549
4,43,lightgbm,smote,ok,,7220,169,1351,27,1328,51,200,169,1.0,2.142157000023872,0.5221550855991943,0.03168702836746,0.0625,0.037037037037037,0.2,0.0783971307365233,0.0030211480362537,0.0015387049350039,1320,4,26,1,0.037037037037037,0.074074074074074,0.1111111111111111,0.698082208607797,0.1421637997628613,0.135593220338983,0.0784313725490196,0.5,0.1869984323360234,0.0031323414252153,0.0015387049350039,1273,4,47,4,0.0784313725490196,0.196078431372549,0.2549019607843137
4,43,lightgbm,unweighted,ok,,7220,169,1351,27,1328,51,200,0,1.0,0.9946507001295686,0.5843403826787512,0.0676830352815309,0.0714285714285714,0.037037037037037,1.0,0.1905878567447201,0.0,0.006078334923563,1324,0,26,1,0.074074074074074,0.074074074074074,0.074074074074074,0.6297848818462388,0.0740622966693423,0.0,0.0,0.0,0.0,0.0,0.006078334923563,1277,0,51,0,0.0196078431372549,0.0196078431372549,0.0196078431372549
4,44,lightgbm,adasyn,ok,,7220,169,1351,27,1328,51,200,146,1.0,0.9173942999914289,0.6459941814926708,0.0757396676468002,0.0714285714285714,0.037037037037037,1.0,0.1905878567447201,0.0,0.0101748594311944,1324,0,26,1,0.074074074074074,0.074074074074074,0.074074074074074,0.5587083698005435,0.0532286911101736,0.0,0.0,0.0,0.0,0.0,0.0101748594311944,1277,0,51,0,0.0196078431372549,0.0196078431372549,0.0196078431372549
4,44,lightgbm,borderline_smote,ok,,7220,169,1351,27,1328,51,200,169,1.0,2.256751599954441,0.6311402036477565,0.0637792920328986,0.0714285714285714,0.037037037037037,1.0,0.1905878567447201,0.0,0.0110163027390738,1324,0,26,1,0.037037037037037,0.037037037037037,0.074074074074074,0.611942819414375,0.0645661763842195,0.0,0.0,0.0,-0.0054859794694871,0.0007830853563038,0.0110163027390738,1276,1,51,0,0.0,0.0,0.0588235294117647
4,44,lightgbm,class_weighted,ok,,7220,169,1351,27,1328,51,200,0,41.72189349112426,2.350249300012365,0.6013203535862146,0.0321916305490438,0.0816326530612244,0.074074074074074,0.0909090909090909,0.0652034988839467,0.0151057401812688,0.0014288581540734,1304,20,25,2,0.037037037037037,0.074074074074074,0.074074074074074,0.5672762448753973,0.0494437748036873,0.0,0.0,0.0,-0.0122855532737535,0.0039154267815191,0.0014288581540734,1272,5,51,0,0.0,0.0,0.0
4,44,lightgbm,random_over,ok,,7220,169,1351,27,1328,51,200,169,1.0,1.1707059000618756,0.5911939129461787,0.0631346956645384,0.0714285714285714,0.037037037037037,1.0,0.1905878567447201,0.0,0.0058302200923964,1324,0,26,1,0.037037037037037,0.037037037037037,0.074074074074074,0.6722864556942589,0.0798556061748283,0.0,0.0,0.0,0.0,0.0,0.0058302200923964,1277,0,51,0,0.0,0.0,0.0
4,44,lightgbm,random_under_10to1,ok,,7220,169,1351,27,1328,51,200,-5361,1.0,0.7993114001583308,0.6153071500503524,0.0677268671532597,0.0714285714285714,0.037037037037037,1.0,0.1905878567447201,0.0,0.2241066685505476,1324,0,26,1,0.037037037037037,0.074074074074074,0.074074074074074,0.6307368679656671,0.0637331637081128,0.0,0.0,0.0,0.0,0.0,0.2241066685505476,1277,0,51,0,0.0,0.0196078431372549,0.0196078431372549
4,44,lightgbm,smote,ok,,7220,169,1351,27,1328,51,200,169,1.0,1.2734238000120968,0.5280295401141323,0.0252781097541904,0.0483558994197292,0.925925925925926,0.0248262164846077,0.0591836703775076,0.7416918429003021,1.97541005422261e-05,342,982,2,25,0.037037037037037,0.037037037037037,0.074074074074074,0.5771031983662691,0.055798378405873,0.078841512469831,0.9607843137254902,0.0411073825503355,0.0416538981178582,0.8950665622552858,1.97541005422261e-05,134,1143,2,49,0.0196078431372549,0.0196078431372549,0.0588235294117647
4,44,lightgbm,unweighted,ok,,7220,169,1351,27,1328,51,200,0,1.0,1.3576070999260992,0.6133210249524449,0.0492308393999552,0.0689655172413793,0.037037037037037,0.5,0.1320666399981499,0.0007552870090634,0.0033640483749099,1323,1,26,1,0.037037037037037,0.074074074074074,0.074074074074074,0.6341916563023017,0.0615276717987433,0.0,0.0,0.0,-0.0054859794694871,0.0007830853563038,0.0033640483749099,1276,1,51,0,0.0,0.0196078431372549,0.0196078431372549
4,45,lightgbm,adasyn,ok,,7220,169,1351,27,1328,51,200,146,1.0,1.3705601000692695,0.5387993733915184,0.0672418371749976,0.0714285714285714,0.037037037037037,1.0,0.1905878567447201,0.0,0.0046042376745693,1324,0,26,1,0.074074074074074,0.074074074074074,0.074074074074074,0.5095275385016966,0.0502160852722197,0.0,0.0,0.0,0.0,0.0,0.0046042376745693,1277,0,51,0,0.0,0.0,0.0
4,45,lightgbm,borderline_smote,ok,,7220,169,1351,27,1328,51,200,169,1.0,1.070945299929008,0.5908582298310395,0.0418119476471913,0.0666666666666666,0.037037037037037,0.3333333333333333,0.10562635004787,0.0015105740181268,0.0034774332673257,1322,2,26,1,0.037037037037037,0.074074074074074,0.1111111111111111,0.5457951387289449,0.0462360549265953,0.0,0.0,0.0,-0.0054859794694871,0.0007830853563038,0.0034774332673257,1276,1,51,0,0.0,0.0196078431372549,0.0392156862745098
4,45,lightgbm,class_weighted,ok,,7220,169,1351,27,1328,51,200,0,41.72189349112426,1.2547766000498086,0.6152232292715676,0.064617284026038,0.0714285714285714,0.037037037037037,1.0,0.1905878567447201,0.0,0.0119986867472537,1324,0,26,1,0.037037037037037,0.037037037037037,0.037037037037037,0.6091636341302378,0.0502450439171734,0.0,0.0,0.0,0.0,0.0,0.0119986867472537,1277,0,51,0,0.0,0.0,0.0
4,45,lightgbm,random_over,ok,,7220,169,1351,27,1328,51,200,169,1.0,1.9850584999658167,0.5995020700458766,0.0648667028497331,0.0714285714285714,0.037037037037037,1.0,0.1905878567447201,0.0,0.0029165965200531,1324,0,26,1,0.037037037037037,0.037037037037037,0.074074074074074,0.5919204016767239,0.0578696747033657,0.0,0.0,0.0,-0.0054859794694871,0.0007830853563038,0.0029165965200531,1276,1,51,0,0.0,0.0,0.0196078431372549
4,45,lightgbm,random_under_10to1,ok,,7220,169,1351,27,1328,51,200,-5361,1.0,1.0843301001004877,0.6231397560702697,0.0301017133860024,0.0586797066014669,0.8888888888888888,0.0303413400758533,0.0879471519669183,0.5793051359516617,0.0001683121850034,557,767,3,24,0.0,0.037037037037037,0.074074074074074,0.5892947625408816,0.0709048229885173,0.0831460674157303,0.7254901960784313,0.0441001191895113,0.0388286732868191,0.6280344557556774,0.0001683121850034,475,802,14,37,0.0,0.0196078431372549,0.0196078431372549
4,45,lightgbm,smote,ok,,7220,169,1351,27,1328,51,200,169,1.0,1.2460875001270324,0.6321472529931744,0.0427609565537112,0.0666666666666666,0.037037037037037,0.3333333333333333,0.10562635004787,0.0015105740181268,0.0039904771651788,1322,2,26,1,0.037037037037037,0.074074074074074,0.074074074074074,0.6249635327897799,0.0772830416571366,0.0,0.0,0.0,0.0,0.0,0.0039904771651788,1277,0,51,0,0.0,0.0196078431372549,0.0196078431372549
4,45,lightgbm,unweighted,ok,,7220,169,1351,27,1328,51,200,0,1.0,1.202989700017497,0.5948304800268547,0.0401811644881699,0.0666666666666666,0.037037037037037,0.3333333333333333,0.10562635004787,0.0015105740181268,0.0027895110127744,1322,2,26,1,0.037037037037037,0.074074074074074,0.074074074074074,0.6431126875182337,0.0851248178193235,0.0,0.0,0.0,0.0,0.0,0.0027895110127744,1277,0,51,0,0.0,0.0196078431372549,0.0196078431372549
4,46,lightgbm,adasyn,ok,,7220,169,1351,27,1328,51,200,146,1.0,1.1648270001169294,0.5662974152400134,0.0406431816534033,0.0666666666666666,0.037037037037037,0.3333333333333333,0.10562635004787,0.0015105740181268,0.0033287793912992,1322,2,26,1,0.074074074074074,0.074074074074074,0.074074074074074,0.591321571698374,0.0643853952096584,0.0377358490566037,0.0196078431372549,0.5,0.0932874396420255,0.0007830853563038,0.0033287793912992,1276,1,50,1,0.0196078431372549,0.0196078431372549,0.0196078431372549
4,46,lightgbm,borderline_smote,ok,,7220,169,1351,27,1328,51,200,169,1.0,1.1570912001188844,0.5890679198836298,0.0653991978760057,0.0714285714285714,0.037037037037037,1.0,0.1905878567447201,0.0,0.0056622709781954,1324,0,26,1,0.037037037037037,0.074074074074074,0.074074074074074,0.6357271177852504,0.0627966361168026,0.0,0.0,0.0,-0.0054859794694871,0.0007830853563038,0.0056622709781954,1276,1,51,0,0.0,0.0392156862745098,0.0392156862745098
4,46,lightgbm,class_weighted,ok,,7220,169,1351,27,1328,51,200,0,41.72189349112426,1.147184999892488,0.6468613628734474,0.0899710023331885,0.0714285714285714,0.037037037037037,1.0,0.1905878567447201,0.0,0.0208246696760137,1324,0,26,1,0.074074074074074,0.074074074074074,0.1481481481481481,0.4978887404609455,0.0617386005306021,0.0,0.0,0.0,0.0,0.0,0.0208246696760137,1277,0,51,0,0.0,0.0,0.0392156862745098
4,46,lightgbm,random_over,ok,,7220,169,1351,27,1328,51,200,169,1.0,1.032486299984157,0.5821304688374174,0.0693793272272118,0.0714285714285714,0.037037037037037,1.0,0.1905878567447201,0.0,0.0295224034763658,1324,0,26,1,0.074074074074074,0.074074074074074,0.074074074074074,0.6524482933345617,0.075631640634993,0.0,0.0,0.0,0.0,0.0,0.0295224034763658,1277,0,51,0,0.0196078431372549,0.0196078431372549,0.0196078431372549
4,46,lightgbm,random_under_10to1,ok,,7220,169,1351,27,1328,51,200,-5361,1.0,0.9601584998890758,0.6549457312297191,0.0355399458174444,0.072639225181598,0.5555555555555556,0.038860103626943,0.0852990710420958,0.2802114803625378,0.0007165135919568,953,371,12,15,0.037037037037037,0.037037037037037,0.074074074074074,0.6123113301702826,0.0613327512635646,0.0980392156862745,0.392156862745098,0.0560224089635854,0.0555927581862165,0.2638997650743931,0.0007165135919568,940,337,31,20,0.0196078431372549,0.0196078431372549,0.0196078431372549
4,46,lightgbm,smote,ok,,7220,169,1351,27,1328,51,200,169,1.0,1.296044599963352,0.6495748013874902,0.0734227310746149,0.0714285714285714,0.037037037037037,1.0,0.1905878567447201,0.0,0.007771867007001,1324,0,26,1,0.074074074074074,0.074074074074074,0.1111111111111111,0.5328819076573464,0.0439239201179913,0.0,0.0,0.0,-0.0054859794694871,0.0007830853563038,0.007771867007001,1276,1,51,0,0.0196078431372549,0.0196078431372549,0.0392156862745098
4,46,lightgbm,unweighted,ok,,7220,169,1351,27,1328,51,200,0,1.0,1.7286016999278218,0.5387713997985901,0.0341517923771501,0.064516129032258,0.037037037037037,0.25,0.0895635832550191,0.0022658610271903,0.003679600792567,1321,3,26,1,0.037037037037037,0.037037037037037,0.1111111111111111,0.6071675342024045,0.0599161158998434,0.0,0.0,0.0,0.0,0.0,0.003679600792567,1277,0,51,0,0.0,0.0,0.0196078431372549
5,42,lightgbm,adasyn,ok,,23007,730,2438,63,2776,91,157,642,1.0,1.7423201000783592,0.6626299081035922,0.1512284500933166,0.1739130434782608,0.0952380952380952,1.0,0.3049687727964166,0.0,0.0795158286779937,2375,0,57,6,0.1269841269841269,0.1269841269841269,0.1587301587301587,0.7174002905846482,0.1409139499924066,0.1512605042016806,0.0989010989010989,0.3214285714285714,0.1636308590075455,0.0070763500931098,0.0795158286779937,2666,19,82,9,0.1538461538461538,0.1538461538461538,0.1868131868131868
5,42,lightgbm,borderline_smote,ok,,23007,730,2438,63,2776,91,157,730,1.0,1.5595960000064224,0.6572163742690058,0.1772336973020494,0.2,0.1111111111111111,1.0,0.3294716666722867,0.0,0.0539544349650675,2375,0,56,7,0.1269841269841269,0.2063492063492063,0.2222222222222222,0.7109869646182494,0.0942831601980498,0.1290322580645161,0.0879120879120879,0.2424242424242424,0.1291372686703443,0.0093109869646182,0.0539544349650675,2660,25,83,8,0.1318681318681318,0.1758241758241758,0.1978021978021978
5,42,lightgbm,class_weighted,ok,,23007,730,2438,63,2776,91,157,0,30.516438356164382,1.4437711997888982,0.5968721804511279,0.0468684343850581,0.03125,0.0158730158730158,1.0,0.1243751929964915,0.0,0.3446777169951449,2375,0,62,1,0.0158730158730158,0.0158730158730158,0.0476190476190476,0.7210223668324227,0.0747125118803496,0.0,0.0,0.0,0.0,0.0,0.3446777169951449,2685,0,91,0,0.0,0.0,0.0879120879120879
5,42,lightgbm,random_over,ok,,23007,730,2438,63,2776,91,157,730,1.0,1.6640029000118377,0.6104594820384295,0.1163722554191579,0.1714285714285714,0.0952380952380952,0.8571428571428571,0.2811557615085553,0.0004210526315789,0.0585242939230769,2374,1,57,6,0.0952380952380952,0.1111111111111111,0.1111111111111111,0.7092884768862422,0.0867495827078628,0.0884955752212389,0.0549450549450549,0.2272727272727272,0.0976241288320409,0.0063314711359404,0.0585242939230769,2668,17,86,5,0.0549450549450549,0.1538461538461538,0.1538461538461538
5,42,lightgbm,random_under_10to1,ok,,23007,730,2438,63,2776,91,157,-14977,1.0,1.4105708999559283,0.6404143692564744,0.1222254695570584,0.1470588235294117,0.0793650793650793,1.0,0.2783399083856074,0.0,0.2534561761166296,2375,0,58,5,0.0793650793650793,0.1111111111111111,0.1746031746031746,0.7411750260912273,0.0831437362784762,0.0,0.0,0.0,-0.0126278607687633,0.0048417132216014,0.2534561761166296,2672,13,91,0,0.0,0.1648351648351648,0.2087912087912088
5,42,lightgbm,smote,ok,,23007,730,2438,63,2776,91,157,730,1.0,1.4282214001286777,0.6476992481203008,0.1836482194548169,0.1971830985915492,0.1111111111111111,0.875,0.3070878036709988,0.0004210526315789,0.0475324747793528,2374,1,56,7,0.1746031746031746,0.1904761904761904,0.2539682539682539,0.7032025702416764,0.0926307922482754,0.1221374045801526,0.0879120879120879,0.2,0.1135492432175189,0.0119180633147113,0.0475324747793528,2653,32,83,8,0.2087912087912088,0.2197802197802197,0.2747252747252747
5,42,lightgbm,unweighted,ok,,23007,730,2438,63,2776,91,157,0,1.0,1.997664300026372,0.6282372598162073,0.1033278136677876,0.1866666666666666,0.1111111111111111,0.5833333333333334,0.2471245309646781,0.0021052631578947,0.0235170526009842,2370,5,56,7,0.1111111111111111,0.1269841269841269,0.1587301587301587,0.725692184910062,0.0947072409950048,0.1333333333333333,0.1208791208791208,0.1486486486486486,0.107686702237189,0.0234636871508379,0.0235170526009842,2622,63,80,11,0.1208791208791208,0.2087912087912088,0.2307692307692307
5,43,lightgbm,adasyn,ok,,23007,730,2438,63,2776,91,157,642,1.0,2.004204299999401,0.6553784461152882,0.1786489973318173,0.2,0.1111111111111111,1.0,0.3294716666722867,0.0,0.0604210479935805,2375,0,56,7,0.1428571428571428,0.1904761904761904,0.2222222222222222,0.7242883745677042,0.1203153010339954,0.1592920353982301,0.0989010989010989,0.4090909090909091,0.1888868268073721,0.0048417132216014,0.0604210479935805,2672,13,82,9,0.1758241758241758,0.1868131868131868,0.2197802197802197
5,43,lightgbm,borderline_smote,ok,,23007,730,2438,63,2776,91,157,730,1.0,1.844718299806118,0.6180384294068505,0.1406191267749384,0.1739130434782608,0.0952380952380952,1.0,0.3049687727964166,0.0,0.1671439819394529,2375,0,57,6,0.1269841269841269,0.1269841269841269,0.1428571428571428,0.6949761597806291,0.0941670271754241,0.0952380952380952,0.0549450549450549,0.3571428571428571,0.1296906320049527,0.0033519553072625,0.1671439819394529,2676,9,86,5,0.1538461538461538,0.1538461538461538,0.1758241758241758
5,43,lightgbm,class_weighted,ok,,23007,730,2438,63,2776,91,157,0,30.516438356164382,2.162908999947831,0.5992113617376775,0.0501723011680702,0.03125,0.0158730158730158,1.0,0.1243751929964915,0.0,0.327880632673921,2375,0,62,1,0.0158730158730158,0.0158730158730158,0.0952380952380952,0.7058055538502466,0.0681320983988934,0.0,0.0,0.0,0.0,0.0,0.327880632673921,2685,0,91,0,0.0,0.0,0.1098901098901098
5,43,lightgbm,random_over,ok,,23007,730,2438,63,2776,91,157,730,1.0,2.1529335000086576,0.6319398496240601,0.1113503187405999,0.1643835616438356,0.0952380952380952,0.6,0.2322413601171696,0.0016842105263157,0.0555041389291032,2371,4,57,6,0.0952380952380952,0.1111111111111111,0.1746031746031746,0.7121861378844618,0.0890341131384665,0.09009009009009,0.0549450549450549,0.25,0.1039201732687966,0.0055865921787709,0.0555041389291032,2670,15,86,5,0.0549450549450549,0.1208791208791208,0.1648351648351648
5,43,lightgbm,random_under_10to1,ok,,23007,730,2438,63,2776,91,157,-14977,1.0,1.1967474999837575,0.6442439431913116,0.1273903276775965,0.1470588235294117,0.0793650793650793,1.0,0.2783399083856074,0.0,0.3773602744114575,2375,0,58,5,0.0793650793650793,0.1269841269841269,0.1904761904761904,0.7102257146949884,0.0758801083295336,0.0,0.0,0.0,-0.0060552801912547,0.0011173184357541,0.3773602744114575,2682,3,91,0,0.0,0.0989010989010989,0.1978021978021978
5,43,lightgbm,smote,ok,,23007,730,2438,63,2776,91,157,730,1.0,1.5661559998989103,0.6646015037593986,0.156413222881301,0.1739130434782608,0.0952380952380952,1.0,0.3049687727964166,0.0,0.0855803600404856,2375,0,57,6,0.1269841269841269,0.1587301587301587,0.1904761904761904,0.7140074078621566,0.0972852406981612,0.1322314049586777,0.0879120879120879,0.2666666666666666,0.1372905442006295,0.008193668528864,0.0855803600404856,2663,22,83,8,0.1428571428571428,0.1538461538461538,0.1978021978021978
5,43,lightgbm,unweighted,ok,,23007,730,2438,63,2776,91,157,0,1.0,2.1972669998649508,0.6395121136173768,0.1090036814122486,0.1388888888888889,0.0793650793650793,0.5555555555555556,0.203226877278041,0.0016842105263157,0.026713097748759,2371,4,58,5,0.1428571428571428,0.1587301587301587,0.1587301587301587,0.7117297972046575,0.0831875248415704,0.074074074074074,0.0549450549450549,0.1136363636363636,0.0576264086082489,0.0145251396648044,0.026713097748759,2646,39,86,5,0.1318681318681318,0.1318681318681318,0.1318681318681318
5,44,lightgbm,adasyn,ok,,23007,730,2438,63,2776,91,157,642,1.0,1.5676365001127124,0.6343391812865496,0.1544242163245859,0.1971830985915492,0.1111111111111111,0.875,0.3070878036709988,0.0004210526315789,0.0354397273041433,2374,1,56,7,0.1269841269841269,0.1269841269841269,0.1428571428571428,0.7244971043853725,0.0957367846085784,0.1323529411764706,0.0989010989010989,0.2,0.1205473594551506,0.0134078212290502,0.0354397273041433,2649,36,82,9,0.1318681318681318,0.1318681318681318,0.2527472527472527
5,44,lightgbm,borderline_smote,ok,,23007,730,2438,63,2776,91,157,730,1.0,1.5951028999406844,0.6411695906432748,0.1413921204881282,0.1470588235294117,0.0793650793650793,1.0,0.2783399083856074,0.0,0.1224225743261063,2375,0,58,5,0.1269841269841269,0.1428571428571428,0.1428571428571428,0.7298299465897231,0.0986389787585638,0.1261261261261261,0.0769230769230769,0.35,0.1517613674635195,0.0048417132216014,0.1224225743261063,2672,13,84,7,0.1208791208791208,0.1538461538461538,0.1538461538461538
5,44,lightgbm,class_weighted,ok,,23007,730,2438,63,2776,91,157,0,30.516438356164382,1.770569900050759,0.6340183792815371,0.0937242430169771,0.1351351351351351,0.0793650793650793,0.4545454545454545,0.1819077570215305,0.0025263157894736,0.1493634837190897,2369,6,58,5,0.1111111111111111,0.1111111111111111,0.1746031746031746,0.7188368428591891,0.0838605646549678,0.0188679245283018,0.0109890109890109,0.0666666666666666,0.0140266945492883,0.0052141527001862,0.1493634837190897,2671,14,90,1,0.0439560439560439,0.0439560439560439,0.1318681318681318
5,44,lightgbm,random_over,ok,,23007,730,2438,63,2776,91,157,730,1.0,1.4743272999767214,0.6384628237259816,0.0855363142454258,0.1666666666666666,0.1111111111111111,0.3333333333333333,0.1806497817314903,0.0058947368421052,0.0219514661989921,2361,14,56,7,0.1111111111111111,0.1111111111111111,0.1746031746031746,0.7065668037735077,0.0696297153261931,0.1117318435754189,0.1098901098901098,0.1136363636363636,0.0821603475043684,0.0290502793296089,0.0219514661989921,2607,78,81,10,0.1098901098901098,0.1098901098901098,0.1758241758241758
5,44,lightgbm,random_under_10to1,ok,,23007,730,2438,63,2776,91,157,-14977,1.0,1.383499899879098,0.6044711779448622,0.1038400856627544,0.1428571428571428,0.0793650793650793,0.7142857142857143,0.2328398563448238,0.0008421052631578,0.1054864056126618,2373,2,58,5,0.0952380952380952,0.0952380952380952,0.1269841269841269,0.7173388994618045,0.0813068160462975,0.0357142857142857,0.0219780219780219,0.0952380952380952,0.0306236807618341,0.0070763500931098,0.1054864056126618,2666,19,89,2,0.0769230769230769,0.0769230769230769,0.1318681318681318
5,44,lightgbm,smote,ok,,23007,730,2438,63,2776,91,157,730,1.0,1.6620884998701513,0.6217410192147034,0.1513152781416237,0.2191780821917808,0.1269841269841269,0.8,0.3131392649558122,0.0008421052631578,0.0407198616555894,2373,2,55,8,0.1269841269841269,0.1746031746031746,0.1904761904761904,0.7123539402869012,0.0975204335751804,0.1428571428571428,0.0989010989010989,0.2571428571428571,0.1423820331789642,0.0096834264432029,0.0407198616555894,2659,26,82,9,0.0989010989010989,0.2087912087912088,0.2637362637362637
5,44,lightgbm,unweighted,ok,,23007,730,2438,63,2776,91,157,0,1.0,1.4247351998928934,0.6030008354218881,0.1034263754681027,0.1428571428571428,0.0793650793650793,0.7142857142857143,0.2328398563448238,0.0008421052631578,0.0353333741828184,2373,2,58,5,0.0793650793650793,0.0793650793650793,0.0952380952380952,0.701823316348456,0.0921396880699183,0.055045871559633,0.0329670329670329,0.1666666666666666,0.0607435113370695,0.0055865921787709,0.0353333741828184,2670,15,88,3,0.0329670329670329,0.0329670329670329,0.1868131868131868
5,45,lightgbm,adasyn,ok,,23007,730,2438,63,2776,91,157,642,1.0,1.5345460998360068,0.620357560568087,0.13770150242363,0.1739130434782608,0.0952380952380952,1.0,0.3049687727964166,0.0,0.0995180277578095,2375,0,57,6,0.1269841269841269,0.1269841269841269,0.1587301587301587,0.7129801297399063,0.1018859488854768,0.0198019801980198,0.0109890109890109,0.1,0.0226982675240903,0.0033519553072625,0.0995180277578095,2676,9,90,1,0.1758241758241758,0.1758241758241758,0.2747252747252747
5,45,lightgbm,borderline_smote,ok,,23007,730,2438,63,2776,91,157,730,1.0,1.8011671998538077,0.6187535505430243,0.1356473980796114,0.1917808219178082,0.1111111111111111,0.7,0.2726903125364909,0.0012631578947368,0.0434040362972281,2372,3,56,7,0.1269841269841269,0.1269841269841269,0.1587301587301587,0.7338490187652199,0.1082284757827084,0.1447368421052631,0.1208791208791208,0.180327868852459,0.1242043133248486,0.0186219739292365,0.0434040362972281,2635,50,80,11,0.1208791208791208,0.1208791208791208,0.1868131868131868
5,45,lightgbm,class_weighted,ok,,23007,730,2438,63,2776,91,157,0,30.516438356164382,1.7495868999976665,0.6212063492063491,0.073300475123515,0.1111111111111111,0.0634920634920634,0.4444444444444444,0.1605987152885491,0.0021052631578947,0.1573492321071516,2370,5,59,4,0.0634920634920634,0.0793650793650793,0.1428571428571428,0.6752000327419322,0.0525297474259022,0.0,0.0,0.0,-0.009256271684432,0.0026070763500931,0.1573492321071516,2678,7,91,0,0.0,0.0109890109890109,0.0219780219780219
5,45,lightgbm,random_over,ok,,23007,730,2438,63,2776,91,157,730,1.0,1.3917050999589264,0.6084143692564744,0.1237906504467161,0.1470588235294117,0.0793650793650793,1.0,0.2783399083856074,0.0,0.0625574740342416,2375,0,58,5,0.1111111111111111,0.1111111111111111,0.1269841269841269,0.7386457118300693,0.0967404882073107,0.087719298245614,0.0549450549450549,0.217391304347826,0.0947640075469556,0.0067039106145251,0.0625574740342416,2667,18,86,5,0.1538461538461538,0.1538461538461538,0.2197802197802197
5,45,lightgbm,random_under_10to1,ok,,23007,730,2438,63,2776,91,157,-14977,1.0,0.944290299899876,0.6150242272347536,0.1236701576924939,0.231578947368421,0.1746031746031746,0.34375,0.2310797137000244,0.0088421052631578,0.0486129095413315,2354,21,52,11,0.1746031746031746,0.1746031746031746,0.2222222222222222,0.7363987967339923,0.0863214345519519,0.1161290322580645,0.0989010989010989,0.140625,0.0930395998690071,0.0204841713221601,0.0486129095413315,2630,55,82,9,0.0989010989010989,0.0989010989010989,0.1428571428571428
5,45,lightgbm,smote,ok,,23007,730,2438,63,2776,91,157,730,1.0,1.5775223998352883,0.6415639097744361,0.173291661471336,0.2,0.1111111111111111,1.0,0.3294716666722867,0.0,0.0713268559100775,2375,0,56,7,0.1587301587301587,0.1904761904761904,0.2063492063492063,0.7320748153150388,0.1191732538799637,0.1512605042016806,0.0989010989010989,0.3214285714285714,0.1636308590075455,0.0070763500931098,0.0713268559100775,2666,19,82,9,0.1428571428571428,0.1648351648351648,0.2087912087912088
5,45,lightgbm,unweighted,ok,,23007,730,2438,63,2776,91,157,0,1.0,1.3572357001248747,0.6083074352548037,0.1179632074887667,0.1470588235294117,0.0793650793650793,1.0,0.2783399083856074,0.0,0.0632503845787023,2375,0,58,5,0.0952380952380952,0.0952380952380952,0.1269841269841269,0.7304274868520678,0.1119587698761935,0.0404040404040404,0.0219780219780219,0.25,0.0655822664861977,0.0022346368715083,0.0632503845787023,2679,6,89,2,0.0879120879120879,0.0879120879120879,0.1978021978021978
5,46,lightgbm,adasyn,ok,,23007,730,2438,63,2776,91,157,642,1.0,1.685829799855128,0.6571228070175439,0.1597306968768575,0.1714285714285714,0.0952380952380952,0.8571428571428571,0.2811557615085553,0.0004210526315789,0.0426058370598721,2374,1,57,6,0.1428571428571428,0.1587301587301587,0.2222222222222222,0.7141752102645957,0.0934598763369222,0.1417322834645669,0.0989010989010989,0.25,0.139830026492705,0.0100558659217877,0.0426058370598721,2658,27,82,9,0.1208791208791208,0.1318681318681318,0.1978021978021978
5,46,lightgbm,borderline_smote,ok,,23007,730,2438,63,2776,91,157,730,1.0,1.567722799954936,0.6507268170426065,0.1535553168098545,0.1739130434782608,0.0952380952380952,1.0,0.3049687727964166,0.0,0.0918980474335044,2375,0,57,6,0.1111111111111111,0.1587301587301587,0.1904761904761904,0.72564716475331,0.1080037857553925,0.1034482758620689,0.0659340659340659,0.24,0.1109381567045164,0.0070763500931098,0.0918980474335044,2666,19,85,6,0.1208791208791208,0.1868131868131868,0.2307692307692307
5,46,lightgbm,class_weighted,ok,,23007,730,2438,63,2776,91,157,0,30.516438356164382,1.49112549982965,0.5951946532999165,0.0501330771013435,0.03125,0.0158730158730158,1.0,0.1243751929964915,0.0,0.3688865182889154,2375,0,62,1,0.0317460317460317,0.0317460317460317,0.0476190476190476,0.715922810894878,0.0873906175905143,0.0,0.0,0.0,-0.0034947575951823,0.0003724394785847,0.3688865182889154,2684,1,91,0,0.0219780219780219,0.0219780219780219,0.0549450549450549
5,46,lightgbm,random_over,ok,,23007,730,2438,63,2776,91,157,730,1.0,1.6648961999453604,0.6502055137844611,0.1322643352278449,0.144927536231884,0.0793650793650793,0.8333333333333334,0.2527923610014928,0.0004210526315789,0.0548852952938809,2374,1,58,5,0.1111111111111111,0.1269841269841269,0.1746031746031746,0.7216035361286758,0.1355624659309316,0.0934579439252336,0.0549450549450549,0.3125,0.1196063036947293,0.004096834264432,0.0548852952938809,2674,11,86,5,0.1758241758241758,0.1868131868131868,0.2417582417582417
5,46,lightgbm,random_under_10to1,ok,,23007,730,2438,63,2776,91,157,-14977,1.0,0.9696740000508726,0.6426733500417711,0.1304273703677357,0.144927536231884,0.0793650793650793,0.8333333333333334,0.2527923610014928,0.0004210526315789,0.1792072751004181,2374,1,58,5,0.1111111111111111,0.1269841269841269,0.1904761904761904,0.7393578488550555,0.1001896833548877,0.0373831775700934,0.0219780219780219,0.125,0.0394323422354806,0.0052141527001862,0.1792072751004181,2671,14,89,2,0.0879120879120879,0.1428571428571428,0.1978021978021978
5,46,lightgbm,smote,ok,,23007,730,2438,63,2776,91,157,730,1.0,1.6258392001036557,0.6262923976608188,0.1721491959944413,0.2191780821917808,0.1269841269841269,0.8,0.3131392649558122,0.0008421052631578,0.0466259270806955,2373,2,55,8,0.1587301587301587,0.1746031746031746,0.2063492063492063,0.7224384553993493,0.1354979069738489,0.1688311688311688,0.1428571428571428,0.2063492063492063,0.1485395912259661,0.0186219739292365,0.0466259270806955,2635,50,78,13,0.1538461538461538,0.1538461538461538,0.1758241758241758
5,46,lightgbm,unweighted,ok,,23007,730,2438,63,2776,91,157,0,1.0,1.426311400020495,0.6155989974937343,0.1336576590420937,0.1690140845070422,0.0952380952380952,0.75,0.26188311430076,0.0008421052631578,0.0435769849890811,2373,2,57,6,0.1111111111111111,0.1587301587301587,0.1746031746031746,0.7269445638160722,0.0989593498054595,0.0909090909090909,0.0549450549450549,0.2631578947368421,0.1074048755326904,0.0052141527001862,0.0435769849890811,2671,14,86,5,0.0989010989010989,0.1648351648351648,0.1868131868131868
6,42,lightgbm,adasyn,ok,,43809,1695,6602,214,5618,199,420,1441,1.0,3.363510699942708,0.8362357282053382,0.1980751938440099,0.2786596119929453,0.3691588785046729,0.2237960339943343,0.2568434430261809,0.0428929242329367,0.1764070489297018,6114,274,135,79,0.1214953271028037,0.219626168224299,0.3925233644859813,0.795547213832588,0.117152915912592,0.21,0.3165829145728643,0.1571072319201995,0.1825138258865204,0.0623731315740911,0.1764070489297018,5081,338,136,63,0.0552763819095477,0.1155778894472361,0.3316582914572864
6,42,lightgbm,borderline_smote,ok,,43809,1695,6602,214,5618,199,420,1695,1.0,2.9141851000022143,0.8301722271314789,0.1738914288887001,0.2584434654919236,0.411214953271028,0.1884368308351177,0.2430660598045322,0.0593299937382592,0.1255998430132213,6009,379,126,88,0.1074766355140186,0.1775700934579439,0.3691588785046729,0.7919594280685583,0.1133996560298676,0.2059880239520958,0.4321608040201005,0.1352201257861635,0.1929058149711334,0.1014947407270714,0.1255998430132213,4869,550,113,86,0.0452261306532663,0.1507537688442211,0.3768844221105528
6,42,lightgbm,class_weighted,ok,,43809,1695,6602,214,5618,199,420,0,24.846017699115045,2.2866865999531,0.8302329426085125,0.1651750172115936,0.2376470588235294,0.4719626168224299,0.1588050314465408,0.2330171725538588,0.0837507827175954,0.2186962481876808,5853,535,113,101,0.1401869158878504,0.1915887850467289,0.3317757009345794,0.8094764280898865,0.1432530018338864,0.1847389558232931,0.4623115577889447,0.1154328732747804,0.1759972961145706,0.1300978040228824,0.2186962481876808,4714,705,107,92,0.0954773869346733,0.1658291457286432,0.3316582914572864
6,42,lightgbm,random_over,ok,,43809,1695,6602,214,5618,199,420,1695,1.0,2.21479279990308,0.845559577244717,0.1928407881273422,0.2801418439716312,0.3691588785046729,0.2257142857142857,0.2582511533153797,0.0424232936756418,0.171942275914987,6117,271,135,79,0.1355140186915887,0.1962616822429906,0.3925233644859813,0.790644493921907,0.1107713240729453,0.1828410689170183,0.3266331658291457,0.126953125,0.1568049141205849,0.0824875438272744,0.171942275914987,4972,447,134,65,0.1055276381909547,0.1306532663316583,0.371859296482412
6,42,lightgbm,random_under_10to1,ok,,43809,1695,6602,214,5618,199,420,-25164,1.0,1.8243440999649465,0.8375129477583554,0.1750443862146239,0.2965779467680608,0.3644859813084112,0.25,0.273632869140633,0.0366311834690043,0.3339277193025368,6154,234,136,78,0.0887850467289719,0.1915887850467289,0.397196261682243,0.7834271931719864,0.1150364489709284,0.2050359712230215,0.2864321608040201,0.1596638655462184,0.1750910864216386,0.0553607676693116,0.3339277193025368,5119,300,142,57,0.0603015075376884,0.1256281407035175,0.3668341708542713
6,42,lightgbm,smote,ok,,43809,1695,6602,214,5618,199,420,1695,1.0,2.328052900033072,0.8402714786486344,0.1902456549015172,0.2785602503912363,0.4158878504672897,0.2094117647058823,0.2621552717188318,0.0525986224170319,0.1369322554174182,6052,336,125,89,0.1355140186915887,0.1962616822429906,0.397196261682243,0.8202982062925811,0.1246868939214987,0.2225165562913907,0.4221105527638191,0.1510791366906475,0.2073695164150373,0.0871009411330503,0.1369322554174182,4947,472,115,84,0.050251256281407,0.1457286432160804,0.4120603015075377
6,42,lightgbm,unweighted,ok,,43809,1695,6602,214,5618,199,420,0,1.0,2.1330066001974046,0.8329512403513598,0.1898166973291714,0.2688,0.3925233644859813,0.2043795620437956,0.2501883665131241,0.0511897307451471,0.1423032753750957,6061,327,130,84,0.1261682242990654,0.1915887850467289,0.3785046728971962,0.7970327741308498,0.1156453883558667,0.206043956043956,0.3768844221105528,0.1417769376181474,0.1855092063875509,0.0837792950728916,0.1423032753750957,4965,454,124,75,0.0954773869346733,0.1608040201005025,0.371859296482412
6,43,lightgbm,adasyn,ok,,43809,1695,6602,214,5618,199,420,1441,1.0,3.014590200036764,0.8471389111593582,0.183247366880896,0.271875,0.4065420560747663,0.204225352112676,0.2547933739794379,0.0530682529743268,0.1479309802734887,6049,339,127,87,0.1121495327102803,0.1775700934579439,0.3831775700934579,0.7982095381873383,0.1253633278517255,0.2169312169312169,0.4120603015075377,0.1472172351885098,0.2006452553442992,0.0876545488097435,0.1479309802734887,4944,475,117,82,0.0603015075376884,0.1055276381909547,0.3618090452261306
6,43,lightgbm,borderline_smote,ok,,43809,1695,6602,214,5618,199,420,1695,1.0,2.990634300047532,0.8360565078213238,0.1763077539008591,0.2655462184873949,0.3691588785046729,0.2073490813648294,0.2444524733135342,0.0472761427676894,0.1559063442763255,6086,302,135,79,0.1355140186915887,0.205607476635514,0.3691588785046729,0.8070227498444427,0.1212148691998657,0.2288828337874659,0.4221105527638191,0.1570093457943925,0.213403403461633,0.0832256873961985,0.1559063442763255,4968,451,115,84,0.0452261306532663,0.1457286432160804,0.4221105527638191
6,43,lightgbm,class_weighted,ok,,43809,1695,6602,214,5618,199,420,0,24.846017699115045,2.5991595000959933,0.8342489422339784,0.1594543405384649,0.2633996937212863,0.4018691588785046,0.1958997722095672,0.2463775903974778,0.0552598622417031,0.3515718036907886,6035,353,128,86,0.1074766355140186,0.1728971962616822,0.3644859813084112,0.7955778152619529,0.1341894691540547,0.2215657311669128,0.3768844221105528,0.1569037656903765,0.2004193328292782,0.0743679645691086,0.3515718036907886,5016,403,124,75,0.0753768844221105,0.1206030150753768,0.3266331658291457
6,43,lightgbm,random_over,ok,,43809,1695,6602,214,5618,199,420,1695,1.0,2.342308199964464,0.8401917438655423,0.166971691632943,0.2687022900763359,0.411214953271028,0.1995464852607709,0.2524873650476717,0.0552598622417031,0.1335613988566263,6035,353,126,88,0.0841121495327102,0.1635514018691588,0.3738317757009345,0.7981845006542214,0.1497954047405153,0.2034346103038309,0.3869346733668342,0.1379928315412186,0.1842730985132185,0.0887617641631297,0.1335613988566263,4938,481,122,77,0.0703517587939698,0.1256281407035175,0.3567839195979899
6,43,lightgbm,random_under_10to1,ok,,43809,1695,6602,214,5618,199,420,-25164,1.0,1.992681100033224,0.8428317698488405,0.1617774994016862,0.2833675564681724,0.322429906542056,0.2527472527472527,0.258392065521051,0.0319348778960551,0.3655579444577662,6184,204,145,69,0.0934579439252336,0.205607476635514,0.3738317757009345,0.7995671288718922,0.1214392643994948,0.192170818505338,0.271356783919598,0.1487603305785124,0.1611535688950556,0.057021590699391,0.3655579444577662,5110,309,145,54,0.0351758793969849,0.1557788944723618,0.3668341708542713
6,43,lightgbm,smote,ok,,43809,1695,6602,214,5618,199,420,1695,1.0,2.210001799976453,0.8423156882940562,0.1959233181052805,0.2756508422664624,0.4205607476635514,0.20501138952164,0.2601090855185066,0.0546336881653099,0.1304308535801653,6039,349,124,90,0.1121495327102803,0.1962616822429906,0.3925233644859813,0.8061482908174383,0.1130213304452749,0.2027027027027027,0.3768844221105528,0.1386321626617375,0.1822693860499134,0.0859937257796641,0.1304308535801653,4953,466,124,75,0.0653266331658291,0.1407035175879397,0.3417085427135678
6,43,lightgbm,unweighted,ok,,43809,1695,6602,214,5618,199,420,0,1.0,2.4004244999960065,0.8409876286729205,0.1980880103379325,0.2783171521035599,0.4018691588785046,0.2128712871287128,0.2601503951554229,0.0497808390732623,0.1838112702726239,6070,318,128,86,0.1401869158878504,0.2009345794392523,0.4018691588785046,0.7848710242483872,0.1137917993883528,0.2129783693843594,0.321608040201005,0.1592039800995024,0.1859078717414223,0.0623731315740911,0.1838112702726239,5081,338,135,64,0.0753768844221105,0.1206030150753768,0.321608040201005
6,44,lightgbm,adasyn,ok,,43809,1695,6602,214,5618,199,420,1441,1.0,3.226332999998704,0.8409239871488012,0.1872532786914534,0.2698650674662669,0.4205607476635514,0.1986754966887417,0.2548141981273859,0.0568252974326862,0.1234976527946374,6025,363,124,90,0.1121495327102803,0.2102803738317757,0.3691588785046729,0.7980880597859198,0.1205465995380374,0.2216687422166874,0.4472361809045226,0.1473509933774834,0.2101672653897501,0.095035984498985,0.1234976527946374,4904,515,110,89,0.0653266331658291,0.1306532663316583,0.3768844221105528
6,44,lightgbm,borderline_smote,ok,,43809,1695,6602,214,5618,199,420,1695,1.0,3.309718200005591,0.8408764388836545,0.1877266221530968,0.2622950819672131,0.411214953271028,0.1925601750547046,0.2466032340300885,0.0577645585472761,0.1311023555986711,6019,369,126,88,0.1542056074766355,0.1915887850467289,0.3644859813084112,0.7989226442231456,0.1342105226167851,0.2280701754385964,0.457286432160804,0.1519198664440734,0.2177303318122535,0.0937442332533677,0.1311023555986711,4911,508,108,91,0.0603015075376884,0.1256281407035175,0.4020100502512563
6,44,lightgbm,class_weighted,ok,,43809,1695,6602,214,5618,199,420,0,24.846017699115045,2.5608226999174803,0.80870089361478,0.1471006723606283,0.2412790697674418,0.3878504672897196,0.1751054852320675,0.2240849826053872,0.0612085159674389,0.4047859282491408,5997,391,131,83,0.0981308411214953,0.1728971962616822,0.3271028037383177,0.7765057062392605,0.1171234062369439,0.2277372262773722,0.3919597989949748,0.1604938271604938,0.2082238241952229,0.0752906440302638,0.4047859282491408,5011,408,121,78,0.0452261306532663,0.0954773869346733,0.3065326633165829
6,44,lightgbm,random_over,ok,,43809,1695,6602,214,5618,199,420,1695,1.0,1.9964835999999195,0.8408318166655938,0.1754296398211212,0.2520107238605898,0.4392523364485981,0.1766917293233082,0.2411824402604445,0.0685660613650594,0.1293272606875271,5950,438,120,94,0.1214953271028037,0.1869158878504672,0.3598130841121495,0.7919724104931375,0.1049710398814951,0.2019758507135016,0.4623115577889447,0.1292134831460674,0.1933018033307587,0.1144122531832441,0.1293272606875271,4799,620,107,92,0.0703517587939698,0.1206030150753768,0.3065326633165829
6,44,lightgbm,random_under_10to1,ok,,43809,1695,6602,214,5618,199,420,-25164,1.0,1.930850199889392,0.8379072326031871,0.1610013895583746,0.2547425474254742,0.4392523364485981,0.1793893129770992,0.2436770499042365,0.067313713212273,0.1751254920338827,5958,430,120,94,0.1214953271028037,0.1775700934579439,0.3551401869158878,0.796366961213152,0.1051744854177465,0.1979045401629802,0.4271356783919598,0.1287878787878787,0.1842905966314738,0.1061081380328473,0.1751254920338827,4844,575,114,85,0.0452261306532663,0.1105527638190954,0.3015075376884422
6,44,lightgbm,smote,ok,,43809,1695,6602,214,5618,199,420,1695,1.0,3.2340900998096918,0.8249858086716332,0.153215972217996,0.2601156069364161,0.4205607476635514,0.1882845188284518,0.2458925371049743,0.060738885410144,0.1159904056322305,6000,388,124,90,0.1074766355140186,0.1728971962616822,0.3504672897196261,0.8020421353862875,0.1113650195074468,0.2028639618138424,0.4271356783919598,0.1330203442879499,0.1891551054276997,0.1022328842959955,0.1159904056322305,4865,554,114,85,0.0603015075376884,0.1105527638190954,0.3316582914572864
6,44,lightgbm,unweighted,ok,,43809,1695,6602,214,5618,199,420,0,1.0,2.8461614998523146,0.8352320940548575,0.1545495016726989,0.2737642585551331,0.3364485981308411,0.2307692307692307,0.2494484973761084,0.0375704445835942,0.2057286985232398,6148,240,142,72,0.0747663551401869,0.1448598130841121,0.3691588785046729,0.7865364838586734,0.1098309995076484,0.2105263157894736,0.3115577889447236,0.1589743589743589,0.1825625423307287,0.0605277726517807,0.2057286985232398,5091,328,137,62,0.0351758793969849,0.0954773869346733,0.4120603015075377
6,45,lightgbm,adasyn,ok,,43809,1695,6602,214,5618,199,420,1441,1.0,3.267544000176713,0.8402700156250915,0.1703647707135783,0.2544987146529563,0.4626168224299065,0.175531914893617,0.2469857536041401,0.0727927363807138,0.090309628914036,5923,465,115,99,0.102803738317757,0.205607476635514,0.3644859813084112,0.8008282786881445,0.1207433230646275,0.2085020242914979,0.5175879396984925,0.1305449936628643,0.2080135743552921,0.1265916220704927,0.090309628914036,4733,686,96,103,0.0552763819095477,0.135678391959799,0.4070351758793969
6,45,lightgbm,borderline_smote,ok,,43809,1695,6602,214,5618,199,420,1695,1.0,2.835741800023243,0.8352950040672055,0.1962069448043463,0.2580645161290322,0.3925233644859813,0.1922196796338672,0.2402433786988074,0.0552598622417031,0.1372972503721248,6035,353,130,84,0.1355140186915887,0.1915887850467289,0.3551401869158878,0.7781915668024566,0.0998220869964669,0.1824561403508772,0.3919597989949748,0.1189024390243902,0.1642118985815285,0.1066617457095405,0.1372972503721248,4841,578,121,78,0.0854271356783919,0.1557788944723618,0.3668341708542713
6,45,lightgbm,class_weighted,ok,,43809,1695,6602,214,5618,199,420,0,24.846017699115045,2.690041499910876,0.802654217311665,0.146619313973152,0.2347188264058679,0.4485981308411215,0.1589403973509933,0.2267154511921063,0.0795241077019411,0.2642903971729912,5880,508,118,96,0.0747663551401869,0.1635514018691588,0.3317757009345794,0.7655401940501547,0.1199864128506443,0.1870350690754516,0.4422110552763819,0.1185983827493261,0.1755361199837906,0.1206864735190994,0.2642903971729912,4765,654,111,88,0.0301507537688442,0.1507537688442211,0.3417085427135678
6,45,lightgbm,random_over,ok,,43809,1695,6602,214,5618,199,420,1695,1.0,2.2408831999637187,0.8452450271829774,0.1645230263823524,0.2625,0.3925233644859813,0.1971830985915492,0.2443498037614442,0.0535378835316217,0.1490724450684918,6046,342,130,84,0.116822429906542,0.1542056074766355,0.3738317757009345,0.7892933944496425,0.1189526492981596,0.1947565543071161,0.3919597989949748,0.1295681063122923,0.1764485605092478,0.0966968075290644,0.1490724450684918,4895,524,121,78,0.0904522613065326,0.1557788944723618,0.3567839195979899
6,45,lightgbm,random_under_10to1,ok,,43809,1695,6602,214,5618,199,420,-25164,1.0,1.7989143999293449,0.8374017579690893,0.1502203659664934,0.2446941323345817,0.4579439252336448,0.1669505962521294,0.2373157132785246,0.0765497808390732,0.1375681935752451,5899,489,116,98,0.0887850467289719,0.1635514018691588,0.3457943925233644,0.7875361305512615,0.1146627328909283,0.1923076923076923,0.5025125628140703,0.1189060642092746,0.189504845447288,0.1367410961431998,0.1375681935752451,4678,741,99,100,0.050251256281407,0.1055276381909547,0.3467336683417085
6,45,lightgbm,smote,ok,,43809,1695,6602,214,5618,199,420,1695,1.0,2.4665508000180125,0.8386614212395906,0.1784539263199874,0.2707692307692307,0.411214953271028,0.2018348623853211,0.254386157746688,0.0544771446462116,0.1349179895032683,6040,348,126,88,0.1308411214953271,0.1962616822429906,0.3738317757009345,0.8062085663601268,0.1175441526371764,0.2014742014742014,0.4120603015075377,0.1333333333333333,0.1857169406311126,0.0983576305591437,0.1349179895032683,4886,533,117,82,0.0753768844221105,0.1457286432160804,0.3819095477386934
6,45,lightgbm,unweighted,ok,,43809,1695,6602,214,5618,199,420,0,1.0,2.168060799827799,0.823255051820294,0.1597226070095043,0.2656826568265683,0.3364485981308411,0.2195121951219512,0.2415569112202072,0.0400751408891671,0.1920643023604986,6132,256,142,72,0.116822429906542,0.2242990654205607,0.3691588785046729,0.7947803234663816,0.118516942823273,0.1798561151079136,0.2512562814070351,0.1400560224089636,0.1474582540670344,0.0566525189149289,0.1920643023604986,5112,307,149,50,0.0954773869346733,0.1256281407035175,0.3366834170854271
6,46,lightgbm,adasyn,ok,,43809,1695,6602,214,5618,199,420,1441,1.0,3.2204865999519825,0.8404024192557306,0.204641470589326,0.2787456445993031,0.3738317757009345,0.2222222222222222,0.2573887783722752,0.0438321853475266,0.1620294682924233,6108,280,134,80,0.1728971962616822,0.219626168224299,0.3925233644859813,0.7948498721694836,0.1102115524251268,0.1914580265095729,0.3266331658291457,0.1354166666666666,0.1653471228339244,0.0765823952758811,0.1620294682924233,5004,415,134,65,0.0552763819095477,0.135678391959799,0.371859296482412
6,46,lightgbm,borderline_smote,ok,,43809,1695,6602,214,5618,199,420,1695,1.0,3.3616449998226017,0.8405545737042001,0.1675584660905424,0.2567567567567567,0.3551401869158878,0.201058201058201,0.2346754279617956,0.0472761427676894,0.1557434884352058,6086,302,138,76,0.1074766355140186,0.1775700934579439,0.3551401869158878,0.7913297804764734,0.1195501128640442,0.2193958664546899,0.3467336683417085,0.1604651162790697,0.1947556859186518,0.066617457095405,0.1557434884352058,5058,361,130,69,0.0703517587939698,0.1407035175879397,0.3467336683417085
6,46,lightgbm,class_weighted,ok,,43809,1695,6602,214,5618,199,420,0,24.846017699115045,2.236122499918565,0.8273332299463363,0.1551357156751658,0.2351351351351351,0.4065420560747663,0.1653992395437262,0.2209389256148877,0.0687226048841578,0.3277000704140857,5949,439,127,87,0.102803738317757,0.1588785046728972,0.3317757009345794,0.78662272425052,0.1266879037633428,0.1872749099639856,0.3919597989949748,0.1230283911671924,0.1690393157821992,0.1026019560804576,0.3277000704140857,4863,556,121,78,0.0402010050251256,0.100502512562814,0.2914572864321608
6,46,lightgbm,random_over,ok,,43809,1695,6602,214,5618,199,420,1695,1.0,2.137251000152901,0.8288906185078331,0.1621662451049583,0.2657580919931857,0.3644859813084112,0.2091152815013404,0.2441575156529227,0.0461803381340012,0.1500145157829557,6093,295,136,78,0.1121495327102803,0.1728971962616822,0.3691588785046729,0.7797281294829935,0.0993417901124258,0.1853512705530642,0.3115577889447236,0.1319148936170212,0.1577325225555334,0.0752906440302638,0.1500145157829557,5011,408,137,62,0.0452261306532663,0.1055276381909547,0.3417085427135678
6,46,lightgbm,random_under_10to1,ok,,43809,1695,6602,214,5618,199,420,-25164,1.0,2.3462100999895483,0.8452969645187531,0.161669757631711,0.2668863261943986,0.3785046728971962,0.2061068702290076,0.2467473895915702,0.0488415779586725,0.2644322511077053,6076,312,133,81,0.1074766355140186,0.205607476635514,0.3785046728971962,0.784271050769626,0.1094580864013244,0.2040816326530612,0.3768844221105528,0.1399253731343283,0.183607992910823,0.0850710463185089,0.2644322511077053,4958,461,124,75,0.0753768844221105,0.1608040201005025,0.3768844221105528
6,46,lightgbm,smote,ok,,43809,1695,6602,214,5618,199,420,1695,1.0,2.5903082001022995,0.8397155297023039,0.1833288779262173,0.2837837837837837,0.2943925233644859,0.2739130434782608,0.2590758155256947,0.0261427676894176,0.2873306721097757,6221,167,151,63,0.1355140186915887,0.2383177570093458,0.3785046728971962,0.8010322882172443,0.1151821729550302,0.1688311688311688,0.1959798994974874,0.1482889733840304,0.1353197485958589,0.0413360398597527,0.2873306721097757,5195,224,160,39,0.0804020100502512,0.1507537688442211,0.3768844221105528
6,46,lightgbm,unweighted,ok,,43809,1695,6602,214,5618,199,420,0,1.0,2.609512599883601,0.8390337607312778,0.1728072906627518,0.2814258911819887,0.3504672897196261,0.2351097178683385,0.257894253758745,0.0381966186599874,0.1698313002695377,6144,244,139,75,0.1308411214953271,0.2242990654205607,0.3738317757009345,0.7967963085403025,0.1131808205559891,0.1940035273368606,0.2763819095477386,0.1494565217391304,0.163334062405194,0.0577597342683151,0.1698313002695377,5106,313,144,55,0.0653266331658291,0.135678391959799,0.3517587939698492
7,42,lightgbm,adasyn,ok,,62750,1565,9114,221,7625,230,549,1434,1.0,4.004637400154024,0.7252697098180327,0.1449874300811317,0.2570694087403599,0.2262443438914027,0.2976190476190476,0.2435458885934988,0.0132688631507927,0.2098049839713518,8775,118,171,50,0.1900452488687782,0.248868778280543,0.3438914027149321,0.7482882088367582,0.1508817369303506,0.3339382940108893,0.4,0.2866043613707165,0.3143152596585869,0.0309668695064232,0.2098049839713518,7166,229,138,92,0.3130434782608696,0.4304347826086956,0.4869565217391304
7,42,lightgbm,borderline_smote,ok,,62750,1565,9114,221,7625,230,549,1565,1.0,3.681855600094423,0.7321982361438377,0.1440383192089092,0.2494004796163069,0.2352941176470588,0.2653061224489796,0.2323293490453361,0.0161925109636793,0.1650749658828427,8749,144,169,52,0.171945701357466,0.253393665158371,0.3167420814479638,0.756358291442514,0.1778034312986512,0.2950819672131147,0.391304347826087,0.2368421052631578,0.2767413489294943,0.0392156862745098,0.1650749658828427,7105,290,140,90,0.3043478260869565,0.408695652173913,0.4869565217391304
7,42,lightgbm,class_weighted,ok,,62750,1565,9114,221,7625,230,549,0,39.09584664536741,2.791265200125053,0.7065799375481149,0.1258967394901183,0.2372881355932203,0.1900452488687782,0.3157894736842105,0.2306491980467963,0.0102327673451028,0.7174677453294123,8802,91,179,42,0.1764705882352941,0.2307692307692307,0.2850678733031674,0.7186024634741452,0.1477970288180823,0.2643171806167401,0.2608695652173913,0.2678571428571428,0.2417700057309319,0.0221771467207572,0.7174677453294123,7231,164,170,60,0.2217391304347826,0.3956521739130434,0.4608695652173913
7,42,lightgbm,random_over,ok,,62750,1565,9114,221,7625,230,549,1565,1.0,2.6137230000458658,0.7598533189711975,0.1582644674264011,0.2764227642276423,0.2307692307692307,0.3445945945945945,0.2675714602500539,0.0109074553019228,0.2925819977402411,8796,97,170,51,0.2126696832579185,0.2805429864253393,0.3574660633484163,0.7347761413410943,0.1512571051294488,0.2851063829787234,0.2913043478260869,0.2791666666666667,0.2624468257360961,0.023394185260311,0.2925819977402411,7222,173,163,67,0.2652173913043478,0.3956521739130434,0.4869565217391304
7,42,lightgbm,random_under_10to1,ok,,62750,1565,9114,221,7625,230,549,-45535,1.0,1.8204854999203235,0.7414632384106061,0.1642256834345816,0.2880886426592798,0.2352941176470588,0.3714285714285714,0.2819126918338718,0.0098954233666929,0.470959101704505,8805,88,169,52,0.2352941176470588,0.2579185520361991,0.3303167420814479,0.7425657759355617,0.1759117349209158,0.3168316831683168,0.3478260869565217,0.2909090909090909,0.2948803056812777,0.0263691683569979,0.470959101704505,7200,195,150,80,0.3478260869565217,0.3869565217391304,0.4695652173913043
7,42,lightgbm,smote,ok,,62750,1565,9114,221,7625,230,549,1565,1.0,2.9101905000861734,0.7300881826318224,0.1508152053081387,0.2756892230576441,0.248868778280543,0.3089887640449438,0.2612619623385993,0.0138311031148094,0.171920472329112,8770,123,166,55,0.1900452488687782,0.2669683257918552,0.3303167420814479,0.7411018020401564,0.151158423498332,0.314878892733564,0.3956521739130434,0.2614942528735632,0.2957691212702782,0.0347532116294793,0.171920472329112,7138,257,139,91,0.3347826086956522,0.4130434782608695,0.4652173913043478
7,42,lightgbm,unweighted,ok,,62750,1565,9114,221,7625,230,549,0,1.0,2.500328900059685,0.7347886104938909,0.1483783105963165,0.2800788954635108,0.3212669683257919,0.2482517482517482,0.2621169392033278,0.0241763184527156,0.0827297999179215,8678,215,150,71,0.1809954751131221,0.2669683257918552,0.3484162895927601,0.7543704618279096,0.1690618255128103,0.2648514851485148,0.4652173913043478,0.185121107266436,0.2594659114625332,0.0636916835699797,0.0827297999179215,6924,471,123,107,0.2956521739130435,0.4478260869565217,0.5173913043478261
7,43,lightgbm,adasyn,ok,,62750,1565,9114,221,7625,230,549,1434,1.0,3.945440199924633,0.7435661685203625,0.1488511751138865,0.2756892230576441,0.248868778280543,0.3089887640449438,0.2612619623385993,0.0138311031148094,0.1786916139597991,8770,123,166,55,0.1809954751131221,0.2714932126696832,0.3484162895927601,0.7530787547402769,0.1482108458164172,0.2880523731587561,0.3826086956521739,0.2309711286089238,0.2692522714687106,0.0396213657876943,0.1786916139597991,7102,293,142,88,0.308695652173913,0.4260869565217391,0.5304347826086957
7,43,lightgbm,borderline_smote,ok,,62750,1565,9114,221,7625,230,549,1565,1.0,3.73631180007942,0.7242637836561676,0.1535180917477213,0.2272727272727272,0.1583710407239819,0.4022988505747126,0.2412828177208164,0.005847295625773,0.3180472452291167,8841,52,186,35,0.1900452488687782,0.2443438914027149,0.3484162895927601,0.731516006702531,0.1575775561834287,0.2070844686648501,0.1652173913043478,0.2773722627737226,0.195500244295704,0.0133874239350912,0.3180472452291167,7296,99,192,38,0.2826086956521739,0.3782608695652174,0.4826086956521739
7,43,lightgbm,class_weighted,ok,,62750,1565,9114,221,7625,230,549,0,39.09584664536741,3.07557320012711,0.7219440985919577,0.1442513703120594,0.2610837438423645,0.2398190045248869,0.2864864864864865,0.2453968288534024,0.0148431350500393,0.609455906790364,8761,132,168,53,0.1809954751131221,0.2443438914027149,0.3529411764705882,0.7314319310932769,0.1624002333272208,0.2807625649913345,0.3521739130434783,0.2334293948126801,0.259495087483153,0.0359702501690331,0.609455906790364,7129,266,149,81,0.3,0.3608695652173913,0.4565217391304347
7,43,lightgbm,random_over,ok,,62750,1565,9114,221,7625,230,549,1565,1.0,2.695193500025198,0.7369953387508504,0.1605925612806435,0.2926829268292683,0.2714932126696832,0.3174603174603174,0.2773940462896775,0.0145057910716293,0.1898458713950077,8764,129,161,60,0.2217194570135746,0.2760180995475113,0.3303167420814479,0.7441514536849223,0.1657844857368854,0.3182640144665461,0.3826086956521739,0.2724458204334365,0.297925813176116,0.0317782285327924,0.1898458713950077,7160,235,142,88,0.3173913043478261,0.4130434782608695,0.4652173913043478
7,43,lightgbm,random_under_10to1,ok,,62750,1565,9114,221,7625,230,549,-45535,1.0,1.8697006001602856,0.7393043387116718,0.1633116603382723,0.2422360248447205,0.1764705882352941,0.3861386138613861,0.2490528815768629,0.0069717755538063,0.6805026935436985,8831,62,182,39,0.1855203619909502,0.2398190045248869,0.3212669683257919,0.7531310815180645,0.1820477599141715,0.2842105263157894,0.2347826086956521,0.36,0.2731775547291945,0.0129817444219066,0.6805026935436985,7299,96,176,54,0.2608695652173913,0.4043478260869565,0.4913043478260869
7,43,lightgbm,smote,ok,,62750,1565,9114,221,7625,230,549,1565,1.0,3.001664400100708,0.7287963027507018,0.144668424087083,0.2646420824295011,0.2760180995475113,0.2541666666666666,0.245814846537337,0.0201281907117957,0.1431662592950683,8714,179,160,61,0.1764705882352941,0.2669683257918552,0.3393665158371041,0.7516741629185408,0.1437401950272518,0.2701863354037267,0.3782608695652174,0.2101449275362318,0.25213660888458,0.0442190669371196,0.1431662592950683,7068,327,143,87,0.2260869565217391,0.3782608695652174,0.4782608695652174
7,43,lightgbm,unweighted,ok,,62750,1565,9114,221,7625,230,549,0,1.0,2.572397100040689,0.7367500901873607,0.1463960570918343,0.2535885167464115,0.2398190045248869,0.2690355329949238,0.2365380655532692,0.0161925109636793,0.1720560728238296,8749,144,168,53,0.171945701357466,0.2443438914027149,0.3393665158371041,0.7414916071376076,0.1471132398494968,0.2737896494156928,0.3565217391304348,0.2222222222222222,0.2532237521655496,0.0388100067613252,0.1720560728238296,7108,287,148,82,0.2565217391304348,0.3652173913043478,0.4826086956521739
7,44,lightgbm,adasyn,ok,,62750,1565,9114,221,7625,230,549,1434,1.0,3.9210336999967694,0.7353477975712253,0.1451450202352794,0.2427745664739884,0.1900452488687782,0.336,0.2389993589220398,0.0093331834026762,0.2732511337687445,8810,83,179,42,0.1900452488687782,0.248868778280543,0.3303167420814479,0.7608295852073964,0.1564653214273339,0.3,0.3,0.3,0.2782285327924273,0.0217714672075726,0.2732511337687445,7234,161,161,69,0.3,0.417391304347826,0.4739130434782608
7,44,lightgbm,borderline_smote,ok,,62750,1565,9114,221,7625,230,549,1565,1.0,3.756034600082785,0.7314691050411809,0.1493774850689227,0.2578796561604584,0.2036199095022624,0.3515625,0.2539657908386595,0.0093331834026762,0.2693854729193514,8810,83,176,45,0.2036199095022624,0.2443438914027149,0.3122171945701357,0.7276914483934503,0.1687869001945395,0.2899159663865546,0.3,0.2804878048780488,0.2672255037130637,0.0239350912778904,0.2693854729193514,7218,177,161,69,0.3,0.3956521739130434,0.4739130434782608
7,44,lightgbm,class_weighted,ok,,62750,1565,9114,221,7625,230,549,0,39.09584664536741,2.8441474998835474,0.7314512965355332,0.1416992300701864,0.2244897959183673,0.1493212669683258,0.4520547945205479,0.2499132022124194,0.0044979197121331,0.7989642308552264,8853,40,188,33,0.1900452488687782,0.2352941176470588,0.2941176470588235,0.7423864538319076,0.1715851589331799,0.2068965517241379,0.1565217391304348,0.3050847457627119,0.2015219020082585,0.0110885733603786,0.7989642308552264,7313,82,194,36,0.2913043478260869,0.3739130434782609,0.4652173913043478
7,44,lightgbm,random_over,ok,,62750,1565,9114,221,7625,230,549,1565,1.0,2.7609061000403017,0.7533521967809346,0.1653850550419546,0.2972292191435768,0.2669683257918552,0.3352272727272727,0.2836976721854337,0.0131564151579894,0.2120180387702984,8776,117,162,59,0.2262443438914027,0.3031674208144796,0.3438914027149321,0.753171649469383,0.1634075977958836,0.3076923076923077,0.3652173913043478,0.2658227848101265,0.2864871558713894,0.0313725490196078,0.2120180387702984,7163,232,146,84,0.2956521739130435,0.3739130434782609,0.4695652173913043
7,44,lightgbm,random_under_10to1,ok,,62750,1565,9114,221,7625,230,549,-45535,1.0,2.009370200103149,0.7303512397009596,0.15820726242648,0.288,0.2443438914027149,0.3506493506493506,0.2781931933675699,0.0112447992803328,0.4148132361008353,8793,100,167,54,0.2171945701357466,0.2805429864253393,0.334841628959276,0.7487373960078785,0.2018407213077092,0.3418803418803419,0.3478260869565217,0.3361344537815126,0.3211004051489706,0.0213657876943881,0.4148132361008353,7237,158,150,80,0.3260869565217391,0.3826086956521739,0.4521739130434782
7,44,lightgbm,smote,ok,,62750,1565,9114,221,7625,230,549,1565,1.0,2.7962119998410344,0.7289123124446346,0.1403890465077746,0.2328358208955223,0.1764705882352941,0.3421052631578947,0.2325688219357547,0.0084335994602496,0.2612298308219556,8818,75,182,39,0.1809954751131221,0.2443438914027149,0.3167420814479638,0.7509180703765764,0.1414345294434447,0.251063829787234,0.2565217391304348,0.2458333333333333,0.2273137673723459,0.0244759972954699,0.2612298308219556,7214,181,171,59,0.2869565217391304,0.3869565217391304,0.5130434782608696
7,44,lightgbm,unweighted,ok,,62750,1565,9114,221,7625,230,549,0,1.0,2.6362171000801027,0.747274408210637,0.1609544308125556,0.270440251572327,0.1945701357466063,0.4432989690721649,0.282559555653734,0.0060721916113797,0.2709533834996085,8839,54,178,43,0.2126696832579185,0.2579185520361991,0.3484162895927601,0.7368133580268689,0.1576684316496484,0.2448979591836734,0.208695652173913,0.2962962962962963,0.2292478733470549,0.0154158215010141,0.2709533834996085,7281,114,182,48,0.2869565217391304,0.3739130434782609,0.4652173913043478
7,45,lightgbm,adasyn,ok,,62750,1565,9114,221,7625,230,549,1434,1.0,4.321205200161785,0.7256213006009608,0.1410444796394847,0.2461538461538461,0.1809954751131221,0.3846153846153846,0.2517027730765879,0.007196671539413,0.3135142204569612,8829,64,181,40,0.1855203619909502,0.253393665158371,0.3257918552036199,0.7649228327012964,0.1607549893196406,0.2985781990521327,0.2739130434782608,0.328125,0.2799850919246203,0.0174442190669371,0.3135142204569612,7266,129,167,63,0.2869565217391304,0.3956521739130434,0.4956521739130435
7,45,lightgbm,borderline_smote,ok,,62750,1565,9114,221,7625,230,549,1565,1.0,4.007746899966151,0.734830842092998,0.1589716034561157,0.2689486552567237,0.248868778280543,0.2925531914893617,0.2531440001744374,0.0149555830428426,0.196863973966553,8760,133,166,55,0.1900452488687782,0.2714932126696832,0.3710407239819004,0.7490584119704853,0.1493526598347878,0.283495145631068,0.3173913043478261,0.256140350877193,0.2603420727243341,0.0286680189317106,0.196863973966553,7183,212,157,73,0.208695652173913,0.3521739130434783,0.4739130434782608
7,45,lightgbm,class_weighted,ok,,62750,1565,9114,221,7625,230,549,0,39.09584664536741,3.0226425998844206,0.7512930247136266,0.170782879886371,0.2546583850931677,0.1855203619909502,0.4059405940594059,0.2626806066812023,0.0067468795681997,0.7468421946585581,8833,60,180,41,0.2036199095022624,0.248868778280543,0.3619909502262443,0.721685627774348,0.1710426320001965,0.282051282051282,0.2391304347826087,0.34375,0.2684161744608923,0.0141987829614604,0.7468421946585581,7290,105,175,55,0.2869565217391304,0.3782608695652174,0.4565217391304347
7,45,lightgbm,random_over,ok,,62750,1565,9114,221,7625,230,549,1565,1.0,3.1504669999703765,0.7492180793984592,0.1544740292636752,0.2883720930232558,0.2805429864253393,0.2966507177033493,0.2713036935916999,0.0165298549420892,0.1969096815676168,8746,147,159,62,0.2081447963800905,0.2850678733031674,0.3438914027149321,0.7440273980656731,0.1643287191755677,0.302828618968386,0.3956521739130434,0.2452830188679245,0.2844356059265523,0.0378634212305611,0.1969096815676168,7115,280,139,91,0.3043478260869565,0.408695652173913,0.5
7,45,lightgbm,random_under_10to1,ok,,62750,1565,9114,221,7625,230,549,-45535,1.0,2.318381000077352,0.7506157926845712,0.1609407709841348,0.2732919254658385,0.1990950226244343,0.4356435643564356,0.2831221943377114,0.0064095355897897,0.5798221002586338,8836,57,177,44,0.2217194570135746,0.2805429864253393,0.3619909502262443,0.7483017314871976,0.1760340922564292,0.2765432098765432,0.2434782608695652,0.32,0.2597168665216607,0.0160919540229885,0.5798221002586338,7276,119,174,56,0.3,0.3869565217391304,0.5130434782608696
7,45,lightgbm,smote,ok,,62750,1565,9114,221,7625,230,549,1565,1.0,3.484647599980235,0.7077558077353024,0.1447732333020221,0.2569832402234637,0.2081447963800905,0.3357664233576642,0.2501880591885581,0.0102327673451028,0.2336108651207565,8802,91,175,46,0.1990950226244343,0.2624434389140271,0.3303167420814479,0.7618584825234441,0.16905816568354,0.3026819923371647,0.3434782608695652,0.2705479452054795,0.2804548799066539,0.0288032454361054,0.2336108651207565,7182,213,151,79,0.3304347826086956,0.4347826086956521,0.5217391304347826
7,45,lightgbm,unweighted,ok,,62750,1565,9114,221,7625,230,549,0,1.0,2.4137883000075817,0.7376857999555295,0.1658998948372355,0.2670623145400593,0.2036199095022624,0.3879310344827586,0.2684524025109511,0.0079838074890363,0.2433325181963378,8822,71,176,45,0.2036199095022624,0.2805429864253393,0.3484162895927601,0.7355516359467326,0.1952259753008746,0.2909090909090909,0.2782608695652174,0.3047619047619048,0.2701831330067228,0.0197430696416497,0.2433325181963378,7249,146,166,64,0.2782608695652174,0.4043478260869565,0.4652173913043478
7,46,lightgbm,adasyn,ok,,62750,1565,9114,221,7625,230,549,1434,1.0,3.639753800118342,0.7194687163069433,0.1435529664570559,0.244047619047619,0.1855203619909502,0.3565217391304348,0.2441945795428892,0.0083211514674463,0.2760219290497361,8819,74,180,41,0.1900452488687782,0.2624434389140271,0.334841628959276,0.751283769879766,0.1711788809238116,0.2826086956521739,0.2826086956521739,0.2826086956521739,0.2602963224270218,0.0223123732251521,0.2760219290497361,7230,165,165,65,0.2913043478260869,0.3956521739130434,0.4782608695652174
7,46,lightgbm,borderline_smote,ok,,62750,1565,9114,221,7625,230,549,1565,1.0,3.7949242999311537,0.730030686599303,0.1383106638766486,0.2515212981744422,0.2805429864253393,0.2279411764705882,0.2322595320229178,0.0236140784886989,0.1190596541832921,8683,210,159,62,0.167420814479638,0.253393665158371,0.3122171945701357,0.7502848575712143,0.1379953906228499,0.2724358974358974,0.3695652173913043,0.215736040609137,0.253261087773092,0.0417849898580121,0.1190596541832921,7086,309,145,85,0.2043478260869565,0.3347826086956522,0.4695652173913043
7,46,lightgbm,class_weighted,ok,,62750,1565,9114,221,7625,230,549,0,39.09584664536741,2.748941399855539,0.7022916493881761,0.1405056741616414,0.2674094707520891,0.2171945701357466,0.3478260869565217,0.2608347297442392,0.0101203193522995,0.7138464308320539,8803,90,173,48,0.2081447963800905,0.2579185520361991,0.3167420814479638,0.7258923479436752,0.1734486434384153,0.2962962962962963,0.2608695652173913,0.3428571428571428,0.280198739641016,0.015551048005409,0.7138464308320539,7280,115,170,60,0.2478260869565217,0.3521739130434783,0.4434782608695652
7,46,lightgbm,random_over,ok,,62750,1565,9114,221,7625,230,549,1565,1.0,3.727781599853188,0.7412642919618002,0.163277260110853,0.2844243792325056,0.2850678733031674,0.2837837837837837,0.2666011768241883,0.0178792308557292,0.1719682862267696,8734,159,158,63,0.2036199095022624,0.2895927601809955,0.3574660633484163,0.7515989064291384,0.1547137114694898,0.2934609250398724,0.4,0.2317380352644836,0.2762025943129839,0.0412440838404327,0.1719682862267696,7090,305,138,92,0.2869565217391304,0.4043478260869565,0.4869565217391304
7,46,lightgbm,random_under_10to1,ok,,62750,1565,9114,221,7625,230,549,-45535,1.0,2.081018100026995,0.7393058651550127,0.171068701125473,0.2670623145400593,0.2036199095022624,0.3879310344827586,0.2684524025109511,0.0079838074890363,0.5081385224820405,8822,71,176,45,0.2126696832579185,0.253393665158371,0.334841628959276,0.7230026163388894,0.1749838638942129,0.3230088495575221,0.3173913043478261,0.3288288288288288,0.3023873584988049,0.0201487491548343,0.5081385224820405,7246,149,157,73,0.3260869565217391,0.3739130434782609,0.4608695652173913
7,46,lightgbm,smote,ok,,62750,1565,9114,221,7625,230,549,1565,1.0,3.212529200129211,0.7385589255467085,0.1545236415235508,0.2641509433962264,0.2217194570135746,0.3266666666666666,0.2543264057858335,0.0113572472731361,0.2149729682047175,8792,101,172,49,0.1990950226244343,0.2714932126696832,0.3393665158371041,0.7428256460005291,0.1622984063620254,0.3170254403131115,0.3521739130434783,0.2882562277580071,0.2951676131049146,0.0270453008789722,0.2149729682047175,7195,200,149,81,0.3434782608695652,0.408695652173913,0.4913043478260869
7,46,lightgbm,unweighted,ok,,62750,1565,9114,221,7625,230,549,0,1.0,3.056535999989137,0.7439238650766554,0.1640781433648472,0.3092783505154639,0.2714932126696832,0.3592814371257485,0.2975746152383571,0.0120319352299561,0.1824991923948388,8786,107,161,60,0.2307692307692307,0.2986425339366516,0.334841628959276,0.7505600141105917,0.1860621638617822,0.3093525179856115,0.3739130434782609,0.263803680981595,0.2886892987060404,0.0324543610547667,0.1824991923948388,7155,240,144,86,0.3434782608695652,0.4347826086956521,0.508695652173913
8,42,lightgbm,adasyn,ok,,18853,546,2814,71,2282,27,220,584,1.0,2.671542099909857,0.8650752491617587,0.3858881702705165,0.4504504504504504,0.352112676056338,0.625,0.4592432754530942,0.0054684651841049,0.8253220019625073,2728,15,46,25,0.380281690140845,0.4647887323943662,0.6901408450704225,0.3152829104048616,0.029014303435447,0.0,0.0,0.0,-0.0032408294992417,0.0008869179600886,0.8253220019625073,2253,2,27,0,0.0,0.037037037037037,0.1851851851851851
8,42,lightgbm,borderline_smote,ok,,18853,546,2814,71,2282,27,220,546,1.0,1.7383401000406593,0.8807207077683015,0.3034880437472204,0.4511278195488721,0.4225352112676056,0.4838709677419355,0.4389606139035958,0.0116660590594239,0.393474119985526,2711,32,41,30,0.3661971830985915,0.4647887323943662,0.7183098591549296,0.4358380553502504,0.0298938685191268,0.0,0.0,0.0,-0.00512757587852,0.0022172949002217,0.393474119985526,2250,5,27,0,0.0,0.0,0.1481481481481481
8,42,lightgbm,class_weighted,ok,,18853,546,2814,71,2282,27,220,0,33.52930402930403,1.493890600046143,0.864921207888967,0.3562693161484282,0.4592592592592592,0.4366197183098591,0.484375,0.4466368787550936,0.0120306234050309,0.5982677923331376,2710,33,40,31,0.380281690140845,0.4647887323943662,0.647887323943662,0.4773261065943993,0.0295343182400839,0.0,0.0,0.0,-0.0056182117707078,0.002660753880266,0.5982677923331376,2249,6,27,0,0.0,0.037037037037037,0.1481481481481481
8,42,lightgbm,random_over,ok,,18853,546,2814,71,2282,27,220,546,1.0,1.7123465000186116,0.8678788003265674,0.369707373889293,0.4291845493562232,0.704225352112676,0.3086419753086419,0.4466521671110482,0.0408312067079839,0.0137026840328605,2631,112,21,50,0.3943661971830985,0.4788732394366197,0.7323943661971831,0.3533711094686704,0.0308590424048749,0.1351351351351351,0.1851851851851851,0.1063829787234042,0.126805454449945,0.0186252771618625,0.0137026840328605,2213,42,22,5,0.0,0.037037037037037,0.1851851851851851
8,42,lightgbm,random_under_10to1,ok,,18853,546,2814,71,2282,27,220,-12847,1.0,1.4930051998235283,0.8656246630347159,0.3400494853231542,0.4366812227074236,0.704225352112676,0.3164556962025316,0.4529233824450374,0.0393729493255559,0.0669212186455193,2635,108,21,50,0.3943661971830985,0.4788732394366197,0.7323943661971831,0.4094933070542826,0.0338730392947419,0.1298701298701298,0.1851851851851851,0.1,0.1220423968100747,0.0199556541019955,0.0669212186455193,2210,45,22,5,0.0,0.074074074074074,0.1851851851851851
8,42,lightgbm,smote,ok,,18853,546,2814,71,2282,27,220,546,1.0,1.3900141001213342,0.8724538261284807,0.3409162101692177,0.4333333333333333,0.3661971830985915,0.5306122448979592,0.4289943954024638,0.0083849799489609,0.6522888958604955,2720,23,45,26,0.380281690140845,0.4647887323943662,0.6338028169014085,0.3060523938572719,0.0315171793906357,0.0,0.0,0.0,-0.0032408294992417,0.0008869179600886,0.6522888958604955,2253,2,27,0,0.0,0.0,0.1481481481481481
8,42,lightgbm,unweighted,ok,,18853,546,2814,71,2282,27,220,0,1.0,2.146782899973914,0.870297248309397,0.4183077450874853,0.4576271186440678,0.380281690140845,0.574468085106383,0.4564426598561403,0.0072912869121399,0.8634239519462276,2723,20,44,27,0.3943661971830985,0.4788732394366197,0.7323943661971831,0.3391968465139197,0.0353358529538407,0.0,0.0,0.0,-0.0032408294992417,0.0008869179600886,0.8634239519462276,2253,2,27,0,0.0,0.1111111111111111,0.1851851851851851
8,43,lightgbm,adasyn,ok,,18853,546,2814,71,2282,27,220,584,1.0,1.7598616001196206,0.8694500213090428,0.3166772092363982,0.4390243902439024,0.380281690140845,0.5192307692307693,0.4322137772083966,0.0091141086401749,0.4811937718754535,2718,25,44,27,0.380281690140845,0.4366197183098591,0.6619718309859155,0.3688429005502175,0.0363581326860367,0.0,0.0,0.0,-0.0045852365410422,0.0017738359201773,0.4811937718754535,2251,4,27,0,0.0,0.074074074074074,0.1851851851851851
8,43,lightgbm,borderline_smote,ok,,18853,546,2814,71,2282,27,220,546,1.0,1.9301009001210327,0.8745898651111921,0.3246609480953991,0.4392156862745098,0.7887323943661971,0.3043478260869565,0.4707594957477649,0.0466642362376959,0.0102831488100195,2615,128,15,56,0.3943661971830985,0.4647887323943662,0.7887323943661971,0.4146998439681366,0.0321947987594843,0.1428571428571428,0.1851851851851851,0.1162790697674418,0.1338643900139633,0.0168514412416851,0.0102831488100195,2217,38,22,5,0.0,0.0,0.1851851851851851
8,43,lightgbm,class_weighted,ok,,18853,546,2814,71,2282,27,220,0,33.52930402930403,1.6020597000606358,0.8576658639404784,0.3081743905056134,0.4516129032258064,0.3943661971830985,0.5283018867924528,0.444442868418152,0.0091141086401749,0.7038063294927993,2718,25,43,28,0.3943661971830985,0.4647887323943662,0.6619718309859155,0.4857354028085735,0.0296594780243363,0.0,0.0,0.0,-0.0045852365410422,0.0017738359201773,0.7038063294927993,2251,4,27,0,0.0,0.074074074074074,0.1481481481481481
8,43,lightgbm,random_over,ok,,18853,546,2814,71,2282,27,220,546,1.0,1.760518699884415,0.8756989622752923,0.3411323587167092,0.4433497536945813,0.6338028169014085,0.3409090909090909,0.4465643523060735,0.0317170980678089,0.0279116105307481,2656,87,26,45,0.3943661971830985,0.4647887323943662,0.7323943661971831,0.4342448879034245,0.0429226079495612,0.1388888888888889,0.1851851851851851,0.1111111111111111,0.1302245381915402,0.0177383592017738,0.0279116105307481,2215,40,22,5,0.0,0.1851851851851851,0.1851851851851851
8,43,lightgbm,random_under_10to1,ok,,18853,546,2814,71,2282,27,220,-12847,1.0,1.6881113999988884,0.867185614599005,0.2792556604133443,0.4462809917355372,0.380281690140845,0.54,0.4414793487603856,0.0083849799489609,0.9833683562901936,2720,23,44,27,0.3943661971830985,0.4929577464788732,0.5633802816901409,0.4735649174673565,0.0461308569272226,0.0,0.0,0.0,-0.0032408294992417,0.0008869179600886,0.9833683562901936,2253,2,27,0,0.0,0.1481481481481481,0.1851851851851851
8,43,lightgbm,smote,ok,,18853,546,2814,71,2282,27,220,546,1.0,1.8712792999576775,0.8769364271667188,0.3625404656807461,0.4426229508196721,0.380281690140845,0.5294117647058824,0.4367802007494327,0.0087495442945679,0.7513832873442149,2719,24,44,27,0.380281690140845,0.4647887323943662,0.647887323943662,0.433686458076702,0.0325508149049871,0.0,0.0,0.0,-0.0032408294992417,0.0008869179600886,0.7513832873442149,2253,2,27,0,0.0,0.037037037037037,0.1851851851851851
8,43,lightgbm,unweighted,ok,,18853,546,2814,71,2282,27,220,0,1.0,1.175336199812591,0.8730597218014613,0.4093621156647716,0.4714285714285714,0.4647887323943662,0.4782608695652174,0.4579965797178413,0.0131243164418519,0.1203518925209251,2707,36,38,33,0.4084507042253521,0.4647887323943662,0.7323943661971831,0.3495442227149544,0.0351883269529866,0.0512820512820512,0.037037037037037,0.0833333333333333,0.048078839975495,0.0048780487804878,0.1203518925209251,2244,11,26,1,0.0,0.037037037037037,0.1851851851851851
8,44,lightgbm,adasyn,ok,,18853,546,2814,71,2282,27,220,584,1.0,2.3986665999982506,0.8792111032949428,0.3624894608165376,0.4285714285714285,0.7183098591549296,0.3053892215568862,0.4487109526705937,0.0422894640904119,0.0304822887165164,2627,116,20,51,0.3661971830985915,0.4507042253521127,0.7464788732394366,0.4175576907284224,0.0366282477299359,0.1333333333333333,0.1481481481481481,0.1212121212121212,0.122535580667537,0.012860310421286,0.0304822887165164,2226,29,23,4,0.0,0.0,0.1481481481481481
8,44,lightgbm,borderline_smote,ok,,18853,546,2814,71,2282,27,220,546,1.0,1.6741686000023035,0.885244386479284,0.4253098480653852,0.4814814814814814,0.3661971830985915,0.7027027027027027,0.4986388413318738,0.0040102078016769,0.8115559948363705,2732,11,45,26,0.380281690140845,0.4647887323943662,0.7887323943661971,0.4043524677671019,0.0388679421843554,0.0,0.0,0.0,-0.0032408294992417,0.0008869179600886,0.8115559948363705,2253,2,27,0,0.0,0.037037037037037,0.1851851851851851
8,44,lightgbm,class_weighted,ok,,18853,546,2814,71,2282,27,220,0,33.52930402930403,2.0635354998521507,0.8720635882374085,0.3920658578431851,0.45,0.380281690140845,0.5510204081632653,0.4463179259852655,0.0080204156033539,0.9187790962485114,2721,22,44,27,0.380281690140845,0.4647887323943662,0.6197183098591549,0.416522953108319,0.0337119368243168,0.0,0.0,0.0,-0.0039700600309351,0.001330376940133,0.9187790962485114,2252,3,27,0,0.0,0.074074074074074,0.1481481481481481
8,44,lightgbm,random_over,ok,,18853,546,2814,71,2282,27,220,546,1.0,1.5758289000950754,0.8644128716887545,0.3352380870973623,0.448,0.3943661971830985,0.5185185185185185,0.4399714454116995,0.0094786729857819,0.437719031547838,2717,26,43,28,0.3943661971830985,0.4647887323943662,0.6901408450704225,0.3553091894555308,0.0317337445691467,0.0,0.0,0.0,-0.0060696958385832,0.0031042128603104,0.437719031547838,2248,7,27,0,0.0,0.074074074074074,0.1851851851851851
8,44,lightgbm,random_under_10to1,ok,,18853,546,2814,71,2282,27,220,-12847,1.0,1.2606567000038922,0.858353914958948,0.3198495316869664,0.4444444444444444,0.3943661971830985,0.509090909090909,0.4356193471232558,0.0098432373313889,0.8620552570957033,2716,27,43,28,0.3943661971830985,0.4647887323943662,0.5915492957746479,0.3088938162108894,0.0396594163623123,0.0,0.0,0.0,-0.00512757587852,0.0022172949002217,0.8620552570957033,2250,5,27,0,0.0,0.1111111111111111,0.1851851851851851
8,44,lightgbm,smote,ok,,18853,546,2814,71,2282,27,220,546,1.0,2.03533919993788,0.8636118570702376,0.3431250770329168,0.4552845528455284,0.3943661971830985,0.5384615384615384,0.4490392976281795,0.0087495442945679,0.6338041912578808,2719,24,43,28,0.3943661971830985,0.4788732394366197,0.6056338028169014,0.3287509238728751,0.0313771162151178,0.0,0.0,0.0,-0.0039700600309351,0.001330376940133,0.6338041912578808,2252,3,27,0,0.0,0.1111111111111111,0.1851851851851851
8,44,lightgbm,unweighted,ok,,18853,546,2814,71,2282,27,220,0,1.0,1.5217273000162097,0.8734396902743475,0.3943781540082787,0.4592592592592592,0.4366197183098591,0.484375,0.4466368787550936,0.0120306234050309,0.2104018863961324,2710,33,40,31,0.380281690140845,0.4788732394366197,0.704225352112676,0.3678738605567873,0.0401573629730147,0.1463414634146341,0.1111111111111111,0.2142857142857142,0.147105636372419,0.0048780487804878,0.2104018863961324,2244,11,24,3,0.0,0.1111111111111111,0.1851851851851851
8,45,lightgbm,adasyn,ok,,18853,546,2814,71,2282,27,220,584,1.0,2.4999727001413703,0.8759402936026659,0.3484326385394177,0.4566929133858268,0.4084507042253521,0.5178571428571429,0.4476064783453926,0.0098432373313889,0.4415305549700372,2716,27,42,29,0.4084507042253521,0.4788732394366197,0.5774647887323944,0.3785497248911883,0.0356612626685666,0.0,0.0,0.0,-0.0032408294992417,0.0008869179600886,0.4415305549700372,2253,2,27,0,0.0,0.074074074074074,0.1851851851851851
8,45,lightgbm,borderline_smote,ok,,18853,546,2814,71,2282,27,220,546,1.0,1.7650951999239624,0.8655065647255755,0.3270735604508097,0.4166666666666667,0.7746478873239436,0.2849740932642487,0.449439446886615,0.0503098796937659,0.009350203617058,2605,138,16,55,0.380281690140845,0.4788732394366197,0.7605633802816901,0.365886507349922,0.0366912662265356,0.1470588235294117,0.1851851851851851,0.1219512195121951,0.1377512942597618,0.0159645232815964,0.009350203617058,2219,36,22,5,0.0,0.1111111111111111,0.1851851851851851
8,45,lightgbm,class_weighted,ok,,18853,546,2814,71,2282,27,220,0,33.52930402930403,1.3502649997826666,0.8402078530240868,0.3436353258514938,0.4409448818897638,0.3943661971830985,0.5,0.4313812480212404,0.0102078016769959,0.7601442960412262,2715,28,43,28,0.380281690140845,0.4647887323943662,0.5915492957746479,0.3662478442966247,0.0284159473460691,0.0,0.0,0.0,-0.0032408294992417,0.0008869179600886,0.7601442960412262,2253,2,27,0,0.0,0.0,0.1481481481481481
8,45,lightgbm,random_over,ok,,18853,546,2814,71,2282,27,220,546,1.0,1.6510374997742474,0.8645001617433364,0.412053701132991,0.4274809160305343,0.7887323943661971,0.2931937172774869,0.4610775172426894,0.0492161866569449,0.0114509985110608,2608,135,15,56,0.3943661971830985,0.4507042253521127,0.7887323943661971,0.3328734499466206,0.0311179062557792,0.131578947368421,0.1851851851851851,0.1020408163265306,0.1235846306859799,0.0195121951219512,0.0114509985110608,2211,44,22,5,0.0,0.037037037037037,0.1851851851851851
8,45,lightgbm,random_under_10to1,ok,,18853,546,2814,71,2282,27,220,-12847,1.0,1.5950237999204546,0.8644385452342197,0.3601462668164583,0.4521739130434782,0.3661971830985915,0.5909090909090909,0.4546087981517783,0.0065621582209259,0.9421264889691534,2725,18,45,26,0.380281690140845,0.4788732394366197,0.676056338028169,0.3697462429169745,0.041549955876703,0.0,0.0,0.0,-0.0064902043667276,0.0035476718403547,0.9421264889691534,2247,8,27,0,0.037037037037037,0.1481481481481481,0.1851851851851851
8,45,lightgbm,smote,ok,,18853,546,2814,71,2282,27,220,546,1.0,1.98826519981958,0.8645104311615226,0.3326603390815693,0.4368932038834951,0.6338028169014085,0.3333333333333333,0.4410192504111628,0.0328107911046299,0.0139245974931922,2653,90,26,45,0.3943661971830985,0.4647887323943662,0.7323943661971831,0.3547179108154717,0.0380345977631645,0.1639344262295081,0.1851851851851851,0.1470588235294117,0.1538032507683693,0.012860310421286,0.0139245974931922,2226,29,22,5,0.0,0.1111111111111111,0.1851851851851851
8,45,lightgbm,unweighted,ok,,18853,546,2814,71,2282,27,220,0,1.0,1.8063632000703365,0.8761713555118534,0.3444684657605975,0.4739336492890995,0.704225352112676,0.3571428571428571,0.484270611769034,0.0328107911046299,0.0197542145123945,2653,90,21,50,0.3943661971830985,0.4929577464788732,0.7887323943661971,0.3696312720702964,0.0295129033617633,0.135593220338983,0.1481481481481481,0.125,0.1248156104456286,0.0124168514412416,0.0197542145123945,2227,28,23,4,0.0,0.037037037037037,0.1851851851851851
8,46,lightgbm,adasyn,ok,,18853,546,2814,71,2282,27,220,584,1.0,2.078973300056532,0.8678633961992883,0.3527408988179854,0.4351464435146444,0.7323943661971831,0.3095238095238095,0.4567805780456841,0.0422894640904119,0.0161894366431911,2627,116,19,52,0.380281690140845,0.4647887323943662,0.7605633802816901,0.3401823109140182,0.032743762566182,0.1388888888888889,0.1851851851851851,0.1111111111111111,0.1302245381915402,0.0177383592017738,0.0161894366431911,2215,40,22,5,0.0,0.037037037037037,0.1851851851851851
8,46,lightgbm,borderline_smote,ok,,18853,546,2814,71,2282,27,220,546,1.0,1.8389159999787807,0.8702459012184667,0.3898080544354408,0.4444444444444444,0.3661971830985915,0.5652173913043478,0.4438750277978368,0.0072912869121399,0.7403339769505406,2723,20,45,26,0.380281690140845,0.4788732394366197,0.6619718309859155,0.3692535107169253,0.0286025535802854,0.0,0.0,0.0,-0.0032408294992417,0.0008869179600886,0.7403339769505406,2253,2,27,0,0.0,0.037037037037037,0.1851851851851851
8,46,lightgbm,class_weighted,ok,,18853,546,2814,71,2282,27,220,0,33.52930402930403,1.5930307002272457,0.8678942044538467,0.3005972613514525,0.4390243902439024,0.380281690140845,0.5192307692307693,0.4322137772083966,0.0091141086401749,0.8345177584561995,2718,25,44,27,0.380281690140845,0.4647887323943662,0.647887323943662,0.3822616407982261,0.0300691384305476,0.0,0.0,0.0,-0.0045852365410422,0.0017738359201773,0.8345177584561995,2251,4,27,0,0.0,0.0,0.1481481481481481
8,46,lightgbm,random_over,ok,,18853,546,2814,71,2282,27,220,546,1.0,1.4274580001365391,0.8765615934029257,0.3630682097319631,0.4426229508196721,0.380281690140845,0.5294117647058824,0.4367802007494327,0.0087495442945679,0.730764922120028,2719,24,44,27,0.380281690140845,0.4647887323943662,0.704225352112676,0.4328159645232815,0.0476991262234123,0.0,0.0,0.0,-0.0039700600309351,0.001330376940133,0.730764922120028,2252,3,27,0,0.0,0.1111111111111111,0.1851851851851851
8,46,lightgbm,random_under_10to1,ok,,18853,546,2814,71,2282,27,220,-12847,1.0,1.254368199966848,0.8698094509455566,0.3477759116095933,0.4444444444444444,0.7323943661971831,0.3190184049079754,0.4645197077712383,0.0404666423623769,0.0285251870042823,2632,111,19,52,0.3943661971830985,0.4647887323943662,0.7464788732394366,0.415997372094933,0.0372450809844923,0.1265822784810126,0.1851851851851851,0.0961538461538461,0.1190834038783292,0.0208425720620842,0.0285251870042823,2208,47,22,5,0.0,0.1111111111111111,0.1851851851851851
8,46,lightgbm,smote,ok,,18853,546,2814,71,2282,27,220,546,1.0,1.6427828001324087,0.8677915102719855,0.322251134398307,0.4268774703557312,0.7605633802816901,0.2967032967032967,0.4551979556732465,0.0466642362376959,0.0104257419269465,2615,128,17,54,0.3943661971830985,0.4366197183098591,0.7605633802816901,0.3676110700500944,0.0429874884945615,0.1428571428571428,0.1851851851851851,0.1162790697674418,0.1338643900139633,0.0168514412416851,0.0104257419269465,2217,38,22,5,0.0,0.074074074074074,0.1851851851851851
8,46,lightgbm,unweighted,ok,,18853,546,2814,71,2282,27,220,0,1.0,1.2421970998402685,0.8640585767613336,0.3924481540965558,0.4516129032258064,0.3943661971830985,0.5283018867924528,0.444442868418152,0.0091141086401749,0.3816597956143981,2718,25,43,28,0.3943661971830985,0.4647887323943662,0.676056338028169,0.3619774985628644,0.0373115858900152,0.0,0.0,0.0,-0.0060696958385832,0.0031042128603104,0.3816597956143981,2248,7,27,0,0.0,0.1111111111111111,0.1851851851851851
9,42,lightgbm,adasyn,ok,,19957,192,3050,35,2914,43,125,188,1.0,2.154485700186342,0.5839469320066334,0.0154062633925282,0.0417457305502846,0.3142857142857143,0.0223577235772357,0.0448100762446248,0.1595356550580431,0.0008556264492798,2534,481,24,11,0.0,0.0285714285714285,0.0285714285714285,0.6269592476489028,0.0319317016385319,0.0632054176072234,0.3255813953488372,0.035,0.0669691722657427,0.1344479275513758,0.0008556264492798,2485,386,29,14,0.0,0.0232558139534883,0.0232558139534883
9,42,lightgbm,borderline_smote,ok,,19957,192,3050,35,2914,43,125,192,1.0,1.621036099968478,0.6357071783937456,0.0258452902947858,0.081081081081081,0.0857142857142857,0.0769230769230769,0.0699347867956397,0.0119402985074626,0.0053429004207136,2979,36,32,3,0.0285714285714285,0.0857142857142857,0.1714285714285714,0.6698419641482994,0.033265274393636,0.0285714285714285,0.0232558139534883,0.037037037037037,0.0178700520730966,0.0090560780215952,0.0053429004207136,2845,26,42,1,0.0,0.0232558139534883,0.0930232558139534
9,42,lightgbm,class_weighted,ok,,19957,192,3050,35,2914,43,125,0,102.94270833333331,1.5665160999633372,0.5652783700544894,0.0162702840874376,0.045,0.2571428571428571,0.0246575342465753,0.0456332974867241,0.1180762852404643,0.003760975542903,2659,356,26,9,0.0,0.0285714285714285,0.0857142857142857,0.6322325095380428,0.0235866933288927,0.0553846153846153,0.2093023255813953,0.0319148936170212,0.0465801402662497,0.0950888192267502,0.003760975542903,2598,273,34,9,0.0,0.0,0.0
9,42,lightgbm,random_over,ok,,19957,192,3050,35,2914,43,125,192,1.0,2.455132400151342,0.5872352523098792,0.0198447479897553,0.0535279805352798,0.3142857142857143,0.0292553191489361,0.0625986433846432,0.12106135986733,0.0005992715672257,2650,365,24,11,0.0285714285714285,0.0571428571428571,0.0857142857142857,0.6391744226547755,0.0293795410252011,0.0566037735849056,0.2093023255813953,0.0327272727272727,0.0481122629492088,0.0926506443747823,0.0005992715672257,2605,266,34,9,0.0232558139534883,0.0465116279069767,0.0465116279069767
9,42,lightgbm,random_under_10to1,ok,,19957,192,3050,35,2914,43,125,-17845,1.0,1.211426499998197,0.6220421701018716,0.0208262385962391,0.0463980463980464,0.5428571428571428,0.024234693877551,0.0704655008497253,0.2537313432835821,0.0072641362560575,2250,765,16,19,0.0,0.0,0.1428571428571428,0.6756174414554527,0.0441854107851605,0.0559085133418043,0.5116279069767442,0.0295698924731182,0.0719373259987564,0.2514803204458377,0.0072641362560575,2149,722,21,22,0.0,0.0,0.1627906976744186
9,42,lightgbm,smote,ok,,19957,192,3050,35,2914,43,125,192,1.0,1.9034106000326572,0.6103766879886283,0.0194325909585796,0.0454545454545454,0.3428571428571428,0.024340770791075,0.0530398430149255,0.1595356550580431,0.0009447084265126,2534,481,23,12,0.0285714285714285,0.0571428571428571,0.0571428571428571,0.6590929341530785,0.0285242431855367,0.0606060606060606,0.2790697674418604,0.0339943342776204,0.0592353395863783,0.1187739463601532,0.0009447084265126,2530,341,31,12,0.0,0.0,0.0
9,42,lightgbm,unweighted,ok,,19957,192,3050,35,2914,43,125,0,1.0,2.704408099874854,0.6414593698175788,0.0200302733332362,0.0561224489795918,0.3142857142857143,0.0308123249299719,0.0661036256910144,0.114759535655058,0.0003750129184731,2669,346,24,11,0.0,0.0,0.1142857142857142,0.6160806136748398,0.0206053253772496,0.0516129032258064,0.1860465116279069,0.0299625468164794,0.0400532746819623,0.0902124695228143,0.0003750129184731,2612,259,35,8,0.0,0.0,0.0
9,43,lightgbm,adasyn,ok,,19957,192,3050,35,2914,43,125,188,1.0,1.823797299992293,0.5853304904051173,0.0166786351702988,0.0476190476190476,0.3142857142857143,0.0257611241217798,0.0541176477029799,0.1379767827529021,0.0006653442364591,2599,416,24,11,0.0,0.0285714285714285,0.0571428571428571,0.6522887252638656,0.0380304208203591,0.063400576368876,0.2558139534883721,0.0361842105263157,0.0606504600631521,0.1020550330895158,0.0006653442364591,2578,293,32,11,0.0,0.0232558139534883,0.0465116279069767
9,43,lightgbm,borderline_smote,ok,,19957,192,3050,35,2914,43,125,192,1.0,2.1254514001775533,0.6272352523098792,0.021916270290521,0.0705882352941176,0.0857142857142857,0.06,0.058817750365304,0.0155887230514096,0.0091446518236169,2968,47,32,3,0.0285714285714285,0.0857142857142857,0.1142857142857142,0.6816845277150008,0.0319484145404869,0.0338983050847457,0.0232558139534883,0.0625,0.0294215232651353,0.0052246603970741,0.0091446518236169,2856,15,42,1,0.0,0.0232558139534883,0.0930232558139534
9,43,lightgbm,class_weighted,ok,,19957,192,3050,35,2914,43,125,0,102.94270833333331,1.7111812999937683,0.5298839137645107,0.0127671386222292,0.02578125,0.9428571428571428,0.013069306930693,0.0328196146464627,0.8265339966832504,1.150038914523424e-05,523,2492,2,33,0.0,0.0,0.0571428571428571,0.5136610693948305,0.0151025639428206,0.0301003344481605,0.8372093023255814,0.0153256704980842,0.0096275071417199,0.8056426332288401,1.150038914523424e-05,558,2313,7,36,0.0,0.0,0.0
9,43,lightgbm,random_over,ok,,19957,192,3050,35,2914,43,125,192,1.0,1.9772981000132857,0.6214925373134329,0.0214935052165604,0.0616438356164383,0.2571428571428571,0.0350194552529182,0.0670554898746255,0.0822553897180762,0.0010327092930109,2767,248,26,9,0.0285714285714285,0.0285714285714285,0.1428571428571428,0.6328562286862206,0.0337442646923661,0.0609137055837563,0.1395348837209302,0.0389610389610389,0.0474180917850396,0.0515499825844653,0.0010327092930109,2723,148,37,6,0.0232558139534883,0.0232558139534883,0.0930232558139534
9,43,lightgbm,random_under_10to1,ok,,19957,192,3050,35,2914,43,125,-17845,1.0,0.8970202000346035,0.5862023217247099,0.0204828645252362,0.050632911392405,0.5142857142857142,0.0266272189349112,0.0759136091489719,0.2182421227197346,0.0055461332768764,2357,658,17,18,0.0,0.0285714285714285,0.0571428571428571,0.6414829935279013,0.0402615286920071,0.0581395348837209,0.4651162790697674,0.0310077519379844,0.0718608252223791,0.2176941832114245,0.0055461332768764,2246,625,23,20,0.0,0.0465116279069767,0.0697674418604651
9,43,lightgbm,smote,ok,,19957,192,3050,35,2914,43,125,192,1.0,1.6709926000330595,0.6376877517176024,0.0205837128980748,0.055045871559633,0.4285714285714285,0.0294117647058823,0.0754613510528095,0.1641791044776119,0.0006327192439883,2520,495,20,15,0.0,0.0,0.1428571428571428,0.6935918932711235,0.0424933201725343,0.0749506903353057,0.4418604651162791,0.0409482758620689,0.094532713987808,0.1549982584465343,0.0006327192439883,2426,445,24,19,0.0,0.0,0.1627906976744186
9,43,lightgbm,unweighted,ok,,19957,192,3050,35,2914,43,125,0,1.0,1.796931200195104,0.6133617626154939,0.0198804820498102,0.0481927710843373,0.4,0.0256410256410256,0.0621064601727824,0.1764510779436152,0.000166449816022,2483,532,21,14,0.0285714285714285,0.0285714285714285,0.1142857142857142,0.628571197135752,0.0263271663412332,0.0537428023032629,0.3255813953488372,0.0292887029288702,0.0533887811549671,0.1616161616161616,0.000166449816022,2407,464,29,14,0.0,0.0,0.0465116279069767
9,44,lightgbm,adasyn,ok,,19957,192,3050,35,2914,43,125,188,1.0,1.8011317001655698,0.6150769959725183,0.0178073910659587,0.0393442622950819,0.5142857142857142,0.0204545454545454,0.053686879182153,0.2859038142620232,0.0002614186172066,2153,862,17,18,0.0,0.0285714285714285,0.0571428571428571,0.6334637473370432,0.0300983487656016,0.0404551201011378,0.3720930232558139,0.0213903743315508,0.0323323628365339,0.2549634273772205,0.0002614186172066,2139,732,27,16,0.0,0.0232558139534883,0.0465116279069767
9,44,lightgbm,borderline_smote,ok,,19957,192,3050,35,2914,43,125,192,1.0,1.847903900081292,0.5829424307036247,0.0160106579491187,0.0406976744186046,0.4,0.0214395099540581,0.0488295604804612,0.2119402985074626,0.0004235888003087,2376,639,21,14,0.0,0.0,0.0857142857142857,0.6583234105287031,0.0338657443261692,0.048048048048048,0.3720930232558139,0.0256821829855537,0.0472525024008904,0.2114245907349355,0.0004235888003087,2264,607,27,16,0.0232558139534883,0.0232558139534883,0.0232558139534883
9,44,lightgbm,class_weighted,ok,,19957,192,3050,35,2914,43,125,0,102.94270833333331,1.733883900102228,0.5831414356787491,0.0157173478907534,0.0351966873706004,0.4857142857142857,0.0182599355531686,0.0422231873302363,0.303150912106136,0.0002088442259658,2101,914,18,17,0.0285714285714285,0.0285714285714285,0.0571428571428571,0.5855750771548687,0.0213713809922279,0.0372285418821096,0.4186046511627907,0.0194805194805194,0.0266976947649868,0.3155694879832811,0.0002088442259658,1965,906,25,18,0.0232558139534883,0.0232558139534883,0.0232558139534883
9,44,lightgbm,random_over,ok,,19957,192,3050,35,2914,43,125,192,1.0,1.6894066999666393,0.5892158256337361,0.0182167319414325,0.048780487804878,0.2285714285714285,0.0273037542662116,0.0484476903968086,0.0945273631840796,0.0013722582710048,2730,285,27,8,0.0,0.0571428571428571,0.0857142857142857,0.6181137760929261,0.0291029336631953,0.0609756097560975,0.1162790697674418,0.0413223140495867,0.0458586793006947,0.0404040404040404,0.0013722582710048,2755,116,38,5,0.0,0.0232558139534883,0.0232558139534883
9,44,lightgbm,random_under_10to1,ok,,19957,192,3050,35,2914,43,125,-17845,1.0,0.9747829998377712,0.6783890073442312,0.0254594287164989,0.0601001669449081,0.5142857142857142,0.0319148936170212,0.0914073401910493,0.181094527363184,0.0071817494259188,2469,546,17,18,0.0,0.0285714285714285,0.1428571428571428,0.6610693948304213,0.0321651518777094,0.0629629629629629,0.3953488372093023,0.0342052313883299,0.0731430810054886,0.1671891327063741,0.0071817494259188,2391,480,26,17,0.0,0.0232558139534883,0.0465116279069767
9,44,lightgbm,smote,ok,,19957,192,3050,35,2914,43,125,192,1.0,2.350419300142676,0.5930063965884862,0.0194411740010481,0.0571428571428571,0.2857142857142857,0.0317460317460317,0.0645900831603565,0.1011608623548922,0.0010613279429419,2710,305,25,10,0.0285714285714285,0.0285714285714285,0.1142857142857142,0.6546377973803795,0.0330181449828011,0.0551181102362204,0.1627906976744186,0.0331753554502369,0.0426798747393453,0.0710553814002089,0.0010613279429419,2667,204,36,7,0.0232558139534883,0.0232558139534883,0.0465116279069767
9,44,lightgbm,unweighted,ok,,19957,192,3050,35,2914,43,125,0,1.0,1.4161469000391662,0.6271310116086236,0.0184700577767873,0.048695652173913,0.4,0.0259259259259259,0.0629311308581977,0.1744610281923714,0.000221209512732,2489,526,21,14,0.0,0.0,0.1142857142857142,0.6640421860951132,0.0369808152503658,0.0688073394495412,0.3488372093023256,0.0381679389312977,0.0766618844519387,0.1316614420062695,0.000221209512732,2493,378,28,15,0.0,0.0,0.0930232558139534
9,45,lightgbm,adasyn,ok,,19957,192,3050,35,2914,43,125,188,1.0,2.3061919000465423,0.5331153755034352,0.0140105474517854,0.0430879712746858,0.3428571428571428,0.0229885057471264,0.0491202986051677,0.1691542288557214,0.000778250691967,2505,510,23,12,0.0,0.0285714285714285,0.0285714285714285,0.6207139559184467,0.027870424913698,0.028747433264887,0.1627906976744186,0.0157657657657657,0.0035493791287579,0.152211772901428,0.000778250691967,2434,437,36,7,0.0,0.0232558139534883,0.0232558139534883
9,45,lightgbm,borderline_smote,ok,,19957,192,3050,35,2914,43,125,192,1.0,1.6460563999135047,0.6048424543946932,0.0175197450159654,0.0459770114942528,0.4,0.024390243902439,0.0583837001506279,0.1857379767827529,0.0003808067243447,2455,560,21,14,0.0,0.0285714285714285,0.0285714285714285,0.6394660316071703,0.0269787672708123,0.0557491289198606,0.3720930232558139,0.0301318267419962,0.0601939150791352,0.1793800069662138,0.0003808067243447,2356,515,27,16,0.0,0.0232558139534883,0.0232558139534883
9,45,lightgbm,class_weighted,ok,,19957,192,3050,35,2914,43,125,0,102.94270833333331,1.443480300018564,0.5659417199715707,0.0147612828423244,0.0382608695652173,0.3142857142857143,0.0203703703703703,0.038737019624899,0.1754560530679933,0.0007738381228285,2486,529,24,11,0.0,0.0,0.0571428571428571,0.5567786931058784,0.018945176110906,0.0472440944881889,0.2790697674418604,0.0258064516129032,0.0399334775300467,0.1577847439916405,0.0007738381228285,2418,453,31,12,0.0,0.0,0.0465116279069767
9,45,lightgbm,random_over,ok,,19957,192,3050,35,2914,43,125,192,1.0,1.822283900110051,0.6037242359630419,0.0195177714635121,0.0385321100917431,0.6,0.0199052132701421,0.0575565013138675,0.3429519071310116,0.0001713552595858,1981,1034,14,21,0.0,0.0285714285714285,0.1428571428571428,0.6440345718613562,0.0370115644707161,0.0485981308411214,0.6046511627906976,0.0253164556962025,0.064610978049926,0.3486590038314176,0.0001713552595858,1870,1001,17,26,0.0,0.0465116279069767,0.0697674418604651
9,45,lightgbm,random_under_10to1,ok,,19957,192,3050,35,2914,43,125,-17845,1.0,1.1603262000717225,0.6177209192134565,0.0199883932947064,0.0457604306864064,0.4857142857142857,0.0240112994350282,0.0647143362504497,0.2291873963515754,0.0041127668120365,2324,691,18,17,0.0,0.0,0.1428571428571428,0.6340307647444776,0.0252678328510344,0.0396946564885496,0.3023255813953488,0.0212418300653594,0.0277334560463069,0.2086381051898293,0.0041127668120365,2272,599,30,13,0.0,0.0,0.1162790697674418
9,45,lightgbm,smote,ok,,19957,192,3050,35,2914,43,125,192,1.0,2.0390900000929832,0.6069367448471926,0.0179461297871673,0.0513761467889908,0.4,0.0274509803921568,0.0672119918875382,0.1645107794361525,0.000894599648328,2519,496,21,14,0.0,0.0,0.0285714285714285,0.6423821211311187,0.025595519261446,0.0488721804511278,0.3023255813953488,0.0265848670756646,0.0440522029928352,0.1657958899338209,0.000894599648328,2395,476,30,13,0.0,0.0,0.0232558139534883
9,45,lightgbm,unweighted,ok,,19957,192,3050,35,2914,43,125,0,1.0,2.131711299996823,0.6347500592276711,0.0211423468164356,0.0633245382585752,0.3428571428571428,0.0348837209302325,0.0783623704093541,0.1101160862354892,0.0004007780834642,2683,332,23,12,0.0,0.0285714285714285,0.1428571428571428,0.6619199209415728,0.032735570528932,0.0714285714285714,0.2558139534883721,0.0415094339622641,0.0701769607161444,0.0884709160571229,0.0004007780834642,2617,254,32,11,0.0,0.0465116279069767,0.1162790697674418
9,46,lightgbm,adasyn,ok,,19957,192,3050,35,2914,43,125,188,1.0,1.6460091001354158,0.5927600094764274,0.0166933515443469,0.0518518518518518,0.2,0.0297872340425531,0.0496762153296255,0.0756218905472636,0.001839894671448,2787,228,28,7,0.0,0.0,0.0571428571428571,0.5876811418110536,0.0232843992237094,0.0121951219512195,0.0232558139534883,0.0082644628099173,-0.0112064179480399,0.0417972831765935,0.001839894671448,2751,120,42,1,0.0,0.0,0.0232558139534883
9,46,lightgbm,borderline_smote,ok,,19957,192,3050,35,2914,43,125,192,1.0,2.0667922000866383,0.5797678275290216,0.0169687027834974,0.0514469453376205,0.2285714285714285,0.0289855072463768,0.0518575546508842,0.0888888888888888,0.001096880555959,2747,268,27,8,0.0,0.0,0.1142857142857142,0.6472908718297652,0.030437477779827,0.0495049504950495,0.1162790697674418,0.0314465408805031,0.0332535352174788,0.053639846743295,0.001096880555959,2717,154,38,5,0.0,0.0,0.0465116279069767
9,46,lightgbm,class_weighted,ok,,19957,192,3050,35,2914,43,125,0,102.94270833333331,1.649728500051424,0.5828760957119167,0.015378437395696,0.0269627279936558,0.9714285714285714,0.0136710896662645,0.0433286209390229,0.8135986733001659,1.2683616872852804e-05,562,2453,1,34,0.0,0.0285714285714285,0.0571428571428571,0.5410804111686228,0.0216413985601993,0.031409168081494,0.8604651162790697,0.01599654128837,0.0201780153838032,0.7927551375827238,1.2683616872852804e-05,595,2276,6,37,0.0,0.0232558139534883,0.0232558139534883
9,46,lightgbm,random_over,ok,,19957,192,3050,35,2914,43,125,192,1.0,2.1690604998730123,0.6201184553423359,0.0192556680471781,0.0555555555555555,0.2571428571428571,0.0311418685121107,0.0597398380430874,0.0928689883913764,0.0011631079358707,2735,280,26,9,0.0,0.0285714285714285,0.1142857142857142,0.6232250330085134,0.0233108696263597,0.0425531914893617,0.1162790697674418,0.0260416666666666,0.0248575933326571,0.0651340996168582,0.0011631079358707,2684,187,38,5,0.0,0.0,0.0
9,46,lightgbm,random_under_10to1,ok,,19957,192,3050,35,2914,43,125,-17845,1.0,0.9331265001092106,0.6090405117270788,0.021640611102239,0.0546448087431694,0.2857142857142857,0.0302114803625377,0.0613776228923928,0.1064676616915422,0.0148826698364204,2694,321,25,10,0.0285714285714285,0.0857142857142857,0.1428571428571428,0.6755040379739659,0.0362815319991414,0.0856031128404669,0.2558139534883721,0.0514018691588785,0.0855627279698948,0.0707070707070707,0.0148826698364204,2668,203,32,11,0.0232558139534883,0.0232558139534883,0.0465116279069767
9,46,lightgbm,smote,ok,,19957,192,3050,35,2914,43,125,192,1.0,1.5349022999871522,0.5230798389007344,0.0140600544471614,0.0328358208955223,0.3142857142857143,0.0173228346456692,0.0281523789706721,0.2069651741293532,0.0007852807827005,2391,624,24,11,0.0,0.0285714285714285,0.0857142857142857,0.6489919240520684,0.02391378884016,0.0575079872204472,0.4186046511627907,0.0308747855917667,0.0668535984119017,0.1967955416231278,0.0007852807827005,2306,565,25,18,0.0,0.0,0.0465116279069767
9,46,lightgbm,unweighted,ok,,19957,192,3050,35,2914,43,125,0,1.0,1.8369324000086635,0.5968917318171049,0.0188317537308644,0.055,0.3142857142857143,0.0301369863013698,0.0646018231881903,0.117412935323383,0.000361955460084,2661,354,24,11,0.0,0.0285714285714285,0.0857142857142857,0.6348326893635634,0.0296337822733633,0.0393700787401574,0.1162790697674418,0.0236966824644549,0.0207162270589122,0.0717520027864855,0.000361955460084,2665,206,38,5,0.0,0.0,0.0930232558139534
10,42,lightgbm,adasyn,ok,,266230,2798,49235,505,42655,489,561,2526,1.0,14.202831599861383,0.8534882043509091,0.1718938845313833,0.3101503759398496,0.3267326732673267,0.295169946332737,0.3030336097547156,0.0080853683562487,0.1717686341200408,48336,394,340,165,0.3524752475247524,0.4316831683168317,0.5683168316831683,0.8440381268425206,0.1501910936743417,0.2623294858342078,0.2556237218813906,0.2693965517241379,0.254091085351498,0.0080396528008347,0.1717686341200408,41827,339,364,125,0.2862985685071574,0.3865030674846625,0.5725971370143149
10,42,lightgbm,borderline_smote,ok,,266230,2798,49235,505,42655,489,561,2798,1.0,15.316599000012502,0.8537059936241931,0.1679073762478263,0.306,0.3029702970297029,0.3090909090909091,0.2988958331648804,0.0070182639031397,0.2169487705615234,48388,342,352,153,0.3306930693069307,0.4217821782178217,0.5504950495049505,0.8548720962343108,0.1501159846008285,0.2333722287047841,0.2044989775051124,0.2717391304347826,0.2280800703683134,0.0063558317127543,0.2169487705615234,41898,268,389,100,0.2453987730061349,0.3824130879345603,0.5705521472392638
10,42,lightgbm,class_weighted,ok,,266230,2798,49235,505,42655,489,561,0,94.15010721944246,8.380775600206107,0.8346500925487582,0.1061329960296515,0.2097966728280961,0.4495049504950495,0.1368294153104279,0.2345841051030379,0.0293864149394623,0.4969025172766899,47298,1432,278,227,0.2316831683168317,0.3643564356435643,0.5267326732673268,0.8202063768412837,0.1018419057826529,0.1973307912297426,0.4233128834355828,0.1286513362336855,0.217950229698568,0.0332495375420955,0.4969025172766899,40764,1402,282,207,0.2208588957055214,0.3517382413087934,0.4887525562372188
10,42,lightgbm,random_over,ok,,266230,2798,49235,505,42655,489,561,2798,1.0,8.540020399959758,0.8579732736253309,0.207251828793522,0.3243712055507372,0.3702970297029703,0.2885802469135802,0.3190120574590832,0.0094602914016006,0.1691211095662806,48269,461,318,187,0.3722772277227723,0.4772277227722772,0.5782178217821782,0.8511988647071895,0.1516864459434229,0.2168021680216802,0.2453987730061349,0.1941747572815534,0.2081021852509865,0.011810463406536,0.1691211095662806,41668,498,369,120,0.2474437627811861,0.3517382413087934,0.5541922290388548
10,42,lightgbm,random_under_10to1,ok,,266230,2798,49235,505,42655,489,561,-235452,1.0,3.3976243000943214,0.852706141946023,0.0974334296477233,0.207492795389049,0.499009900990099,0.1309771309771309,0.2416192119523943,0.0343115124153498,0.2306752740476561,47058,1672,253,252,0.1584158415841584,0.3069306930693069,0.5702970297029702,0.8478632315727099,0.1286351189464257,0.1941908713692946,0.4785276073619632,0.1218115564809994,0.2251033218284862,0.0400085376843902,0.2306752740476561,40479,1687,255,234,0.1963190184049079,0.3087934560327198,0.5460122699386503
10,42,lightgbm,smote,ok,,266230,2798,49235,505,42655,489,561,2798,1.0,8.734260299941525,0.8526466913056995,0.1571787160665487,0.3,0.2851485148514851,0.3164835164835164,0.2935335450553467,0.0063821054791709,0.1502969831036425,48419,311,361,144,0.3306930693069307,0.4297029702970297,0.5663366336633663,0.8443455106397568,0.11137027530138,0.1771217712177121,0.147239263803681,0.2222222222222222,0.1732056016173369,0.0059763790731869,0.1502969831036425,41914,252,417,72,0.2126789366053169,0.3149284253578732,0.5460122699386503
10,42,lightgbm,unweighted,ok,,266230,2798,49235,505,42655,489,561,0,1.0,7.322668999899179,0.8535217088300251,0.1554680877364291,0.3172655565293602,0.3584158415841584,0.2845911949685534,0.3114762895182486,0.0093371639647034,0.1126299605076272,48275,455,324,181,0.3623762376237623,0.4514851485148515,0.5663366336633663,0.8472824614603863,0.143805987126719,0.2515337423312883,0.2515337423312883,0.2515337423312883,0.2428537632011835,0.0086799791301048,0.1126299605076272,41800,366,366,123,0.2556237218813906,0.3824130879345603,0.5357873210633947
10,43,lightgbm,adasyn,ok,,266230,2798,49235,505,42655,489,561,2526,1.0,14.06509739998728,0.8506684235014924,0.1851625326964026,0.2938105891126025,0.3900990099009901,0.235645933014354,0.29400025862747,0.0131130720295505,0.0858594865655359,48091,639,308,197,0.3405940594059406,0.4297029702970297,0.5405940594059406,0.8492798256612994,0.1429758238340211,0.2183150183150183,0.3047034764826176,0.1700913242009132,0.2157670619701385,0.0172413793103448,0.0858594865655359,41439,727,340,149,0.2678936605316973,0.3640081799591002,0.5357873210633947
10,43,lightgbm,borderline_smote,ok,,266230,2798,49235,505,42655,489,561,2798,1.0,14.020664800191298,0.8469794767287113,0.1564385625978757,0.279317697228145,0.2594059405940594,0.302540415704388,0.2732495540428895,0.0061974143238251,0.2067685033004344,48428,302,374,131,0.3029702970297029,0.401980198019802,0.5346534653465347,0.8413358847449466,0.1251916007888122,0.2100350058343057,0.1840490797546012,0.2445652173913043,0.2042674621170815,0.0065929896124839,0.2067685033004344,41888,278,399,90,0.2433537832310838,0.3353783231083844,0.5132924335378323
10,43,lightgbm,class_weighted,ok,,266230,2798,49235,505,42655,489,561,0,94.15010721944246,7.653500000014901,0.8385807835862592,0.1054779394389293,0.2411725516322451,0.3584158415841584,0.1817269076305221,0.244539295747925,0.0167248101785347,0.5815844385999885,47915,815,324,181,0.2356435643564356,0.3782178217821782,0.5504950495049505,0.809977111595256,0.1003043860493361,0.2172839506172839,0.2699386503067484,0.1818181818181818,0.2105707225918399,0.0140871792439406,0.5815844385999885,41572,594,357,132,0.1615541922290388,0.3026584867075664,0.4458077709611452
10,43,lightgbm,random_over,ok,,266230,2798,49235,505,42655,489,561,2798,1.0,7.459707600064576,0.8541676808764398,0.1876573628064379,0.3202614379084967,0.291089108910891,0.3559322033898305,0.3155481249290873,0.005458649702442,0.2806001956545665,48464,266,358,147,0.3504950495049505,0.4514851485148515,0.5722772277227722,0.8581063431541923,0.1393088767221324,0.2233128834355828,0.1860940695296523,0.2791411042944785,0.2206658963101765,0.0055732106436465,0.2806001956545665,41931,235,398,91,0.2699386503067484,0.3844580777096114,0.5255623721881391
10,43,lightgbm,random_under_10to1,ok,,266230,2798,49235,505,42655,489,561,-235452,1.0,2.668864999897778,0.8521677946575696,0.1179058974965849,0.2402061855670103,0.4613861386138614,0.162369337979094,0.2615812965928782,0.0246665298584034,0.3010316882227632,47528,1202,272,233,0.2118811881188118,0.403960396039604,0.5841584158415841,0.8498249250915677,0.1527649259098989,0.233033033033033,0.3967280163599182,0.1649659863945578,0.2427938222292597,0.0232889057534506,0.3010316882227632,41184,982,295,194,0.2372188139059304,0.3374233128834356,0.558282208588957
10,43,lightgbm,smote,ok,,266230,2798,49235,505,42655,489,561,2798,1.0,8.347870399942622,0.8405872325381523,0.1073851003941608,0.1651612903225806,0.5069306930693069,0.0986512524084778,0.2069397040443756,0.0479991791504206,0.0514594245758007,46391,2339,249,256,0.2059405940594059,0.3108910891089109,0.5089108910891089,0.820604598418928,0.0597747153942307,0.1227096057745696,0.4519427402862985,0.070992611628654,0.1568988592117743,0.0685860646018118,0.0514594245758007,39274,2892,268,221,0.1513292433537832,0.2433537832310838,0.4662576687116564
10,43,lightgbm,unweighted,ok,,266230,2798,49235,505,42655,489,561,0,1.0,6.920891599962488,0.8462174072937768,0.111948254611784,0.2192028985507246,0.2396039603960396,0.2020033388981636,0.2111989576723211,0.0098091524728093,0.1558762319000923,48252,478,384,121,0.2396039603960396,0.3168316831683168,0.4871287128712871,0.8327860999669531,0.085848040691648,0.1735620585267406,0.1758691206543967,0.1713147410358565,0.1638650695232033,0.009865768628753,0.1558762319000923,41750,416,403,86,0.1758691206543967,0.280163599182004,0.4621676891615542
10,44,lightgbm,adasyn,ok,,266230,2798,49235,505,42655,489,561,2526,1.0,14.46240089996718,0.8525098491790488,0.1836855695814322,0.2548476454293629,0.1821782178217821,0.423963133640553,0.2731958846132115,0.002565154935358,0.272602899344973,48605,125,413,92,0.297029702970297,0.3920792079207921,0.5326732673267327,0.834605862485083,0.1408609284184578,0.1656441717791411,0.1104294478527607,0.3312883435582822,0.1860741095773233,0.002585021107053,0.272602899344973,42057,109,435,54,0.278118609406953,0.3578732106339468,0.5276073619631901
10,44,lightgbm,borderline_smote,ok,,266230,2798,49235,505,42655,489,561,2798,1.0,12.712333499919623,0.8556430564049633,0.1609162897277986,0.2772108843537414,0.3227722772277228,0.2429210134128167,0.2714334872918179,0.0104247896572953,0.1251075286437586,48222,508,342,163,0.3049504950495049,0.403960396039604,0.5564356435643565,0.8394018111491761,0.1155371397127559,0.2079116835326586,0.2310838445807771,0.1889632107023411,0.1988208887459415,0.0115021581368875,0.1251075286437586,41681,485,376,113,0.2249488752556237,0.3149284253578732,0.5051124744376279
10,44,lightgbm,class_weighted,ok,,266230,2798,49235,505,42655,489,561,0,94.15010721944246,7.609286200022325,0.8498156948877732,0.1331455393134874,0.2626262626262626,0.3861386138613861,0.1989795918367347,0.2669291333318977,0.0161091729940488,0.6284825314250033,47945,785,310,195,0.293069306930693,0.4118811881188118,0.5584158415841585,0.8035237493024696,0.1056206998714818,0.2303501945525291,0.3026584867075664,0.185929648241206,0.2259988205328657,0.0153678319024806,0.6284825314250033,41518,648,341,148,0.2126789366053169,0.3353783231083844,0.4989775051124744
10,44,lightgbm,random_over,ok,,266230,2798,49235,505,42655,489,561,2798,1.0,7.459686399903148,0.8578906603978682,0.1939438237235607,0.2628571428571428,0.1821782178217821,0.4717948717948718,0.2888547612253571,0.002113687666735,0.4519933070467722,48627,103,413,92,0.297029702970297,0.4099009900990099,0.5623762376237624,0.8464099725818308,0.1361562021364725,0.1664,0.1063394683026584,0.3823529411764705,0.1970407479418685,0.0019921263577289,0.4519933070467722,42082,84,437,52,0.2392638036809816,0.3578732106339468,0.5112474437627812
10,44,lightgbm,random_under_10to1,ok,,266230,2798,49235,505,42655,489,561,-235452,1.0,2.78641609987244,0.8527103274661552,0.1176647801320438,0.2306660706303084,0.5108910891089109,0.1489607390300231,0.262864450637562,0.0302483069977426,0.2549359983814796,47256,1474,247,258,0.2435643564356435,0.403960396039604,0.5841584158415841,0.8498533937392448,0.1272753087793824,0.1983471074380165,0.4417177914110429,0.127886323268206,0.2220615419919798,0.0349333586301759,0.2549359983814796,40693,1473,273,216,0.2188139059304703,0.3374233128834356,0.5398773006134969
10,44,lightgbm,smote,ok,,266230,2798,49235,505,42655,489,561,2798,1.0,8.089276099810377,0.8524350990403782,0.1483056707963023,0.2554744525547445,0.4158415841584158,0.1843722563652326,0.2659343445821439,0.0190642314795813,0.0854257763924721,47801,929,295,210,0.3029702970297029,0.4158415841584158,0.5801980198019802,0.8470209815388337,0.1293755100554846,0.2003804692454026,0.3231083844580777,0.1452205882352941,0.2032775274615598,0.0220556846748565,0.0854257763924721,41236,930,331,158,0.2310838445807771,0.3231083844580777,0.5501022494887525
10,44,lightgbm,unweighted,ok,,266230,2798,49235,505,42655,489,561,0,1.0,6.645124000031501,0.8430889138575257,0.0953702231297907,0.2100515463917525,0.3227722772277228,0.1556829035339064,0.2127531084933814,0.0181407757028524,0.0797476584194039,47846,884,342,163,0.2,0.3306930693069307,0.495049504950495,0.8296035524992417,0.0662892026796867,0.1532467532467532,0.2413087934560327,0.1122740247383444,0.1505121428703608,0.0221268320447754,0.0797476584194039,41233,933,371,118,0.1288343558282208,0.261758691206544,0.4703476482617587
10,45,lightgbm,adasyn,ok,,266230,2798,49235,505,42655,489,561,2526,1.0,15.29008199996315,0.8504546978399872,0.1484494945827291,0.2857142857142857,0.3247524752475247,0.255054432348367,0.2794860444937083,0.0098296737122922,0.1255885610652606,48251,479,341,164,0.3247524752475247,0.4178217821782178,0.5425742574257426,0.8438405680072344,0.1221828388842688,0.22165820642978,0.2678936605316973,0.189033189033189,0.2143582864808986,0.0133282739648057,0.1255885610652606,41604,562,358,131,0.2678936605316973,0.4028629856850715,0.5214723926380368
10,45,lightgbm,borderline_smote,ok,,266230,2798,49235,505,42655,489,561,2798,1.0,14.12718529999256,0.8528439187033827,0.1722558750967851,0.290351668169522,0.3188118811881188,0.2665562913907284,0.2834911065332555,0.009090909090909,0.1402071280479622,48287,443,344,161,0.3207920792079208,0.4079207920792079,0.5366336633663367,0.8516412442127894,0.1533346995208919,0.2529789184234647,0.2822085889570552,0.2292358803986711,0.2447573405807422,0.0110041265474552,0.1402071280479622,41702,464,351,138,0.2924335378323108,0.4212678936605317,0.5480572597137015
10,45,lightgbm,class_weighted,ok,,266230,2798,49235,505,42655,489,561,0,94.15010721944246,8.135436499956995,0.8396026803583293,0.1042767664026221,0.2236503856041131,0.3445544554455445,0.1655566127497621,0.2276410321378174,0.0179971270264724,0.5664396071993401,47853,877,331,174,0.2316831683168317,0.3584158415841584,0.5108910891089109,0.8312576924759448,0.1128949904819468,0.2391782831988261,0.3333333333333333,0.1864988558352402,0.2378071880980529,0.0168619266707774,0.5664396071993401,41455,711,326,163,0.1983640081799591,0.3496932515337423,0.492842535787321
10,45,lightgbm,random_over,ok,,266230,2798,49235,505,42655,489,561,2798,1.0,9.094577600015327,0.8501663236301056,0.1974208587657122,0.3249516441005802,0.3326732673267327,0.3175803402646502,0.3178793333821228,0.0074081674533141,0.1930814235146249,48369,361,337,168,0.3663366336633663,0.4356435643564356,0.5524752475247525,0.8473202660785539,0.1510899922613083,0.268389662027833,0.2760736196319018,0.2611218568665377,0.259769249201126,0.0090594317696722,0.1930814235146249,41784,382,354,135,0.3067484662576687,0.3721881390593047,0.50920245398773
10,45,lightgbm,random_under_10to1,ok,,266230,2798,49235,505,42655,489,561,-235452,1.0,2.551140099996701,0.8546971491731568,0.1287255119553982,0.2535496957403651,0.495049504950495,0.1704158145875937,0.2785656792607391,0.0249743484506464,0.2745327234652529,47513,1217,255,250,0.192079207920792,0.4316831683168317,0.5742574257425742,0.8599647105165318,0.1539550138611212,0.2336354481369587,0.4744376278118609,0.1549766199064796,0.2571034815025718,0.0300004743157994,0.2745327234652529,40901,1265,257,232,0.2269938650306748,0.4355828220858895,0.5664621676891616
10,45,lightgbm,smote,ok,,266230,2798,49235,505,42655,489,561,2798,1.0,9.121928700013086,0.849177890701034,0.1267219793648909,0.2106754841757203,0.4415841584158416,0.1383374689826302,0.2338769028986247,0.0285040016416991,0.0566875617370554,47341,1389,282,223,0.2455445544554455,0.3425742574257426,0.5287128712871287,0.8383079506482656,0.0935898460253115,0.1818181818181818,0.3680981595092024,0.1207243460764587,0.1953334570004474,0.0310914006545558,0.0566875617370554,40855,1311,309,180,0.1738241308793456,0.294478527607362,0.4969325153374233
10,45,lightgbm,unweighted,ok,,266230,2798,49235,505,42655,489,561,0,1.0,7.089812099933624,0.8529496335638077,0.1233241894010476,0.2242798353909465,0.4316831683168317,0.1514940931202223,0.2432280459636568,0.0250564334085778,0.0611582964107408,47509,1221,287,218,0.2336633663366336,0.3683168316831683,0.5544554455445545,0.8475176066703739,0.1100915002547844,0.1792547834843907,0.3640081799591002,0.1189044756179024,0.1924800459177424,0.0312811269743395,0.0611582964107408,40847,1319,311,178,0.2229038854805726,0.3169734151329243,0.4989775051124744
10,46,lightgbm,adasyn,ok,,266230,2798,49235,505,42655,489,561,2526,1.0,15.728519999887794,0.8530684535722195,0.1828500925608119,0.2501690331304936,0.3663366336633663,0.1899383983572895,0.2533463508248597,0.0161912579519803,0.0868716978929168,47941,789,320,185,0.2594059405940594,0.3801980198019802,0.5445544554455446,0.8288288124441843,0.1105245235594119,0.1782693558880937,0.280163599182004,0.1307251908396946,0.1777995399775679,0.0216050846653702,0.0868716978929168,41255,911,352,137,0.1922290388548057,0.3128834355828221,0.5337423312883436
10,46,lightgbm,borderline_smote,ok,,266230,2798,49235,505,42655,489,561,2798,1.0,15.496148800011724,0.8576498304457985,0.1904258918097941,0.2978283350568769,0.2851485148514851,0.3116883116883117,0.2911721030269764,0.0065257541555509,0.2274276299232236,48412,318,361,144,0.3247524752475247,0.4297029702970297,0.5623762376237624,0.848898433079812,0.1354104331351516,0.2333722287047841,0.2044989775051124,0.2717391304347826,0.2280800703683134,0.0063558317127543,0.2274276299232236,41898,268,389,100,0.2494887525562372,0.3701431492842535,0.5603271983640081
10,46,lightgbm,class_weighted,ok,,266230,2798,49235,505,42655,489,561,0,94.15010721944246,8.709555299952626,0.8358176494850388,0.1234466446395493,0.2486865148861646,0.4217821782178217,0.1763245033112583,0.2614000231819854,0.0204186332854504,0.5239300192310672,47735,995,292,213,0.2613861386138614,0.4118811881188118,0.5227722772277228,0.8329579545717981,0.1199849510025622,0.2569444444444444,0.3783231083844581,0.1945320715036803,0.2596857700303625,0.0181662951192904,0.5239300192310672,41400,766,304,185,0.2065439672801636,0.3742331288343558,0.4887525562372188
10,46,lightgbm,random_over,ok,,266230,2798,49235,505,42655,489,561,2798,1.0,7.695171599974856,0.8628769152310265,0.1753526252940167,0.285012285012285,0.3445544554455445,0.2430167597765363,0.28063295349886,0.0111225117997127,0.1174194025901411,48188,542,331,174,0.3188118811881188,0.4277227722772277,0.5643564356435643,0.8418455559858994,0.1013757885394728,0.1922455573505654,0.2433537832310838,0.1588785046728972,0.1851301375548387,0.0149409476829673,0.1174194025901411,41536,630,370,119,0.2044989775051124,0.3067484662576687,0.4867075664621677
10,46,lightgbm,random_under_10to1,ok,,266230,2798,49235,505,42655,489,561,-235452,1.0,4.0665338998660445,0.8557958685259045,0.1527816556605185,0.2694300518134715,0.3089108910891089,0.2388973966309341,0.263088605587654,0.0101990560229837,0.524102495924158,48233,497,349,156,0.3029702970297029,0.396039603960396,0.5861386138613861,0.8419565206637278,0.1257092880327718,0.2326869806094182,0.2576687116564417,0.2121212121212121,0.223997080431521,0.0110989897073471,0.524102495924158,41698,468,363,126,0.2556237218813906,0.3721881390593047,0.5644171779141104
10,46,lightgbm,smote,ok,,266230,2798,49235,505,42655,489,561,2798,1.0,8.616457200143486,0.8558357528755134,0.2005159342557804,0.3291713961407491,0.2871287128712871,0.3856382978723404,0.3268318665986113,0.0047404063205417,0.1923042794690667,48499,231,360,145,0.3504950495049505,0.4336633663366336,0.5762376237623762,0.8515742919672729,0.1746899173926938,0.2538461538461538,0.2024539877300613,0.3402061855670103,0.2559397091458394,0.004553431674809,0.1923042794690667,41974,192,390,99,0.3026584867075664,0.4151329243353783,0.5603271983640081
10,46,lightgbm,unweighted,ok,,266230,2798,49235,505,42655,489,561,0,1.0,9.652831699931994,0.8498138662624728,0.1310724724064206,0.2349763673193788,0.3445544554455445,0.1782786885245901,0.2371544729041755,0.0164580340652575,0.0826800401033496,47928,802,331,174,0.2415841584158415,0.3722772277227723,0.5326732673267327,0.8514164534428005,0.100975676610662,0.1899613899613899,0.2515337423312883,0.1526054590570719,0.1839982419633554,0.0161978845515344,0.0826800401033496,41483,683,366,123,0.1676891615541922,0.2965235173824131,0.5051124744376279
0,42,xgboost,adasyn,ok,,4714,151,941,67,1046,50,169,144,1.0,0.8361638002097607,0.7836503978961031,0.1844352084886109,0.357976653696498,0.6865671641791045,0.2421052631578947,0.3342770914505938,0.1647597254004576,0.0032897584605962,730,144,21,46,0.044776119402985,0.044776119402985,0.0895522388059701,0.8395582329317268,0.1372489382164323,0.2765273311897106,0.86,0.1647509578544061,0.3160835987647037,0.2188755020080321,0.0032897584605962,778,218,7,43,0.02,0.02,0.1
0,42,xgboost,borderline_smote,ok,,4714,151,941,67,1046,50,169,151,1.0,0.8069130999501795,0.7915912428703166,0.178721710284632,0.3745019920318725,0.7014925373134329,0.2554347826086957,0.35320520886426,0.1567505720823798,0.0029085914138704,737,137,20,47,0.0298507462686567,0.044776119402985,0.044776119402985,0.8344377510040161,0.1518118286290725,0.277602523659306,0.88,0.1647940074906367,0.3210430508473615,0.2238955823293172,0.0029085914138704,773,223,6,44,0.04,0.06,0.06
0,42,xgboost,class_weighted,ok,,4714,151,941,67,1046,50,169,0,30.218543046357617,0.768827399937436,0.7454489565900475,0.1957689765007988,0.3465346534653465,0.5223880597014925,0.2592592592592592,0.2992875333513964,0.11441647597254,0.0092570865526795,774,100,32,35,0.044776119402985,0.044776119402985,0.0746268656716417,0.822008032128514,0.1417879845326203,0.2481751824817518,0.68,0.1517857142857142,0.2544333297306121,0.1907630522088353,0.0092570865526795,806,190,16,34,0.0,0.0,0.02
0,42,xgboost,random_over,ok,,4714,151,941,67,1046,50,169,151,1.0,0.7999307999853045,0.7993783940708358,0.2009409711199929,0.3577981651376147,0.582089552238806,0.2582781456953642,0.3180478885294667,0.1281464530892448,0.0055476143024861,762,112,28,39,0.044776119402985,0.044776119402985,0.0597014925373134,0.8348192771084337,0.1385332850528479,0.2638888888888889,0.76,0.1596638655462184,0.2845674223408856,0.2008032128514056,0.0055476143024861,796,200,12,38,0.02,0.02,0.08
0,42,xgboost,random_under_10to1,ok,,4714,151,941,67,1046,50,169,-3053,1.0,1.083524200133979,0.8308173093343352,0.2110901363902239,0.4050632911392405,0.7164179104477612,0.2823529411764706,0.38555750744524,0.1395881006864988,0.0126313166692852,752,122,19,48,0.0298507462686567,0.0298507462686567,0.0597014925373134,0.8396184738955823,0.1321172014639147,0.2633228840125391,0.84,0.1561338289962825,0.2987735435303613,0.2279116465863453,0.0126313166692852,769,227,8,42,0.0,0.0,0.06
0,42,xgboost,smote,ok,,4714,151,941,67,1046,50,169,151,1.0,2.6072511998936534,0.7934014139827179,0.2135099004037564,0.373015873015873,0.7014925373134329,0.254054054054054,0.3517418524887881,0.1578947368421052,0.004326713271439,736,138,20,47,0.044776119402985,0.044776119402985,0.0895522388059701,0.8430522088353414,0.1576209717585656,0.2684563758389262,0.8,0.1612903225806451,0.2965485795960543,0.2088353413654618,0.004326713271439,788,208,10,40,0.0,0.0,0.22
0,42,xgboost,unweighted,ok,,4714,151,941,67,1046,50,169,0,1.0,0.9336986001580954,0.7797568222958434,0.2070158733987932,0.3779527559055118,0.7164179104477612,0.2566844919786096,0.3592007629248648,0.1590389016018306,0.0027201340999454,735,139,19,48,0.044776119402985,0.044776119402985,0.044776119402985,0.839718875502008,0.1536204833763,0.2777777777777778,0.9,0.1642335766423357,0.3251304189834977,0.2299196787148594,0.0027201340999454,767,229,5,45,0.0,0.0,0.0
0,43,xgboost,adasyn,ok,,4714,151,941,67,1046,50,169,144,1.0,0.8330004999879748,0.7775368011202569,0.1816335327961139,0.3232323232323232,0.7164179104477612,0.208695652173913,0.3040968373156238,0.2082379862700228,0.0020754584111273,692,182,19,48,0.044776119402985,0.0597014925373134,0.0746268656716417,0.8391566265060242,0.1379744869036591,0.2651296829971181,0.92,0.1548821548821548,0.3160579932419755,0.2520080321285141,0.0020754584111273,745,251,4,46,0.0,0.02,0.2
0,43,xgboost,borderline_smote,ok,,4714,151,941,67,1046,50,169,151,1.0,0.8029630999080837,0.8065849243485091,0.1929758754142354,0.3414634146341463,0.7313432835820896,0.2227272727272727,0.3254832049842522,0.1956521739130435,0.0019187643192708,703,171,18,49,0.044776119402985,0.044776119402985,0.044776119402985,0.8389558232931726,0.1477308522926209,0.2716763005780346,0.94,0.1587837837837837,0.326803933285404,0.25,0.0019187643192708,747,249,3,47,0.02,0.02,0.02
0,43,xgboost,class_weighted,ok,,4714,151,941,67,1046,50,169,0,30.218543046357617,0.96890789992176,0.726117695276478,0.1855296266316233,0.3404255319148936,0.5970149253731343,0.238095238095238,0.3025541628729637,0.1464530892448512,0.0052225505933165,746,128,27,40,0.044776119402985,0.044776119402985,0.0746268656716417,0.8177911646586346,0.1304715672774357,0.2675585284280936,0.8,0.1606425702811245,0.2956351578539659,0.2098393574297188,0.0052225505933165,787,209,10,40,0.0,0.0,0.02
0,43,xgboost,random_over,ok,,4714,151,941,67,1046,50,169,151,1.0,0.7431437000632286,0.8015984152464223,0.1932199705751528,0.3610108303249097,0.746268656716418,0.238095238095238,0.3478477494070677,0.183066361556064,0.0026352007407695,714,160,17,50,0.044776119402985,0.044776119402985,0.0597014925373134,0.8290361445783132,0.1455046705010101,0.2752293577981651,0.9,0.1624548736462094,0.3225387528189923,0.2329317269076305,0.0026352007407695,764,232,5,45,0.0,0.0,0.06
0,43,xgboost,random_under_10to1,ok,,4714,151,941,67,1046,50,169,-3053,1.0,0.6015802000183612,0.7960483623074559,0.1899878909927175,0.3496503496503496,0.746268656716418,0.228310502283105,0.3364750229274059,0.1933638443935926,0.0062648481689393,705,169,17,50,0.044776119402985,0.044776119402985,0.044776119402985,0.8334538152610442,0.1397644896031592,0.2421052631578947,0.92,0.1393939393939394,0.2914598724009451,0.285140562248996,0.0062648481689393,712,284,4,46,0.0,0.0,0.0
0,43,xgboost,smote,ok,,4714,151,941,67,1046,50,169,151,1.0,0.8011376999784261,0.7719867481812903,0.2017373684704468,0.3644444444444444,0.6119402985074627,0.2594936708860759,0.3289106451977107,0.1338672768878718,0.0044059576466679,757,117,26,41,0.044776119402985,0.044776119402985,0.0597014925373134,0.8346586345381526,0.1263004576134888,0.2717770034843205,0.78,0.1645569620253164,0.2962070864269823,0.1987951807228915,0.0044059576466679,798,198,11,39,0.0,0.0,0.12
0,43,xgboost,unweighted,ok,,4714,151,941,67,1046,50,169,0,1.0,0.7688185998704284,0.7758290925236517,0.1984111772469091,0.3946188340807174,0.6567164179104478,0.282051282051282,0.3655093335759395,0.1281464530892448,0.0039188829250633,762,112,23,44,0.044776119402985,0.044776119402985,0.044776119402985,0.8384939759036145,0.1493530460316221,0.2905405405405405,0.86,0.1747967479674796,0.3300868703379521,0.2038152610441767,0.0039188829250633,793,203,7,43,0.02,0.02,0.02
0,44,xgboost,adasyn,ok,,4714,151,941,67,1046,50,169,144,1.0,0.8062939001247287,0.7975853000444004,0.2003912202435284,0.3813559322033898,0.6716417910447762,0.2662721893491124,0.3549152605018438,0.1418764302059496,0.004507515579462,750,124,22,45,0.0298507462686567,0.044776119402985,0.0597014925373134,0.8457429718875502,0.1520123387862108,0.2933333333333333,0.88,0.176,0.3367554417726912,0.2068273092369477,0.004507515579462,790,206,6,44,0.02,0.04,0.14
0,44,xgboost,borderline_smote,ok,,4714,151,941,67,1046,50,169,151,1.0,0.7933034000452608,0.8048089074080399,0.2041245348645747,0.3735408560311284,0.7164179104477612,0.2526315789473684,0.3548658297052743,0.1624713958810068,0.0029910239391028,732,142,19,48,0.044776119402985,0.044776119402985,0.044776119402985,0.8424096385542168,0.145425194351488,0.2848297213622291,0.92,0.1684981684981685,0.3362057539295401,0.2279116465863453,0.0029910239391028,769,227,4,46,0.02,0.02,0.02
0,44,xgboost,class_weighted,ok,,4714,151,941,67,1046,50,169,0,30.218543046357617,0.8817652999423444,0.7666586973598826,0.2030513909098766,0.3232323232323232,0.7164179104477612,0.208695652173913,0.3040968373156238,0.2082379862700228,0.0027162032201886,692,182,19,48,0.044776119402985,0.044776119402985,0.0746268656716417,0.8194578313253011,0.1414668361945847,0.2446808510638297,0.92,0.1411042944785276,0.2942766871941599,0.2811244979919678,0.0027162032201886,716,280,4,46,0.02,0.02,0.02
0,44,xgboost,random_over,ok,,4714,151,941,67,1046,50,169,151,1.0,0.7717941000591964,0.8014276443867618,0.2022161873069156,0.3481481481481481,0.7014925373134329,0.2315270935960591,0.3269798277030493,0.1784897025171624,0.0023096916265785,718,156,20,47,0.044776119402985,0.044776119402985,0.0597014925373134,0.8364859437751004,0.1511786082945769,0.2658610271903323,0.88,0.1565836298932384,0.3090284201984094,0.2379518072289156,0.0023096916265785,759,237,6,44,0.02,0.02,0.08
0,44,xgboost,random_under_10to1,ok,,4714,151,941,67,1046,50,169,-3053,1.0,0.5937164998613298,0.7959288227056934,0.1948582570975569,0.4,0.6567164179104478,0.2875816993464052,0.3707643195981175,0.1247139588100686,0.0133596481755375,765,109,23,44,0.0298507462686567,0.0298507462686567,0.1044776119402985,0.843132530120482,0.1414095295284934,0.2947368421052631,0.84,0.1787234042553191,0.330334551176534,0.1937751004016064,0.0133596481755375,803,193,8,42,0.0,0.0,0.08
0,44,xgboost,smote,ok,,4714,151,941,67,1046,50,169,151,1.0,0.8106505998875946,0.7727722941357286,0.1764283149743808,0.3304347826086956,0.5671641791044776,0.2331288343558282,0.2882188751841614,0.143020594965675,0.0035651640500873,749,125,29,38,0.0298507462686567,0.044776119402985,0.0746268656716417,0.8395381526104417,0.1416885371096588,0.2614840989399293,0.74,0.1587982832618025,0.2785232627526506,0.1967871485943775,0.0035651640500873,800,196,13,37,0.0,0.02,0.2
0,44,xgboost,unweighted,ok,,4714,151,941,67,1046,50,169,0,1.0,0.8950262998696417,0.7956385122442707,0.1903930526617736,0.3765690376569037,0.6716417910447762,0.2616279069767442,0.3502081223733722,0.1453089244851258,0.0039368150755763,747,127,22,45,0.044776119402985,0.044776119402985,0.044776119402985,0.842008032128514,0.1544480472883223,0.2925170068027211,0.86,0.1762295081967213,0.3320363890623363,0.2018072289156626,0.0039368150755763,795,201,7,43,0.02,0.02,0.02
0,45,xgboost,adasyn,ok,,4714,151,941,67,1046,50,169,144,1.0,0.8184291999787092,0.8016496465043206,0.1831649712173755,0.35,0.7313432835820896,0.2300469483568075,0.3341159199296268,0.1876430205949656,0.002294433536008,710,164,18,49,0.0298507462686567,0.044776119402985,0.0895522388059701,0.8316064257028113,0.1335272264461449,0.274390243902439,0.9,0.1618705035971223,0.3216827643395848,0.2339357429718875,0.002294433536008,763,233,5,45,0.0,0.04,0.2
0,45,xgboost,borderline_smote,ok,,4714,151,941,67,1046,50,169,151,1.0,0.8058680000249296,0.8140817650876054,0.1948696976627136,0.3801652892561983,0.6865671641791045,0.2628571428571428,0.3562248632384394,0.1475972540045766,0.0039268219843506,745,129,21,46,0.044776119402985,0.044776119402985,0.0597014925373134,0.841285140562249,0.1509887535756511,0.2724252491694352,0.82,0.1633466135458167,0.3043149015507695,0.2108433734939759,0.0039268219843506,786,210,9,41,0.04,0.04,0.22
0,45,xgboost,class_weighted,ok,,4714,151,941,67,1046,50,169,0,30.218543046357617,0.7679524999111891,0.7463711192322141,0.2010953613204202,0.3389830508474576,0.5970149253731343,0.2366863905325443,0.3010864841282645,0.1475972540045766,0.0058641182258725,745,129,27,40,0.044776119402985,0.044776119402985,0.0746268656716417,0.8265461847389558,0.1449434450397524,0.2675585284280936,0.8,0.1606425702811245,0.2956351578539659,0.2098393574297188,0.0058641182258725,787,209,10,40,0.0,0.0,0.04
0,45,xgboost,random_over,ok,,4714,151,941,67,1046,50,169,151,1.0,0.7540428000502288,0.7909593906895727,0.2063541230915877,0.4035087719298245,0.6865671641791045,0.2857142857142857,0.3789803048884126,0.131578947368421,0.0043498636223375,759,115,21,46,0.044776119402985,0.044776119402985,0.044776119402985,0.8497590361445783,0.1551226856613589,0.2763157894736842,0.84,0.1653543307086614,0.3120366994305789,0.2128514056224899,0.0043498636223375,784,212,8,42,0.02,0.02,0.02
0,45,xgboost,random_under_10to1,ok,,4714,151,941,67,1046,50,169,-3053,1.0,0.6046599999535829,0.8089586392977902,0.2329216668810342,0.3983402489626556,0.7164179104477612,0.2758620689655172,0.3790609127780322,0.1441647597254004,0.0107470899820327,748,126,19,48,0.044776119402985,0.0746268656716417,0.0746268656716417,0.8470682730923694,0.1393717398819137,0.2875,0.92,0.1703703703703703,0.3388827542165905,0.2248995983935743,0.0107470899820327,772,224,4,46,0.0,0.0,0.0
0,45,xgboost,smote,ok,,4714,151,941,67,1046,50,169,151,1.0,0.8015075998846442,0.8120325147716794,0.2050937129807114,0.3690987124463519,0.6417910447761194,0.2590361445783132,0.3380468539003656,0.1407322654462242,0.0043093631975352,751,123,24,43,0.044776119402985,0.044776119402985,0.0746268656716417,0.8395180722891565,0.1364022108775024,0.2895622895622896,0.86,0.1740890688259109,0.3291197284084657,0.2048192771084337,0.0043093631975352,792,204,7,43,0.0,0.0,0.14
0,45,xgboost,unweighted,ok,,4714,151,941,67,1046,50,169,0,1.0,0.7253437999170274,0.7646606783018546,0.1799682553169034,0.3369175627240143,0.7014925373134329,0.2216981132075471,0.3155943895399939,0.188787185354691,0.0018913461826741,709,165,20,47,0.044776119402985,0.044776119402985,0.0597014925373134,0.8295983935742972,0.1430425204863833,0.254957507082153,0.9,0.1485148514851485,0.301461940366667,0.2590361445783132,0.0018913461826741,738,258,5,45,0.02,0.02,0.06
0,46,xgboost,adasyn,ok,,4714,151,941,67,1046,50,169,144,1.0,0.7609369999263436,0.7906520031421839,0.1880685222923359,0.3657587548638132,0.7014925373134329,0.2473684210526315,0.3445714605779341,0.1636155606407322,0.0033754555042833,731,143,20,47,0.044776119402985,0.044776119402985,0.0746268656716417,0.8466867469879517,0.1500760324569473,0.2838709677419355,0.88,0.1692307692307692,0.3273535516710278,0.216867469879518,0.0033754555042833,780,216,6,44,0.04,0.04,0.3
0,46,xgboost,borderline_smote,ok,,4714,151,941,67,1046,50,169,151,1.0,0.8232263999525458,0.7802349807028929,0.1893662407513105,0.3665338645418327,0.6865671641791045,0.25,0.3427858821912837,0.1578947368421052,0.0040346309542655,736,138,21,46,0.044776119402985,0.044776119402985,0.0597014925373134,0.8367469879518072,0.1379218754400971,0.2802547770700637,0.88,0.1666666666666666,0.3237214616393938,0.2208835341365461,0.0040346309542655,776,220,6,44,0.02,0.02,0.04
0,46,xgboost,class_weighted,ok,,4714,151,941,67,1046,50,169,0,30.218543046357617,0.8383561999071389,0.7467980463813656,0.1944656057756688,0.3362068965517241,0.582089552238806,0.2363636363636363,0.2961555104554295,0.1441647597254004,0.0055734943598508,748,126,28,39,0.044776119402985,0.044776119402985,0.0746268656716417,0.8282329317269076,0.1306543693293222,0.2693602693602693,0.8,0.1619433198380566,0.2974666173460112,0.2078313253012048,0.0055734943598508,789,207,10,40,0.0,0.0,0.04
0,46,xgboost,random_over,ok,,4714,151,941,67,1046,50,169,151,1.0,0.759844500105828,0.80018101711124,0.2009777195484826,0.4018264840182648,0.6567164179104478,0.2894736842105263,0.3725456403271236,0.1235697940503432,0.004317884799093,766,108,23,44,0.0298507462686567,0.044776119402985,0.0597014925373134,0.8459236947791164,0.1478680981314983,0.2904290429042904,0.88,0.1739130434782608,0.333884867344426,0.2098393574297188,0.004317884799093,787,209,6,44,0.0,0.02,0.08
0,46,xgboost,random_under_10to1,ok,,4714,151,941,67,1046,50,169,-3053,1.0,1.0031912999693304,0.8296048362307455,0.2233769456127147,0.4181818181818181,0.6865671641791045,0.3006535947712418,0.393162754724226,0.1224256292906178,0.0147268697619438,767,107,21,46,0.044776119402985,0.044776119402985,0.0597014925373134,0.846867469879518,0.1400655633113907,0.3003412969283277,0.88,0.1810699588477366,0.343629865694956,0.1997991967871485,0.0147268697619438,797,199,6,44,0.0,0.0,0.02
0,46,xgboost,smote,ok,,4714,151,941,67,1046,50,169,151,1.0,0.8103808001615107,0.7759486321254141,0.1826161774148789,0.3402489626556016,0.6119402985074627,0.2356321839080459,0.3045495957840334,0.1521739130434782,0.0036179914604872,741,133,26,41,0.044776119402985,0.044776119402985,0.044776119402985,0.8335140562248996,0.1504629683288678,0.2508038585209003,0.78,0.1494252873563218,0.2746624706880463,0.2228915662650602,0.0036179914604872,774,222,11,39,0.0,0.0,0.0
0,46,xgboost,unweighted,ok,,4714,151,941,67,1046,50,169,0,1.0,0.7135836000088602,0.7845042521944054,0.2020525103620997,0.4253393665158371,0.7014925373134329,0.3051948051948052,0.4025076492002288,0.1224256292906178,0.0042135128751397,767,107,20,47,0.044776119402985,0.044776119402985,0.0597014925373134,0.8484939759036144,0.1596143573775963,0.2885245901639344,0.88,0.1725490196078431,0.3319953561213655,0.2118473895582329,0.0042135128751397,785,211,6,44,0.02,0.02,0.1
1,42,xgboost,adasyn,ok,,22059,584,2951,76,2574,113,299,487,1.0,1.974998699966818,0.742929061784897,0.1547436572147532,0.2911392405063291,0.3026315789473684,0.2804878048780488,0.2718765527618415,0.0205217391304347,0.1496177613735199,2816,59,53,23,0.1052631578947368,0.2894736842105263,0.4078947368421052,0.7414821660379802,0.1789634982773313,0.2162162162162162,0.1769911504424778,0.2777777777777778,0.1936529237058311,0.0211296221048354,0.1496177613735199,2409,52,93,20,0.1061946902654867,0.1415929203539823,0.3274336283185841
1,42,xgboost,borderline_smote,ok,,22059,584,2951,76,2574,113,299,584,1.0,2.17378000007011,0.7508466819221968,0.1567713238057052,0.3027027027027027,0.3684210526315789,0.2568807339449541,0.2857557102971479,0.0281739130434782,0.1338819712400436,2794,81,48,28,0.0921052631578947,0.2368421052631578,0.4342105263157895,0.7179576616455646,0.1676324671904979,0.2048780487804878,0.1858407079646017,0.2282608695652173,0.1732503041385521,0.0288500609508329,0.1338819712400436,2390,71,92,21,0.0530973451327433,0.168141592920354,0.3274336283185841
1,42,xgboost,class_weighted,ok,,22059,584,2951,76,2574,113,299,0,36.772260273972606,1.774045699974522,0.7511212814645309,0.154818252309901,0.2602230483271375,0.4605263157894737,0.1813471502590673,0.2598457018350484,0.0549565217391304,0.3235906958580017,2717,158,41,35,0.1447368421052631,0.2105263157894736,0.4342105263157895,0.7245274062993317,0.2142315548489758,0.2514970059880239,0.3716814159292035,0.1900452488687782,0.2186159135749347,0.0727346607070296,0.3235906958580017,2282,179,71,42,0.0707964601769911,0.1238938053097345,0.336283185840708
1,42,xgboost,random_over,ok,,22059,584,2951,76,2574,113,299,584,1.0,1.7548106000758708,0.7365675057208237,0.1566100083590705,0.2833333333333333,0.4473684210526316,0.2073170731707317,0.2780510230664173,0.0452173913043478,0.0977459475398063,2745,130,42,34,0.1052631578947368,0.2105263157894736,0.4473684210526316,0.7060623604333802,0.1697316456149634,0.2127659574468085,0.2654867256637168,0.1775147928994082,0.1728829246695584,0.0564811052417716,0.0977459475398063,2322,139,83,30,0.1061946902654867,0.168141592920354,0.2654867256637168
1,42,xgboost,random_under_10to1,ok,,22059,584,2951,76,2574,113,299,-15635,1.0,1.0088261999189854,0.7346819221967964,0.1618346707262179,0.2926829268292683,0.3157894736842105,0.2727272727272727,0.2733531858627552,0.0222608695652173,0.3660544753074646,2811,64,52,24,0.0657894736842105,0.2631578947368421,0.4210526315789473,0.6958211821225275,0.1446728563315288,0.2065727699530516,0.1946902654867256,0.22,0.1728111184238172,0.0316944331572531,0.3660544753074646,2383,78,91,22,0.079646017699115,0.1858407079646017,0.3097345132743362
1,42,xgboost,smote,ok,,22059,584,2951,76,2574,113,299,584,1.0,1.8773076001089064,0.7694508009153319,0.1537501256008846,0.2803738317757009,0.3947368421052631,0.217391304347826,0.2679651159549419,0.0375652173913043,0.0985708981752395,2767,108,46,30,0.0921052631578947,0.1842105263157894,0.4078947368421052,0.7289719626168224,0.1756441762918722,0.2196969696969697,0.2566371681415929,0.1920529801324503,0.1805236383972195,0.0495733441690369,0.0985708981752395,2339,122,84,29,0.0884955752212389,0.1327433628318584,0.2920353982300885
1,42,xgboost,unweighted,ok,,22059,584,2951,76,2574,113,299,0,1.0,1.8086624999996277,0.7424988558352402,0.1856452459722276,0.3023255813953488,0.3421052631578947,0.2708333333333333,0.2837153098230753,0.0243478260869565,0.1367497742176056,2805,70,50,26,0.1578947368421052,0.2763157894736842,0.4473684210526316,0.7274401009734153,0.1754476569533133,0.2620087336244541,0.2654867256637168,0.2586206896551724,0.2276797273189039,0.0349451442503047,0.1367497742176056,2375,86,83,30,0.1061946902654867,0.2035398230088495,0.3451327433628318
1,43,xgboost,adasyn,ok,,22059,584,2951,76,2574,113,299,487,1.0,2.139342800015584,0.7467780320366133,0.1455753706760806,0.2660550458715596,0.3815789473684211,0.204225352112676,0.2533263407521586,0.0393043478260869,0.0895014107227325,2762,113,47,29,0.0657894736842105,0.1973684210526315,0.4210526315789473,0.7328735351123545,0.1897524485183825,0.2307692307692307,0.2654867256637168,0.2040816326530612,0.1924192574769559,0.0475416497358797,0.0895014107227325,2344,117,83,30,0.079646017699115,0.1327433628318584,0.3451327433628318
1,43,xgboost,borderline_smote,ok,,22059,584,2951,76,2574,113,299,584,1.0,2.303027000045404,0.7364118993135013,0.136853860889182,0.2616033755274262,0.4078947368421052,0.1925465838509316,0.2529479181926023,0.0452173913043478,0.058700181543827,2745,130,45,31,0.0789473684210526,0.131578947368421,0.4078947368421052,0.7186408863222016,0.1687137719510631,0.2152777777777778,0.2743362831858407,0.1771428571428571,0.1756546205480027,0.0585127996749288,0.058700181543827,2317,144,82,31,0.0707964601769911,0.1061946902654867,0.2743362831858407
1,43,xgboost,class_weighted,ok,,22059,584,2951,76,2574,113,299,0,36.772260273972606,1.760792199987918,0.7553684210526316,0.1491507983507744,0.2611940298507462,0.4605263157894737,0.1822916666666666,0.2606976760379182,0.0546086956521739,0.3025617003440857,2718,157,41,35,0.0657894736842105,0.2105263157894736,0.4078947368421052,0.7226215690434494,0.2065032748809925,0.247787610619469,0.3716814159292035,0.1858407079646017,0.2149433385425238,0.0747663551401869,0.3025617003440857,2277,184,71,42,0.0619469026548672,0.1327433628318584,0.336283185840708
1,43,xgboost,random_over,ok,,22059,584,2951,76,2574,113,299,584,1.0,1.878205600194633,0.7349473684210526,0.1316924701644764,0.2592592592592592,0.4605263157894737,0.1804123711340206,0.2589998150825466,0.0553043478260869,0.0644144564867019,2716,159,41,35,0.0921052631578947,0.1973684210526315,0.3815789473684211,0.6928293772227277,0.1658171435756773,0.2383720930232558,0.3628318584070796,0.1774891774891775,0.2047400793723024,0.0772043884599756,0.0644144564867019,2271,190,72,41,0.1061946902654867,0.1415929203539823,0.336283185840708
1,43,xgboost,random_under_10to1,ok,,22059,584,2951,76,2574,113,299,-15635,1.0,1.2300963001325729,0.7417025171624714,0.1748594713068963,0.3131313131313131,0.4078947368421052,0.2540983606557377,0.2993624026077206,0.0316521739130434,0.3642261624336242,2784,91,45,31,0.1710526315789473,0.2236842105263158,0.4342105263157895,0.680743492284955,0.1416785056576018,0.2598425196850393,0.2920353982300885,0.2340425531914893,0.2234241399133251,0.0438845997561966,0.3642261624336242,2353,108,80,33,0.1061946902654867,0.1946902654867256,0.3274336283185841
1,43,xgboost,smote,ok,,22059,584,2951,76,2574,113,299,584,1.0,2.164435900049284,0.7437757437070939,0.1526329424653889,0.2688524590163934,0.5394736842105263,0.1790393013100436,0.2806840493335439,0.065391304347826,0.0455009154975414,2687,188,35,41,0.131578947368421,0.2236842105263158,0.3815789473684211,0.7249085737505079,0.1627945569257612,0.2009132420091324,0.3893805309734513,0.1353846153846153,0.1697485023595462,0.1141812271434376,0.0455009154975414,2180,281,69,44,0.079646017699115,0.1504424778761062,0.3274336283185841
1,43,xgboost,unweighted,ok,,22059,584,2951,76,2574,113,299,0,1.0,1.993229400133714,0.7460732265446224,0.157870241863803,0.2995169082125604,0.4078947368421052,0.2366412213740458,0.2869491118221817,0.0347826086956521,0.100899338722229,2775,100,45,31,0.1052631578947368,0.2368421052631578,0.4210526315789473,0.691189637998799,0.1594484395090065,0.2666666666666666,0.3185840707964602,0.2292993630573248,0.2306385923029641,0.0491670052824055,0.100899338722229,2340,121,77,36,0.1061946902654867,0.2212389380530973,0.3274336283185841
1,44,xgboost,adasyn,ok,,22059,584,2951,76,2574,113,299,487,1.0,2.045790100004524,0.7319816933638443,0.1510243190294975,0.2883720930232558,0.4078947368421052,0.2230215827338129,0.2768847227289938,0.0375652173913043,0.0840980932116508,2767,108,45,31,0.1052631578947368,0.1973684210526315,0.4210526315789473,0.7129557378287119,0.1689309202407334,0.2580645161290322,0.3539823008849557,0.2030456852791878,0.2236276090838749,0.0637952052011377,0.0840980932116508,2304,157,73,40,0.1327433628318584,0.1592920353982301,0.3539823008849557
1,44,xgboost,borderline_smote,ok,,22059,584,2951,76,2574,113,299,584,1.0,1.9101994999218728,0.7561556064073226,0.1630745474492177,0.2857142857142857,0.3947368421052631,0.2238805970149253,0.2728005772055172,0.0361739130434782,0.0877662524580955,2771,104,46,30,0.1184210526315789,0.2631578947368421,0.4078947368421052,0.7172780328882784,0.1660120953377618,0.2024291497975708,0.2212389380530973,0.1865671641791045,0.1631899363651686,0.0442909386428281,0.0877662524580955,2352,109,88,25,0.1061946902654867,0.1415929203539823,0.2654867256637168
1,44,xgboost,class_weighted,ok,,22059,584,2951,76,2574,113,299,0,36.772260273972606,2.0035736998543143,0.7252448512585812,0.1550669623783136,0.28,0.4605263157894737,0.2011494252873563,0.2771714413194485,0.0483478260869565,0.3558481335639953,2736,139,41,35,0.1052631578947368,0.2236842105263158,0.4605263157894737,0.7084428590435572,0.2092814619120425,0.232258064516129,0.3185840707964602,0.182741116751269,0.1950960304629803,0.0654205607476635,0.3558481335639953,2300,161,77,36,0.0884955752212389,0.168141592920354,0.3185840707964602
1,44,xgboost,random_over,ok,,22059,584,2951,76,2574,113,299,584,1.0,1.7751664000097662,0.7429702517162472,0.1899027284286001,0.2974358974358974,0.3815789473684211,0.2436974789915966,0.2820423084886964,0.0313043478260869,0.1667371094226837,2785,90,47,29,0.1710526315789473,0.25,0.4342105263157895,0.6807830473978129,0.1930824025922543,0.2396694214876033,0.2566371681415929,0.2248062015503876,0.2028248141058507,0.040633888663145,0.1667371094226837,2361,100,84,29,0.1415929203539823,0.2123893805309734,0.3185840707964602
1,44,xgboost,random_under_10to1,ok,,22059,584,2951,76,2574,113,299,-15635,1.0,1.0701297000050545,0.7637299771167049,0.1575508827118602,0.2839506172839506,0.3026315789473684,0.2674418604651162,0.2643536257398683,0.0219130434782608,0.3868163526058197,2812,63,53,23,0.1578947368421052,0.2763157894736842,0.4210526315789473,0.7181230739356979,0.2021525362128088,0.2197802197802197,0.1769911504424778,0.2898550724637681,0.1992457275441996,0.019910605444941,0.3868163526058197,2412,49,93,20,0.0973451327433628,0.1592920353982301,0.3185840707964602
1,44,xgboost,smote,ok,,22059,584,2951,76,2574,113,299,584,1.0,1.911763000069186,0.7469656750572083,0.1684404381104828,0.2794117647058823,0.25,0.3166666666666666,0.2645804354288967,0.0142608695652173,0.1879843920469284,2834,41,57,19,0.1578947368421052,0.2631578947368421,0.4078947368421052,0.7139805748436674,0.1926774584758452,0.2048192771084337,0.1504424778761062,0.320754716981132,0.1959368401913765,0.0146281999187322,0.1879843920469284,2425,36,96,17,0.1327433628318584,0.168141592920354,0.2743362831858407
1,44,xgboost,unweighted,ok,,22059,584,2951,76,2574,113,299,0,1.0,1.954547599889338,0.7562745995423341,0.1921435313259262,0.2515723270440251,0.5263157894736842,0.1652892561983471,0.263287766522003,0.0702608695652173,0.040383543819189,2673,202,36,40,0.131578947368421,0.2763157894736842,0.4210526315789473,0.7211652217064076,0.177258001688586,0.2253521126760563,0.4247787610619469,0.1533546325878594,0.1987775763170237,0.1076798049573344,0.040383543819189,2196,265,65,48,0.1238938053097345,0.2212389380530973,0.3539823008849557
1,45,xgboost,adasyn,ok,,22059,584,2951,76,2574,113,299,487,1.0,1.9574606001842767,0.7445675057208239,0.1459995005790147,0.2625482625482625,0.4473684210526316,0.1857923497267759,0.2597826274031549,0.0518260869565217,0.0416709408164024,2726,149,42,34,0.0657894736842105,0.2236842105263158,0.4210526315789473,0.7362285278665771,0.1749972793059934,0.2588235294117647,0.3893805309734513,0.1938325991189427,0.2275958778447343,0.0743600162535554,0.0416709408164024,2278,183,69,44,0.0442477876106194,0.168141592920354,0.3628318584070796
1,45,xgboost,borderline_smote,ok,,22059,584,2951,76,2574,113,299,584,1.0,1.9789698999375105,0.7437574370709382,0.1406974199713772,0.2844444444444444,0.4210526315789473,0.2147651006711409,0.275162920813836,0.040695652173913,0.0608848966658115,2758,117,44,32,0.0394736842105263,0.1973684210526315,0.4210526315789473,0.7071896811498312,0.1622293730063588,0.2222222222222222,0.2566371681415929,0.1959459459459459,0.1833041361746712,0.0483543275091426,0.0608848966658115,2342,119,84,29,0.0353982300884955,0.1415929203539823,0.2566371681415929
1,45,xgboost,class_weighted,ok,,22059,584,2951,76,2574,113,299,0,36.772260273972606,1.785161100095138,0.7626315789473683,0.1601502003855369,0.2716049382716049,0.2894736842105263,0.2558139534883721,0.2516352412483159,0.0222608695652173,0.6589950919151306,2811,64,54,22,0.1184210526315789,0.2631578947368421,0.4078947368421052,0.7141711585692556,0.1922364509582718,0.2138364779874214,0.1504424778761062,0.3695652173913043,0.2144245690920632,0.011783827712312,0.6589950919151306,2432,29,96,17,0.079646017699115,0.1327433628318584,0.3008849557522124
1,45,xgboost,random_over,ok,,22059,584,2951,76,2574,113,299,584,1.0,1.8807206000201404,0.7424851258581237,0.1506403005328243,0.2713178294573643,0.4605263157894737,0.1923076923076923,0.26957028490363,0.0511304347826086,0.0863017439842224,2728,147,41,35,0.1052631578947368,0.2631578947368421,0.4342105263157895,0.7120064151201217,0.1457655815369741,0.2426035502958579,0.3628318584070796,0.1822222222222222,0.2089553593019082,0.0747663551401869,0.0863017439842224,2277,184,72,41,0.1061946902654867,0.1858407079646017,0.3451327433628318
1,45,xgboost,random_under_10to1,ok,,22059,584,2951,76,2574,113,299,-15635,1.0,1.351303600007668,0.7468100686498856,0.1274088456628177,0.2263157894736842,0.5657894736842105,0.1414473684210526,0.2475208823250198,0.0907826086956521,0.09112049639225,2614,261,33,43,0.0921052631578947,0.1184210526315789,0.3815789473684211,0.6922108790944036,0.1601979072166375,0.1842105263157894,0.4336283185840708,0.116945107398568,0.1572116719159078,0.1503453880536367,0.09112049639225,2091,370,64,49,0.079646017699115,0.1061946902654867,0.336283185840708
1,45,xgboost,smote,ok,,22059,584,2951,76,2574,113,299,584,1.0,1.9212050999049095,0.7469931350114417,0.1349743468263648,0.2529644268774703,0.4210526315789473,0.1807909604519774,0.2472362741939676,0.0504347826086956,0.0671140179038047,2730,145,44,32,0.0789473684210526,0.1710526315789473,0.4078947368421052,0.7190400333701317,0.1781300905644857,0.2356495468277945,0.3451327433628318,0.1788990825688073,0.2004394420203079,0.0727346607070296,0.0671140179038047,2282,179,74,39,0.1415929203539823,0.1858407079646017,0.3451327433628318
1,45,xgboost,unweighted,ok,,22059,584,2951,76,2574,113,299,0,1.0,2.1346642998978496,0.7423478260869565,0.1811295098699029,0.2766798418972332,0.4605263157894737,0.1977401129943503,0.2742649570223103,0.049391304347826,0.0605800226330757,2733,142,41,35,0.1578947368421052,0.2105263157894736,0.4605263157894737,0.6970689661372276,0.1536059022397627,0.2429378531073446,0.3805309734513274,0.1784232365145228,0.2110377837750951,0.0804550995530272,0.0605800226330757,2263,198,70,43,0.1327433628318584,0.1858407079646017,0.3805309734513274
1,46,xgboost,adasyn,ok,,22059,584,2951,76,2574,113,299,487,1.0,2.0773970000445843,0.7489794050343249,0.1408291729407167,0.271356783919598,0.3552631578947368,0.2195121951219512,0.2551035271386838,0.033391304347826,0.0717255547642707,2779,96,49,27,0.0526315789473684,0.1973684210526315,0.4078947368421052,0.7335279924341858,0.1887380594020578,0.2321428571428571,0.2300884955752212,0.2342342342342342,0.19722341093773,0.0345388053636733,0.0717255547642707,2376,85,87,26,0.1061946902654867,0.1592920353982301,0.2920353982300885
1,46,xgboost,borderline_smote,ok,,22059,584,2951,76,2574,113,299,584,1.0,2.196806499967352,0.7674691075514873,0.1464054647062328,0.2554517133956386,0.5394736842105263,0.1673469387755102,0.2689702748120327,0.0709565217391304,0.0277387704700231,2671,204,35,41,0.1184210526315789,0.1842105263157894,0.4210526315789473,0.7338947762079592,0.1671148806806177,0.2366071428571428,0.4690265486725664,0.1582089552238806,0.2158176998578533,0.114587566030069,0.0277387704700231,2179,282,60,53,0.079646017699115,0.1327433628318584,0.3097345132743362
1,46,xgboost,class_weighted,ok,,22059,584,2951,76,2574,113,299,0,36.772260273972606,1.8521169000305235,0.7397482837528604,0.1579188599536858,0.2786885245901639,0.4473684210526316,0.2023809523809523,0.273967184738621,0.0466086956521739,0.3596021234989166,2741,134,42,34,0.0921052631578947,0.2236842105263158,0.4473684210526316,0.7111865455081573,0.1739614884876648,0.24,0.2920353982300885,0.2037037037037037,0.2021472008146798,0.0524177163754571,0.3596021234989166,2332,129,80,33,0.0707964601769911,0.1504424778761062,0.2920353982300885
1,46,xgboost,random_over,ok,,22059,584,2951,76,2574,113,299,584,1.0,1.8013269000221044,0.7487551487414187,0.1828002060838075,0.2815533980582524,0.3815789473684211,0.2230769230769231,0.2674183485813944,0.0351304347826086,0.1246262788772583,2774,101,47,29,0.1447368421052631,0.25,0.4078947368421052,0.6999492975371548,0.1711048440157593,0.2027027027027027,0.2654867256637168,0.1639344262295081,0.1620888435634926,0.0621698496546119,0.1246262788772583,2308,153,83,30,0.1238938053097345,0.168141592920354,0.3539823008849557
1,46,xgboost,random_under_10to1,ok,,22059,584,2951,76,2574,113,299,-15635,1.0,1.335913100047037,0.7299862700228833,0.1524481370399519,0.2883720930232558,0.4078947368421052,0.2230215827338129,0.2768847227289938,0.0375652173913043,0.2118001580238342,2767,108,45,31,0.0789473684210526,0.2105263157894736,0.4342105263157895,0.7019522246155062,0.1711096788488274,0.2368421052631578,0.3185840707964602,0.1884816753926701,0.1997927826486575,0.0629825274278748,0.2118001580238342,2306,155,77,36,0.079646017699115,0.2389380530973451,0.3628318584070796
1,46,xgboost,smote,ok,,22059,584,2951,76,2574,113,299,584,1.0,2.244711400009692,0.756187643020595,0.1485346652729894,0.2698412698412698,0.4473684210526316,0.1931818181818181,0.2661926098857241,0.049391304347826,0.0560516826808452,2733,142,42,34,0.0789473684210526,0.2368421052631578,0.4473684210526316,0.7116755905398553,0.1808632091437101,0.2433234421364985,0.3628318584070796,0.1830357142857142,0.2096720378405372,0.0743600162535554,0.0560516826808452,2278,183,72,41,0.0973451327433628,0.1504424778761062,0.3628318584070796
1,46,xgboost,unweighted,ok,,22059,584,2951,76,2574,113,299,0,1.0,1.6726154999341816,0.7302151029748284,0.1566715038759357,0.2794759825327511,0.4210526315789473,0.2091503267973856,0.2707422448613659,0.0420869565217391,0.0814703404903411,2754,121,44,32,0.1578947368421052,0.25,0.4210526315789473,0.6763420869996728,0.1484770823094448,0.2470588235294117,0.3716814159292035,0.185022026431718,0.214221486210185,0.0751726940268183,0.0814703404903411,2276,185,71,42,0.1327433628318584,0.2212389380530973,0.3716814159292035
2,42,xgboost,adasyn,ok,,62068,1766,11954,188,6891,115,355,1585,1.0,5.558821500046179,0.7326311658909009,0.041609862308859,0.1292217327459618,0.2340425531914893,0.0892494929006085,0.122561088116024,0.0381608023117457,0.1118156686425209,11317,449,144,44,0.0319148936170212,0.0585106382978723,0.2340425531914893,0.664709845490478,0.0319840550293798,0.0319488817891373,0.0434782608695652,0.0252525252525252,0.0114987356599259,0.028482880755608,0.1118156686425209,6583,193,110,5,0.008695652173913,0.0347826086956521,0.0434782608695652
2,42,xgboost,borderline_smote,ok,,62068,1766,11954,188,6891,115,355,1766,1.0,4.959676299942657,0.7224087797150823,0.0390385652615775,0.0754971351533535,0.5957446808510638,0.0403022670025188,0.1087076760934689,0.2266700662927078,0.0289394427090883,9099,2667,76,112,0.0212765957446808,0.0425531914893617,0.2127659574468085,0.6728094040347005,0.0316895773252787,0.0629183400267737,0.408695652173913,0.0340826686004351,0.0679171538837035,0.1965761511216056,0.0289394427090883,5444,1332,68,47,0.0,0.0260869565217391,0.1391304347826087
2,42,xgboost,class_weighted,ok,,62068,1766,11954,188,6891,115,355,0,34.14609286523216,3.80239690002054,0.6486906918962319,0.0264263279500076,0.0464568254502609,0.7340425531914894,0.023987484790544,0.0639505400283064,0.4772225055243923,0.1301155388355255,6151,5615,50,138,0.0159574468085106,0.0478723404255319,0.0904255319148936,0.6042778861454752,0.0261885541912888,0.0456482045039561,0.6521739130434783,0.0236518448438978,0.0501874684724248,0.4569067296340023,0.1301155388355255,3680,3096,40,75,0.008695652173913,0.0347826086956521,0.0608695652173913
2,42,xgboost,random_over,ok,,62068,1766,11954,188,6891,115,355,1766,1.0,3.934085699962452,0.6918835736579615,0.0316522699785705,0.0824742268041237,0.2978723404255319,0.0478632478632478,0.0850782788277173,0.0946795852456229,0.1963838636875152,10652,1114,132,56,0.026595744680851,0.0585106382978723,0.0904255319148936,0.6639706637236281,0.0282989556988377,0.0609756097560975,0.1739130434782608,0.0369685767097966,0.0462093014918025,0.0768890200708382,0.1963838636875152,6255,521,95,20,0.008695652173913,0.0260869565217391,0.0347826086956521
2,42,xgboost,random_under_10to1,ok,,62068,1766,11954,188,6891,115,355,-42642,1.0,2.0019545999821275,0.6738336841458078,0.0315809385198913,0.074268239405854,0.4521276595744681,0.0404569252736792,0.0917851270602849,0.1713411524732279,0.1589863449335098,9750,2016,103,85,0.0159574468085106,0.0319148936170212,0.1329787234042553,0.620458395359581,0.0265406903788012,0.0664916885389326,0.3304347826086956,0.036964980544747,0.0662791951755616,0.1461038961038961,0.1589863449335098,5786,990,77,38,0.0,0.017391304347826,0.0608695652173913
2,42,xgboost,smote,ok,,62068,1766,11954,188,6891,115,355,1766,1.0,4.668305899947882,0.734520625603524,0.0418127610557675,0.1168289290681502,0.2234042553191489,0.0790960451977401,0.1098132033297611,0.0415604283528811,0.0971274152398109,11277,489,146,42,0.026595744680851,0.0531914893617021,0.2340425531914893,0.6898311174991018,0.0334725537293282,0.0659340659340659,0.1043478260869565,0.0481927710843373,0.0476175681453679,0.0349763872491145,0.0971274152398109,6539,237,103,12,0.017391304347826,0.0347826086956521,0.1130434782608695
2,42,xgboost,unweighted,ok,,62068,1766,11954,188,6891,115,355,0,1.0,3.9157342000398794,0.6826180104231088,0.0373176773938844,0.1036269430051813,0.2127659574468085,0.0684931506849315,0.096117373238201,0.0462349141594424,0.2133993655443191,11222,544,148,40,0.0106382978723404,0.0638297872340425,0.2127659574468085,0.6237667470869052,0.025891874499877,0.0526315789473684,0.0869565217391304,0.0377358490566037,0.032858112621337,0.0376328217237308,0.2133993655443191,6521,255,105,10,0.0,0.008695652173913,0.0869565217391304
2,43,xgboost,adasyn,ok,,62068,1766,11954,188,6891,115,355,1585,1.0,4.981331600109115,0.7253735067865938,0.0389123011100767,0.0909090909090909,0.3138297872340425,0.0531531531531531,0.0962414974933432,0.0893251742308346,0.0497062057256698,10715,1051,129,59,0.0372340425531914,0.0638297872340425,0.1968085106382978,0.6393524459729993,0.029789280177266,0.0620384047267356,0.1826086956521739,0.0373665480427046,0.0481014494485744,0.079840613931523,0.0497062057256698,6235,541,94,21,0.008695652173913,0.0434782608695652,0.1217391304347826
2,43,xgboost,borderline_smote,ok,,62068,1766,11954,188,6891,115,355,1766,1.0,4.60210940008983,0.7305780539672551,0.039468879468433,0.0793716411740388,0.5106382978723404,0.0430300313760645,0.1051189847490858,0.181455039945606,0.0282619018107652,9631,2135,92,96,0.026595744680851,0.0478723404255319,0.2234042553191489,0.6742929007751142,0.0374129965807276,0.0789252728799328,0.408695652173913,0.0436802973977695,0.0906380955016035,0.1518595041322314,0.0282619018107652,5747,1029,68,47,0.017391304347826,0.0434782608695652,0.1043478260869565
2,43,xgboost,class_weighted,ok,,62068,1766,11954,188,6891,115,355,0,34.14609286523216,3.948039999930188,0.6287854745552456,0.0238013579869802,0.054620276842499,0.3882978723404255,0.0293762575452716,0.0562006782468962,0.2049974502804691,0.2996506690979004,9354,2412,115,73,0.0106382978723404,0.0425531914893617,0.0957446808510638,0.5625891894666598,0.0207944676318391,0.0377867746288798,0.2434782608695652,0.0204828090709583,0.0147348015145883,0.1976092089728453,0.2996506690979004,5437,1339,87,28,0.0,0.0347826086956521,0.0608695652173913
2,43,xgboost,random_over,ok,,62068,1766,11954,188,6891,115,355,1766,1.0,4.523260400164872,0.6916215944969457,0.0376924422193079,0.1051344743276283,0.2287234042553191,0.0682539682539682,0.09958019448214,0.0498895121536631,0.3251602053642273,11179,587,145,43,0.026595744680851,0.0478723404255319,0.2287234042553191,0.6547353831938812,0.027906221543187,0.0490196078431372,0.0869565217391304,0.0341296928327645,0.028691424305016,0.0417650531286894,0.3251602053642273,6493,283,105,10,0.008695652173913,0.0260869565217391,0.0869565217391304
2,43,xgboost,random_under_10to1,ok,,62068,1766,11954,188,6891,115,355,-42642,1.0,2.1339992000721395,0.6497460678261562,0.0297121359378603,0.0800956365809922,0.3563829787234042,0.0451178451178451,0.0889699395871057,0.1205167431582525,0.2544118463993072,10348,1418,121,67,0.0159574468085106,0.0425531914893617,0.0957446808510638,0.5935899081155998,0.0242014962288808,0.0679738562091503,0.2260869565217391,0.04,0.0587283316559978,0.0920897284533648,0.2544118463993072,6152,624,89,26,0.0,0.0,0.0434782608695652
2,43,xgboost,smote,ok,,62068,1766,11954,188,6891,115,355,1766,1.0,4.126865099882707,0.7359283962806644,0.0399928967679269,0.0887459807073954,0.3670212765957447,0.0504754937820043,0.1003585258181502,0.1103178650348461,0.0428469069302082,10468,1298,119,69,0.0212765957446808,0.0744680851063829,0.2127659574468085,0.6525306709101176,0.0299910635199036,0.0644329896907216,0.217391304347826,0.037821482602118,0.0537360185771032,0.0938606847697756,0.0428469069302082,6140,636,90,25,0.017391304347826,0.0347826086956521,0.1304347826086956
2,43,xgboost,unweighted,ok,,62068,1766,11954,188,6891,115,355,0,1.0,3.9078810999635607,0.6696526414009352,0.0374154782316988,0.1144578313253012,0.202127659574468,0.0798319327731092,0.1049257389146307,0.0372259051504334,0.2583323717117309,11328,438,150,38,0.0212765957446808,0.0425531914893617,0.2287234042553191,0.6332233971562035,0.0292227166553737,0.0444444444444444,0.0608695652173913,0.035,0.0247139177006378,0.028482880755608,0.2583323717117309,6583,193,108,7,0.0,0.008695652173913,0.0956521739130434
2,44,xgboost,adasyn,ok,,62068,1766,11954,188,6891,115,355,1585,1.0,4.870525700040162,0.729873716550754,0.0393660150105224,0.1034807149576669,0.2925531914893617,0.0628571428571428,0.1064566600208011,0.0696923338432772,0.0527388267219066,10946,820,133,55,0.0212765957446808,0.0372340425531914,0.2074468085106383,0.6802403624043941,0.0308469166311257,0.0600706713780918,0.1478260869565217,0.0376940133037694,0.0433936945531576,0.0640495867768595,0.0527388267219066,6342,434,98,17,0.008695652173913,0.017391304347826,0.1130434782608695
2,44,xgboost,borderline_smote,ok,,62068,1766,11954,188,6891,115,355,1766,1.0,4.704176899977028,0.723614019479134,0.0410520895359637,0.097879282218597,0.3191489361702128,0.0578034682080924,0.1042861366429352,0.0831208567057623,0.0446745418012142,10788,978,128,60,0.0106382978723404,0.101063829787234,0.2287234042553191,0.716800985575689,0.0489153025250726,0.0914634146341463,0.2608695652173913,0.055452865064695,0.0883266610024185,0.0754132231404958,0.0446745418012142,6265,511,85,30,0.0521739130434782,0.1043478260869565,0.1652173913043478
2,44,xgboost,class_weighted,ok,,62068,1766,11954,188,6891,115,355,0,34.14609286523216,3.741569999838248,0.6178255232349973,0.0226377687848325,0.0419005887991236,0.8138297872340425,0.0215038650737877,0.0563021888759628,0.5917049124596294,0.1439993679523468,4804,6962,35,153,0.0159574468085106,0.026595744680851,0.1063829787234042,0.5960461475283609,0.0234715028877075,0.0410438307575373,0.7043478260869566,0.0211377870563674,0.0388746500644685,0.5535714285714286,0.1439993679523468,3025,3751,34,81,0.017391304347826,0.017391304347826,0.0347826086956521
2,44,xgboost,random_over,ok,,62068,1766,11954,188,6891,115,355,1766,1.0,3.770740499952808,0.637763968303912,0.0337968596205642,0.095049504950495,0.2553191489361702,0.0583941605839416,0.0931887384078731,0.0657827638959714,0.2227738201618194,10992,774,140,48,0.0212765957446808,0.0585106382978723,0.202127659574468,0.620035547456496,0.0277436194865107,0.0684410646387832,0.1565217391304348,0.0437956204379562,0.0532923018168194,0.0579988193624557,0.2227738201618194,6383,393,97,18,0.017391304347826,0.0434782608695652,0.1217391304347826
2,44,xgboost,random_under_10to1,ok,,62068,1766,11954,188,6891,115,355,-42642,1.0,2.029203600017354,0.6684772387803299,0.0333267900596481,0.0819964349376114,0.3670212765957447,0.0461538461538461,0.0924598159349599,0.1211966683664796,0.2732656002044678,10340,1426,119,69,0.0212765957446808,0.0425531914893617,0.1808510638297872,0.6019904009034444,0.0265426785723514,0.0614657210401891,0.2260869565217391,0.0355677154582763,0.0507692117136262,0.1040436835891381,0.2732656002044678,6071,705,89,26,0.0,0.008695652173913,0.1217391304347826
2,44,xgboost,smote,ok,,62068,1766,11954,188,6891,115,355,1766,1.0,4.268615700071678,0.7314112335940919,0.0445867806494775,0.1135265700483091,0.25,0.0734375,0.1103206959601631,0.0503994560598334,0.079542763531208,11173,593,141,47,0.026595744680851,0.0904255319148936,0.2393617021276596,0.6784167907191622,0.0349900294237537,0.0634920634920634,0.1217391304347826,0.0429447852760736,0.045674356443244,0.0460448642266824,0.079542763531208,6464,312,101,14,0.0,0.017391304347826,0.1217391304347826
2,44,xgboost,unweighted,ok,,62068,1766,11954,188,6891,115,355,0,1.0,3.937632000073791,0.6697722160136853,0.0358362964128723,0.1159420289855072,0.2127659574468085,0.0796812749003984,0.1076219830401248,0.0392656807751147,0.2439410537481308,11304,462,148,40,0.0159574468085106,0.0372340425531914,0.2234042553191489,0.6587585339561624,0.0291732652054705,0.0512820512820512,0.0782608695652174,0.0381355932203389,0.0315281417723272,0.0335005903187721,0.2439410537481308,6549,227,106,9,0.0,0.017391304347826,0.0869565217391304
2,45,xgboost,adasyn,ok,,62068,1766,11954,188,6891,115,355,1585,1.0,4.781367999967188,0.7176942850116274,0.0405489084915773,0.11378002528445,0.2393617021276596,0.0746268656716417,0.1091129123077039,0.0474247832738398,0.0852472335100174,11208,558,143,45,0.026595744680851,0.0691489361702127,0.2393617021276596,0.6124852420306967,0.0309852573240002,0.0750670241286863,0.1217391304347826,0.0542635658914728,0.0578498179893074,0.0360094451003541,0.0852472335100174,6532,244,101,14,0.017391304347826,0.0260869565217391,0.1217391304347826
2,45,xgboost,borderline_smote,ok,,62068,1766,11954,188,6891,115,355,1766,1.0,4.757096800021827,0.7134174017453825,0.0371803278508865,0.0706787963610916,0.5372340425531915,0.0378277153558052,0.0952610179560418,0.2183409824919258,0.0262273978441953,9197,2569,87,101,0.026595744680851,0.0478723404255319,0.1968085106382978,0.6837347928751091,0.0364700841008033,0.0765832106038291,0.4521739130434782,0.0418342719227675,0.0920875587826856,0.175767414403778,0.0262273978441953,5585,1191,63,52,0.017391304347826,0.017391304347826,0.1217391304347826
2,45,xgboost,class_weighted,ok,,62068,1766,11954,188,6891,115,355,0,34.14609286523216,3.7026253000367433,0.6476979287597513,0.0258583433677537,0.0472828763749794,0.7659574468085106,0.0243943757411485,0.0688070095287631,0.48946115927248,0.1317916065454483,6007,5759,44,144,0.0319148936170212,0.0372340425531914,0.101063829787234,0.6158770083671269,0.0233145363900836,0.0475617098133654,0.6869565217391305,0.0246336139694418,0.0578682073525116,0.4616292798110979,0.1317916065454483,3648,3128,36,79,0.008695652173913,0.017391304347826,0.0869565217391304
2,45,xgboost,random_over,ok,,62068,1766,11954,188,6891,115,355,1766,1.0,3.9421218000352383,0.6816345148842138,0.0348205454009555,0.0957642725598526,0.2765957446808511,0.0579064587973273,0.0966185558443699,0.0719020907700153,0.1400459259748459,10920,846,136,52,0.0106382978723404,0.0478723404255319,0.1914893617021276,0.624319850110364,0.0278746208921556,0.07168458781362,0.1739130434782608,0.0451467268623024,0.058229736017038,0.0624262101534828,0.1400459259748459,6353,423,95,20,0.0,0.008695652173913,0.0521739130434782
2,45,xgboost,random_under_10to1,ok,,62068,1766,11954,188,6891,115,355,-42642,1.0,1.9325862999539825,0.6665825801715003,0.0378095867233328,0.1039755351681957,0.2712765957446808,0.0643127364438839,0.1040912326924852,0.063063063063063,0.3469433784484863,11024,742,137,51,0.0212765957446808,0.0797872340425532,0.2234042553191489,0.6335005903187721,0.0296383265876859,0.0742268041237113,0.1565217391304348,0.0486486486486486,0.0594292265155395,0.0519480519480519,0.3469433784484863,6424,352,97,18,0.008695652173913,0.008695652173913,0.0956521739130434
2,45,xgboost,smote,ok,,62068,1766,11954,188,6891,115,355,1766,1.0,4.121019500074908,0.7297127768073172,0.0425562595412857,0.1144219308700834,0.2553191489361702,0.0737327188940092,0.1118883059403023,0.0512493625701172,0.0798028782010078,11163,603,140,48,0.0425531914893617,0.0744680851063829,0.25,0.7189620656023819,0.042599366396847,0.0993788819875776,0.208695652173913,0.0652173913043478,0.0899803772396565,0.050767414403778,0.0798028782010078,6432,344,91,24,0.0347826086956521,0.0608695652173913,0.208695652173913
2,45,xgboost,unweighted,ok,,62068,1766,11954,188,6891,115,355,0,1.0,3.7858595000579953,0.6480417340262783,0.0314233833841575,0.092572658772874,0.2287234042553191,0.0580296896086369,0.0874050564654867,0.059323474417814,0.1630295366048813,11068,698,145,43,0.0159574468085106,0.0372340425531914,0.1914893617021276,0.6166585390893691,0.0278373114110257,0.0677966101694915,0.1391304347826087,0.0448179271708683,0.0513278506248861,0.0503246753246753,0.1630295366048813,6435,341,99,16,0.0,0.0,0.0695652173913043
2,46,xgboost,adasyn,ok,,62068,1766,11954,188,6891,115,355,1585,1.0,4.9227625001221895,0.7271015746778492,0.0452816626292507,0.1192758253461128,0.2978723404255319,0.0745672436750998,0.1224468204824809,0.0590685024647288,0.073934406042099,11071,695,132,56,0.0372340425531914,0.0797872340425532,0.2393617021276596,0.6474982033776502,0.0309004477326963,0.0657894736842105,0.1304347826086956,0.0439882697947214,0.048625401730874,0.0481109799291617,0.073934406042099,6450,326,100,15,0.008695652173913,0.0347826086956521,0.1217391304347826
2,46,xgboost,borderline_smote,ok,,62068,1766,11954,188,6891,115,355,1766,1.0,5.062801299849525,0.736584135319583,0.0412548457157135,0.1105169340463458,0.3297872340425531,0.0663811563169164,0.1185272019356728,0.0741118476967533,0.0474121421575546,10894,872,126,62,0.026595744680851,0.0691489361702127,0.25,0.7171564601406499,0.038240934239623,0.0803059273422562,0.1826086956521739,0.0514705882352941,0.0681153787800863,0.0571133412042502,0.0474121421575546,6389,387,94,21,0.008695652173913,0.0434782608695652,0.1217391304347826
2,46,xgboost,class_weighted,ok,,62068,1766,11954,188,6891,115,355,0,34.14609286523216,3.83659840002656,0.6285849779928463,0.0236008900350144,0.0438468284127448,0.7978723404255319,0.0225428313796212,0.0613825859006716,0.5527791942886282,0.1316579133272171,5262,6504,38,150,0.0159574468085106,0.0478723404255319,0.0744680851063829,0.6028117139777219,0.0230917887047234,0.042316847394869,0.6956521739130435,0.0218221494817239,0.0427277261619163,0.5292207792207793,0.1316579133272171,3190,3586,35,80,0.0260869565217391,0.0260869565217391,0.0347826086956521
2,46,xgboost,random_over,ok,,62068,1766,11954,188,6891,115,355,1766,1.0,3.877364499960095,0.6620394230038951,0.031513184169052,0.0791717417783191,0.3457446808510638,0.0447042640990371,0.086669349533717,0.1180520142784293,0.1411433666944503,10377,1389,123,65,0.0212765957446808,0.0319148936170212,0.1595744680851064,0.6154214362712387,0.0258467805589626,0.0627261761158021,0.2260869565217391,0.0364145658263305,0.0523538787964723,0.101534828807556,0.1411433666944503,6088,688,89,26,0.008695652173913,0.008695652173913,0.1130434782608695
2,46,xgboost,random_under_10to1,ok,,62068,1766,11954,188,6891,115,355,-42642,1.0,2.305404699873179,0.6305438316678782,0.0244669889298927,0.0528859823713392,0.4946808510638298,0.027936317212376,0.0609663631008484,0.2750297467278599,0.1449093222618103,8530,3236,95,93,0.0212765957446808,0.0531914893617021,0.0904255319148936,0.5920537960063652,0.0242442562679461,0.0419325432999088,0.4,0.0221260221260221,0.0279008452175752,0.3000295159386068,0.1449093222618103,4743,2033,69,46,0.0,0.008695652173913,0.0521739130434782
2,46,xgboost,smote,ok,,62068,1766,11954,188,6891,115,355,1766,1.0,4.53211300005205,0.7228628919967739,0.0399300436685717,0.1022421524663677,0.3031914893617021,0.0614886731391585,0.106643262390682,0.0739418663946965,0.060723952949047,10896,870,131,57,0.0212765957446808,0.0691489361702127,0.2180851063829787,0.6525082131307428,0.0321564947977371,0.0734557595993322,0.1913043478260869,0.0454545454545454,0.0617196004360652,0.0681818181818181,0.060723952949047,6314,462,93,22,0.008695652173913,0.0782608695652174,0.1826086956521739
2,46,xgboost,unweighted,ok,,62068,1766,11954,188,6891,115,355,0,1.0,3.701473100110889,0.6937036394081757,0.035935803218045,0.0954095409540954,0.2819148936170212,0.0574214517876489,0.0969375562655567,0.0739418663946965,0.1133741289377212,10896,870,135,53,0.0106382978723404,0.0425531914893617,0.2127659574468085,0.6501655459165341,0.0305103569481309,0.0618181818181818,0.1478260869565217,0.0390804597701149,0.0453735626156077,0.0616883116883116,0.1133741289377212,6358,418,98,17,0.0,0.008695652173913,0.1130434782608695
3,42,xgboost,adasyn,ok,,19863,383,4639,91,3889,108,257,326,1.0,1.8109887999016792,0.8177559028482512,0.1519992412924921,0.2686567164179104,0.1978021978021978,0.4186046511627907,0.2782901827938963,0.0054969217238346,0.1653033941984176,4523,25,73,18,0.2087912087912088,0.2197802197802197,0.3406593406593406,0.7856313732404712,0.1284527211772149,0.0597014925373134,0.037037037037037,0.1538461538461538,0.0629474019923893,0.0058185665167944,0.1653033941984176,3759,22,104,4,0.074074074074074,0.1018518518518518,0.3148148148148148
3,42,xgboost,borderline_smote,ok,,19863,383,4639,91,3889,108,257,383,1.0,1.6807473001535982,0.8268747523364938,0.136096312900066,0.1769911504424778,0.1098901098901098,0.4545454545454545,0.2164927591776452,0.0026385224274406,0.496424913406372,4536,12,81,10,0.1428571428571428,0.2087912087912088,0.3736263736263736,0.8069097926278567,0.1546332100877557,0.0350877192982456,0.0185185185185185,0.3333333333333333,0.0730995987294196,0.0010579211848717,0.496424913406372,3777,4,106,2,0.074074074074074,0.1481481481481481,0.4074074074074074
3,42,xgboost,class_weighted,ok,,19863,383,4639,91,3889,108,257,0,50.86161879895561,1.512267400044948,0.761402186204297,0.1387517788449792,0.2533333333333333,0.2087912087912088,0.3220338983050847,0.2475105869657888,0.0087950747581354,0.5328843593597412,4508,40,72,19,0.2087912087912088,0.2637362637362637,0.3516483516483517,0.7407603318737939,0.1124746672058008,0.1203007518796992,0.074074074074074,0.32,0.1430533479807824,0.0044961650357048,0.5328843593597412,3764,17,100,8,0.074074074074074,0.1296296296296296,0.1759259259259259
3,42,xgboost,random_over,ok,,19863,383,4639,91,3889,108,257,383,1.0,1.887237299932167,0.8216291184628916,0.1383434199013669,0.2,0.1318681318681318,0.4137931034482758,0.2254410775724794,0.0037379067722075,0.2471306025981903,4531,17,79,12,0.1428571428571428,0.1758241758241758,0.3076923076923077,0.7906491521937171,0.1199515769460396,0.0504201680672268,0.0277777777777777,0.2727272727272727,0.0793970522817549,0.0021158423697434,0.2471306025981903,3773,8,105,3,0.0462962962962962,0.0833333333333333,0.1666666666666666
3,42,xgboost,random_under_10to1,ok,,19863,383,4639,91,3889,108,257,-15650,1.0,1.0820643999613822,0.8306609836952844,0.1532672789789323,0.2566844919786096,0.2637362637362637,0.25,0.2414957274924995,0.0158311345646438,0.254585713148117,4476,72,67,24,0.1868131868131868,0.2747252747252747,0.3956043956043956,0.8089521682486506,0.1485391753474841,0.1566265060240964,0.1203703703703703,0.2241379310344827,0.147044846113515,0.0119016133298069,0.254585713148117,3736,45,95,13,0.1111111111111111,0.1203703703703703,0.2962962962962963
3,42,xgboost,smote,ok,,19863,383,4639,91,3889,108,257,383,1.0,1.5826397999189794,0.8028453516580165,0.1552391147319458,0.2564102564102564,0.2197802197802197,0.3076923076923077,0.2476333548496166,0.0098944591029023,0.1227805390954017,4503,45,71,20,0.2197802197802197,0.2527472527472527,0.3186813186813186,0.7615930529842194,0.0984226268217105,0.0897435897435897,0.0648148148148148,0.1458333333333333,0.0803218857824011,0.0108436921449352,0.1227805390954017,3740,41,101,7,0.0648148148148148,0.0925925925925925,0.1944444444444444
3,42,xgboost,unweighted,ok,,19863,383,4639,91,3889,108,257,0,1.0,1.4676408998202533,0.8503798312505436,0.1687653820141889,0.2631578947368421,0.2197802197802197,0.3278688524590163,0.2565825741620401,0.0090149516270888,0.0984213724732399,4507,41,71,20,0.2197802197802197,0.2637362637362637,0.3846153846153846,0.8140458628424774,0.1714870332032783,0.1538461538461538,0.1111111111111111,0.25,0.1511898502562334,0.0095212906638455,0.0984213724732399,3745,36,96,12,0.1111111111111111,0.1944444444444444,0.4722222222222222
3,43,xgboost,adasyn,ok,,19863,383,4639,91,3889,108,257,326,1.0,1.6078201001510024,0.7940599418171976,0.1589279400995422,0.2556390977443609,0.1868131868131868,0.4047619047619047,0.2654640963084887,0.0054969217238346,0.174005925655365,4523,25,74,17,0.2087912087912088,0.2527472527472527,0.3846153846153846,0.8020169071478249,0.1393056972675468,0.0735294117647058,0.0462962962962962,0.1785714285714285,0.0781547661917926,0.0060830468130124,0.174005925655365,3758,23,103,5,0.0648148148148148,0.1574074074074074,0.2407407407407407
3,43,xgboost,borderline_smote,ok,,19863,383,4639,91,3889,108,257,383,1.0,1.9108177002053708,0.8157456000463915,0.1535343465046915,0.2657342657342657,0.2087912087912088,0.3653846153846153,0.2654703047452594,0.0072559366754617,0.1209760084748268,4515,33,72,19,0.2087912087912088,0.2197802197802197,0.3626373626373626,0.7865986854349722,0.1211450222686012,0.1103448275862069,0.074074074074074,0.2162162162162162,0.1124000249286037,0.00766992859032,0.1209760084748268,3752,29,100,8,0.074074074074074,0.1296296296296296,0.25
3,43,xgboost,class_weighted,ok,,19863,383,4639,91,3889,108,257,0,50.86161879895561,1.525526899844408,0.7481250060405735,0.1284316519030359,0.2358974358974359,0.2527472527472527,0.2211538461538461,0.2200784131913012,0.0178100263852242,0.4734399616718292,4467,81,68,23,0.1538461538461538,0.2527472527472527,0.3186813186813186,0.6931808163625144,0.0932314895093357,0.108695652173913,0.0925925925925925,0.131578947368421,0.0891924822037646,0.0174556995503834,0.4734399616718292,3715,66,98,10,0.0648148148148148,0.0925925925925925,0.2037037037037037
3,43,xgboost,random_over,ok,,19863,383,4639,91,3889,108,257,383,1.0,1.5131751000881195,0.8319584988450424,0.1421873572864042,0.2474226804123711,0.2637362637362637,0.233009708737864,0.2318763980872553,0.0173702726473175,0.1310574263334274,4469,79,67,24,0.1538461538461538,0.2747252747252747,0.3406593406593406,0.7758358067138813,0.1025807150804847,0.1204819277108433,0.0925925925925925,0.1724137931034483,0.1083124906712018,0.0126950542184607,0.1310574263334274,3733,48,98,10,0.074074074074074,0.0925925925925925,0.1666666666666666
3,43,xgboost,random_under_10to1,ok,,19863,383,4639,91,3889,108,257,-15650,1.0,0.9812539999838918,0.8187393081852186,0.1547195263576251,0.2096774193548387,0.1428571428571428,0.3939393939393939,0.2284731014950958,0.0043975373790677,0.495405375957489,4528,20,78,13,0.1428571428571428,0.2307692307692307,0.3956043956043956,0.8080313849951513,0.1489998675300375,0.081967213114754,0.0462962962962962,0.3571428571428571,0.1204863535200881,0.0023803226659613,0.495405375957489,3772,9,103,5,0.0462962962962962,0.0925925925925925,0.3148148148148148
3,43,xgboost,smote,ok,,19863,383,4639,91,3889,108,257,383,1.0,1.5576835002284497,0.7932794997438797,0.1254127265833705,0.1896551724137931,0.1208791208791208,0.44,0.2231364551512622,0.0030782761653474,0.2551576793193817,4534,14,80,11,0.1428571428571428,0.2087912087912088,0.2967032967032967,0.7071492942294318,0.0801365648513823,0.05,0.0277777777777777,0.25,0.0752431371145853,0.0023803226659613,0.2551576793193817,3772,9,105,3,0.0648148148148148,0.0833333333333333,0.1203703703703703
3,43,xgboost,unweighted,ok,,19863,383,4639,91,3889,108,257,0,1.0,1.484846199862659,0.8331158726937091,0.1450587158203101,0.2208588957055214,0.1978021978021978,0.25,0.20859118243247,0.0118733509234828,0.0994104370474815,4494,54,73,18,0.1538461538461538,0.2417582417582417,0.3406593406593406,0.7964505764690901,0.1207144316000294,0.1392405063291139,0.1018518518518518,0.22,0.1335114165801031,0.0103147315524993,0.0994104370474815,3742,39,97,11,0.074074074074074,0.1203703703703703,0.1759259259259259
3,44,xgboost,adasyn,ok,,19863,383,4639,91,3889,108,257,326,1.0,1.93226860021241,0.7793958460185373,0.1421798446609343,0.21875,0.1538461538461538,0.3783783783783784,0.2319677118630418,0.0050571679859278,0.2054552882909774,4525,23,77,14,0.1978021978021978,0.2417582417582417,0.3186813186813186,0.7351915523034276,0.1046857791494976,0.064,0.037037037037037,0.2352941176470588,0.0836848341835665,0.0034382438508331,0.2054552882909774,3768,13,104,4,0.1018518518518518,0.1111111111111111,0.1481481481481481
3,44,xgboost,borderline_smote,ok,,19863,383,4639,91,3889,108,257,383,1.0,1.7535266000777483,0.8129717687765181,0.1389333327317482,0.1967213114754098,0.1318681318681318,0.3870967741935484,0.2173463404399279,0.0041776605101143,0.2634885311126709,4529,19,79,12,0.1428571428571428,0.1648351648351648,0.3516483516483517,0.7969134169874715,0.1476844492049054,0.078125,0.0462962962962962,0.25,0.0972388479321117,0.0039672044432689,0.2634885311126709,3766,15,103,5,0.0648148148148148,0.1388888888888889,0.2592592592592592
3,44,xgboost,class_weighted,ok,,19863,383,4639,91,3889,108,257,0,50.86161879895561,1.5560703000519425,0.7597168662472091,0.1220223753035462,0.1875,0.1318681318681318,0.3243243243243243,0.1970175432882793,0.0054969217238346,0.6139661073684692,4523,25,79,12,0.1318681318681318,0.2197802197802197,0.3296703296703296,0.7488024919921245,0.1136844225716721,0.08,0.0462962962962962,0.2941176470588235,0.1074057029984273,0.0031737635546151,0.6139661073684692,3769,12,103,5,0.0462962962962962,0.1666666666666666,0.1944444444444444
3,44,xgboost,random_over,ok,,19863,383,4639,91,3889,108,257,383,1.0,1.5033786001149565,0.8309847584253918,0.1464814190259497,0.1865079365079365,0.5164835164835165,0.1138014527845036,0.2123176946859095,0.0804749340369393,0.0380331650376319,4182,366,44,47,0.1538461538461538,0.2197802197802197,0.3626373626373626,0.8043237630648369,0.1325559088989863,0.1995661605206073,0.4259259259259259,0.1303116147308781,0.1971748019707602,0.081195450938905,0.0380331650376319,3474,307,62,46,0.0925925925925925,0.1481481481481481,0.3055555555555556
3,44,xgboost,random_under_10to1,ok,,19863,383,4639,91,3889,108,257,-15650,1.0,0.9415180999785662,0.8394125663254951,0.1320914379129241,0.2137404580152671,0.1538461538461538,0.35,0.2221827594315582,0.005716798592788,0.4841494560241699,4522,26,77,14,0.1538461538461538,0.2307692307692307,0.3406593406593406,0.8133626220772479,0.1425625613220511,0.09375,0.0555555555555555,0.3,0.1191168855142918,0.003702724147051,0.4841494560241699,3767,14,102,6,0.0555555555555555,0.1388888888888889,0.3333333333333333
3,44,xgboost,smote,ok,,19863,383,4639,91,3889,108,257,383,1.0,1.5860820000525564,0.814680042912233,0.1327115975109358,0.2335766423357664,0.1758241758241758,0.3478260869565217,0.2368512456902738,0.0065963060686015,0.1295402944087982,4518,30,75,16,0.1978021978021978,0.2197802197802197,0.3186813186813186,0.7357498995954431,0.0893847656231748,0.0597014925373134,0.037037037037037,0.1538461538461538,0.0629474019923893,0.0058185665167944,0.1295402944087982,3759,22,104,4,0.0555555555555555,0.074074074074074,0.1666666666666666
3,44,xgboost,unweighted,ok,,19863,383,4639,91,3889,108,257,0,1.0,1.4887733000796288,0.8428460282022288,0.1427774671724679,0.2222222222222222,0.2857142857142857,0.1818181818181818,0.2085951532670227,0.0257255936675461,0.0483690276741981,4431,117,65,26,0.1428571428571428,0.2087912087912088,0.3626373626373626,0.8028127969281104,0.1258936155712079,0.1327433628318584,0.1388888888888889,0.1271186440677966,0.1069534090519826,0.0272414705104469,0.0483690276741981,3678,103,93,15,0.0925925925925925,0.1203703703703703,0.2222222222222222
3,45,xgboost,adasyn,ok,,19863,383,4639,91,3889,108,257,326,1.0,1.642992899985984,0.8031884562227569,0.1418255653909151,0.1904761904761904,0.1318681318681318,0.3428571428571428,0.2032291721725241,0.0050571679859278,0.1917884051799774,4525,23,79,12,0.1648351648351648,0.2087912087912088,0.3296703296703296,0.7726449009178445,0.1184920523637517,0.08130081300813,0.0462962962962962,0.3333333333333333,0.1157147934247083,0.0026448029621793,0.1917884051799774,3771,10,103,5,0.0555555555555555,0.0833333333333333,0.1481481481481481
3,45,xgboost,borderline_smote,ok,,19863,383,4639,91,3889,108,257,383,1.0,1.9760168001521377,0.8330675481071259,0.1426001451021792,0.2208588957055214,0.1978021978021978,0.25,0.20859118243247,0.0118733509234828,0.1735581457614898,4494,54,73,18,0.1538461538461538,0.2307692307692307,0.3626373626373626,0.7976113511024909,0.1415896707459974,0.1021897810218978,0.0648148148148148,0.2413793103448276,0.1126800315494453,0.0058185665167944,0.1735581457614898,3759,22,101,7,0.0462962962962962,0.0833333333333333,0.2592592592592592
3,45,xgboost,class_weighted,ok,,19863,383,4639,91,3889,108,257,0,50.86161879895561,1.719507200177759,0.779695458455353,0.1429621836500418,0.2554744525547445,0.3846153846153846,0.1912568306010929,0.2508223653631246,0.0325417766051011,0.3629886209964752,4400,148,56,35,0.1428571428571428,0.2527472527472527,0.3956043956043956,0.7935976177182208,0.1629665298658146,0.2196969696969697,0.2685185185185185,0.1858974358974359,0.1967258884312963,0.0335889976196773,0.3629886209964752,3654,127,79,29,0.0555555555555555,0.1481481481481481,0.2777777777777778
3,45,xgboost,random_over,ok,,19863,383,4639,91,3889,108,257,383,1.0,1.4937407998368144,0.82909526708999,0.1443944877242786,0.2526315789473684,0.2637362637362637,0.2424242424242424,0.2372541369521376,0.0164907651715039,0.0945580154657363,4473,75,67,24,0.1208791208791208,0.2747252747252747,0.3846153846153846,0.7863440007052809,0.102791914739166,0.1393034825870646,0.1296296296296296,0.1505376344086021,0.1169452912730557,0.0208939434012166,0.0945580154657363,3702,79,94,14,0.0648148148148148,0.1388888888888889,0.2129629629629629
3,45,xgboost,random_under_10to1,ok,,19863,383,4639,91,3889,108,257,-15650,1.0,1.0343343999702483,0.8321445485033876,0.1643049404950999,0.224,0.1538461538461538,0.4117647058823529,0.2429788919662091,0.0043975373790677,0.4763925671577453,4528,20,77,14,0.1538461538461538,0.2527472527472527,0.3956043956043956,0.8104851744100621,0.1563132792375121,0.1353383458646616,0.0833333333333333,0.36,0.1626343162440959,0.0042316847394869,0.4763925671577453,3765,16,99,9,0.0833333333333333,0.1851851851851851,0.2685185185185185
3,45,xgboost,smote,ok,,19863,383,4639,91,3889,108,257,383,1.0,1.6912134001031518,0.8245455072631853,0.1585033492271343,0.2637362637362637,0.2637362637362637,0.2637362637362637,0.2490045135163868,0.0147317502198768,0.0757545977830886,4481,67,67,24,0.1648351648351648,0.2857142857142857,0.4285714285714285,0.8182897920401226,0.1582034373545346,0.1596244131455399,0.1574074074074074,0.1619047619047619,0.1359818980222077,0.0232742660671779,0.0757545977830886,3693,88,91,17,0.1203703703703703,0.2222222222222222,0.4074074074074074
3,45,xgboost,unweighted,ok,,19863,383,4639,91,3889,108,257,0,1.0,1.7831994001753628,0.8268747523364938,0.1449888285086435,0.2279411764705882,0.3406593406593406,0.1712707182320442,0.2203523978305402,0.0329815303430079,0.0500645376741886,4398,150,60,31,0.1318681318681318,0.2307692307692307,0.3846153846153846,0.798306836325879,0.133056777583219,0.1629629629629629,0.2037037037037037,0.1358024691358024,0.1370731163677418,0.0370272414705104,0.0500645376741886,3641,140,86,22,0.0833333333333333,0.1481481481481481,0.2592592592592592
3,46,xgboost,adasyn,ok,,19863,383,4639,91,3889,108,257,326,1.0,1.647968800039962,0.8073057109996424,0.1305397188226055,0.2097902097902098,0.1648351648351648,0.2884615384615384,0.2064111267806149,0.0081354441512752,0.1409550607204437,4511,37,76,15,0.1648351648351648,0.2087912087912088,0.3846153846153846,0.7561369224289086,0.1004653219565818,0.0945945945945946,0.0648148148148148,0.175,0.0913425655343671,0.0087278497751917,0.1409550607204437,3748,33,101,7,0.0648148148148148,0.0925925925925925,0.2314814814814814
3,46,xgboost,borderline_smote,ok,,19863,383,4639,91,3889,108,257,383,1.0,1.6520929001271725,0.8363681173707558,0.1373231710117291,0.1965811965811965,0.5054945054945055,0.1220159151193634,0.2196118343138941,0.0727792436235708,0.0239478889852762,4217,331,45,46,0.1538461538461538,0.1868131868131868,0.3626373626373626,0.8070763172588086,0.1341602422255915,0.2121212121212121,0.324074074074074,0.1576576576576576,0.1944954833068304,0.0494578153927532,0.0239478889852762,3594,187,73,35,0.0555555555555555,0.1203703703703703,0.2129629629629629
3,46,xgboost,class_weighted,ok,,19863,383,4639,91,3889,108,257,0,50.86161879895561,1.4987892000935972,0.7865768795847953,0.1460905222362154,0.2485207100591716,0.2307692307692307,0.2692307692307692,0.2353859169733658,0.012532981530343,0.4736920595169067,4491,57,70,21,0.1978021978021978,0.2307692307692307,0.3516483516483517,0.6994597745060586,0.1004366797515403,0.1142857142857142,0.074074074074074,0.25,0.1231896840917425,0.0063475271092303,0.4736920595169067,3757,24,100,8,0.074074074074074,0.074074074074074,0.1481481481481481
3,46,xgboost,random_over,ok,,19863,383,4639,91,3889,108,257,383,1.0,1.5960974998306483,0.8049088115051175,0.1341487729329491,0.1801801801801801,0.1098901098901098,0.5,0.2279411478652422,0.0021987686895338,0.3536059558391571,4538,10,81,10,0.1428571428571428,0.1758241758241758,0.2857142857142857,0.6740868083105587,0.0690849896467416,0.0344827586206896,0.0185185185185185,0.25,0.0614040962705441,0.0015868817773075,0.3536059558391571,3775,6,106,2,0.037037037037037,0.0833333333333333,0.1296296296296296
3,46,xgboost,random_under_10to1,ok,,19863,383,4639,91,3889,108,257,-15650,1.0,0.9209541000891476,0.8236466699527385,0.1617409449183005,0.2615384615384615,0.1868131868131868,0.4358974358974359,0.2763971562933466,0.0048372911169744,0.5694016218185425,4526,22,74,17,0.2087912087912088,0.2747252747252747,0.4175824175824176,0.7533206970525139,0.1115439505763509,0.0625,0.037037037037037,0.2,0.0753608103499316,0.0042316847394869,0.5694016218185425,3765,16,104,4,0.0925925925925925,0.2222222222222222,0.3796296296296296
3,46,xgboost,smote,ok,,19863,383,4639,91,3889,108,257,383,1.0,1.699747199891135,0.8025795664318093,0.137488577857847,0.2368421052631578,0.1978021978021978,0.2950819672131147,0.2292914998280983,0.0094547053649956,0.120005302131176,4505,43,73,18,0.1978021978021978,0.2307692307692307,0.3406593406593406,0.7019111150293377,0.0884103821951528,0.1052631578947368,0.0648148148148148,0.28,0.1234723797174689,0.0047606453319227,0.120005302131176,3763,18,101,7,0.0648148148148148,0.1018518518518518,0.1203703703703703
3,46,xgboost,unweighted,ok,,19863,383,4639,91,3889,108,257,0,1.0,1.5598357999697328,0.8312239651289784,0.1289762768800168,0.203125,0.1428571428571428,0.3513513513513513,0.2144926275756605,0.0052770448548812,0.1529263406991958,4524,24,78,13,0.1428571428571428,0.1868131868131868,0.3296703296703296,0.7514595394124619,0.0893678557723891,0.0775193798449612,0.0462962962962962,0.238095238095238,0.0943146634059836,0.0042316847394869,0.1529263406991958,3765,16,103,5,0.0462962962962962,0.0833333333333333,0.1851851851851851
4,42,xgboost,adasyn,ok,,7220,169,1351,27,1328,51,200,146,1.0,1.0258053001016378,0.5374566409309611,0.0311029479296439,0.0625,0.037037037037037,0.2,0.0783971307365233,0.0030211480362537,0.0431177131831646,1320,4,26,1,0.037037037037037,0.074074074074074,0.074074074074074,0.6233052343881954,0.0743776290588207,0.0357142857142857,0.0196078431372549,0.2,0.0516956810303433,0.0031323414252153,0.0431177131831646,1273,4,50,1,0.0196078431372549,0.0196078431372549,0.0196078431372549
4,42,xgboost,borderline_smote,ok,,7220,169,1351,27,1328,51,200,169,1.0,1.065404900116846,0.5264350453172205,0.0232150846685929,0.0450751252086811,1.0,0.0230572160546541,0.0559880954777431,0.8640483383685801,0.0007323969039134,180,1144,0,27,0.0,0.0,0.074074074074074,0.6423296021619297,0.058965896979551,0.0770440251572327,0.9607843137254902,0.0401310401310401,0.0303656688337781,0.9177760375880972,0.0007323969039134,105,1172,2,49,0.0,0.0,0.0196078431372549
4,42,xgboost,class_weighted,ok,,7220,169,1351,27,1328,51,200,0,41.72189349112426,1.0725598998833448,0.5154693968893365,0.0218083277243317,0.0467836257309941,0.8888888888888888,0.024024024024024,0.0486179039778824,0.736404833836858,0.0035881584044545,349,975,3,24,0.0,0.0,0.074074074074074,0.5128287806900365,0.0489114905194264,0.0775681341719077,0.7254901960784313,0.0409745293466223,0.0195008996678675,0.6781519185591229,0.0035881584044545,411,866,14,37,0.0,0.0,0.1176470588235294
4,42,xgboost,random_over,ok,,7220,169,1351,27,1328,51,200,169,1.0,0.92008089995943,0.5844802506433926,0.0388943610578348,0.0666666666666666,0.037037037037037,0.3333333333333333,0.10562635004787,0.0015105740181268,0.0578313283622264,1322,2,26,1,0.037037037037037,0.074074074074074,0.074074074074074,0.6622752468254334,0.0675610716139147,0.0,0.0,0.0,0.0,0.0,0.0578313283622264,1277,0,51,0,0.0,0.0196078431372549,0.0196078431372549
4,42,xgboost,random_under_10to1,ok,,7220,169,1351,27,1328,51,200,-5361,1.0,0.7008043001405895,0.6128175002797359,0.0535803355333096,0.1176470588235294,0.074074074074074,0.2857142857142857,0.1370307262948772,0.0037764350453172,0.183081179857254,1319,5,25,2,0.074074074074074,0.074074074074074,0.074074074074074,0.6220768652018364,0.0627959217221972,0.0,0.0,0.0,-0.0077612714873463,0.0015661707126076,0.183081179857254,1275,2,51,0,0.0,0.0,0.0
4,42,xgboost,smote,ok,,7220,169,1351,27,1328,51,200,169,1.0,0.9675154001452028,0.5649826563723844,0.0258318097056042,0.0485175202156334,1.0,0.0248618784530386,0.0705416987417444,0.7998489425981873,0.0010608151787891,265,1059,0,27,0.0,0.037037037037037,0.074074074074074,0.6102231025534725,0.0545651967583463,0.0832625318606627,0.9607843137254902,0.0435168738898756,0.0628215831906895,0.8433829287392326,0.0010608151787891,200,1077,2,49,0.0,0.0,0.0196078431372549
4,42,xgboost,unweighted,ok,,7220,169,1351,27,1328,51,200,0,1.0,0.9986495999619364,0.581263287456641,0.026186213162923,0.0482573726541554,1.0,0.0247252747252747,0.0695466879731946,0.804380664652568,0.0007236569654196,259,1065,0,27,0.0,0.037037037037037,0.074074074074074,0.5945613954273956,0.0501457829804465,0.0821692686935086,0.9803921568627452,0.0428816466552315,0.0625167680636231,0.8739232576350823,0.0007236569654196,161,1116,1,50,0.0,0.0196078431372549,0.0196078431372549
4,43,xgboost,adasyn,ok,,7220,169,1351,27,1328,51,200,146,1.0,1.1287966999225318,0.5809835515273583,0.0395526147991644,0.1081081081081081,0.074074074074074,0.2,0.1110767865288632,0.0060422960725075,0.0327524207532405,1316,8,25,2,0.074074074074074,0.074074074074074,0.074074074074074,0.6169791330784468,0.0740665914449245,0.0377358490566037,0.0196078431372549,0.5,0.0932874396420255,0.0007830853563038,0.0327524207532405,1276,1,50,1,0.0196078431372549,0.0196078431372549,0.0196078431372549
4,43,xgboost,borderline_smote,ok,,7220,169,1351,27,1328,51,200,169,1.0,0.9796654998790472,0.5909701242027526,0.029233691485463,0.0472727272727272,0.9629629629629628,0.0242311276794035,0.0596046200204935,0.790785498489426,0.0009730977471917,277,1047,1,26,0.037037037037037,0.037037037037037,0.074074074074074,0.6708277672854577,0.0656344578056776,0.0805369127516778,0.9411764705882352,0.0420683610867659,0.0471067900233672,0.855912294440094,0.0009730977471917,184,1093,3,48,0.0,0.0,0.0392156862745098
4,43,xgboost,class_weighted,ok,,7220,169,1351,27,1328,51,200,0,41.72189349112426,0.954395900014788,0.5265469396889336,0.025250769546239,0.072289156626506,0.1111111111111111,0.0535714285714285,0.0499056702525412,0.0400302114803625,0.0346923172473907,1271,53,24,3,0.0,0.037037037037037,0.1111111111111111,0.5336342837839911,0.0418793020732841,0.0153846153846153,0.0196078431372549,0.0126582278481012,-0.0336937448408868,0.0610806577916992,0.0346923172473907,1199,78,50,1,0.0,0.0,0.0196078431372549
4,43,xgboost,random_over,ok,,7220,169,1351,27,1328,51,200,169,1.0,0.8850048000458628,0.6148875461564283,0.0314104274084332,0.0661764705882353,0.6666666666666666,0.034816247582205,0.0834379569685341,0.3768882175226586,0.0025640372186899,825,499,9,18,0.037037037037037,0.074074074074074,0.074074074074074,0.6123113301702826,0.1173890946082066,0.1157024793388429,0.5490196078431373,0.0646651270207852,0.0950538484914306,0.317149569303054,0.0025640372186899,872,405,23,28,0.0,0.0196078431372549,0.0196078431372549
4,43,xgboost,random_under_10to1,ok,,7220,169,1351,27,1328,51,200,-5361,1.0,0.7588621000759304,0.5049513259483048,0.0412992701942276,0.0689655172413793,0.037037037037037,0.5,0.1320666399981499,0.0007552870090634,0.2292337119579315,1323,1,26,1,0.037037037037037,0.074074074074074,0.074074074074074,0.644294992860104,0.0849062469247217,0.0384615384615384,0.0196078431372549,1.0,0.1373646231869637,0.0,0.2292337119579315,1277,0,50,1,0.0196078431372549,0.0196078431372549,0.0196078431372549
4,43,xgboost,smote,ok,,7220,169,1351,27,1328,51,200,169,1.0,0.9800084999296814,0.5898511804856216,0.0325133981924785,0.1025641025641025,0.074074074074074,0.1666666666666666,0.09922133455466,0.0075528700906344,0.0260885544121265,1314,10,25,2,0.074074074074074,0.074074074074074,0.074074074074074,0.6642252829087782,0.0826508758193076,0.0357142857142857,0.0196078431372549,0.2,0.0516956810303433,0.0031323414252153,0.0260885544121265,1273,4,50,1,0.0196078431372549,0.0196078431372549,0.0196078431372549
4,43,xgboost,unweighted,ok,,7220,169,1351,27,1328,51,200,0,1.0,0.96637239982374,0.6448472641826115,0.0747894502660422,0.0714285714285714,0.037037037037037,1.0,0.1905878567447201,0.0,0.0557269714772701,1324,0,26,1,0.074074074074074,0.074074074074074,0.1481481481481481,0.6541526555806347,0.0674508166865673,0.0,0.0,0.0,-0.0054859794694871,0.0007830853563038,0.0557269714772701,1276,1,51,0,0.0,0.0,0.0196078431372549
4,44,xgboost,adasyn,ok,,7220,169,1351,27,1328,51,200,146,1.0,0.8142533998470753,0.5230502405728992,0.040545851577253,0.0689655172413793,0.037037037037037,0.5,0.1320666399981499,0.0007552870090634,0.0539230220019817,1323,1,26,1,0.037037037037037,0.074074074074074,0.074074074074074,0.543998648793895,0.0621263943363467,0.0384615384615384,0.0196078431372549,1.0,0.1373646231869637,0.0,0.0539230220019817,1277,0,50,1,0.0196078431372549,0.0196078431372549,0.0196078431372549
4,44,xgboost,borderline_smote,ok,,7220,169,1351,27,1328,51,200,169,1.0,1.1057355999946594,0.5404218417813584,0.0350778265776187,0.1025641025641025,0.074074074074074,0.1666666666666666,0.09922133455466,0.0075528700906344,0.0274871289730072,1314,10,25,2,0.074074074074074,0.074074074074074,0.074074074074074,0.5421868042440154,0.0620346815477836,0.0377358490566037,0.0196078431372549,0.5,0.0932874396420255,0.0007830853563038,0.0274871289730072,1276,1,50,1,0.0196078431372549,0.0196078431372549,0.0196078431372549
4,44,xgboost,class_weighted,ok,,7220,169,1351,27,1328,51,200,0,41.72189349112426,0.996005699969828,0.5599474096452948,0.0247677465678366,0.0516528925619834,0.925925925925926,0.026567481402763,0.0712539683967564,0.6918429003021148,0.0035384190268814,408,916,2,25,0.0,0.037037037037037,0.074074074074074,0.5581248944370231,0.0473110114652231,0.0800744878957169,0.8431372549019608,0.0420332355816226,0.0345912876920355,0.7674236491777604,0.0035384190268814,297,980,8,43,0.0,0.0,0.0196078431372549
4,44,xgboost,random_over,ok,,7220,169,1351,27,1328,51,200,169,1.0,0.940162800019607,0.6417421953675729,0.0430410155862378,0.1333333333333333,0.1111111111111111,0.1666666666666666,0.121794003784659,0.0113293051359516,0.0329242944717407,1309,15,24,3,0.074074074074074,0.1111111111111111,0.1111111111111111,0.6447863405346477,0.0833569109708654,0.037037037037037,0.0196078431372549,0.3333333333333333,0.0730278918008083,0.0015661707126076,0.0329242944717407,1275,2,50,1,0.0196078431372549,0.0196078431372549,0.0196078431372549
4,44,xgboost,random_under_10to1,ok,,7220,169,1351,27,1328,51,200,-5361,1.0,0.7672743999864906,0.5275539890343516,0.0450071783289388,0.0689655172413793,0.037037037037037,0.5,0.1320666399981499,0.0007552870090634,0.3395858407020569,1323,1,26,1,0.074074074074074,0.074074074074074,0.074074074074074,0.581202880525742,0.068760356629388,0.0,0.0,0.0,0.0,0.0,0.3395858407020569,1277,0,51,0,0.0196078431372549,0.0196078431372549,0.0196078431372549
4,44,xgboost,smote,ok,,7220,169,1351,27,1328,51,200,169,1.0,0.9991882001049815,0.5233859236880385,0.0215708057201187,0.0496780128794848,1.0,0.0254716981132075,0.0748223684532521,0.7802114803625377,0.00099676346872,291,1033,0,27,0.0,0.037037037037037,0.074074074074074,0.6068297326761558,0.0761245223793697,0.08424599831508,0.9803921568627452,0.0440140845070422,0.0710158579171049,0.8504306969459671,0.00099676346872,191,1086,1,50,0.0,0.0196078431372549,0.0392156862745098
4,44,xgboost,unweighted,ok,,7220,169,1351,27,1328,51,200,0,1.0,0.8731577999424189,0.6319234642497482,0.0294298968049378,0.0653789004457652,0.8148148148148148,0.0340557275541795,0.0962413429874447,0.4712990936555891,0.0016597495414316,700,624,5,22,0.0,0.037037037037037,0.074074074074074,0.6299537826093633,0.0672984551439504,0.102728731942215,0.6274509803921569,0.0559440559440559,0.079395369676648,0.422866092404072,0.0016597495414316,737,540,19,32,0.0,0.0,0.0
4,45,xgboost,adasyn,ok,,7220,169,1351,27,1328,51,200,146,1.0,1.0055498001165688,0.5513595166163142,0.0444797794847752,0.0689655172413793,0.037037037037037,0.5,0.1320666399981499,0.0007552870090634,0.0500855967402458,1323,1,26,1,0.074074074074074,0.074074074074074,0.074074074074074,0.5999355106177162,0.0736074377362094,0.0384615384615384,0.0196078431372549,1.0,0.1373646231869637,0.0,0.0500855967402458,1277,0,50,1,0.0196078431372549,0.0196078431372549,0.0196078431372549
4,45,xgboost,borderline_smote,ok,,7220,169,1351,27,1328,51,200,169,1.0,1.1151435999199748,0.5969844466823319,0.0316391225970733,0.0505836575875486,0.9629629629629628,0.0259740259740259,0.0723693152529985,0.736404833836858,0.0010419208556413,349,975,1,26,0.037037037037037,0.037037037037037,0.074074074074074,0.614814132387489,0.0595385883377023,0.0836363636363636,0.9019607843137256,0.0438512869399428,0.0549685360049265,0.7854346123727486,0.0010419208556413,274,1003,5,46,0.0196078431372549,0.0196078431372549,0.0196078431372549
4,45,xgboost,class_weighted,ok,,7220,169,1351,27,1328,51,200,0,41.72189349112426,0.9549291001167148,0.4845865502965201,0.027594865046055,0.1016949152542373,0.1111111111111111,0.09375,0.082097750533891,0.0219033232628398,0.0481370687484741,1295,29,24,3,0.0,0.074074074074074,0.1481481481481481,0.5621785127520076,0.0459286669530773,0.0266666666666666,0.0196078431372549,0.0416666666666666,0.002303606981479,0.0180109631949882,0.0481370687484741,1254,23,50,1,0.0,0.0196078431372549,0.0196078431372549
4,45,xgboost,random_over,ok,,7220,169,1351,27,1328,51,200,169,1.0,0.9091505999676884,0.5913058073178918,0.0346837390551244,0.1081081081081081,0.074074074074074,0.2,0.1110767865288632,0.0060422960725075,0.0439383536577224,1316,8,25,2,0.074074074074074,0.074074074074074,0.074074074074074,0.6473044973666835,0.1023441052811921,0.0384615384615384,0.0196078431372549,1.0,0.1373646231869637,0.0,0.0439383536577224,1277,0,50,1,0.0196078431372549,0.0196078431372549,0.0196078431372549
4,45,xgboost,random_under_10to1,ok,,7220,169,1351,27,1328,51,200,-5361,1.0,0.7741085002198815,0.5274700682555667,0.0332093065754132,0.1025641025641025,0.074074074074074,0.1666666666666666,0.09922133455466,0.0075528700906344,0.1713949888944625,1314,10,25,2,0.074074074074074,0.074074074074074,0.074074074074074,0.632026655611344,0.0596484839881301,0.0,0.0,0.0,-0.0077612714873463,0.0015661707126076,0.1713949888944625,1275,2,51,0,0.0,0.0,0.0
4,45,xgboost,smote,ok,,7220,169,1351,27,1328,51,200,169,1.0,0.9297839999198914,0.6244545149378986,0.032034715425094,0.0605226960110041,0.8148148148148148,0.0314285714285714,0.0847895129669839,0.5120845921450151,0.0021091527305543,646,678,5,22,0.037037037037037,0.037037037037037,0.074074074074074,0.5740476300152011,0.0709273677794438,0.0881542699724518,0.6274509803921569,0.0474074074074074,0.047636334212864,0.5035238841033672,0.0021091527305543,634,643,19,32,0.0196078431372549,0.0196078431372549,0.0392156862745098
4,45,xgboost,unweighted,ok,,7220,169,1351,27,1328,51,200,0,1.0,0.9658016997855156,0.6148315989705717,0.0418814266631595,0.1176470588235294,0.074074074074074,0.2857142857142857,0.1370307262948772,0.0037764350453172,0.0402383841574192,1319,5,25,2,0.074074074074074,0.074074074074074,0.1111111111111111,0.6276659449997697,0.0658310570270123,0.0,0.0,0.0,0.0,0.0,0.0402383841574192,1277,0,51,0,0.0,0.0,0.0196078431372549
4,46,xgboost,adasyn,ok,,7220,169,1351,27,1328,51,200,146,1.0,1.011960200034082,0.5463242698892246,0.035784971726231,0.1025641025641025,0.074074074074074,0.1666666666666666,0.09922133455466,0.0075528700906344,0.0322960801422596,1314,10,25,2,0.074074074074074,0.074074074074074,0.074074074074074,0.6658068082362154,0.087650094899497,0.037037037037037,0.0196078431372549,0.3333333333333333,0.0730278918008083,0.0015661707126076,0.0322960801422596,1275,2,50,1,0.0196078431372549,0.0196078431372549,0.0196078431372549
4,46,xgboost,borderline_smote,ok,,7220,169,1351,27,1328,51,200,169,1.0,1.0251593999564648,0.6381336018798254,0.0369307928266644,0.055260361317747,0.9629629629629628,0.0284463894967177,0.0874366425524821,0.6706948640483383,0.0011100305709987,436,888,1,26,0.074074074074074,0.074074074074074,0.074074074074074,0.629539208008967,0.0702970167900297,0.0892116182572614,0.8431372549019608,0.0470974808324205,0.0671029849742232,0.6812842599843383,0.0011100305709987,407,870,8,43,0.0196078431372549,0.0196078431372549,0.0196078431372549
4,46,xgboost,class_weighted,ok,,7220,169,1351,27,1328,51,200,0,41.72189349112426,0.9525715000927448,0.5999216739398008,0.0259933951082134,0.0553780617678381,0.9629629629629628,0.0285087719298245,0.087784221098859,0.6691842900302115,0.0040063508786261,438,886,1,26,0.0,0.037037037037037,0.037037037037037,0.543430528045204,0.0461018476165965,0.0846153846153846,0.6470588235294118,0.0452674897119341,0.0394037244367955,0.5450274079874706,0.0040063508786261,581,696,18,33,0.0,0.0196078431372549,0.0196078431372549
4,46,xgboost,random_over,ok,,7220,169,1351,27,1328,51,200,169,1.0,0.98536519985646,0.6380496811010405,0.035839936695308,0.0597402597402597,0.8518518518518519,0.0309555854643337,0.0866551007582197,0.5438066465256798,0.0019518064800649,604,720,4,23,0.037037037037037,0.074074074074074,0.1111111111111111,0.6541987194251232,0.0667450536626804,0.0942928039702233,0.7450980392156863,0.0503311258278145,0.0712465013148863,0.5614722004698512,0.0019518064800649,560,717,13,38,0.0196078431372549,0.0196078431372549,0.0196078431372549
4,46,xgboost,random_under_10to1,ok,,7220,169,1351,27,1328,51,200,-5361,1.0,0.8427610001526773,0.561290142105852,0.0327752015683455,0.1081081081081081,0.074074074074074,0.2,0.1110767865288632,0.0060422960725075,0.1716711968183517,1316,8,25,2,0.074074074074074,0.074074074074074,0.074074074074074,0.57347950926651,0.0528354611615595,0.0377358490566037,0.0196078431372549,0.5,0.0932874396420255,0.0007830853563038,0.1716711968183517,1276,1,50,1,0.0196078431372549,0.0196078431372549,0.0196078431372549
4,46,xgboost,smote,ok,,7220,169,1351,27,1328,51,200,169,1.0,1.1848913999274373,0.560982432583641,0.0311384916785093,0.1,0.074074074074074,0.1538461538461538,0.0942816168337249,0.0083081570996978,0.0269035939127206,1313,11,25,2,0.074074074074074,0.074074074074074,0.074074074074074,0.6249942420194389,0.0761103053746492,0.0377358490566037,0.0196078431372549,0.5,0.0932874396420255,0.0007830853563038,0.0269035939127206,1276,1,50,1,0.0196078431372549,0.0196078431372549,0.0196078431372549
4,46,xgboost,unweighted,ok,,7220,169,1351,27,1328,51,200,0,1.0,0.9583886000327766,0.6680653463130803,0.0493140988500908,0.1052631578947368,0.074074074074074,0.1818181818181818,0.1047708492727101,0.0067975830815709,0.038208033889532,1315,9,25,2,0.074074074074074,0.074074074074074,0.1111111111111111,0.6418536091022157,0.0660590776074211,0.0,0.0,0.0,-0.0077612714873463,0.0015661707126076,0.038208033889532,1275,2,51,0,0.0,0.0,0.0196078431372549
5,42,xgboost,adasyn,ok,,23007,730,2438,63,2776,91,157,642,1.0,1.519338099984452,0.6637426900584795,0.1359870110721431,0.1194029850746268,0.0634920634920634,1.0,0.2489036360656328,0.0,0.2595786452293396,2375,0,59,4,0.1269841269841269,0.1428571428571428,0.238095238095238,0.6983117441218001,0.0849092789874092,0.04,0.0219780219780219,0.2222222222222222,0.0606761238318015,0.0026070763500931,0.2595786452293396,2678,7,89,2,0.1208791208791208,0.1428571428571428,0.2197802197802197
5,42,xgboost,borderline_smote,ok,,23007,730,2438,63,2776,91,157,730,1.0,1.5955785000696778,0.6875522138680034,0.1776298483323524,0.2133333333333333,0.1269841269841269,0.6666666666666666,0.2840644210009679,0.0016842105263157,0.1114531978964805,2371,4,55,8,0.1587301587301587,0.2222222222222222,0.238095238095238,0.7196963185790002,0.0790366697888485,0.1413043478260869,0.1428571428571428,0.1397849462365591,0.1118813337237331,0.0297951582867784,0.1114531978964805,2605,80,78,13,0.2087912087912088,0.2197802197802197,0.2197802197802197
5,42,xgboost,class_weighted,ok,,23007,730,2438,63,2776,91,157,0,30.516438356164382,1.7448310002218932,0.5853500417710944,0.0467760421985292,0.03125,0.0158730158730158,1.0,0.1243751929964915,0.0,0.8292447328567505,2375,0,62,1,0.0317460317460317,0.0317460317460317,0.0317460317460317,0.715963738310107,0.0760282220700768,0.0,0.0,0.0,0.0,0.0,0.8292447328567505,2685,0,91,0,0.0219780219780219,0.0219780219780219,0.0219780219780219
5,42,xgboost,random_over,ok,,23007,730,2438,63,2776,91,157,730,1.0,1.442093800054863,0.6245012531328321,0.1152571479786777,0.144927536231884,0.0793650793650793,0.8333333333333334,0.2527923610014928,0.0004210526315789,0.1026196926832199,2374,1,58,5,0.0952380952380952,0.1111111111111111,0.1269841269841269,0.7251560357705609,0.1015676145889699,0.1333333333333333,0.0879120879120879,0.2758620689655172,0.1402644016476238,0.0078212290502793,0.1026196926832199,2664,21,83,8,0.1318681318681318,0.1648351648351648,0.1978021978021978
5,42,xgboost,random_under_10to1,ok,,23007,730,2438,63,2776,91,157,-14977,1.0,0.9767231999430804,0.6366583124477861,0.1420750632698529,0.1690140845070422,0.0952380952380952,0.75,0.26188311430076,0.0008421052631578,0.2620110511779785,2373,2,57,6,0.1428571428571428,0.1587301587301587,0.1904761904761904,0.7338203695745595,0.1010139139769136,0.1129032258064516,0.0769230769230769,0.2121212121212121,0.1104710329073203,0.0096834264432029,0.2620110511779785,2659,26,84,7,0.1538461538461538,0.2197802197802197,0.2967032967032967
5,42,xgboost,smote,ok,,23007,730,2438,63,2776,91,157,730,1.0,1.505804899847135,0.6673082706766917,0.1401663671919253,0.1428571428571428,0.0793650793650793,0.7142857142857143,0.2328398563448238,0.0008421052631578,0.129443272948265,2373,2,58,5,0.1269841269841269,0.1904761904761904,0.2698412698412698,0.7284957128532548,0.0882091719837647,0.1286549707602339,0.1208791208791208,0.1375,0.1013064833956407,0.0256983240223463,0.129443272948265,2616,69,80,11,0.1648351648351648,0.2087912087912088,0.3516483516483517
5,42,xgboost,unweighted,ok,,23007,730,2438,63,2776,91,157,0,1.0,1.4832009999081492,0.6221152882205513,0.1440348880263808,0.1739130434782608,0.0952380952380952,1.0,0.3049687727964166,0.0,0.1001892238855362,2375,0,57,6,0.1111111111111111,0.1269841269841269,0.1587301587301587,0.726461620316369,0.112765546332777,0.1186440677966101,0.0769230769230769,0.2592592592592592,0.1260514047040366,0.0074487895716946,0.1001892238855362,2665,20,84,7,0.1318681318681318,0.2307692307692307,0.2637362637362637
5,43,xgboost,adasyn,ok,,23007,730,2438,63,2776,91,157,642,1.0,1.499874599976465,0.6932263993316625,0.1557056660856483,0.1428571428571428,0.0793650793650793,0.7142857142857143,0.2328398563448238,0.0008421052631578,0.1713536828756332,2373,2,58,5,0.1428571428571428,0.1746031746031746,0.2539682539682539,0.7112611783002843,0.0874116700345618,0.1466666666666666,0.1208791208791208,0.1864406779661017,0.1271650548450021,0.017877094972067,0.1713536828756332,2637,48,80,11,0.1538461538461538,0.1758241758241758,0.2527472527472527
5,43,xgboost,borderline_smote,ok,,23007,730,2438,63,2776,91,157,730,1.0,1.49342120019719,0.669360066833751,0.1525551449483578,0.1714285714285714,0.0952380952380952,0.8571428571428571,0.2811557615085553,0.0004210526315789,0.2326192408800125,2374,1,57,6,0.1269841269841269,0.1428571428571428,0.2698412698412698,0.6935232365399964,0.0780718788311924,0.0930232558139534,0.0659340659340659,0.1578947368421052,0.0827764434409573,0.0119180633147113,0.2326192408800125,2653,32,85,6,0.1758241758241758,0.1758241758241758,0.2197802197802197
5,43,xgboost,class_weighted,ok,,23007,730,2438,63,2776,91,157,0,30.516438356164382,1.474641300039366,0.5970793650793651,0.055268441903219,0.03125,0.0158730158730158,1.0,0.1243751929964915,0.0,0.8795721530914307,2375,0,62,1,0.0317460317460317,0.0634920634920634,0.1111111111111111,0.7170237583645405,0.0749238827007925,0.0,0.0,0.0,0.0,0.0,0.8795721530914307,2685,0,91,0,0.0,0.0549450549450549,0.1098901098901098
5,43,xgboost,random_over,ok,,23007,730,2438,63,2776,91,157,730,1.0,1.5371781000867486,0.6627769423558897,0.1234562301175822,0.1408450704225352,0.0793650793650793,0.625,0.2166784249305212,0.0012631578947368,0.1192726418375969,2372,3,58,5,0.0952380952380952,0.1269841269841269,0.2063492063492063,0.7286471442896024,0.0918555444627645,0.0869565217391304,0.0659340659340659,0.1276595744680851,0.0699265376317715,0.0152700186219739,0.1192726418375969,2644,41,85,6,0.1318681318681318,0.1318681318681318,0.2087912087912088
5,43,xgboost,random_under_10to1,ok,,23007,730,2438,63,2776,91,157,-14977,1.0,0.999359600013122,0.6422456140350877,0.1319478280461788,0.1690140845070422,0.0952380952380952,0.75,0.26188311430076,0.0008421052631578,0.2070862054824829,2373,2,57,6,0.1111111111111111,0.1587301587301587,0.1904761904761904,0.7335297849264328,0.0980405940484453,0.0787401574803149,0.0549450549450549,0.1388888888888889,0.068304661918585,0.0115456238361266,0.2070862054824829,2654,31,86,5,0.1428571428571428,0.1868131868131868,0.2417582417582417
5,43,xgboost,smote,ok,,23007,730,2438,63,2776,91,157,730,1.0,1.7671157999429852,0.677827903091061,0.1892552679074678,0.1739130434782608,0.0952380952380952,1.0,0.3049687727964166,0.0,0.1874484568834304,2375,0,57,6,0.1587301587301587,0.1904761904761904,0.2698412698412698,0.6958683774326233,0.0845458332192188,0.1384615384615384,0.0989010989010989,0.2307692307692307,0.1327275092202919,0.0111731843575419,0.1874484568834304,2655,30,82,9,0.1538461538461538,0.1648351648351648,0.2417582417582417
5,43,xgboost,unweighted,ok,,23007,730,2438,63,2776,91,157,0,1.0,1.4408460999839008,0.6242071846282373,0.1379450741092568,0.1739130434782608,0.0952380952380952,1.0,0.3049687727964166,0.0,0.1486779749393463,2375,0,57,6,0.1111111111111111,0.1111111111111111,0.1746031746031746,0.7316634947919864,0.0967167725900358,0.019047619047619,0.0109890109890109,0.0714285714285714,0.0154525883921496,0.0048417132216014,0.1486779749393463,2672,13,90,1,0.1318681318681318,0.1318681318681318,0.2857142857142857
5,44,xgboost,adasyn,ok,,23007,730,2438,63,2776,91,157,642,1.0,1.7610740000382066,0.6629106098579782,0.1692818047762466,0.1971830985915492,0.1111111111111111,0.875,0.3070878036709988,0.0004210526315789,0.1673116981983184,2374,1,56,7,0.1269841269841269,0.1904761904761904,0.2698412698412698,0.7055395256512574,0.1043985948527268,0.130718954248366,0.1098901098901098,0.1612903225806451,0.1090817875293526,0.0193668528864059,0.1673116981983184,2633,52,81,10,0.1648351648351648,0.1868131868131868,0.2527472527472527
5,44,xgboost,borderline_smote,ok,,23007,730,2438,63,2776,91,157,730,1.0,1.6175673000980169,0.6716056808688388,0.1545705307945307,0.1470588235294117,0.0793650793650793,1.0,0.2783399083856074,0.0,0.1828188449144363,2375,0,58,5,0.1587301587301587,0.1746031746031746,0.2222222222222222,0.7104876501524546,0.0935337407747592,0.0689655172413793,0.0439560439560439,0.16,0.0681088231377634,0.0078212290502793,0.1828188449144363,2664,21,87,4,0.2087912087912088,0.2747252747252747,0.3186813186813186
5,44,xgboost,class_weighted,ok,,23007,730,2438,63,2776,91,157,0,30.516438356164382,1.447628099936992,0.6011361737677527,0.0488376230067187,0.03125,0.0158730158730158,1.0,0.1243751929964915,0.0,0.7578087449073792,2375,0,62,1,0.0158730158730158,0.0158730158730158,0.0793650793650793,0.7050524894100313,0.0741549515773909,0.0,0.0,0.0,0.0,0.0,0.7578087449073792,2685,0,91,0,0.0,0.0,0.0439560439560439
5,44,xgboost,random_over,ok,,23007,730,2438,63,2776,91,157,730,1.0,1.3739677998237312,0.6774736842105262,0.1516596519042849,0.1971830985915492,0.1111111111111111,0.875,0.3070878036709988,0.0004210526315789,0.1077441275119781,2374,1,56,7,0.1587301587301587,0.1746031746031746,0.1904761904761904,0.7160537786236111,0.077086631739369,0.1104294478527607,0.0989010989010989,0.125,0.084510374980322,0.0234636871508379,0.1077441275119781,2622,63,82,9,0.1428571428571428,0.1648351648351648,0.1978021978021978
5,44,xgboost,random_under_10to1,ok,,23007,730,2438,63,2776,91,157,-14977,1.0,1.007663200143725,0.6035087719298246,0.0816248748568545,0.0606060606060606,0.0317460317460317,0.6666666666666666,0.1417694849863601,0.0004210526315789,0.2255997657775879,2374,1,61,2,0.0793650793650793,0.1269841269841269,0.1904761904761904,0.735011357357726,0.0831843455017715,0.0172413793103448,0.0109890109890109,0.04,0.0038648227876338,0.0089385474860335,0.2255997657775879,2661,24,90,1,0.1428571428571428,0.1648351648351648,0.2527472527472527
5,44,xgboost,smote,ok,,23007,730,2438,63,2776,91,157,730,1.0,1.4762462999206036,0.687578947368421,0.1712785183860084,0.1470588235294117,0.0793650793650793,1.0,0.2783399083856074,0.0,0.2065376788377761,2375,0,58,5,0.1587301587301587,0.1587301587301587,0.238095238095238,0.7271860355659238,0.0783905982202016,0.0,0.0,0.0,-0.0135694103896375,0.0055865921787709,0.2065376788377761,2670,15,91,0,0.1428571428571428,0.1428571428571428,0.2527472527472527
5,44,xgboost,unweighted,ok,,23007,730,2438,63,2776,91,157,0,1.0,1.6117166997864842,0.6294402673350041,0.1326793633258564,0.144927536231884,0.0793650793650793,0.8333333333333334,0.2527923610014928,0.0004210526315789,0.1905043125152588,2374,1,58,5,0.1111111111111111,0.1269841269841269,0.1904761904761904,0.7479198641209814,0.0948300710043219,0.0,0.0,0.0,-0.0148726265426188,0.0067039106145251,0.1905043125152588,2667,18,91,0,0.0879120879120879,0.2417582417582417,0.3186813186813186
5,45,xgboost,adasyn,ok,,23007,730,2438,63,2776,91,157,642,1.0,1.5454325000755489,0.6750342522974102,0.1484804646922128,0.1714285714285714,0.0952380952380952,0.8571428571428571,0.2811557615085553,0.0004210526315789,0.1923126131296157,2374,1,57,6,0.1428571428571428,0.1428571428571428,0.1746031746031746,0.721325229705118,0.0716360224515419,0.0769230769230769,0.0659340659340659,0.0923076923076923,0.0517643110608373,0.021973929236499,0.1923126131296157,2626,59,85,6,0.1648351648351648,0.1648351648351648,0.2637362637362637
5,45,xgboost,borderline_smote,ok,,23007,730,2438,63,2776,91,157,730,1.0,1.447745299898088,0.6975973266499583,0.1754073888584847,0.1739130434782608,0.0952380952380952,1.0,0.3049687727964166,0.0,0.2547624707221985,2375,0,57,6,0.1428571428571428,0.2063492063492063,0.238095238095238,0.7168273067714409,0.1378782051132109,0.1818181818181818,0.1208791208791208,0.3666666666666666,0.1959903928556681,0.0070763500931098,0.2547624707221985,2666,19,80,11,0.1978021978021978,0.2197802197802197,0.2857142857142857
5,45,xgboost,class_weighted,ok,,23007,730,2438,63,2776,91,157,0,30.516438356164382,1.477990800049156,0.5725647451963242,0.0450043988738737,0.03125,0.0158730158730158,1.0,0.1243751929964915,0.0,0.8295596241950989,2375,0,62,1,0.0158730158730158,0.0158730158730158,0.0317460317460317,0.703804203245544,0.0781454410674923,0.0,0.0,0.0,0.0,0.0,0.8295596241950989,2685,0,91,0,0.0,0.0,0.1098901098901098
5,45,xgboost,random_over,ok,,23007,730,2438,63,2776,91,157,730,1.0,1.4468757999129591,0.62890559732665,0.1345416479949547,0.1470588235294117,0.0793650793650793,1.0,0.2783399083856074,0.0,0.1551980227231979,2375,0,58,5,0.0952380952380952,0.1428571428571428,0.1904761904761904,0.7219023062598481,0.0871069198108425,0.0925925925925925,0.0549450549450549,0.2941176470588235,0.1152061276993126,0.0044692737430167,0.1551980227231979,2673,12,86,5,0.1208791208791208,0.1428571428571428,0.1648351648351648
5,45,xgboost,random_under_10to1,ok,,23007,730,2438,63,2776,91,157,-14977,1.0,1.1301794999744743,0.6201236424394319,0.1470044947712643,0.1714285714285714,0.0952380952380952,0.8571428571428571,0.2811557615085553,0.0004210526315789,0.2737098634243011,2374,1,57,6,0.1428571428571428,0.1587301587301587,0.2063492063492063,0.7359445024249495,0.0886086043795093,0.0350877192982456,0.0219780219780219,0.0869565217391304,0.0278093409777652,0.0078212290502793,0.2737098634243011,2664,21,89,2,0.1648351648351648,0.1758241758241758,0.2637362637362637
5,45,xgboost,smote,ok,,23007,730,2438,63,2776,91,157,730,1.0,1.5356628000736237,0.6579181286549708,0.1533222419837382,0.2,0.1111111111111111,1.0,0.3294716666722867,0.0,0.0801834017038345,2375,0,56,7,0.1111111111111111,0.1111111111111111,0.1746031746031746,0.7340413776167967,0.0934517140173492,0.1323529411764706,0.0989010989010989,0.2,0.1205473594551506,0.0134078212290502,0.0801834017038345,2649,36,82,9,0.0989010989010989,0.0989010989010989,0.2307692307692307
5,45,xgboost,unweighted,ok,,23007,730,2438,63,2776,91,157,0,1.0,1.57042169990018,0.638843776106934,0.1283218562929796,0.1470588235294117,0.0793650793650793,1.0,0.2783399083856074,0.0,0.1367553770542144,2375,0,58,5,0.0952380952380952,0.1111111111111111,0.1904761904761904,0.7267440194814496,0.0776526436000396,0.0,0.0,0.0,-0.0135694103896375,0.0055865921787709,0.1367553770542144,2670,15,91,0,0.1208791208791208,0.1318681318681318,0.1978021978021978
5,46,xgboost,adasyn,ok,,23007,730,2438,63,2776,91,157,642,1.0,1.5839154999703169,0.6815171261487051,0.1767380020512424,0.1714285714285714,0.0952380952380952,0.8571428571428571,0.2811557615085553,0.0004210526315789,0.2651597857475281,2374,1,57,6,0.1904761904761904,0.1904761904761904,0.2857142857142857,0.694624184009659,0.0758545246467664,0.0560747663551401,0.0329670329670329,0.1875,0.0661569960552302,0.0048417132216014,0.2651597857475281,2672,13,88,3,0.1538461538461538,0.1538461538461538,0.3296703296703296
5,46,xgboost,borderline_smote,ok,,23007,730,2438,63,2776,91,157,730,1.0,1.5415281001478434,0.6710910609857978,0.1929673479912748,0.2619047619047619,0.1746031746031746,0.5238095238095238,0.2925532735339101,0.0042105263157894,0.0717669501900672,2365,10,52,11,0.2063492063492063,0.238095238095238,0.2539682539682539,0.7285898459082817,0.080610431202096,0.1368421052631579,0.1428571428571428,0.1313131313131313,0.1064138113226229,0.0320297951582867,0.0717669501900672,2599,86,78,13,0.1538461538461538,0.2087912087912088,0.2967032967032967
5,46,xgboost,class_weighted,ok,,23007,730,2438,63,2776,91,157,0,30.516438356164382,1.3938803998753428,0.5823358395989975,0.0461134467190307,0.03125,0.0158730158730158,1.0,0.1243751929964915,0.0,0.8070124387741089,2375,0,62,1,0.0158730158730158,0.0317460317460317,0.0317460317460317,0.713798678044488,0.0941691961254767,0.0,0.0,0.0,0.0,0.0,0.8070124387741089,2685,0,91,0,0.0,0.0769230769230769,0.0769230769230769
5,46,xgboost,random_over,ok,,23007,730,2438,63,2776,91,157,730,1.0,1.449716500006616,0.6484076858813701,0.1255828959655386,0.144927536231884,0.0793650793650793,0.8333333333333334,0.2527923610014928,0.0004210526315789,0.1359306275844574,2374,1,58,5,0.1111111111111111,0.1428571428571428,0.2222222222222222,0.741899441340782,0.103962952114095,0.0714285714285714,0.0439560439560439,0.1904761904761904,0.0773203782596927,0.0063314711359404,0.1359306275844574,2668,17,87,4,0.1428571428571428,0.1648351648351648,0.2527472527472527
5,46,xgboost,random_under_10to1,ok,,23007,730,2438,63,2776,91,157,-14977,1.0,1.0777161999139937,0.6582589807852967,0.1409983062577002,0.1714285714285714,0.0952380952380952,0.8571428571428571,0.2811557615085553,0.0004210526315789,0.2030181139707565,2374,1,57,6,0.0952380952380952,0.1269841269841269,0.1904761904761904,0.7200646653160621,0.094899349560095,0.1159420289855072,0.0879120879120879,0.1702127659574468,0.1012886942624844,0.0145251396648044,0.2030181139707565,2646,39,83,8,0.0879120879120879,0.1648351648351648,0.2087912087912088
5,46,xgboost,smote,ok,,23007,730,2438,63,2776,91,157,730,1.0,1.461910399841145,0.6962807017543859,0.1896399504465066,0.1971830985915492,0.1111111111111111,0.875,0.3070878036709988,0.0004210526315789,0.1915987730026245,2374,1,56,7,0.1587301587301587,0.2222222222222222,0.2539682539682539,0.7141015409171833,0.1201487528707343,0.1948051948051948,0.1648351648351648,0.238095238095238,0.1757078274469038,0.017877094972067,0.1915987730026245,2637,48,76,15,0.1758241758241758,0.1758241758241758,0.2857142857142857
5,46,xgboost,unweighted,ok,,23007,730,2438,63,2776,91,157,0,1.0,1.5189920000266284,0.6241938178780284,0.1484100568820036,0.1470588235294117,0.0793650793650793,1.0,0.2783399083856074,0.0,0.1084580272436142,2375,0,58,5,0.1587301587301587,0.1587301587301587,0.2063492063492063,0.7372173450385742,0.0993644803565584,0.0571428571428571,0.0329670329670329,0.2142857142857142,0.0725716101985512,0.004096834264432,0.1084580272436142,2674,11,88,3,0.1648351648351648,0.1648351648351648,0.2087912087912088
6,42,xgboost,adasyn,ok,,43809,1695,6602,214,5618,199,420,1441,1.0,3.884972099913284,0.8289787656762974,0.1646585022390838,0.2591549295774648,0.4299065420560747,0.1854838709677419,0.2463412510555899,0.0632435817157169,0.1752419471740722,5984,404,122,92,0.1074766355140186,0.1869158878504672,0.3457943925233644,0.8022248166464359,0.1325869843199617,0.2145251396648044,0.4824120603015075,0.1379310344827586,0.2085413494734294,0.1107215353386233,0.1752419471740722,4819,600,103,96,0.0653266331658291,0.135678391959799,0.4120603015075377
6,42,xgboost,borderline_smote,ok,,43809,1695,6602,214,5618,199,420,1695,1.0,4.474386299960315,0.8350294652941556,0.1788537629656576,0.2540106951871658,0.4439252336448598,0.1779026217228464,0.2437035178914981,0.0687226048841578,0.1579095125198364,5949,439,119,95,0.1074766355140186,0.205607476635514,0.3551401869158878,0.7919190898207591,0.1040631308538551,0.2167906482465462,0.5125628140703518,0.137466307277628,0.2153550747462402,0.1181029710278649,0.1579095125198364,4779,640,97,102,0.0753768844221105,0.1457286432160804,0.3869346733668342
6,42,xgboost,class_weighted,ok,,43809,1695,6602,214,5618,199,420,0,24.846017699115045,3.391061699949205,0.843671545362508,0.1638850074169888,0.2512234910277324,0.3598130841121495,0.1929824561403508,0.2299486333962489,0.0504070131496556,0.6114142537117004,6066,322,137,77,0.116822429906542,0.205607476635514,0.3551401869158878,0.7963224500431665,0.1302410085353197,0.1953818827708703,0.2763819095477386,0.1510989010989011,0.1647208051264376,0.057021590699391,0.6114142537117004,5110,309,144,55,0.0703517587939698,0.0954773869346733,0.2763819095477386
6,42,xgboost,random_over,ok,,43809,1695,6602,214,5618,199,420,1695,1.0,3.3393671000376344,0.8434370958397462,0.1760846541091213,0.2577319587628865,0.4672897196261682,0.1779359430604982,0.2506473399579463,0.0723231058234189,0.1486367732286453,5926,462,114,100,0.102803738317757,0.2009345794392523,0.3691588785046729,0.8003525655589259,0.1264747914488329,0.208955223880597,0.5276381909547738,0.130272952853598,0.2100113078651092,0.1293596604539583,0.1486367732286453,4718,701,94,105,0.1105527638190954,0.1658291457286432,0.3869346733668342
6,42,xgboost,random_under_10to1,ok,,43809,1695,6602,214,5618,199,420,-25164,1.0,2.2282362999394536,0.8440753398603691,0.1675684882183901,0.2804314329738058,0.4252336448598131,0.2091954022988505,0.2651119944406301,0.0538509705698184,0.2793676257133484,6044,344,123,91,0.0934579439252336,0.2149532710280373,0.3785046728971962,0.8103898343906282,0.1463140067936864,0.24745269286754,0.4271356783919598,0.1741803278688524,0.2315295089741543,0.0743679645691086,0.2793676257133484,5016,403,114,85,0.0301507537688442,0.1206030150753768,0.3919597989949748
6,42,xgboost,smote,ok,,43809,1695,6602,214,5618,199,420,1695,1.0,3.8340046999510378,0.8362057362227073,0.1612520247823434,0.2562277580071174,0.3364485981308411,0.2068965517241379,0.23240626007294,0.0432060112711333,0.2323910295963287,6112,276,142,72,0.0934579439252336,0.1822429906542056,0.3551401869158878,0.8132260305031339,0.1281445506358627,0.2347417840375587,0.3768844221105528,0.1704545454545454,0.2129510797780889,0.0673556006643292,0.2323910295963287,5054,365,124,75,0.100502512562814,0.1809045226130653,0.4070351758793969
6,42,xgboost,unweighted,ok,,43809,1695,6602,214,5618,199,420,0,1.0,3.488474299898371,0.8340455819615049,0.1644102301363488,0.2785602503912363,0.4158878504672897,0.2094117647058823,0.2621552717188318,0.0525986224170319,0.1415437459945678,6052,336,125,89,0.0841121495327102,0.1869158878504672,0.3878504672897196,0.7939420297649903,0.1304797497455864,0.2165087956698241,0.4020100502512563,0.1481481481481481,0.1988709581194938,0.0848865104262779,0.1415437459945678,4959,460,119,80,0.050251256281407,0.1457286432160804,0.3768844221105528
6,43,xgboost,adasyn,ok,,43809,1695,6602,214,5618,199,420,1441,1.0,4.497214099857956,0.8309725010094862,0.1488349460312351,0.2650602409638554,0.3598130841121495,0.2098092643051771,0.2430199777280991,0.0453976205385097,0.2292611300945282,6098,290,137,77,0.0747663551401869,0.1775700934579439,0.3598130841121495,0.8030130352815934,0.135961514955136,0.2303206997084548,0.3969849246231156,0.162217659137577,0.2113313685242343,0.0752906440302638,0.2292611300945282,5011,408,120,79,0.0854271356783919,0.1407035175879397,0.3969849246231156
6,43,xgboost,borderline_smote,ok,,43809,1695,6602,214,5618,199,420,1695,1.0,4.288296999875456,0.8410073794907508,0.1785731184041785,0.2635379061371841,0.3411214953271028,0.2147058823529411,0.2398476323283351,0.0417971195992485,0.232785478234291,6121,267,141,73,0.1074766355140186,0.1682242990654205,0.3644859813084112,0.8077312193000434,0.1415719167555732,0.2126984126984127,0.3366834170854271,0.1554524361948956,0.1871837007113543,0.0671710647720981,0.232785478234291,5055,364,132,67,0.1105527638190954,0.1457286432160804,0.3768844221105528
6,43,xgboost,class_weighted,ok,,43809,1695,6602,214,5618,199,420,0,24.846017699115045,3.348439399851486,0.8373520151686281,0.1471755851267072,0.2537562604340567,0.3551401869158878,0.1974025974025974,0.2318349648772262,0.0483719474013775,0.6453272104263306,6079,309,138,76,0.1074766355140186,0.1682242990654205,0.3551401869158878,0.7850333045556255,0.1160160728679242,0.1774193548387097,0.2763819095477386,0.1306413301662707,0.1466175907924221,0.0675401365565602,0.6453272104263306,5053,366,144,55,0.0452261306532663,0.100502512562814,0.2763819095477386
6,43,xgboost,random_over,ok,,43809,1695,6602,214,5618,199,420,1695,1.0,3.2110937999095768,0.8405494531217996,0.1569952399934213,0.2775800711743772,0.3644859813084112,0.2241379310344827,0.255371388029019,0.0422667501565435,0.2558059394359588,6118,270,136,78,0.0747663551401869,0.1635514018691588,0.3785046728971962,0.8021459947829199,0.1200939978441562,0.2083333333333333,0.3517587939698492,0.1479915433403805,0.1846523983759328,0.0743679645691086,0.2558059394359588,5016,403,129,70,0.050251256281407,0.1206030150753768,0.371859296482412
6,43,xgboost,random_under_10to1,ok,,43809,1695,6602,214,5618,199,420,-25164,1.0,2.062687100144103,0.8342306544396912,0.1491084042100249,0.263803680981595,0.4018691588785046,0.1963470319634703,0.2467500667173418,0.0551033187226048,0.2583502233028412,6036,352,128,86,0.0700934579439252,0.1682242990654205,0.3738317757009345,0.808519437935201,0.1605885925590834,0.2280701754385964,0.457286432160804,0.1519198664440734,0.2177303318122535,0.0937442332533677,0.2583502233028412,4911,508,108,91,0.0804020100502512,0.1457286432160804,0.4170854271356783
6,43,xgboost,smote,ok,,43809,1695,6602,214,5618,199,420,1695,1.0,3.969129600096494,0.8277648218915139,0.1505769908741747,0.2712477396021699,0.3504672897196261,0.2212389380530973,0.2480579829823009,0.0413274890419536,0.2387352138757705,6124,264,139,75,0.0747663551401869,0.1728971962616822,0.3644859813084112,0.7986189482195996,0.1267771152612553,0.2025316455696202,0.3618090452261306,0.140625,0.180226606650671,0.0811957925816571,0.2387352138757705,4979,440,127,72,0.0804020100502512,0.1407035175879397,0.3919597989949748
6,43,xgboost,unweighted,ok,,43809,1695,6602,214,5618,199,420,0,1.0,3.4643747000955045,0.8371120793075804,0.1616832670254814,0.2692307692307692,0.4252336448598131,0.1969696969696969,0.2548794351323436,0.0580776455854727,0.1264211535453796,6017,371,123,91,0.102803738317757,0.1822429906542056,0.3738317757009345,0.7958133535364589,0.1301177477091205,0.2329615861214374,0.4723618090452261,0.1546052631578947,0.2246178862841894,0.094851448606754,0.1264211535453796,4905,514,105,94,0.0904522613065326,0.1758793969849246,0.4221105527638191
6,44,xgboost,adasyn,ok,,43809,1695,6602,214,5618,199,420,1441,1.0,3.991187300067395,0.8311941490762469,0.1505868002478306,0.2707692307692307,0.411214953271028,0.2018348623853211,0.254386157746688,0.0544771446462116,0.1895435005426406,6040,348,126,88,0.0887850467289719,0.1728971962616822,0.3831775700934579,0.8043798991265609,0.1478483483881795,0.2254545454545454,0.4673366834170854,0.1485623003194888,0.2167521282822798,0.0983576305591437,0.1895435005426406,4886,533,106,93,0.0854271356783919,0.1909547738693467,0.4221105527638191
6,44,xgboost,borderline_smote,ok,,43809,1695,6602,214,5618,199,420,1695,1.0,4.209303400013596,0.8305438351113946,0.1731195541338313,0.2666666666666666,0.3925233644859813,0.2019230769230769,0.2482102832710075,0.0519724483406386,0.202546164393425,6056,332,130,84,0.1214953271028037,0.1822429906542056,0.3691588785046729,0.804735988486444,0.1246270321240897,0.2056555269922879,0.4020100502512563,0.1381692573402418,0.1884228466334132,0.0920834102232884,0.202546164393425,4920,499,119,80,0.0854271356783919,0.1909547738693467,0.3919597989949748
6,44,xgboost,class_weighted,ok,,43809,1695,6602,214,5618,199,420,0,24.846017699115045,3.365909799933433,0.8419876052645439,0.1729125514395514,0.2336769759450171,0.4766355140186916,0.1547799696509863,0.230083347612829,0.0871947401377583,0.4573330581188202,5831,557,112,102,0.102803738317757,0.1635514018691588,0.3457943925233644,0.7918495411176569,0.1108780797058962,0.1774349083895853,0.4623115577889447,0.1097852028639618,0.1684467346007403,0.137663775604355,0.4573330581188202,4673,746,107,92,0.0351758793969849,0.0552763819095477,0.2663316582914573
6,44,xgboost,random_over,ok,,43809,1695,6602,214,5618,199,420,1695,1.0,3.791074799839407,0.8311283130168131,0.1529648538545499,0.2547584187408492,0.4065420560747663,0.185501066098081,0.2390415671502044,0.0597996242955541,0.1806216090917587,6006,382,127,87,0.0747663551401869,0.1915887850467289,0.3598130841121495,0.7899142325393345,0.1015481299362057,0.1723009814612868,0.3969849246231156,0.1100278551532033,0.1545017990453119,0.1179184351356338,0.1806216090917587,4780,639,120,79,0.0552763819095477,0.1407035175879397,0.3417085427135678
6,44,xgboost,random_under_10to1,ok,,43809,1695,6602,214,5618,199,420,-25164,1.0,2.2686155000701547,0.8318122765231538,0.1438009128373151,0.281505728314239,0.4018691588785046,0.216624685138539,0.2631021324062939,0.0486850344395742,0.3026169240474701,6077,311,128,86,0.0887850467289719,0.1542056074766355,0.4018691588785046,0.8044707760986145,0.1258003302244743,0.203626220362622,0.3668341708542713,0.1409266409266409,0.1819062244501512,0.0821184720428123,0.3026169240474701,4974,445,126,73,0.0552763819095477,0.1256281407035175,0.3668341708542713
6,44,xgboost,smote,ok,,43809,1695,6602,214,5618,199,420,1695,1.0,3.678058699937537,0.8298613346285968,0.1641940060929545,0.2707006369426751,0.397196261682243,0.2053140096618357,0.2525254539745173,0.0515028177833437,0.206999659538269,6059,329,129,85,0.0981308411214953,0.1588785046728972,0.3831775700934579,0.8040284463468848,0.1217974065296933,0.224159402241594,0.4522613065326633,0.1490066225165563,0.2132760095827318,0.094851448606754,0.206999659538269,4905,514,109,90,0.0603015075376884,0.1155778894472361,0.4271356783919598
6,44,xgboost,unweighted,ok,,43809,1695,6602,214,5618,199,420,0,1.0,3.2194186002016068,0.8348886492781442,0.1535244844556343,0.2728682170542635,0.411214953271028,0.2041763341067285,0.256314935313623,0.0536944270507201,0.1392715722322464,6045,343,126,88,0.0794392523364486,0.1915887850467289,0.3785046728971962,0.7997470281839164,0.1451316148659686,0.1933962264150943,0.4120603015075377,0.1263482280431433,0.1777760790014987,0.104631850894999,0.1392715722322464,4852,567,117,82,0.1306532663316583,0.2261306532663316,0.3869346733668342
6,45,xgboost,adasyn,ok,,43809,1695,6602,214,5618,199,420,1441,1.0,4.361496400088072,0.8340250996319033,0.1594752506133916,0.2644628099173554,0.3738317757009345,0.2046035805626598,0.2439493149031676,0.0486850344395742,0.2077973186969757,6077,311,134,80,0.0794392523364486,0.1635514018691588,0.3738317757009345,0.7955601962571671,0.1250557948611883,0.2098273572377158,0.3969849246231156,0.1425992779783393,0.191781606405555,0.0876545488097435,0.2077973186969757,4944,475,120,79,0.0301507537688442,0.1155778894472361,0.3969849246231156
6,45,xgboost,borderline_smote,ok,,43809,1695,6602,214,5618,199,420,1695,1.0,4.28399769985117,0.8325810953949871,0.1696410078259592,0.2630792227204783,0.411214953271028,0.1934065934065934,0.2473233014418376,0.0574514715090795,0.1913095712661743,6021,367,126,88,0.0841121495327102,0.2102803738317757,0.3738317757009345,0.7989439724920969,0.1230799374014467,0.2219451371571072,0.4472361809045226,0.1475953565505804,0.2104306867468815,0.094851448606754,0.1913095712661743,4905,514,110,89,0.0904522613065326,0.1256281407035175,0.3919597989949748
6,45,xgboost,class_weighted,ok,,43809,1695,6602,214,5618,199,420,0,24.846017699115045,3.7650071000680327,0.8453664581370444,0.1612367760335094,0.2566037735849056,0.3177570093457944,0.2151898734177215,0.2313984272269519,0.0388227927363807,0.6819910407066345,6140,248,146,68,0.0981308411214953,0.1822429906542056,0.3271028037383177,0.8032476462400581,0.1267429078921343,0.1854304635761589,0.2110552763819095,0.1653543307086614,0.1529627903088586,0.0391216091529802,0.6819910407066345,5207,212,157,42,0.0351758793969849,0.0854271356783919,0.2512562814070351
6,45,xgboost,random_over,ok,,43809,1695,6602,214,5618,199,420,1695,1.0,3.802701599895954,0.842482838733841,0.1560031784912769,0.2678843226788432,0.411214953271028,0.1986455981941309,0.251736056164498,0.0555729492798998,0.2239187061786651,6033,355,126,88,0.0887850467289719,0.1915887850467289,0.3785046728971962,0.7927759298429776,0.1224167475581782,0.2219286657859973,0.4221105527638191,0.1505376344086021,0.206810368286969,0.0874700129175124,0.2239187061786651,4945,474,115,84,0.050251256281407,0.1507537688442211,0.3819095477386934
6,45,xgboost,random_under_10to1,ok,,43809,1695,6602,214,5618,199,420,-25164,1.0,2.101986200083047,0.8379752631979354,0.1422631225543259,0.2559241706161137,0.3785046728971962,0.1933174224343675,0.236514470068529,0.0529117094552285,0.2677927911281585,6050,338,133,81,0.0654205607476635,0.1635514018691588,0.3644859813084112,0.8080140506926587,0.1739967114483818,0.2225352112676056,0.3969849246231156,0.1545988258317025,0.2039461319176237,0.0797195054438088,0.2677927911281585,4987,432,120,79,0.100502512562814,0.1708542713567839,0.3618090452261306
6,45,xgboost,smote,ok,,43809,1695,6602,214,5618,199,420,1695,1.0,3.646814499981701,0.8305496872055664,0.1627713716280084,0.2671353251318102,0.3551401869158878,0.2140845070422535,0.2445389413356683,0.0436756418284283,0.2301604002714157,6109,279,138,76,0.1121495327102803,0.1915887850467289,0.3644859813084112,0.8121406070767196,0.1658476681373272,0.2054380664652568,0.3417085427135678,0.1468682505399568,0.1806915302157717,0.0728916774312603,0.2301604002714157,5024,395,131,68,0.1105527638190954,0.1557788944723618,0.3618090452261306
6,45,xgboost,unweighted,ok,,43809,1695,6602,214,5618,199,420,0,1.0,3.2186718999873847,0.8381032777579457,0.152338876544593,0.2837837837837837,0.3925233644859813,0.2222222222222222,0.264126117985153,0.0460237946149029,0.1529649496078491,6094,294,130,84,0.0887850467289719,0.1915887850467289,0.3925233644859813,0.8034887484108122,0.1285763568899674,0.2138728323699422,0.371859296482412,0.1501014198782961,0.1924235266101614,0.0773205388448053,0.1529649496078491,5000,419,125,74,0.0854271356783919,0.185929648241206,0.371859296482412
6,46,xgboost,adasyn,ok,,43809,1695,6602,214,5618,199,420,1441,1.0,5.002834199927747,0.8367668057514381,0.1706596248310924,0.2651685393258427,0.2757009345794392,0.2554112554112554,0.2397657069260872,0.0269254852849092,0.324292778968811,6216,172,155,59,0.0981308411214953,0.1822429906542056,0.3598130841121495,0.800183794039398,0.1424399165123002,0.1684665226781857,0.1959798994974874,0.1477272727272727,0.1349146453048082,0.0415205757519837,0.324292778968811,5194,225,160,39,0.0804020100502512,0.1155778894472361,0.3969849246231156
6,46,xgboost,borderline_smote,ok,,43809,1695,6602,214,5618,199,420,1695,1.0,4.189406999852508,0.8360594338684099,0.1543412268477606,0.2666666666666666,0.4205607476635514,0.1952277657266811,0.2518877777074959,0.0580776455854727,0.1736615896224975,6017,371,124,90,0.0981308411214953,0.1448598130841121,0.3644859813084112,0.8160418256627296,0.1307236957857959,0.2211538461538461,0.4623115577889447,0.1453396524486571,0.2119009477223943,0.099833917696992,0.1736615896224975,4878,541,107,92,0.0703517587939698,0.135678391959799,0.4221105527638191
6,46,xgboost,class_weighted,ok,,43809,1695,6602,214,5618,199,420,0,24.846017699115045,3.9885702999308714,0.8424864962926983,0.1495835296135488,0.259927797833935,0.3364485981308411,0.2117647058823529,0.2359778174553149,0.0419536631183469,0.6744067668914795,6120,268,142,72,0.116822429906542,0.1915887850467289,0.3551401869158878,0.8017861961588716,0.1464032686703128,0.2177419354838709,0.271356783919598,0.1818181818181818,0.1871144755303603,0.0448422218121424,0.6744067668914795,5176,243,145,54,0.0552763819095477,0.0904522613065326,0.3567839195979899
6,46,xgboost,random_over,ok,,43809,1695,6602,214,5618,199,420,1695,1.0,3.482263300102204,0.8303353542565208,0.151948607337482,0.2645502645502645,0.3504672897196261,0.2124645892351274,0.2416360925198416,0.0435190983093299,0.2071702033281326,6110,278,139,75,0.0747663551401869,0.1495327102803738,0.3598130841121495,0.7873692136638164,0.1302231149130138,0.1976047904191616,0.3316582914572864,0.1407249466950959,0.1719339755086962,0.0743679645691086,0.2071702033281326,5016,403,133,66,0.0753768844221105,0.1306532663316583,0.3668341708542713
6,46,xgboost,random_under_10to1,ok,,43809,1695,6602,214,5618,199,420,-25164,1.0,2.536252199904993,0.8455793280625472,0.1661201738855137,0.2848,0.4158878504672897,0.2165450121654501,0.2678876168112254,0.0504070131496556,0.3018631935119629,6066,322,125,89,0.0747663551401869,0.1775700934579439,0.4018691588785046,0.7994159763571502,0.1492747914525023,0.2162921348314606,0.3869346733668342,0.1500974658869395,0.196665182875581,0.0804576490127329,0.3018631935119629,4983,436,122,77,0.0552763819095477,0.1155778894472361,0.3819095477386934
6,46,xgboost,smote,ok,,43809,1695,6602,214,5618,199,420,1695,1.0,4.040229599922895,0.8266083017807923,0.1512153280452099,0.279491833030853,0.3598130841121495,0.228486646884273,0.2567773272147292,0.0407013149655604,0.2436964213848114,6128,260,137,77,0.0934579439252336,0.1682242990654205,0.3785046728971962,0.8027988252760389,0.1405108920379912,0.2081447963800905,0.3467336683417085,0.1487068965517241,0.183888665002199,0.0728916774312603,0.2436964213848114,5024,395,130,69,0.0753768844221105,0.1758793969849246,0.3969849246231156
6,46,xgboost,unweighted,ok,,43809,1695,6602,214,5618,199,420,0,1.0,4.074417300056666,0.8308722838967926,0.1538259555473037,0.2778730703259005,0.3785046728971962,0.2195121951219512,0.2570510739195936,0.045084533500313,0.1501397639513015,6100,288,133,81,0.0794392523364486,0.1915887850467289,0.3925233644859813,0.8083209923023496,0.1287467507656179,0.2163742690058479,0.371859296482412,0.1525773195876288,0.1948244220804141,0.075844251706957,0.1501397639513015,5008,411,125,74,0.0703517587939698,0.1206030150753768,0.3969849246231156
7,42,xgboost,adasyn,ok,,62750,1565,9114,221,7625,230,549,1434,1.0,6.653173699975014,0.7375260322191484,0.1374664489950885,0.2513368983957219,0.2126696832579185,0.3071895424836601,0.2403545273350774,0.0119194872371528,0.1822632700204849,8787,106,174,47,0.1809954751131221,0.2262443438914027,0.3484162895927601,0.7483411235558692,0.1437706944784422,0.2964352720450281,0.3434782608695652,0.2607260726072607,0.2742213621899428,0.0302907369844489,0.1822632700204849,7171,224,151,79,0.2869565217391304,0.4,0.508695652173913
7,42,xgboost,borderline_smote,ok,,62750,1565,9114,221,7625,230,549,1565,1.0,6.791144999908283,0.7274438739503793,0.1327047395515433,0.2538071065989847,0.2262443438914027,0.2890173410404624,0.239433971358687,0.0138311031148094,0.2088132351636886,8770,123,171,50,0.1809954751131221,0.253393665158371,0.3257918552036199,0.7199435576329483,0.1441588363864957,0.311864406779661,0.4,0.2555555555555555,0.2933445670229231,0.0362407031778228,0.2088132351636886,7127,268,138,92,0.3217391304347826,0.4304347826086956,0.4826086956521739
7,42,xgboost,class_weighted,ok,,62750,1565,9114,221,7625,230,549,0,39.09584664536741,5.354127899976447,0.739282714097671,0.1533321949617587,0.2251655629139073,0.1538461538461538,0.419753086419753,0.2434820050985222,0.0052850556617564,0.813914954662323,8846,47,187,34,0.1809954751131221,0.253393665158371,0.3257918552036199,0.7337419525531351,0.1537073429227076,0.2102272727272727,0.1608695652173913,0.3032786885245901,0.2036171924872072,0.0114942528735632,0.813914954662323,7310,85,193,37,0.2565217391304348,0.3130434782608696,0.4304347826086956
7,42,xgboost,random_over,ok,,62750,1565,9114,221,7625,230,549,1565,1.0,5.951399800134823,0.7511602241429403,0.1499676119160006,0.2712765957446808,0.2307692307692307,0.3290322580645161,0.2606254195058111,0.0116945912515461,0.2346146702766418,8789,104,170,51,0.1900452488687782,0.2714932126696832,0.3529411764705882,0.7596554663844549,0.1490670275518077,0.3048327137546468,0.3565217391304348,0.2662337662337662,0.2831758170023132,0.0305611899932386,0.2346146702766418,7169,226,148,82,0.3304347826086956,0.4260869565217391,0.5217391304347826
7,42,xgboost,random_under_10to1,ok,,62750,1565,9114,221,7625,230,549,-45535,1.0,2.493341499939561,0.7445939737034518,0.1572375918407985,0.2198581560283688,0.1402714932126696,0.5081967213114754,0.2582595430041078,0.0033734397840998,0.6437861323356628,8863,30,190,31,0.1855203619909502,0.2669683257918552,0.3122171945701357,0.7629752770673487,0.1666085411693917,0.1855072463768116,0.1391304347826087,0.2782608695652174,0.1794969988942004,0.0112237998647734,0.6437861323356628,7312,83,198,32,0.2869565217391304,0.4260869565217391,0.4739130434782608
7,42,xgboost,smote,ok,,62750,1565,9114,221,7625,230,549,1565,1.0,6.089417899958789,0.7424966405526132,0.1423096254142395,0.2474747474747475,0.2217194570135746,0.28,0.2326385278607404,0.0141684470932193,0.1811871081590652,8767,126,172,49,0.1628959276018099,0.2398190045248869,0.334841628959276,0.7579445571331981,0.1573321882888479,0.3074074074074074,0.3608695652173913,0.267741935483871,0.2859477913746019,0.0306964164976335,0.1811871081590652,7168,227,147,83,0.2869565217391304,0.4260869565217391,0.5304347826086957
7,42,xgboost,unweighted,ok,,62750,1565,9114,221,7625,230,549,0,1.0,5.695140100084245,0.7533913754933592,0.1744286053008412,0.295,0.2669683257918552,0.329608938547486,0.2809835391173134,0.0134937591363994,0.1353827863931656,8773,120,162,59,0.2307692307692307,0.2895927601809955,0.3710407239819004,0.7587276949760415,0.1717857312755602,0.3201438848920863,0.3869565217391304,0.2730061349693251,0.3000600095001596,0.0320486815415821,0.1353827863931656,7158,237,141,89,0.3217391304347826,0.4217391304347826,0.4956521739130435
7,43,xgboost,adasyn,ok,,62750,1565,9114,221,7625,230,549,1434,1.0,6.720360599923879,0.7515820313195645,0.1463472512826231,0.2553191489361702,0.2443438914027149,0.2673267326732673,0.2379156823030268,0.0166423029348926,0.1671172976493835,8745,148,167,54,0.1764705882352941,0.253393665158371,0.3076923076923077,0.7511485433753711,0.1503297643649498,0.3018242122719735,0.3956521739130434,0.2439678284182305,0.2834966750831353,0.0381338742393509,0.1671172976493835,7113,282,139,91,0.3043478260869565,0.408695652173913,0.5
7,43,xgboost,borderline_smote,ok,,62750,1565,9114,221,7625,230,549,1565,1.0,7.137489799875766,0.7280371515956675,0.1564220507941287,0.2835820895522388,0.2579185520361991,0.3149171270718232,0.2689847489949268,0.0139435511076127,0.2145925015211105,8769,124,164,57,0.2171945701357466,0.2850678733031674,0.3393665158371041,0.7538845283240733,0.1537827029824709,0.2916666666666667,0.3347826086956522,0.2583892617449664,0.2691012503827055,0.0298850574712643,0.2145925015211105,7174,221,153,77,0.3,0.4260869565217391,0.508695652173913
7,43,xgboost,class_weighted,ok,,62750,1565,9114,221,7625,230,549,0,39.09584664536741,5.394782399991527,0.7338310217044979,0.1635932898847392,0.2772277227722772,0.1900452488687782,0.5121951219512195,0.3022568135844123,0.0044979197121331,0.8177877068519592,8853,40,179,42,0.2081447963800905,0.253393665158371,0.334841628959276,0.7232001646235705,0.1374066428706415,0.217877094972067,0.1695652173913043,0.3046875,0.209723791833756,0.0120351588911426,0.8177877068519592,7306,89,191,39,0.2521739130434782,0.3260869565217391,0.4652173913043478
7,43,xgboost,random_over,ok,,62750,1565,9114,221,7625,230,549,1565,1.0,5.433672199957073,0.7427523198122679,0.1635304287762851,0.2466666666666666,0.167420814479638,0.4683544303797468,0.2699758206422968,0.0047228156977397,0.3644441664218902,8851,42,184,37,0.1900452488687782,0.2760180995475113,0.3438914027149321,0.7459358556016109,0.1634045843472344,0.1775147928994082,0.1304347826086956,0.2777777777777778,0.1735287205165972,0.0105476673427991,0.3644441664218902,7317,78,200,30,0.2739130434782608,0.408695652173913,0.4869565217391304
7,43,xgboost,random_under_10to1,ok,,62750,1565,9114,221,7625,230,549,-45535,1.0,2.43001260003075,0.7512100879587534,0.1731761783453221,0.2649006622516556,0.1809954751131221,0.4938271604938271,0.2890837517097306,0.0046103677049364,0.6392089128494263,8852,41,181,40,0.1990950226244343,0.253393665158371,0.3212669683257919,0.7609418820001764,0.1617939201954685,0.2441860465116279,0.1826086956521739,0.3684210526315789,0.2436449027855917,0.00973630831643,0.6392089128494263,7323,72,188,42,0.2565217391304348,0.3391304347826087,0.4826086956521739
7,43,xgboost,smote,ok,,62750,1565,9114,221,7625,230,549,1565,1.0,5.775643799919635,0.7403270557502901,0.1490464609300296,0.2681564245810056,0.2171945701357466,0.3503649635036496,0.2619125189573535,0.0100078713594962,0.1890256553888321,8804,89,173,48,0.2126696832579185,0.253393665158371,0.3122171945701357,0.7567545638945233,0.1724250247585346,0.2931726907630522,0.3173913043478261,0.2723880597014925,0.2702970190143759,0.0263691683569979,0.1890256553888321,7200,195,157,73,0.3130434782608696,0.4391304347826087,0.5043478260869565
7,43,xgboost,unweighted,ok,,62750,1565,9114,221,7625,230,549,0,1.0,5.672505700029433,0.7474596166693719,0.168043543110991,0.2377622377622377,0.1538461538461538,0.5230769230769231,0.2748504144112109,0.0034858877769031,0.3101445138454437,8862,31,187,34,0.2126696832579185,0.2760180995475113,0.334841628959276,0.7513390363641709,0.170783641902435,0.2108262108262108,0.1608695652173913,0.3057851239669421,0.2046283093277549,0.0113590263691683,0.3101445138454437,7311,84,193,37,0.2782608695652174,0.4,0.4913043478260869
7,44,xgboost,adasyn,ok,,62750,1565,9114,221,7625,230,549,1434,1.0,6.747877300018445,0.7371337362804545,0.1403542763360476,0.2513966480446927,0.2036199095022624,0.3284671532846715,0.2443258293041604,0.0103452153379062,0.2549745738506317,8801,92,176,45,0.1855203619909502,0.2398190045248869,0.3303167420814479,0.7514522150689362,0.1432478233733878,0.2674897119341564,0.2826086956521739,0.25390625,0.2438207560678941,0.0258282623394185,0.2549745738506317,7204,191,165,65,0.2260869565217391,0.4130434782608695,0.4913043478260869
7,44,xgboost,borderline_smote,ok,,62750,1565,9114,221,7625,230,549,1565,1.0,6.780188699951395,0.7308554748180097,0.1581425136708387,0.2756892230576441,0.248868778280543,0.3089887640449438,0.2612619623385993,0.0138311031148094,0.1776751726865768,8770,123,166,55,0.1809954751131221,0.2669683257918552,0.3529411764705882,0.7341270541199989,0.1788428606139669,0.3143939393939394,0.3608695652173913,0.2785234899328859,0.2928415864992703,0.0290736984448952,0.1776751726865768,7180,215,147,83,0.3043478260869565,0.4130434782608695,0.4695652173913043
7,44,xgboost,class_weighted,ok,,62750,1565,9114,221,7625,230,549,0,39.09584664536741,5.389159899903461,0.7406888228221598,0.1679053532640665,0.2222222222222222,0.1628959276018099,0.3495145631067961,0.2260787448521151,0.007534015517823,0.7939841151237488,8826,67,185,36,0.1628959276018099,0.2036199095022624,0.3529411764705882,0.7173677866948879,0.1198859368137034,0.1865284974093264,0.1565217391304348,0.2307692307692307,0.1695041381818295,0.0162271805273833,0.7939841151237488,7275,120,194,36,0.1565217391304348,0.3304347826086956,0.4782608695652174
7,44,xgboost,random_over,ok,,62750,1565,9114,221,7625,230,549,1565,1.0,5.426238700048998,0.7504143021635299,0.1852187931195379,0.2992518703241895,0.2714932126696832,0.3333333333333333,0.2852199126029767,0.0134937591363994,0.1945571154356002,8773,120,161,60,0.2217194570135746,0.2850678733031674,0.3303167420814479,0.7582726283916864,0.1770483194678102,0.3209876543209876,0.3956521739130434,0.2700296735905044,0.3015683987027719,0.0332657200811359,0.1945571154356002,7149,246,139,91,0.3217391304347826,0.4130434782608695,0.4956521739130435
7,44,xgboost,random_under_10to1,ok,,62750,1565,9114,221,7625,230,549,-45535,1.0,2.431933599989861,0.7526205216060423,0.155456213185182,0.2842639593908629,0.253393665158371,0.3236994219653179,0.2707974259306135,0.0131564151579894,0.4224812984466553,8776,117,165,56,0.2081447963800905,0.2850678733031674,0.3393665158371041,0.7665602492871213,0.1922473205378406,0.3279352226720647,0.3521739130434783,0.3068181818181818,0.3063216816973039,0.0247464503042596,0.4224812984466553,7212,183,149,81,0.308695652173913,0.3956521739130434,0.508695652173913
7,44,xgboost,smote,ok,,62750,1565,9114,221,7625,230,549,1565,1.0,5.771358500001952,0.7414774852151242,0.1473887304064612,0.2413793103448276,0.1900452488687782,0.3307086614173228,0.2368412724908552,0.0095580793882829,0.2346120178699493,8808,85,179,42,0.1900452488687782,0.2352941176470588,0.3303167420814479,0.7488396977981597,0.1402124964420381,0.2157303370786517,0.208695652173913,0.2232558139534883,0.1923007494170075,0.0225828262339418,0.2346120178699493,7228,167,182,48,0.208695652173913,0.3478260869565217,0.5260869565217391
7,44,xgboost,unweighted,ok,,62750,1565,9114,221,7625,230,549,0,1.0,5.455330899916589,0.7530685327266908,0.1762159462516951,0.270440251572327,0.1945701357466063,0.4432989690721649,0.282559555653734,0.0060721916113797,0.2489894777536392,8839,54,178,43,0.2081447963800905,0.2895927601809955,0.3438914027149321,0.749665167416292,0.1719398726716573,0.3004926108374384,0.2652173913043478,0.3465909090909091,0.2843725593256498,0.015551048005409,0.2489894777536392,7280,115,169,61,0.3347826086956522,0.417391304347826,0.4956521739130435
7,45,xgboost,adasyn,ok,,62750,1565,9114,221,7625,230,549,1434,1.0,7.27535739983432,0.7490216770218887,0.1411694486735428,0.2592592592592592,0.2217194570135746,0.3121019108280254,0.247758633732057,0.0121443832227594,0.2170197665691375,8785,108,172,49,0.171945701357466,0.2398190045248869,0.3167420814479638,0.7586418555428168,0.1462879671128208,0.2830540037243947,0.3304347826086956,0.247557003257329,0.2603307798276233,0.0312373225152129,0.2170197665691375,7164,231,154,76,0.2826086956521739,0.3869565217391304,0.4956521739130435
7,45,xgboost,borderline_smote,ok,,62750,1565,9114,221,7625,230,549,1565,1.0,6.728129899827763,0.7468068077337762,0.1584243261674951,0.2558139534883721,0.248868778280543,0.2631578947368421,0.2379459492162997,0.0173169908917125,0.1584993153810501,8739,154,166,55,0.1764705882352941,0.2579185520361991,0.3212669683257919,0.7418185025134492,0.1586032078291172,0.3097643097643097,0.4,0.2527472527472527,0.2913747587678389,0.0367816091954023,0.1584993153810501,7123,272,138,92,0.3043478260869565,0.408695652173913,0.4739130434782608
7,45,xgboost,class_weighted,ok,,62750,1565,9114,221,7625,230,549,0,39.09584664536741,5.50958410021849,0.742027513632411,0.1667167951065922,0.2093862815884476,0.1312217194570135,0.5178571428571429,0.2523186962688167,0.0030360958056898,0.8505951166152954,8866,27,192,29,0.1855203619909502,0.2352941176470588,0.3438914027149321,0.7140271040950114,0.1440903483851017,0.1172413793103448,0.0739130434782608,0.2833333333333333,0.1318223988012597,0.005814739688979,0.8505951166152954,7352,43,213,17,0.2565217391304348,0.3304347826086956,0.4391304347826087
7,45,xgboost,random_over,ok,,62750,1565,9114,221,7625,230,549,1565,1.0,5.199113799957559,0.7387125875097248,0.1623018241367755,0.2824858757062147,0.2262443438914027,0.3759398496240601,0.2782364427106654,0.0093331834026762,0.2894739508628845,8810,83,171,50,0.2262443438914027,0.2760180995475113,0.334841628959276,0.7502654555075403,0.1774619048540143,0.3253968253968254,0.3565217391304348,0.2992700729927007,0.3037613508137901,0.0259634888438133,0.2894739508628845,7203,192,148,82,0.3565217391304348,0.4130434782608695,0.4913043478260869
7,45,xgboost,random_under_10to1,ok,,62750,1565,9114,221,7625,230,549,-45535,1.0,2.165182399796322,0.7434079272273225,0.1482716566723132,0.2487562189054726,0.2262443438914027,0.2762430939226519,0.2331958097181882,0.014730687057236,0.391236275434494,8762,131,171,50,0.171945701357466,0.248868778280543,0.334841628959276,0.768660963635829,0.1582618435151317,0.3035714285714285,0.3695652173913043,0.2575757575757575,0.2827901007247096,0.033130493576741,0.391236275434494,7150,245,145,85,0.2565217391304348,0.4217391304347826,0.4913043478260869
7,45,xgboost,smote,ok,,62750,1565,9114,221,7625,230,549,1565,1.0,5.390836399979889,0.7421481026563675,0.1386279315337574,0.2673521850899742,0.2352941176470588,0.3095238095238095,0.2541518403945804,0.0130439671651861,0.1887901425361633,8777,116,169,52,0.1855203619909502,0.2579185520361991,0.3257918552036199,0.7648052444366052,0.1636754897374031,0.3117338003502627,0.3869565217391304,0.2609970674486803,0.2920096528069104,0.034077079107505,0.1887901425361633,7143,252,141,89,0.3,0.4217391304347826,0.508695652173913
7,45,xgboost,unweighted,ok,,62750,1565,9114,221,7625,230,549,0,1.0,5.546311799902469,0.7463585422059039,0.1617089282883805,0.2356687898089172,0.167420814479638,0.3978494623655914,0.2466101606533729,0.0062970875969863,0.3068671226501465,8837,56,184,37,0.1900452488687782,0.253393665158371,0.3438914027149321,0.7592486109886233,0.1613948426238737,0.2199488491048593,0.1869565217391304,0.2670807453416149,0.2034369525481049,0.0159567275185936,0.3068671226501465,7277,118,187,43,0.2956521739130435,0.4347826086956521,0.4869565217391304
7,46,xgboost,adasyn,ok,,62750,1565,9114,221,7625,230,549,1434,1.0,7.676459100097418,0.7480030304988468,0.1452900225628151,0.2556818181818182,0.2036199095022624,0.3435114503816794,0.2506468988900182,0.0096705273810862,0.2388104349374771,8807,86,176,45,0.2036199095022624,0.2398190045248869,0.3122171945701357,0.742629273598495,0.1410713068266136,0.2584745762711864,0.2652173913043478,0.2520661157024793,0.2348873677024498,0.0244759972954699,0.2388104349374771,7214,181,169,61,0.2652173913043478,0.417391304347826,0.4695652173913043
7,46,xgboost,borderline_smote,ok,,62750,1565,9114,221,7625,230,549,1565,1.0,8.018208699999377,0.7405204052401783,0.1470544681080275,0.253012048192771,0.1900452488687782,0.3783783783783784,0.2556343953994061,0.0077589115034296,0.2840001881122589,8824,69,179,42,0.2036199095022624,0.2760180995475113,0.3257918552036199,0.7431081518064497,0.1624101476514219,0.2549019607843137,0.2260869565217391,0.2921348314606741,0.2367986446299392,0.0170385395537525,0.2840001881122589,7269,126,178,52,0.2739130434782608,0.4260869565217391,0.4826086956521739
7,46,xgboost,class_weighted,ok,,62750,1565,9114,221,7625,230,549,0,39.09584664536741,5.746280600083992,0.7475262713619385,0.155836209298069,0.2184300341296928,0.1447963800904977,0.4444444444444444,0.2437668742781087,0.0044979197121331,0.8352078795433044,8853,40,189,32,0.1809954751131221,0.2352941176470588,0.3257918552036199,0.7256780433312755,0.1350826675670626,0.16,0.1130434782608695,0.2736842105263158,0.1599212894583146,0.0093306288032454,0.8352078795433044,7326,69,204,26,0.2217391304347826,0.3173913043478261,0.4391304347826087
7,46,xgboost,random_over,ok,,62750,1565,9114,221,7625,230,549,1565,1.0,5.679281700169668,0.7377672102670614,0.162278248349746,0.2109090909090909,0.1312217194570135,0.5370370370370371,0.2573711764258989,0.0028111998200832,0.4775972664356231,8868,25,192,29,0.1990950226244343,0.2805429864253393,0.334841628959276,0.7671058588352883,0.1496137879293262,0.0828025477707006,0.0565217391304347,0.1547619047619047,0.076885241232764,0.0096010818120351,0.4775972664356231,7324,71,217,13,0.2304347826086956,0.3826086956521739,0.5173913043478261
7,46,xgboost,random_under_10to1,ok,,62750,1565,9114,221,7625,230,549,-45535,1.0,2.8485065998975188,0.7638871999075993,0.1597824187878946,0.2606516290726817,0.2352941176470588,0.2921348314606741,0.2457977282646187,0.0141684470932193,0.369019091129303,8767,126,169,52,0.1855203619909502,0.2579185520361991,0.3393665158371041,0.7597386600817239,0.1853284636718579,0.3173996175908222,0.3608695652173913,0.2832764505119454,0.2958305656082671,0.0283975659229208,0.369019091129303,7185,210,147,83,0.3260869565217391,0.3956521739130434,0.4695652173913043
7,46,xgboost,smote,ok,,62750,1565,9114,221,7625,230,549,1565,1.0,6.79254740010947,0.7336898256954348,0.1390074413311634,0.2690355329949238,0.2398190045248869,0.3063583815028902,0.2551156986446503,0.0134937591363994,0.1875414103269577,8773,120,168,53,0.2081447963800905,0.2443438914027149,0.3393665158371041,0.744130287797278,0.1498220078311938,0.3175803402646502,0.3652173913043478,0.2809364548494983,0.2962026384722845,0.0290736984448952,0.1875414103269577,7180,215,146,84,0.2217391304347826,0.391304347826087,0.4521739130434782
7,46,xgboost,unweighted,ok,,62750,1565,9114,221,7625,230,549,0,1.0,5.79914000001736,0.7495979093831999,0.1711812557305621,0.2849462365591398,0.2398190045248869,0.3509933774834437,0.2757143849265066,0.0110199032947261,0.1976456493139267,8795,98,168,53,0.2126696832579185,0.2895927601809955,0.3393665158371041,0.757344856983273,0.1882812409285267,0.3394683026584867,0.3608695652173913,0.3204633204633205,0.3182636088054538,0.0237998647734956,0.1976456493139267,7219,176,147,83,0.3347826086956522,0.4478260869565217,0.5130434782608696
8,42,xgboost,adasyn,ok,,18853,546,2814,71,2282,27,220,584,1.0,1.7125130000058562,0.8673088476172384,0.3422080554666398,0.4280155642023346,0.7746478873239436,0.2956989247311828,0.4588192120596758,0.0477579292745169,0.0534311532974243,2612,131,16,55,0.3661971830985915,0.4366197183098591,0.7746478873239436,0.3558019216555801,0.0342739961399301,0.136986301369863,0.1851851851851851,0.108695652173913,0.1284888869220913,0.0181818181818181,0.0534311532974243,2214,41,22,5,0.0,0.0,0.1851851851851851
8,42,xgboost,borderline_smote,ok,,18853,546,2814,71,2282,27,220,546,1.0,1.272966899909079,0.86566574070746,0.3263830589306213,0.4368932038834951,0.6338028169014085,0.3333333333333333,0.4410192504111628,0.0328107911046299,0.1339316070079803,2653,90,26,45,0.2957746478873239,0.4647887323943662,0.704225352112676,0.3450275108811694,0.0318822642340233,0.1333333333333333,0.1481481481481481,0.1212121212121212,0.122535580667537,0.012860310421286,0.1339316070079803,2226,29,23,4,0.0,0.037037037037037,0.1851851851851851
8,42,xgboost,class_weighted,ok,,18853,546,2814,71,2282,27,220,0,33.52930402930403,1.58100530016236,0.8476788547544839,0.2693679374044941,0.45,0.380281690140845,0.5510204081632653,0.4463179259852655,0.0080204156033539,0.9642775058746338,2721,22,44,27,0.380281690140845,0.4507042253521127,0.5211267605633803,0.3390654512605732,0.0324345011704435,0.0,0.0,0.0,-0.0032408294992417,0.0008869179600886,0.9642775058746338,2253,2,27,0,0.0,0.0,0.1851851851851851
8,42,xgboost,random_over,ok,,18853,546,2814,71,2282,27,220,546,1.0,1.6320289000868795,0.8730597218014615,0.3593858296493675,0.4714285714285714,0.4647887323943662,0.4782608695652174,0.4579965797178413,0.0131243164418519,0.3978487849235534,2707,36,38,33,0.380281690140845,0.4647887323943662,0.704225352112676,0.5462100681612877,0.0359168919185882,0.0,0.0,0.0,-0.0064902043667276,0.0035476718403547,0.3978487849235534,2247,8,27,0,0.0,0.0,0.1851851851851851
8,42,xgboost,random_under_10to1,ok,,18853,546,2814,71,2282,27,220,-12847,1.0,1.1959478000644594,0.8670469774534922,0.3800911032764462,0.4601769911504424,0.3661971830985915,0.6190476190476191,0.4660820784248835,0.0058330295297119,0.908790409564972,2727,16,45,26,0.3943661971830985,0.4788732394366197,0.7464788732394366,0.3392461197339246,0.0349145406681302,0.0,0.0,0.0,-0.0022911101342299,0.0004434589800443,0.908790409564972,2254,1,27,0,0.0,0.1111111111111111,0.1851851851851851
8,42,xgboost,smote,ok,,18853,546,2814,71,2282,27,220,546,1.0,1.6759836999699471,0.8649776896889907,0.3409160568934543,0.4426229508196721,0.380281690140845,0.5294117647058824,0.4367802007494327,0.0087495442945679,0.6976429224014282,2719,24,44,27,0.380281690140845,0.4647887323943662,0.6197183098591549,0.3131641619446497,0.0356644100876857,0.0,0.0,0.0,-0.0032408294992417,0.0008869179600886,0.6976429224014282,2253,2,27,0,0.0,0.074074074074074,0.1851851851851851
8,42,xgboost,unweighted,ok,,18853,546,2814,71,2282,27,220,0,1.0,2.507206100039184,0.8675501789446118,0.3580939618182779,0.453781512605042,0.380281690140845,0.5625,0.4513031224948508,0.0076558512577469,0.8041063547134399,2722,21,44,27,0.380281690140845,0.4647887323943662,0.7183098591549296,0.4455613040978894,0.0347206840275045,0.0,0.0,0.0,-0.0032408294992417,0.0008869179600886,0.8041063547134399,2253,2,27,0,0.0,0.0,0.1851851851851851
8,43,xgboost,adasyn,ok,,18853,546,2814,71,2282,27,220,584,1.0,1.865785900037736,0.8693165188726232,0.3472285913622163,0.4247104247104247,0.7746478873239436,0.2925531914893617,0.4560879635695183,0.0484870579657309,0.0377813503146171,2610,133,16,55,0.380281690140845,0.3943661971830985,0.7746478873239436,0.324973310339164,0.0410084651739536,0.1282051282051282,0.1851851851851851,0.0980392156862745,0.1205426636384378,0.0203991130820399,0.0377813503146171,2209,46,22,5,0.0,0.074074074074074,0.1851851851851851
8,43,xgboost,borderline_smote,ok,,18853,546,2814,71,2282,27,220,546,1.0,1.7890838999301195,0.8634526810883529,0.3127992945077407,0.4296296296296296,0.4084507042253521,0.453125,0.4162381321879916,0.0127597520962449,0.564736008644104,2708,35,42,29,0.3661971830985915,0.4507042253521127,0.6056338028169014,0.3466535271413319,0.0276592333949829,0.0,0.0,0.0,-0.00512757587852,0.0022172949002217,0.564736008644104,2250,5,27,0,0.0,0.074074074074074,0.1851851851851851
8,43,xgboost,class_weighted,ok,,18853,546,2814,71,2282,27,220,0,33.52930402930403,1.6775439998600632,0.8324287687481066,0.3180491060109621,0.4655172413793103,0.380281690140845,0.6,0.4672186170949158,0.0065621582209259,0.9734242558479308,2725,18,44,27,0.3943661971830985,0.4507042253521127,0.5070422535211268,0.4087952697708795,0.0412153461153279,0.0,0.0,0.0,0.0,0.0,0.9734242558479308,2255,0,27,0,0.0,0.037037037037037,0.1851851851851851
8,43,xgboost,random_over,ok,,18853,546,2814,71,2282,27,220,546,1.0,1.2946814999449998,0.8715501173281027,0.3696625953612459,0.4576271186440678,0.380281690140845,0.574468085106383,0.4564426598561403,0.0072912869121399,0.7304347157478333,2723,20,44,27,0.4084507042253521,0.4507042253521127,0.7323943661971831,0.3809312638580931,0.035452770822872,0.0,0.0,0.0,-0.0032408294992417,0.0008869179600886,0.7304347157478333,2253,2,27,0,0.0,0.1111111111111111,0.1851851851851851
8,43,xgboost,random_under_10to1,ok,,18853,546,2814,71,2282,27,220,-12847,1.0,1.249193900031969,0.882060866841589,0.3679547641688533,0.4864864864864865,0.380281690140845,0.675,0.4975282873661443,0.0047393364928909,0.9136165380477904,2730,13,44,27,0.380281690140845,0.4366197183098591,0.7746478873239436,0.3472448057813911,0.0366197542570746,0.0,0.0,0.0,0.0,0.0,0.9136165380477904,2255,0,27,0,0.0,0.037037037037037,0.1851851851851851
8,43,xgboost,smote,ok,,18853,546,2814,71,2282,27,220,546,1.0,1.6226565998513252,0.8651214615435963,0.3423205270538051,0.4482758620689655,0.3661971830985915,0.5777777777777777,0.4491546023043041,0.0069267225665329,0.8195054531097412,2724,19,45,26,0.3943661971830985,0.4647887323943662,0.6197183098591549,0.3311324628397799,0.0354508067679592,0.0,0.0,0.0,-0.0032408294992417,0.0008869179600886,0.8195054531097412,2253,2,27,0,0.0,0.074074074074074,0.1851851851851851
8,43,xgboost,unweighted,ok,,18853,546,2814,71,2282,27,220,0,1.0,1.6519849000032991,0.8742612437292365,0.4317518936007127,0.490566037735849,0.3661971830985915,0.7428571428571429,0.5135349695484506,0.0032810791104629,0.7793624997138977,2734,9,45,26,0.3943661971830985,0.4647887323943662,0.7887323943661971,0.4248829761024882,0.0370593942215396,0.0,0.0,0.0,-0.0032408294992417,0.0008869179600886,0.7793624997138977,2253,2,27,0,0.0,0.074074074074074,0.1851851851851851
8,44,xgboost,adasyn,ok,,18853,546,2814,71,2282,27,220,584,1.0,1.5607461999170482,0.8679660903811495,0.3670423128827738,0.3970588235294117,0.7605633802816901,0.2686567164179104,0.4305036294128574,0.0535909588042289,0.0371687933802604,2596,147,17,54,0.380281690140845,0.4366197183098591,0.6901408450704225,0.4096411267142974,0.0376496612976045,0.108695652173913,0.1851851851851851,0.0769230769230769,0.1030760097817873,0.0266075388026607,0.0371687933802604,2195,60,22,5,0.0,0.037037037037037,0.1851851851851851
8,44,xgboost,borderline_smote,ok,,18853,546,2814,71,2282,27,220,546,1.0,1.4143383000046017,0.8683255200176633,0.3520651323067036,0.4343891402714932,0.676056338028169,0.32,0.4460077036551585,0.0371855632519139,0.0832434371113777,2641,102,23,48,0.380281690140845,0.4647887323943662,0.7183098591549296,0.3819742136815307,0.0336202217835546,0.1587301587301587,0.1851851851851851,0.1388888888888889,0.1487667964463862,0.0137472283813747,0.0832434371113777,2224,31,22,5,0.0,0.037037037037037,0.1851851851851851
8,44,xgboost,class_weighted,ok,,18853,546,2814,71,2282,27,220,0,33.52930402930403,1.643362999893725,0.8415377426791885,0.271533252126046,0.4426229508196721,0.380281690140845,0.5294117647058824,0.4367802007494327,0.0087495442945679,0.9546656608581544,2719,24,44,27,0.3943661971830985,0.4647887323943662,0.5070422535211268,0.391393610905806,0.0395525364347576,0.0,0.0,0.0,-0.0022911101342299,0.0004434589800443,0.9546656608581544,2254,1,27,0,0.0,0.037037037037037,0.1481481481481481
8,44,xgboost,random_over,ok,,18853,546,2814,71,2282,27,220,546,1.0,1.603668399853632,0.8599816177414468,0.410281788597656,0.4629629629629629,0.352112676056338,0.6756756756756757,0.47874616515472,0.0043747721472839,0.9030336141586304,2731,12,46,25,0.3943661971830985,0.4507042253521127,0.6338028169014085,0.3355013550135501,0.0294186206748372,0.0,0.0,0.0,0.0,0.0,0.9030336141586304,2255,0,27,0,0.0,0.0,0.1851851851851851
8,44,xgboost,random_under_10to1,ok,,18853,546,2814,71,2282,27,220,-12847,1.0,1.2260123998858037,0.8535837702114988,0.3279011647217242,0.4601769911504424,0.3661971830985915,0.6190476190476191,0.4660820784248835,0.0058330295297119,0.883825957775116,2727,16,45,26,0.3661971830985915,0.4507042253521127,0.5070422535211268,0.3037529769237086,0.038392076137481,0.0,0.0,0.0,-0.0022911101342299,0.0004434589800443,0.883825957775116,2254,1,27,0,0.0,0.074074074074074,0.1851851851851851
8,44,xgboost,smote,ok,,18853,546,2814,71,2282,27,220,546,1.0,1.6306571001186967,0.8663024446349992,0.3136168971411385,0.4552845528455284,0.7887323943661971,0.32,0.4840198470281528,0.0433831571272329,0.0516606830060482,2624,119,15,56,0.380281690140845,0.4507042253521127,0.7887323943661971,0.376463825244313,0.036481786756731,0.1333333333333333,0.1851851851851851,0.1041666666666666,0.1251715387296577,0.0190687361419068,0.0516606830060482,2212,43,22,5,0.0,0.1111111111111111,0.1851851851851851
8,44,xgboost,unweighted,ok,,18853,546,2814,71,2282,27,220,0,1.0,1.150855999905616,0.8628621895426516,0.3457835244420207,0.453125,0.4084507042253521,0.5087719298245614,0.4433373406615469,0.0102078016769959,0.5460129976272583,2715,28,42,29,0.3943661971830985,0.4788732394366197,0.5915492957746479,0.3740822862774082,0.0282891643103865,0.0,0.0,0.0,-0.0045852365410422,0.0017738359201773,0.5460129976272583,2251,4,27,0,0.0,0.037037037037037,0.1851851851851851
8,45,xgboost,adasyn,ok,,18853,546,2814,71,2282,27,220,584,1.0,2.7257978001143783,0.8656606059983671,0.3177471367608405,0.4382470119521912,0.7746478873239436,0.3055555555555556,0.4672739208352975,0.0455705432008749,0.042087122797966,2618,125,16,55,0.3661971830985915,0.4084507042253521,0.7746478873239436,0.3685801100435246,0.0375734308104691,0.125,0.1851851851851851,0.0943396226415094,0.1176627239770841,0.0212860310421286,0.042087122797966,2207,48,22,5,0.0,0.074074074074074,0.1851851851851851
8,45,xgboost,borderline_smote,ok,,18853,546,2814,71,2282,27,220,546,1.0,1.6667771998327223,0.8694346171817635,0.3483575920064223,0.4493392070484581,0.7183098591549296,0.3269230769230769,0.4660481067192565,0.0382792562887349,0.0963127017021179,2638,105,20,51,0.3661971830985915,0.4366197183098591,0.7746478873239436,0.3154800032848813,0.0368428698307406,0.1785714285714285,0.1851851851851851,0.1724137931034483,0.1684906984471937,0.0106430155210643,0.0963127017021179,2231,24,22,5,0.0,0.037037037037037,0.1851851851851851
8,45,xgboost,class_weighted,ok,,18853,546,2814,71,2282,27,220,0,33.52930402930403,1.6301812999881804,0.8345391341853527,0.232050489715082,0.4390243902439024,0.380281690140845,0.5192307692307693,0.4322137772083966,0.0091141086401749,0.9618025422096252,2718,25,44,27,0.380281690140845,0.4647887323943662,0.5070422535211268,0.371520078837152,0.0449484682964921,0.0,0.0,0.0,-0.0032408294992417,0.0008869179600886,0.9618025422096252,2253,2,27,0,0.0,0.1111111111111111,0.1481481481481481
8,45,xgboost,random_over,ok,,18853,546,2814,71,2282,27,220,546,1.0,1.7525428999215364,0.8642485609977767,0.3366763848393552,0.4661654135338345,0.4366197183098591,0.5,0.4543975801802426,0.0113014947138169,0.508213460445404,2712,31,40,31,0.3943661971830985,0.4507042253521127,0.6338028169014085,0.428430647942843,0.0315291831423703,0.0,0.0,0.0,-0.0056182117707078,0.002660753880266,0.508213460445404,2249,6,27,0,0.0,0.0,0.1851851851851851
8,45,xgboost,random_under_10to1,ok,,18853,546,2814,71,2282,27,220,-12847,1.0,1.3385710997972635,0.875396014438802,0.4156733221810345,0.4761904761904761,0.352112676056338,0.7352941176470589,0.500721267438485,0.0032810791104629,0.9307730793952942,2734,9,46,25,0.3943661971830985,0.4647887323943662,0.704225352112676,0.3577892748624456,0.040825772978979,0.0,0.0,0.0,0.0,0.0,0.9307730793952942,2255,0,27,0,0.1111111111111111,0.1111111111111111,0.1851851851851851
8,45,xgboost,smote,ok,,18853,546,2814,71,2282,27,220,546,1.0,1.6712919999845326,0.8747849840567282,0.3646090827736543,0.4482758620689655,0.3661971830985915,0.5777777777777777,0.4491546023043041,0.0069267225665329,0.763062596321106,2724,19,45,26,0.380281690140845,0.4366197183098591,0.7464788732394366,0.3372094933070542,0.0332144865173468,0.0,0.0,0.0,-0.0045852365410422,0.0017738359201773,0.763062596321106,2251,4,27,0,0.0,0.074074074074074,0.1851851851851851
8,45,xgboost,unweighted,ok,,18853,546,2814,71,2282,27,220,0,1.0,1.3327808000613004,0.8638634578157973,0.3404765644973411,0.4516129032258064,0.3943661971830985,0.5283018867924528,0.444442868418152,0.0091141086401749,0.7063484787940979,2718,25,43,28,0.3943661971830985,0.4647887323943662,0.6338028169014085,0.3519750349018642,0.0284653968073378,0.0,0.0,0.0,-0.00512757587852,0.0022172949002217,0.7063484787940979,2250,5,27,0,0.0,0.037037037037037,0.1851851851851851
8,46,xgboost,adasyn,ok,,18853,546,2814,71,2282,27,220,584,1.0,2.360503299860284,0.8588776552864397,0.3449995973193231,0.4482758620689655,0.3661971830985915,0.5777777777777777,0.4491546023043041,0.0069267225665329,0.7530747652053833,2724,19,45,26,0.380281690140845,0.3943661971830985,0.5633802816901409,0.35706660096904,0.0330858251152293,0.0,0.0,0.0,-0.0032408294992417,0.0008869179600886,0.7530747652053833,2253,2,27,0,0.0,0.0,0.1851851851851851
8,46,xgboost,borderline_smote,ok,,18853,546,2814,71,2282,27,220,546,1.0,1.217388000106439,0.8748928129476824,0.3374440388229413,0.4106463878326996,0.7605633802816901,0.28125,0.4417621500618132,0.0503098796937659,0.055027425289154,2605,138,17,54,0.3661971830985915,0.4366197183098591,0.7464788732394366,0.3450767841011743,0.033193892842628,0.1282051282051282,0.1851851851851851,0.0980392156862745,0.1205426636384378,0.0203991130820399,0.055027425289154,2209,46,22,5,0.0,0.037037037037037,0.1851851851851851
8,46,xgboost,class_weighted,ok,,18853,546,2814,71,2282,27,220,0,33.52930402930403,1.856405100086704,0.8224879719439494,0.2950234388166715,0.4615384615384615,0.380281690140845,0.5869565217391305,0.4617448427885821,0.0069267225665329,0.96243155002594,2724,19,44,27,0.3943661971830985,0.4507042253521127,0.5070422535211268,0.437677588897101,0.0425214798910859,0.0,0.0,0.0,0.0,0.0,0.96243155002594,2255,0,27,0,0.0,0.037037037037037,0.1851851851851851
8,46,xgboost,random_over,ok,,18853,546,2814,71,2282,27,220,546,1.0,1.6428441999014467,0.8691727470180176,0.4202577727288562,0.4814814814814814,0.3661971830985915,0.7027027027027027,0.4986388413318738,0.0040102078016769,0.8710222244262695,2732,11,45,26,0.3943661971830985,0.4788732394366197,0.7183098591549296,0.4122033341545537,0.0399570762837883,0.0,0.0,0.0,-0.0032408294992417,0.0008869179600886,0.8710222244262695,2253,2,27,0,0.0,0.074074074074074,0.1851851851851851
8,46,xgboost,random_under_10to1,ok,,18853,546,2814,71,2282,27,220,-12847,1.0,1.152433400042355,0.8650547103253865,0.2873281734623643,0.4390243902439024,0.380281690140845,0.5192307692307693,0.4322137772083966,0.0091141086401749,0.8860020637512207,2718,25,44,27,0.380281690140845,0.4507042253521127,0.5211267605633803,0.3427609427609427,0.0301611319006939,0.0,0.0,0.0,-0.0032408294992417,0.0008869179600886,0.8860020637512207,2253,2,27,0,0.0,0.074074074074074,0.1851851851851851
8,46,xgboost,smote,ok,,18853,546,2814,71,2282,27,220,546,1.0,1.7732706000097096,0.8652344251436436,0.349393509996408,0.4409448818897638,0.7887323943661971,0.3060109289617486,0.4721861172909451,0.0462996718920889,0.0499525293707847,2616,127,15,56,0.380281690140845,0.4225352112676056,0.7887323943661971,0.324283485259095,0.040590108869377,0.1298701298701298,0.1851851851851851,0.1,0.1220423968100747,0.0199556541019955,0.0499525293707847,2210,45,22,5,0.0,0.074074074074074,0.1851851851851851
8,46,xgboost,unweighted,ok,,18853,546,2814,71,2282,27,220,0,1.0,2.1949848998337984,0.8689365503997373,0.4012891409657823,0.5,0.380281690140845,0.7297297297297297,0.5185315175090276,0.0036456434560699,0.7764399647712708,2733,10,44,27,0.380281690140845,0.4647887323943662,0.5352112676056338,0.4386794777038679,0.0310823172032769,0.0,0.0,0.0,-0.0045852365410422,0.0017738359201773,0.7764399647712708,2251,4,27,0,0.0,0.074074074074074,0.1851851851851851
9,42,xgboost,adasyn,ok,,19957,192,3050,35,2914,43,125,188,1.0,1.1288457000628114,0.5627197346600331,0.0150329264063212,0.0460652591170825,0.3428571428571428,0.0246913580246913,0.0540231135464897,0.1572139303482587,0.013364971615374,2541,474,23,12,0.0,0.0,0.0571428571428571,0.6586150194810981,0.0369739807883802,0.0525164113785558,0.2790697674418604,0.0289855072463768,0.0480228697714683,0.1400208986415883,0.013364971615374,2469,402,31,12,0.0,0.0,0.0697674418604651
9,42,xgboost,borderline_smote,ok,,19957,192,3050,35,2914,43,125,192,1.0,1.3663111999630928,0.6444823501539919,0.0340177481352742,0.1,0.0857142857142857,0.12,0.0926312720937036,0.0072968490878938,0.0746424794197082,2993,22,32,3,0.0857142857142857,0.1142857142857142,0.2285714285714285,0.7130243898487684,0.062371903129575,0.131578947368421,0.1162790697674418,0.1515151515151515,0.1213890058480814,0.0097526994078718,0.0746424794197082,2843,28,38,5,0.1162790697674418,0.1627906976744186,0.2790697674418604
9,42,xgboost,class_weighted,ok,,19957,192,3050,35,2914,43,125,0,102.94270833333331,1.180681600002572,0.6140724946695096,0.0191678395331409,0.0393782383419689,0.5428571428571428,0.0204301075268817,0.0556860780114309,0.3021558872305141,0.048275850713253,2104,911,16,19,0.0,0.0285714285714285,0.1428571428571428,0.629680931204588,0.023677233833649,0.0511111111111111,0.5348837209302325,0.0268378063010501,0.064674238520383,0.290491118077325,0.048275850713253,2037,834,20,23,0.0,0.0,0.0232558139534883
9,42,xgboost,random_over,ok,,19957,192,3050,35,2914,43,125,192,1.0,1.3459465999621898,0.574271499644634,0.0179314697690492,0.0518134715025906,0.2857142857142857,0.0284900284900284,0.0576098168646239,0.1131011608623548,0.0159354526549577,2674,341,25,10,0.0,0.0285714285714285,0.1428571428571428,0.6354321077657085,0.033227742937662,0.0567375886524822,0.1860465116279069,0.0334728033472803,0.0463980114582966,0.0804597701149425,0.0159354526549577,2640,231,35,8,0.0,0.0232558139534883,0.0465116279069767
9,42,xgboost,random_under_10to1,ok,,19957,192,3050,35,2914,43,125,-17845,1.0,1.0004110999871043,0.6373750296138355,0.0210992375730382,0.0458624127617148,0.6571428571428571,0.0237603305785123,0.0786487516931277,0.3134328358208955,0.0370455347001552,2070,945,12,23,0.0,0.0,0.0857142857142857,0.6594898463382824,0.0425634124235893,0.0505166475315729,0.5116279069767442,0.0265700483091787,0.0617280652258014,0.2807384186694531,0.0370455347001552,2065,806,21,22,0.0,0.0,0.0930232558139534
9,42,xgboost,smote,ok,,19957,192,3050,35,2914,43,125,192,1.0,1.3678192000370473,0.5821937929400616,0.0176169631262329,0.0416666666666666,0.0285714285714285,0.0769230769230769,0.0402036616783566,0.0039800995024875,0.0886481180787086,3003,12,34,1,0.0285714285714285,0.0285714285714285,0.0857142857142857,0.6592711396239864,0.0370980403073884,0.0377358490566037,0.0232558139534883,0.1,0.0414860858236237,0.0031347962382445,0.0886481180787086,2862,9,42,1,0.0232558139534883,0.0232558139534883,0.0930232558139534
9,42,xgboost,unweighted,ok,,19957,192,3050,35,2914,43,125,0,1.0,2.2465584999881685,0.5951575456053068,0.0209491498793781,0.0754716981132075,0.1714285714285714,0.0483870967741935,0.0713443744496439,0.0391376451077943,0.0189645700156688,2897,118,29,6,0.0285714285714285,0.0285714285714285,0.1714285714285714,0.7008983175783496,0.0445603433641679,0.0943396226415094,0.1162790697674418,0.0793650793650793,0.0796529011524257,0.0202020202020202,0.0189645700156688,2813,58,38,5,0.0,0.0,0.1162790697674418
9,43,xgboost,adasyn,ok,,19957,192,3050,35,2914,43,125,188,1.0,1.4325690001714977,0.5915375503435205,0.0151597701708673,0.0397727272727272,0.4,0.0209267563527653,0.0470380388210359,0.2172470978441127,0.0078609669581055,2360,655,21,14,0.0,0.0285714285714285,0.0285714285714285,0.6729767603865439,0.0363299762010491,0.0510366826156299,0.3720930232558139,0.0273972602739726,0.0524862543981855,0.1978404737025426,0.0078609669581055,2303,568,27,16,0.0,0.0465116279069767,0.0465116279069767
9,43,xgboost,borderline_smote,ok,,19957,192,3050,35,2914,43,125,192,1.0,1.3374509001150727,0.6126605069888652,0.0191514883678618,0.0500834724540901,0.4285714285714285,0.026595744680851,0.0676195938102728,0.1820895522388059,0.0090730506926774,2466,549,20,15,0.0,0.0285714285714285,0.0857142857142857,0.6529610459041092,0.0419859971151366,0.0585009140767824,0.3720930232558139,0.0317460317460317,0.0644363227574273,0.1699756182514803,0.0090730506926774,2383,488,27,16,0.0,0.0465116279069767,0.0465116279069767
9,43,xgboost,class_weighted,ok,,19957,192,3050,35,2914,43,125,0,102.94270833333331,1.2733557000756264,0.6461881070836295,0.0260329407201859,0.0610328638497652,0.3714285714285714,0.0332480818414322,0.0783904394650086,0.1253731343283582,0.1338718831539154,2637,378,22,13,0.0,0.0571428571428571,0.2,0.6526613367030368,0.0286904099026994,0.0472972972972973,0.1627906976744186,0.0276679841897233,0.0330185353637342,0.0856844305120167,0.1338718831539154,2625,246,36,7,0.0,0.0,0.0697674418604651
9,43,xgboost,random_over,ok,,19957,192,3050,35,2914,43,125,192,1.0,1.3351154001429677,0.6121487799099739,0.018172794664765,0.05625,0.2571428571428571,0.031578947368421,0.0605995649281635,0.0915422885572139,0.0144409090280532,2739,276,26,9,0.0,0.0,0.0571428571428571,0.651835111337918,0.0396032611085908,0.07,0.1627906976744186,0.0445859872611464,0.0590361677691774,0.0522466039707419,0.0144409090280532,2721,150,36,7,0.0,0.0,0.0930232558139534
9,43,xgboost,random_under_10to1,ok,,19957,192,3050,35,2914,43,125,-17845,1.0,0.7798044001683593,0.6280691779199241,0.0221724150928063,0.0481927710843373,0.5714285714285714,0.0251572327044025,0.0762739808933988,0.2570480928689884,0.0498347133398056,2240,775,15,20,0.0,0.0571428571428571,0.1142857142857142,0.6683029168995488,0.056987791502113,0.0624151967435549,0.5348837209302325,0.0331412103746397,0.0852515608139188,0.2337164750957854,0.0498347133398056,2200,671,20,23,0.0,0.0232558139534883,0.0930232558139534
9,43,xgboost,smote,ok,,19957,192,3050,35,2914,43,125,192,1.0,1.200181599939242,0.6180525941719972,0.0200703101463346,0.0475247524752475,0.3428571428571428,0.025531914893617,0.0563298491380471,0.1519071310116086,0.0105380816385149,2557,458,23,12,0.0,0.0285714285714285,0.1142857142857142,0.6566871602958211,0.0382089737807355,0.0589680589680589,0.2790697674418604,0.0329670329670329,0.0570618162138005,0.1226053639846743,0.0105380816385149,2519,352,31,12,0.0,0.0465116279069767,0.0930232558139534
9,43,xgboost,unweighted,ok,,19957,192,3050,35,2914,43,125,0,1.0,1.6917882999405265,0.5807344231224829,0.0170057837188925,0.0448065173116089,0.3142857142857143,0.0241228070175438,0.0497875495727036,0.1475953565505804,0.0090839089825749,2570,445,24,11,0.0,0.0285714285714285,0.0857142857142857,0.7098004908750698,0.0489838531365191,0.0856269113149847,0.3255813953488372,0.0492957746478873,0.0941315337245853,0.0940438871473354,0.0090839089825749,2601,270,29,14,0.0,0.0232558139534883,0.0465116279069767
9,44,xgboost,adasyn,ok,,19957,192,3050,35,2914,43,125,188,1.0,1.339602599851787,0.6050793650793651,0.0168414805895557,0.0457142857142857,0.3428571428571428,0.0244897959183673,0.0534593781410441,0.1585406301824212,0.0098349908366799,2537,478,23,12,0.0,0.0,0.0571428571428571,0.6362664333795047,0.027785189623609,0.0423280423280423,0.1860465116279069,0.0238805970149253,0.0272729774683019,0.1138975966562173,0.0098349908366799,2544,327,35,8,0.0,0.0,0.0465116279069767
9,44,xgboost,borderline_smote,ok,,19957,192,3050,35,2914,43,125,192,1.0,1.6009911999572068,0.5985880123193557,0.0179574532674091,0.0370697263901147,0.6,0.0191256830601092,0.0538716612629545,0.3572139303482587,0.0039481529965996,1938,1077,14,21,0.0,0.0571428571428571,0.1142857142857142,0.6918665403027873,0.0376698557325821,0.045958795562599,0.6744186046511628,0.0237899917965545,0.0635358223091483,0.4144897248345524,0.0039481529965996,1681,1190,14,29,0.0,0.1162790697674418,0.1860465116279069
9,44,xgboost,class_weighted,ok,,19957,192,3050,35,2914,43,125,0,102.94270833333331,1.4308351001236588,0.6116654821132432,0.0225097657394118,0.0804597701149425,0.2,0.0503597122302158,0.0797779308724739,0.0437810945273631,0.2551785111427307,2883,132,28,7,0.0,0.0285714285714285,0.2,0.652766639935846,0.0282379304465294,0.0219780219780219,0.0232558139534883,0.0208333333333333,0.0065224294457322,0.0163706025774991,0.2551785111427307,2824,47,42,1,0.0,0.0232558139534883,0.0232558139534883
9,44,xgboost,random_over,ok,,19957,192,3050,35,2914,43,125,192,1.0,1.2046304000541568,0.6484529732290927,0.026613607059937,0.081081081081081,0.2571428571428571,0.0481283422459893,0.0879510470762715,0.0590381426202321,0.0164322070777416,2837,178,26,9,0.0285714285714285,0.0571428571428571,0.2,0.7070140053299636,0.0564923303509922,0.1256544502617801,0.2790697674418604,0.081081081081081,0.1272386345144404,0.0473702542668059,0.0164322070777416,2735,136,31,12,0.0930232558139534,0.1395348837209302,0.2325581395348837
9,44,xgboost,random_under_10to1,ok,,19957,192,3050,35,2914,43,125,-17845,1.0,0.543497100006789,0.5912153518123668,0.0190694090392221,0.0495867768595041,0.2571428571428571,0.0274390243902439,0.0520290928006465,0.105804311774461,0.0959512367844581,2696,319,26,9,0.0,0.0571428571428571,0.1142857142857142,0.6870306918422395,0.0383941363653001,0.0948275862068965,0.2558139534883721,0.0582010582010582,0.0948906169202633,0.0619993033786137,0.0959512367844581,2693,178,32,11,0.0,0.0232558139534883,0.0697674418604651
9,44,xgboost,smote,ok,,19957,192,3050,35,2914,43,125,192,1.0,1.2540588998235762,0.55954513148543,0.0140170235983754,0.035264483627204,0.4,0.0184453227931488,0.0376667246046006,0.2470978441127695,0.0065617314539849,2270,745,21,14,0.0,0.0,0.0285714285714285,0.6479793929673641,0.0477271374067559,0.063953488372093,0.5116279069767442,0.0341085271317829,0.0855719036115107,0.216997561825148,0.0065617314539849,2248,623,21,22,0.0,0.0,0.0697674418604651
9,44,xgboost,unweighted,ok,,19957,192,3050,35,2914,43,125,0,1.0,1.3517231999430803,0.6142809760720208,0.0189929791137165,0.0450771055753262,0.5428571428571428,0.0235148514851485,0.0678603947094466,0.2616915422885572,0.0045445691794157,2226,789,16,19,0.0285714285714285,0.0285714285714285,0.0571428571428571,0.6597166533012563,0.0465835351315499,0.048780487804878,0.4418604651162791,0.0258152173913043,0.0533162254603465,0.2497387669801463,0.0045445691794157,2154,717,24,19,0.0232558139534883,0.0232558139534883,0.1627906976744186
9,45,xgboost,adasyn,ok,,19957,192,3050,35,2914,43,125,188,1.0,1.3190101000946015,0.5746126510305615,0.0175105183900853,0.0648648648648648,0.1714285714285714,0.04,0.0609099443601914,0.0477611940298507,0.0275262892246246,2871,144,29,6,0.0,0.0,0.1714285714285714,0.6561444436344196,0.0442880465415641,0.0792079207920792,0.0930232558139534,0.0689655172413793,0.0640687668480966,0.018808777429467,0.0275262892246246,2817,54,39,4,0.0,0.0,0.0930232558139534
9,45,xgboost,borderline_smote,ok,,19957,192,3050,35,2914,43,125,192,1.0,1.1332536998670548,0.6227908078654347,0.0215480933566242,0.065,0.3714285714285714,0.0356164383561643,0.0835703488896566,0.1167495854063018,0.00995509698987,2663,352,22,13,0.0285714285714285,0.0285714285714285,0.1428571428571428,0.6741755971908339,0.0527372545816949,0.0709677419354838,0.2558139534883721,0.0411985018726591,0.0696488902064079,0.0891675374433995,0.00995509698987,2615,256,32,11,0.0465116279069767,0.0465116279069767,0.1162790697674418
9,45,xgboost,class_weighted,ok,,19957,192,3050,35,2914,43,125,0,102.94270833333331,1.1059187001083046,0.6133617626154939,0.0202088982758527,0.0556844547563805,0.3428571428571428,0.0303030303030303,0.068283335556859,0.1273631840796019,0.1248986050486564,2631,384,23,12,0.0,0.0,0.0857142857142857,0.6027881055948416,0.0204312447998951,0.0347222222222222,0.1162790697674418,0.0204081632653061,0.0142015381875024,0.083594566353187,0.1248986050486564,2631,240,38,5,0.0,0.0,0.0
9,45,xgboost,random_over,ok,,19957,192,3050,35,2914,43,125,192,1.0,1.1800639000721276,0.6131153755034352,0.0221146898303597,0.0539730134932533,0.5142857142857142,0.0284810126582278,0.0816290197790127,0.2036484245439469,0.0068489522673189,2401,614,17,18,0.0,0.0571428571428571,0.1428571428571428,0.6832073744663961,0.0389551377491308,0.0622950819672131,0.4418604651162791,0.0335097001763668,0.0764456191052637,0.190874259839777,0.0068489522673189,2323,548,24,19,0.0,0.0232558139534883,0.1162790697674418
9,45,xgboost,random_under_10to1,ok,,19957,192,3050,35,2914,43,125,-17845,1.0,0.7527596999425441,0.5961336176261549,0.0167303195660228,0.0470957613814756,0.4285714285714285,0.0249169435215946,0.0625840295911499,0.1946932006633499,0.0412590578198432,2428,587,20,15,0.0,0.0,0.0571428571428571,0.6540464792269122,0.0355055761927479,0.056547619047619,0.4418604651162791,0.0302066772655007,0.0672293116375212,0.2124695228143504,0.0412590578198432,2261,610,24,19,0.0,0.0,0.0930232558139534
9,45,xgboost,smote,ok,,19957,192,3050,35,2914,43,125,192,1.0,1.061031199991703,0.6431366974650558,0.0189713132589742,0.0328587075575027,0.8571428571428571,0.016750418760469,0.0590718110050287,0.5840796019900497,0.0024955796543508,1254,1761,5,30,0.0,0.0,0.0857142857142857,0.658347711274736,0.0400999958816179,0.0393198724760892,0.8604651162790697,0.0201196302338227,0.058177620438003,0.6276558690351793,0.0024955796543508,1069,1802,6,37,0.0,0.0,0.0930232558139534
9,45,xgboost,unweighted,ok,,19957,192,3050,35,2914,43,125,0,1.0,1.2971798998769373,0.6369201610992656,0.0214450289245213,0.0489596083231334,0.5714285714285714,0.0255754475703324,0.0777363750893474,0.2527363184079602,0.0050543169490993,2253,762,15,20,0.0285714285714285,0.0285714285714285,0.1142857142857142,0.6428114343110334,0.0263406405032271,0.0478199718706047,0.3953488372093023,0.0254491017964071,0.048362820297603,0.2267502612330198,0.0050543169490993,2220,651,26,17,0.0232558139534883,0.0232558139534883,0.0697674418604651
9,46,xgboost,adasyn,ok,,19957,192,3050,35,2914,43,125,188,1.0,1.9477321000304075,0.5682444918265814,0.0153295851915692,0.041025641025641,0.2285714285714285,0.0225352112676056,0.0376881031947435,0.1150912106135986,0.0123522151261568,2668,347,27,8,0.0,0.0285714285714285,0.0571428571428571,0.6645606020104816,0.0456010418559114,0.0719424460431654,0.2325581395348837,0.0425531914893617,0.0682781537420094,0.0783699059561128,0.0123522151261568,2646,225,33,10,0.0,0.0465116279069767,0.0697674418604651
9,46,xgboost,borderline_smote,ok,,19957,192,3050,35,2914,43,125,192,1.0,1.8947080001235008,0.6247713811892918,0.0202940052641376,0.0559701492537313,0.4285714285714285,0.029940119760479,0.076859683813432,0.1611940298507462,0.0090445009991526,2529,486,20,15,0.0,0.0,0.0857142857142857,0.7136481089969462,0.0463411671267048,0.0774193548387096,0.4186046511627907,0.0426540284360189,0.095211413952817,0.1407175200278648,0.0090445009991526,2467,404,25,18,0.0,0.0,0.0930232558139534
9,46,xgboost,class_weighted,ok,,19957,192,3050,35,2914,43,125,0,102.94270833333331,1.2890935998875648,0.6232835820895523,0.0200594107694235,0.0425029515938606,0.5142857142857142,0.022167487684729,0.0604689245449194,0.2633499170812604,0.0461508892476558,2221,794,17,18,0.0,0.0285714285714285,0.1428571428571428,0.6403489587130324,0.0342427197324111,0.0420353982300885,0.4418604651162791,0.0220673635307781,0.0392666174701373,0.2932776036224312,0.0461508892476558,2029,842,24,19,0.0,0.0465116279069767,0.0930232558139534
9,46,xgboost,random_over,ok,,19957,192,3050,35,2914,43,125,192,1.0,1.322429700056091,0.6285998578535892,0.0219079549931833,0.0613496932515337,0.2857142857142857,0.0343642611683848,0.0697937930747797,0.093200663349917,0.014896192587912,2734,281,25,10,0.0285714285714285,0.0285714285714285,0.1142857142857142,0.6773427944237889,0.0440993294409282,0.0845070422535211,0.2093023255813953,0.0529411764705882,0.078824634762012,0.0560780215952629,0.014896192587912,2710,161,34,9,0.0232558139534883,0.0232558139534883,0.0697674418604651
9,46,xgboost,random_under_10to1,ok,,19957,192,3050,35,2914,43,125,-17845,1.0,0.6079132999293506,0.639014451551765,0.0236695853986473,0.0440251572327044,0.6,0.0228509249183895,0.0701389500448123,0.2978441127694859,0.0396832078695297,2117,898,14,21,0.0285714285714285,0.0857142857142857,0.1428571428571428,0.6589147286821705,0.0390375345672324,0.0534883720930232,0.5348837209302325,0.0281517747858017,0.0693437094592885,0.2765586903517938,0.0396832078695297,2077,794,20,23,0.0,0.0232558139534883,0.0697674418604651
9,46,xgboost,smote,ok,,19957,192,3050,35,2914,43,125,192,1.0,1.0188522001262754,0.6204975124378109,0.0215128171833705,0.0459418070444104,0.4285714285714285,0.0242718446601941,0.0605652619900556,0.2,0.0097485436126589,2412,603,20,15,0.0285714285714285,0.0571428571428571,0.1142857142857142,0.6784201274979141,0.0403776014451941,0.0842105263157894,0.4651162790697674,0.0462962962962962,0.1091291257862912,0.143504005572971,0.0097485436126589,2459,412,23,20,0.0,0.0465116279069767,0.0697674418604651
9,46,xgboost,unweighted,ok,,19957,192,3050,35,2914,43,125,0,1.0,1.3416796999517828,0.6154276237858327,0.0202597502827456,0.0548446069469835,0.4285714285714285,0.029296875,0.0751544561754734,0.1648424543946932,0.007287404499948,2518,497,20,15,0.0285714285714285,0.0285714285714285,0.0571428571428571,0.6578616963540782,0.0404310230932469,0.06,0.3488372093023256,0.0328227571115973,0.0646198684904162,0.1539533263671194,0.007287404499948,2429,442,28,15,0.0232558139534883,0.0232558139534883,0.0930232558139534
10,42,xgboost,adasyn,ok,,266230,2798,49235,505,42655,489,561,2526,1.0,26.26317679998465,0.8658994499901458,0.231999983739168,0.3232104121475054,0.295049504950495,0.3573141486810551,0.3183531593506616,0.0054996921814077,0.1895093470811844,48462,268,356,149,0.3366336633663366,0.4455445544554455,0.5821782178217821,0.8582108817744105,0.1974003157925066,0.2503037667071689,0.2106339468302658,0.3083832335329341,0.2477808922970668,0.0054783474837546,0.1895093470811844,41935,231,386,103,0.2719836400817996,0.3537832310838446,0.5316973415132924
10,42,xgboost,borderline_smote,ok,,266230,2798,49235,505,42655,489,561,2798,1.0,24.88966889982112,0.855284341075191,0.1562054727370701,0.2829670329670329,0.4079207920792079,0.2166140904311251,0.287434057996049,0.0152883234147342,0.1339433342218399,47985,745,299,206,0.3247524752475247,0.4396039603960396,0.5742574257425742,0.855910741138321,0.173009792308481,0.2491749174917491,0.3087934560327198,0.2088520055325034,0.2434732621069894,0.0135654318645354,0.1339433342218399,41594,572,338,151,0.2678936605316973,0.3558282208588957,0.556237218813906
10,42,xgboost,class_weighted,ok,,266230,2798,49235,505,42655,489,561,0,94.15010721944246,17.743604500079527,0.8519559992116592,0.1088917625377633,0.2399588053553038,0.4613861386138614,0.16214335421016,0.2613801025181451,0.0247075723373691,0.6351015567779541,47526,1204,272,233,0.1287128712871287,0.3524752475247524,0.5584158415841585,0.84279571528908,0.1097463254268425,0.2093517534537725,0.4028629856850715,0.1414213926776741,0.2243032073185906,0.0283640848076649,0.6351015567779541,40970,1196,292,197,0.147239263803681,0.3394683026584867,0.4846625766871165
10,42,xgboost,random_over,ok,,266230,2798,49235,505,42655,489,561,2798,1.0,16.972466999897733,0.8579805068542972,0.2160338219700114,0.3118279569892473,0.2871287128712871,0.3411764705882353,0.3064732120431515,0.0057459470552021,0.2623710334300995,48450,280,360,145,0.3504950495049505,0.4356435643564356,0.592079207920792,0.8609911337864455,0.184758127868105,0.2583979328165374,0.2044989775051124,0.3508771929824561,0.2614906348521925,0.0043874211449983,0.2623710334300995,41981,185,389,100,0.2433537832310838,0.3558282208588957,0.558282208588957
10,42,xgboost,random_under_10to1,ok,,266230,2798,49235,505,42655,489,561,-235452,1.0,4.411273499950767,0.8600244223067905,0.1413495124620154,0.2591857000993048,0.5168316831683168,0.172962226640159,0.2871433991395585,0.0256105068746152,0.3272696435451507,47482,1248,244,261,0.2475247524752475,0.4534653465346535,0.594059405940594,0.8628681488404919,0.1477708141461812,0.2320855614973262,0.4437627811860941,0.1571325126719768,0.2502985562517476,0.02760517952853,0.3272696435451507,41002,1164,272,217,0.1922290388548057,0.3558282208588957,0.5439672801635992
10,42,xgboost,smote,ok,,266230,2798,49235,505,42655,489,561,2798,1.0,20.48059990000911,0.8624401988731604,0.178398994225897,0.2870456663560112,0.3049504950495049,0.2711267605633803,0.2797117960523553,0.008495793145906,0.1684345602989196,48316,414,351,154,0.3168316831683168,0.4316831683168317,0.5623762376237624,0.8476878850724089,0.1592993813987293,0.2541322314049586,0.2515337423312883,0.2567849686847599,0.2455861778089615,0.0084428212303751,0.1684345602989196,41810,356,366,123,0.2597137014314928,0.3435582822085889,0.5255623721881391
10,42,xgboost,unweighted,ok,,266230,2798,49235,505,42655,489,561,0,1.0,17.932365299900994,0.8563068677070867,0.0989020371963403,0.1930224975546136,0.5861386138613861,0.1155347384855581,0.2448068599044758,0.0465011286681715,0.0261707492172718,46464,2266,209,296,0.1366336633663366,0.2693069306930693,0.592079207920792,0.8555384177853099,0.1322518512301505,0.1747259832366215,0.5541922290388548,0.1037122081898201,0.221362340517343,0.0555423801166816,0.0261707492172718,39824,2342,218,271,0.1595092024539877,0.278118609406953,0.5828220858895705
10,43,xgboost,adasyn,ok,,266230,2798,49235,505,42655,489,561,2526,1.0,19.366045899922028,0.860649141663602,0.2042452608075261,0.3047790802524797,0.3346534653465347,0.2798013245033112,0.2981413541503019,0.0089267391750461,0.1679849922657013,48295,435,336,169,0.3405940594059406,0.4475247524752475,0.5643564356435643,0.8558546768168307,0.1923843590972416,0.2439024390243902,0.2249488752556237,0.2663438256658595,0.2367404357263448,0.007185884361808,0.1679849922657013,41863,303,379,110,0.2392638036809816,0.3394683026584867,0.5398773006134969
10,43,xgboost,borderline_smote,ok,,266230,2798,49235,505,42655,489,561,2798,1.0,18.610224100062624,0.8564606957309726,0.2028719365086511,0.2977725674091442,0.2514851485148515,0.3649425287356322,0.2970068938189334,0.0045351939257131,0.2584904134273529,48509,221,378,127,0.3306930693069307,0.4455445544554455,0.5881188118811881,0.8530130013937512,0.1993062480584937,0.2625169147496617,0.1983640081799591,0.388,0.2715827655837063,0.0036285158658634,0.2584904134273529,42013,153,392,97,0.2597137014314928,0.3517382413087934,0.5501022494887525
10,43,xgboost,class_weighted,ok,,266230,2798,49235,505,42655,489,561,0,94.15010721944246,13.69825470005162,0.8543148242589496,0.0927076036039232,0.2319688109161793,0.4712871287128712,0.1538461538461538,0.2566802743259588,0.0268623024830699,0.6791174411773682,47421,1309,267,238,0.1425742574257425,0.3148514851485148,0.5405940594059406,0.8364471098599779,0.0954322688544291,0.1995565410199556,0.3680981595092024,0.1368821292775665,0.2101222406846024,0.0269174216193141,0.6791174411773682,41031,1135,309,180,0.1451942740286298,0.2862985685071574,0.4887525562372188
10,43,xgboost,random_over,ok,,266230,2798,49235,505,42655,489,561,2798,1.0,13.008875200059263,0.8590919453119127,0.2336264144580309,0.3224530168150346,0.3227722772277228,0.3221343873517787,0.3154245846391663,0.0070387851426226,0.2351851463317871,48387,343,342,163,0.3524752475247524,0.4673267326732673,0.6039603960396039,0.85490051638344,0.2018541361309569,0.2554585152838428,0.2392638036809816,0.2740046838407494,0.2479958927844604,0.0073518948916188,0.2351851463317871,41856,310,372,117,0.263803680981595,0.3885480572597137,0.5828220858895705
10,43,xgboost,random_under_10to1,ok,,266230,2798,49235,505,42655,489,561,-235452,1.0,2.852735999971628,0.8573586726618485,0.1090675531062368,0.245017015070491,0.499009900990099,0.1623711340206185,0.2723728947460149,0.0266776113277241,0.3116464912891388,47430,1300,253,252,0.1683168316831683,0.3841584158415841,0.598019801980198,0.8626667101213659,0.1520579736980409,0.2344971339239187,0.4601226993865031,0.1573426573426573,0.2552193178593878,0.0285775269174216,0.3116464912891388,40961,1205,264,225,0.1717791411042944,0.3558282208588957,0.5501022494887525
10,43,xgboost,smote,ok,,266230,2798,49235,505,42655,489,561,2798,1.0,14.76949999993667,0.8574442116897919,0.1472751560041521,0.276056338028169,0.3881188118811881,0.214207650273224,0.2785494933855108,0.0147547711881797,0.1185342073440551,48011,719,309,196,0.3108910891089109,0.4376237623762376,0.5702970297029702,0.8519266581677811,0.1494927079227149,0.2466442953020134,0.3006134969325153,0.209103840682788,0.2403311023542768,0.0131859792249679,0.1185342073440551,41610,556,342,147,0.2433537832310838,0.3619631901840491,0.5419222903885481
10,43,xgboost,unweighted,ok,,266230,2798,49235,505,42655,489,561,0,1.0,18.744221000000834,0.8547868940392911,0.1004656554701432,0.1766805472932778,0.5881188118811881,0.103955197759888,0.2308132396488456,0.0525343730761337,0.0234069861471653,46170,2560,208,297,0.1643564356435643,0.295049504950495,0.5524752475247525,0.8524717575980493,0.1279333595877916,0.1652021089630931,0.5766871165644172,0.0964102564102564,0.2165119354346553,0.0626808328985438,0.0234069861471653,39523,2643,207,282,0.1554192229038855,0.2842535787321063,0.5603271983640081
10,44,xgboost,adasyn,ok,,266230,2798,49235,505,42655,489,561,2526,1.0,18.968212899984792,0.8571987492202946,0.1649110706538004,0.2915451895043732,0.396039603960396,0.2306805074971165,0.2928994633867675,0.0136876667350707,0.1198400631546974,48063,667,305,200,0.3227722772277228,0.4554455445544554,0.5762376237623762,0.8543136839526161,0.1742823544961398,0.2506307821698906,0.3047034764826176,0.2128571428571428,0.2443633079082813,0.0130674002751031,0.1198400631546974,41615,551,340,149,0.2535787321063394,0.3599182004089979,0.5276073619631901
10,44,xgboost,borderline_smote,ok,,266230,2798,49235,505,42655,489,561,2798,1.0,19.82033160002902,0.8563429728977412,0.1756990711533616,0.3041044776119403,0.3227722772277228,0.2874779541446208,0.2969791700654473,0.0082905807510773,0.1924212425947189,48326,404,342,163,0.3405940594059406,0.4237623762376237,0.6,0.8537603640184618,0.1573510295055884,0.2585635359116022,0.2392638036809816,0.28125,0.2515031673403443,0.0070910212019162,0.1924212425947189,41867,299,372,117,0.2597137014314928,0.3312883435582822,0.5460122699386503
10,44,xgboost,class_weighted,ok,,266230,2798,49235,505,42655,489,561,0,94.15010721944246,13.646756700007243,0.8552482968387132,0.098531793577393,0.2359603586597451,0.495049504950495,0.1548946716232961,0.2642799318682642,0.0279909706546275,0.6330844163894653,47366,1364,255,250,0.1603960396039604,0.3702970297029703,0.5465346534653466,0.8423393682016554,0.1143101198446912,0.2040432534085566,0.4437627811860941,0.1324786324786324,0.2271678898566539,0.0337001375515818,0.6330844163894653,40745,1421,272,217,0.1554192229038855,0.3353783231083844,0.4948875255623722
10,44,xgboost,random_over,ok,,266230,2798,49235,505,42655,489,561,2798,1.0,13.462332700146362,0.862012361507031,0.276666328777892,0.3496027241770715,0.3049504950495049,0.4095744680851064,0.3476722808577944,0.0045557151651959,0.246740773320198,48508,222,351,154,0.3465346534653465,0.4435643564356435,0.5841584158415841,0.854160743781492,0.2276253508529881,0.2639455782312925,0.1983640081799591,0.3943089430894309,0.2739023038125522,0.0035336527059716,0.246740773320198,42017,149,392,97,0.2392638036809816,0.3394683026584867,0.5439672801635992
10,44,xgboost,random_under_10to1,ok,,266230,2798,49235,505,42655,489,561,-235452,1.0,2.797499599866569,0.8600138162800478,0.1371066170349586,0.2741935483870967,0.403960396039604,0.207527975584944,0.2794553903235357,0.0159860455571516,0.437974601984024,47951,779,301,204,0.2079207920792079,0.4376237623762376,0.5861386138613861,0.854457142657606,0.146585872151451,0.2295552367288378,0.32719836400818,0.1767955801104972,0.2286577843525341,0.0176682635298581,0.437974601984024,41421,745,329,160,0.1942740286298568,0.3578732106339468,0.5439672801635992
10,44,xgboost,smote,ok,,266230,2798,49235,505,42655,489,561,2798,1.0,14.641139199957252,0.8563676796573563,0.1763520311683844,0.3,0.3386138613861386,0.2692913385826772,0.2938706616374487,0.0095218551200492,0.1616197675466537,48266,464,334,171,0.3386138613861386,0.4178217821782178,0.5643564356435643,0.8489457676626619,0.1817533091953962,0.2654127481713688,0.2597137014314928,0.2713675213675213,0.2571461122098115,0.0080870843807807,0.1616197675466537,41825,341,362,127,0.2597137014314928,0.3640081799591002,0.5419222903885481
10,44,xgboost,unweighted,ok,,266230,2798,49235,505,42655,489,561,0,1.0,12.984480499988422,0.8552021545269651,0.099521708603723,0.1943427620632279,0.5782178217821782,0.1168,0.2445705334007484,0.0453108967781654,0.026996960863471,46522,2208,213,292,0.1702970297029703,0.2871287128712871,0.5900990099009901,0.8595814992394943,0.1342771821535954,0.1823607427055703,0.5623721881390593,0.1088246933122279,0.2295073053053611,0.0534079590191149,0.026996960863471,39914,2252,214,275,0.1820040899795501,0.3231083844580777,0.5828220858895705
10,45,xgboost,adasyn,ok,,266230,2798,49235,505,42655,489,561,2526,1.0,18.920711199985817,0.8630800145477301,0.1858246182314644,0.2714285714285714,0.3762376237623762,0.2122905027932961,0.2728423515399168,0.0144674738354196,0.1366946697235107,48025,705,315,190,0.3049504950495049,0.4277227722772277,0.5603960396039604,0.8554778673481294,0.1752484943218601,0.2571676802780191,0.3026584867075664,0.2235649546827794,0.2501596921157597,0.0121899160461034,0.1366946697235107,41652,514,341,148,0.2535787321063394,0.3374233128834356,0.5378323108384458
10,45,xgboost,borderline_smote,ok,,266230,2798,49235,505,42655,489,561,2798,1.0,18.39988619997166,0.8585597543953041,0.1909399787057526,0.2853279242731575,0.4178217821782178,0.2166324435318275,0.2909842832999367,0.0156577057254258,0.1353763192892074,47967,763,294,211,0.3267326732673267,0.4435643564356435,0.5762376237623762,0.8571087522710656,0.1692577175529283,0.2484756097560975,0.3333333333333333,0.198055893074119,0.2458513064812319,0.0156524213821562,0.1353763192892074,41506,660,326,163,0.2576687116564417,0.3640081799591002,0.5705521472392638
10,45,xgboost,class_weighted,ok,,266230,2798,49235,505,42655,489,561,0,94.15010721944246,13.509522799868137,0.851289871650822,0.0972932271146079,0.244794311833418,0.4772277227722772,0.1646174863387978,0.2681975163972365,0.0250974758875436,0.6589274406433105,47507,1223,264,241,0.1425742574257425,0.4118811881188118,0.5584158415841585,0.8398296895889235,0.1072889138233781,0.2255717255717255,0.4437627811860941,0.1512195121951219,0.2449486178002919,0.0288858321870701,0.6589274406433105,40948,1218,272,217,0.1431492842535787,0.3701431492842535,0.492842535787321
10,45,xgboost,random_over,ok,,266230,2798,49235,505,42655,489,561,2798,1.0,12.88889029994607,0.8623719911494535,0.2351972596344773,0.3266171792152704,0.3049504950495049,0.3515981735159817,0.3209662042918293,0.0058280320131335,0.27559694647789,48446,284,351,154,0.3445544554455445,0.4732673267326732,0.5881188118811881,0.8569997517844313,0.1909758653393677,0.2533825338253382,0.2106339468302658,0.3179012345679012,0.2518366813374246,0.005241189584025,0.27559694647789,41945,221,386,103,0.261758691206544,0.3946830265848671,0.5541922290388548
10,45,xgboost,random_under_10to1,ok,,266230,2798,49235,505,42655,489,561,-235452,1.0,2.8670364001300186,0.8631805483031374,0.1366994808074441,0.2738283307003686,0.5148514851485149,0.1865136298421807,0.2986117836760675,0.0232710855735686,0.3351677358150482,47596,1134,245,260,0.2297029702970297,0.4594059405940594,0.6039603960396039,0.8642430584270737,0.1697500467370864,0.2546478873239436,0.4621676891615542,0.1757387247278382,0.272074503029564,0.0251387373713418,0.3351677358150482,41106,1060,263,226,0.2494887525562372,0.4274028629856851,0.5521472392638037
10,45,xgboost,smote,ok,,266230,2798,49235,505,42655,489,561,2798,1.0,14.320896399905903,0.8591231335323148,0.1868138243582136,0.2947845804988662,0.3861386138613861,0.2383863080684596,0.2942991282671269,0.0127847321978247,0.1374938338994979,48107,623,310,195,0.3148514851485148,0.4336633663366336,0.5683168316831683,0.8551608808383886,0.191053278172336,0.2556663644605621,0.2883435582822086,0.2296416938110749,0.2476807102198743,0.0112175686572119,0.1374938338994979,41693,473,348,141,0.2433537832310838,0.3537832310838446,0.5357873210633947
10,45,xgboost,unweighted,ok,,266230,2798,49235,505,42655,489,561,0,1.0,13.077101500006393,0.855236268547848,0.115833421619361,0.1988346686088856,0.5405940594059406,0.1218206157965194,0.2417979526639069,0.0403857993022778,0.031072836369276,46762,1968,232,273,0.1663366336633663,0.2752475247524752,0.5702970297029702,0.8581190982723168,0.1412154909056786,0.1836370132190068,0.5255623721881391,0.1112554112554112,0.224304659235556,0.048688516814495,0.031072836369276,40113,2053,232,257,0.1881390593047034,0.3231083844580777,0.5725971370143149
10,46,xgboost,adasyn,ok,,266230,2798,49235,505,42655,489,561,2526,1.0,18.85110649978742,0.8581662342306466,0.1833112808891247,0.2954341987466428,0.3267326732673267,0.2696078431372549,0.2887836909162381,0.0091729940488405,0.1681551039218902,48283,447,340,165,0.3306930693069307,0.4376237623762376,0.5643564356435643,0.8570119249199798,0.1990669540493755,0.2710779082177161,0.2597137014314928,0.2834821428571428,0.2632563376984717,0.0076127685813214,0.1681551039218902,41845,321,362,127,0.2699386503067484,0.3640081799591002,0.5439672801635992
10,46,xgboost,borderline_smote,ok,,266230,2798,49235,505,42655,489,561,2798,1.0,19.207059300038964,0.8570205598437948,0.1770631191804847,0.3166089965397924,0.3623762376237623,0.2811059907834101,0.3111725221639302,0.0096039400779807,0.1974361687898636,48262,468,322,183,0.3643564356435643,0.4554455445544554,0.5841584158415841,0.8549703542925629,0.159878982476503,0.2678227360308285,0.2842535787321063,0.2531876138433515,0.2592790593390758,0.0097234738889152,0.1974361687898636,41756,410,350,139,0.2883435582822086,0.3660531697341513,0.5603271983640081
10,46,xgboost,class_weighted,ok,,266230,2798,49235,505,42655,489,561,0,94.15010721944246,13.921776300063357,0.847554741930175,0.0957038694707644,0.2210109018830525,0.4415841584158416,0.1473892927957699,0.2423428154140985,0.0264723989328955,0.5973275899887085,47440,1290,282,223,0.1584158415841584,0.3504950495049505,0.5227722772277228,0.845034893250331,0.108342134885037,0.2198581560283688,0.4437627811860941,0.1461279461279461,0.2402471318686074,0.0300716216857183,0.5973275899887085,40898,1268,272,217,0.1860940695296523,0.3619631901840491,0.4989775051124744
10,46,xgboost,random_over,ok,,266230,2798,49235,505,42655,489,561,2798,1.0,12.93608139990829,0.8608426711745667,0.2310809009940831,0.336734693877551,0.3267326732673267,0.3473684210526316,0.3302315469599019,0.006361584239688,0.1886627525091171,48420,310,340,165,0.3683168316831683,0.4376237623762376,0.5821782178217821,0.861341584294308,0.1837136413969217,0.2517006802721088,0.2269938650306748,0.2824427480916031,0.245465625584828,0.0066878527723758,0.1886627525091171,41884,282,378,111,0.2597137014314928,0.3537832310838446,0.558282208588957
10,46,xgboost,random_under_10to1,ok,,266230,2798,49235,505,42655,489,561,-235452,1.0,2.893595200031996,0.8621333758658034,0.1252445203206945,0.2439261418853255,0.497029702970297,0.1616226658081133,0.2711228474898642,0.0267186538066899,0.3255684375762939,47428,1302,254,251,0.2297029702970297,0.4217821782178217,0.5841584158415841,0.8557815895049918,0.1282930769038468,0.2151963284038755,0.4314928425357873,0.1433423913043478,0.2342084892141925,0.0299056111559076,0.3255684375762939,40905,1261,278,211,0.1942740286298568,0.3415132924335378,0.5214723926380368
10,46,xgboost,smote,ok,,266230,2798,49235,505,42655,489,561,2798,1.0,14.208656299859284,0.8626767417148035,0.2029376189214708,0.30406852248394,0.2811881188118812,0.331002331002331,0.2984575175415571,0.0058895957315821,0.197061613202095,48443,287,363,142,0.3386138613861386,0.4237623762376237,0.5722772277227722,0.8605632553466981,0.1824038863339489,0.2631578947368421,0.2147239263803681,0.3398058252427184,0.2634713945864946,0.0048380211544846,0.197061613202095,41962,204,384,105,0.261758691206544,0.3578732106339468,0.5501022494887525
10,46,xgboost,unweighted,ok,,266230,2798,49235,505,42655,489,561,0,1.0,13.509997700108215,0.8564090472252642,0.1028422776784491,0.1997226074895977,0.5702970297029702,0.1210592686002522,0.2477955972171501,0.0429099117586702,0.0271433629095554,46639,2091,217,288,0.1801980198019802,0.291089108910891,0.6,0.8604659187608582,0.1544757285384628,0.1885964912280701,0.5276073619631901,0.1148197596795727,0.2289478413032262,0.0471707062562253,0.0271433629095554,40177,1989,231,258,0.1922290388548057,0.3006134969325153,0.5787321063394683
