dataset,toolset,representation,task_id,seed,fold_id,feature_index,feature_name,importance_raw,importance_clipped,importance_weight_normalized,rank,source_model,metric
seagate_kqi,time-series-2,mean,4,42,0,0,f0,0.0,0.0,0.0,46,S0_lightgbm,val_PR_AUC_drop
seagate_kqi,time-series-2,mean,4,42,0,1,f1,0.0,0.0,0.0,47,S0_lightgbm,val_PR_AUC_drop
seagate_kqi,time-series-2,mean,4,42,0,2,f2,0.0,0.0,0.0,48,S0_lightgbm,val_PR_AUC_drop
seagate_kqi,time-series-2,mean,4,42,0,3,f3,0.0,0.0,0.0,49,S0_lightgbm,val_PR_AUC_drop
seagate_kqi,time-series-2,mean,4,42,0,4,f4,0.0,0.0,0.0,50,S0_lightgbm,val_PR_AUC_drop
seagate_kqi,time-series-2,mean,4,42,0,5,f5,0.0,0.0,0.0,51,S0_lightgbm,val_PR_AUC_drop
seagate_kqi,time-series-2,mean,4,42,0,6,f6,0.0,0.0,0.0,52,S0_lightgbm,val_PR_AUC_drop
seagate_kqi,time-series-2,mean,4,42,0,7,f7,0.0,0.0,0.0,53,S0_lightgbm,val_PR_AUC_drop
seagate_kqi,time-series-2,mean,4,42,0,8,f8,0.0,0.0,0.0,54,S0_lightgbm,val_PR_AUC_drop
seagate_kqi,time-series-2,mean,4,42,0,9,f9,0.0,0.0,0.0,55,S0_lightgbm,val_PR_AUC_drop
seagate_kqi,time-series-2,mean,4,42,0,10,f10,0.0,0.0,0.0,56,S0_lightgbm,val_PR_AUC_drop
seagate_kqi,time-series-2,mean,4,42,0,11,f11,0.0,0.0,0.0,57,S0_lightgbm,val_PR_AUC_drop
seagate_kqi,time-series-2,mean,4,42,0,12,f12,0.0,0.0,0.0,58,S0_lightgbm,val_PR_AUC_drop
seagate_kqi,time-series-2,mean,4,42,0,13,f13,0.0,0.0,0.0,59,S0_lightgbm,val_PR_AUC_drop
seagate_kqi,time-series-2,mean,4,42,0,14,f14,0.0,0.0,0.0,60,S0_lightgbm,val_PR_AUC_drop
seagate_kqi,time-series-2,mean,4,42,0,15,f15,0.0,0.0,0.0,61,S0_lightgbm,val_PR_AUC_drop
seagate_kqi,time-series-2,mean,4,42,0,16,f16,0.0,0.0,0.0,62,S0_lightgbm,val_PR_AUC_drop
seagate_kqi,time-series-2,mean,4,42,0,17,f17,0.0,0.0,0.0,63,S0_lightgbm,val_PR_AUC_drop
seagate_kqi,time-series-2,mean,4,42,0,18,f18,0.0,0.0,0.0,64,S0_lightgbm,val_PR_AUC_drop
seagate_kqi,time-series-2,mean,4,42,0,19,f19,0.0,0.0,0.0,65,S0_lightgbm,val_PR_AUC_drop
seagate_kqi,time-series-2,mean,4,42,0,20,f20,0.0,0.0,0.0,66,S0_lightgbm,val_PR_AUC_drop
seagate_kqi,time-series-2,mean,4,42,0,21,f21,0.0,0.0,0.0,67,S0_lightgbm,val_PR_AUC_drop
seagate_kqi,time-series-2,mean,4,42,0,22,f22,0.0,0.0,0.0,68,S0_lightgbm,val_PR_AUC_drop
seagate_kqi,time-series-2,mean,4,42,0,23,f23,0.0,0.0,0.0,69,S0_lightgbm,val_PR_AUC_drop
seagate_kqi,time-series-2,mean,4,42,0,24,f24,0.0,0.0,0.0,70,S0_lightgbm,val_PR_AUC_drop
seagate_kqi,time-series-2,mean,4,42,0,25,f25,0.0,0.0,0.0,71,S0_lightgbm,val_PR_AUC_drop
seagate_kqi,time-series-2,mean,4,42,0,26,f26,0.0,0.0,0.0,72,S0_lightgbm,val_PR_AUC_drop
seagate_kqi,time-series-2,mean,4,42,0,27,f27,0.0,0.0,0.0,73,S0_lightgbm,val_PR_AUC_drop
seagate_kqi,time-series-2,mean,4,42,0,28,f28,0.0,0.0,0.0,74,S0_lightgbm,val_PR_AUC_drop
seagate_kqi,time-series-2,mean,4,42,0,29,f29,0.0,0.0,0.0,75,S0_lightgbm,val_PR_AUC_drop
seagate_kqi,time-series-2,mean,4,42,0,30,f30,0.0,0.0,0.0,76,S0_lightgbm,val_PR_AUC_drop
seagate_kqi,time-series-2,mean,4,42,0,31,f31,0.0,0.0,0.0,77,S0_lightgbm,val_PR_AUC_drop
seagate_kqi,time-series-2,mean,4,42,0,32,f32,0.0,0.0,0.0,78,S0_lightgbm,val_PR_AUC_drop
seagate_kqi,time-series-2,mean,4,42,0,33,f33,0.0,0.0,0.0,79,S0_lightgbm,val_PR_AUC_drop
seagate_kqi,time-series-2,mean,4,42,0,34,f34,0.0,0.0,0.0,80,S0_lightgbm,val_PR_AUC_drop
seagate_kqi,time-series-2,mean,4,42,0,35,f35,0.0,0.0,0.0,81,S0_lightgbm,val_PR_AUC_drop
seagate_kqi,time-series-2,mean,4,42,0,36,f36,0.0,0.0,0.0,82,S0_lightgbm,val_PR_AUC_drop
seagate_kqi,time-series-2,mean,4,42,0,37,f37,0.0,0.0,0.0,83,S0_lightgbm,val_PR_AUC_drop
seagate_kqi,time-series-2,mean,4,42,0,38,f38,0.0,0.0,0.0,84,S0_lightgbm,val_PR_AUC_drop
seagate_kqi,time-series-2,mean,4,42,0,39,f39,0.0,0.0,0.0,85,S0_lightgbm,val_PR_AUC_drop
seagate_kqi,time-series-2,mean,4,42,0,40,f40,0.0,0.0,0.0,86,S0_lightgbm,val_PR_AUC_drop
seagate_kqi,time-series-2,mean,4,42,0,41,f41,0.0,0.0,0.0,87,S0_lightgbm,val_PR_AUC_drop
seagate_kqi,time-series-2,mean,4,42,0,42,f42,0.0,0.0,0.0,88,S0_lightgbm,val_PR_AUC_drop
seagate_kqi,time-series-2,mean,4,42,0,43,f43,0.0,0.0,0.0,89,S0_lightgbm,val_PR_AUC_drop
seagate_kqi,time-series-2,mean,4,42,0,44,f44,0.0,0.0,0.0,90,S0_lightgbm,val_PR_AUC_drop
seagate_kqi,time-series-2,mean,4,42,0,45,f45,0.0,0.0,0.0,91,S0_lightgbm,val_PR_AUC_drop
seagate_kqi,time-series-2,mean,4,42,0,46,f46,0.0,0.0,0.0,92,S0_lightgbm,val_PR_AUC_drop
seagate_kqi,time-series-2,mean,4,42,0,47,f47,0.0,0.0,0.0,93,S0_lightgbm,val_PR_AUC_drop
seagate_kqi,time-series-2,mean,4,42,0,48,f48,0.0,0.0,0.0,94,S0_lightgbm,val_PR_AUC_drop
seagate_kqi,time-series-2,mean,4,42,0,49,f49,0.0,0.0,0.0,95,S0_lightgbm,val_PR_AUC_drop
seagate_kqi,time-series-2,mean,4,42,0,50,f50,0.0,0.0,0.0,96,S0_lightgbm,val_PR_AUC_drop
seagate_kqi,time-series-2,mean,4,42,0,51,f51,0.0,0.0,0.0,97,S0_lightgbm,val_PR_AUC_drop
seagate_kqi,time-series-2,mean,4,42,0,52,f52,0.0,0.0,0.0,98,S0_lightgbm,val_PR_AUC_drop
seagate_kqi,time-series-2,mean,4,42,0,53,f53,0.0,0.0,0.0,99,S0_lightgbm,val_PR_AUC_drop
seagate_kqi,time-series-2,mean,4,42,0,54,f54,0.0,0.0,0.0,100,S0_lightgbm,val_PR_AUC_drop
seagate_kqi,time-series-2,mean,4,42,0,55,f55,0.0,0.0,0.0,101,S0_lightgbm,val_PR_AUC_drop
seagate_kqi,time-series-2,mean,4,42,0,56,f56,0.0,0.0,0.0,102,S0_lightgbm,val_PR_AUC_drop
seagate_kqi,time-series-2,mean,4,42,0,57,f57,0.0,0.0,0.0,103,S0_lightgbm,val_PR_AUC_drop
seagate_kqi,time-series-2,mean,4,42,0,58,f58,0.0,0.0,0.0,104,S0_lightgbm,val_PR_AUC_drop
seagate_kqi,time-series-2,mean,4,42,0,59,f59,0.0,0.0,0.0,105,S0_lightgbm,val_PR_AUC_drop
seagate_kqi,time-series-2,mean,4,42,0,60,f60,0.0,0.0,0.0,106,S0_lightgbm,val_PR_AUC_drop
seagate_kqi,time-series-2,mean,4,42,0,61,f61,0.0,0.0,0.0,107,S0_lightgbm,val_PR_AUC_drop
seagate_kqi,time-series-2,mean,4,42,0,62,f62,0.0,0.0,0.0,108,S0_lightgbm,val_PR_AUC_drop
seagate_kqi,time-series-2,mean,4,42,0,63,f63,0.0,0.0,0.0,109,S0_lightgbm,val_PR_AUC_drop
seagate_kqi,time-series-2,mean,4,42,0,64,f64,0.0,0.0,0.0,110,S0_lightgbm,val_PR_AUC_drop
seagate_kqi,time-series-2,mean,4,42,0,65,f65,0.0,0.0,0.0,111,S0_lightgbm,val_PR_AUC_drop
seagate_kqi,time-series-2,mean,4,42,0,66,f66,0.0,0.0,0.0,112,S0_lightgbm,val_PR_AUC_drop
seagate_kqi,time-series-2,mean,4,42,0,67,f67,0.0,0.0,0.0,113,S0_lightgbm,val_PR_AUC_drop
seagate_kqi,time-series-2,mean,4,42,0,68,f68,0.0,0.0,0.0,114,S0_lightgbm,val_PR_AUC_drop
seagate_kqi,time-series-2,mean,4,42,0,69,f69,0.0,0.0,0.0,115,S0_lightgbm,val_PR_AUC_drop
seagate_kqi,time-series-2,mean,4,42,0,70,f70,0.0,0.0,0.0,116,S0_lightgbm,val_PR_AUC_drop
seagate_kqi,time-series-2,mean,4,42,0,71,f71,0.0,0.0,0.0,117,S0_lightgbm,val_PR_AUC_drop
seagate_kqi,time-series-2,mean,4,42,0,72,f72,0.0,0.0,0.0,118,S0_lightgbm,val_PR_AUC_drop
seagate_kqi,time-series-2,mean,4,42,0,73,f73,0.0,0.0,0.0,119,S0_lightgbm,val_PR_AUC_drop
seagate_kqi,time-series-2,mean,4,42,0,74,f74,0.0,0.0,0.0,120,S0_lightgbm,val_PR_AUC_drop
seagate_kqi,time-series-2,mean,4,42,0,75,f75,0.0,0.0,0.0,121,S0_lightgbm,val_PR_AUC_drop
seagate_kqi,time-series-2,mean,4,42,0,76,f76,0.0,0.0,0.0,122,S0_lightgbm,val_PR_AUC_drop
seagate_kqi,time-series-2,mean,4,42,0,77,f77,0.0,0.0,0.0,123,S0_lightgbm,val_PR_AUC_drop
seagate_kqi,time-series-2,mean,4,42,0,78,f78,0.0,0.0,0.0,124,S0_lightgbm,val_PR_AUC_drop
seagate_kqi,time-series-2,mean,4,42,0,79,f79,0.0,0.0,0.0,125,S0_lightgbm,val_PR_AUC_drop
seagate_kqi,time-series-2,mean,4,42,0,80,f80,0.0,0.0,0.0,126,S0_lightgbm,val_PR_AUC_drop
seagate_kqi,time-series-2,mean,4,42,0,81,f81,0.0,0.0,0.0,127,S0_lightgbm,val_PR_AUC_drop
seagate_kqi,time-series-2,mean,4,42,0,82,f82,0.0,0.0,0.0,128,S0_lightgbm,val_PR_AUC_drop
seagate_kqi,time-series-2,mean,4,42,0,83,f83,0.0,0.0,0.0,129,S0_lightgbm,val_PR_AUC_drop
seagate_kqi,time-series-2,mean,4,42,0,84,f84,0.0,0.0,0.0,130,S0_lightgbm,val_PR_AUC_drop
seagate_kqi,time-series-2,mean,4,42,0,85,f85,0.0,0.0,0.0,131,S0_lightgbm,val_PR_AUC_drop
seagate_kqi,time-series-2,mean,4,42,0,86,f86,0.0,0.0,0.0,132,S0_lightgbm,val_PR_AUC_drop
seagate_kqi,time-series-2,mean,4,42,0,87,f87,0.0,0.0,0.0,133,S0_lightgbm,val_PR_AUC_drop
seagate_kqi,time-series-2,mean,4,42,0,88,f88,0.0,0.0,0.0,134,S0_lightgbm,val_PR_AUC_drop
seagate_kqi,time-series-2,mean,4,42,0,89,f89,0.0,0.0,0.0,135,S0_lightgbm,val_PR_AUC_drop
seagate_kqi,time-series-2,mean,4,42,0,90,f90,0.0,0.0,0.0,136,S0_lightgbm,val_PR_AUC_drop
seagate_kqi,time-series-2,mean,4,42,0,91,f91,0.0,0.0,0.0,137,S0_lightgbm,val_PR_AUC_drop
seagate_kqi,time-series-2,mean,4,42,0,92,f92,0.0,0.0,0.0,138,S0_lightgbm,val_PR_AUC_drop
seagate_kqi,time-series-2,mean,4,42,0,93,f93,0.0,0.0,0.0,139,S0_lightgbm,val_PR_AUC_drop
seagate_kqi,time-series-2,mean,4,42,0,94,f94,0.0,0.0,0.0,140,S0_lightgbm,val_PR_AUC_drop
seagate_kqi,time-series-2,mean,4,42,0,95,f95,0.0,0.0,0.0,141,S0_lightgbm,val_PR_AUC_drop
seagate_kqi,time-series-2,mean,4,42,0,96,f96,0.0,0.0,0.0,142,S0_lightgbm,val_PR_AUC_drop
seagate_kqi,time-series-2,mean,4,42,0,97,f97,0.0,0.0,0.0,143,S0_lightgbm,val_PR_AUC_drop
seagate_kqi,time-series-2,mean,4,42,0,98,f98,0.0,0.0,0.0,144,S0_lightgbm,val_PR_AUC_drop
seagate_kqi,time-series-2,mean,4,42,0,99,f99,0.0,0.0,0.0,145,S0_lightgbm,val_PR_AUC_drop
seagate_kqi,time-series-2,mean,4,42,0,100,f100,0.0,0.0,0.0,146,S0_lightgbm,val_PR_AUC_drop
seagate_kqi,time-series-2,mean,4,42,0,101,f101,0.0,0.0,0.0,147,S0_lightgbm,val_PR_AUC_drop
seagate_kqi,time-series-2,mean,4,42,0,102,f102,0.0,0.0,0.0,148,S0_lightgbm,val_PR_AUC_drop
seagate_kqi,time-series-2,mean,4,42,0,103,f103,0.0,0.0,0.0,149,S0_lightgbm,val_PR_AUC_drop
seagate_kqi,time-series-2,mean,4,42,0,104,f104,0.0,0.0,0.0,150,S0_lightgbm,val_PR_AUC_drop
seagate_kqi,time-series-2,mean,4,42,0,105,f105,0.0,0.0,0.0,151,S0_lightgbm,val_PR_AUC_drop
seagate_kqi,time-series-2,mean,4,42,0,106,f106,0.0,0.0,0.0,152,S0_lightgbm,val_PR_AUC_drop
seagate_kqi,time-series-2,mean,4,42,0,107,f107,0.0,0.0,0.0,153,S0_lightgbm,val_PR_AUC_drop
seagate_kqi,time-series-2,mean,4,42,0,108,f108,0.0,0.0,0.0,154,S0_lightgbm,val_PR_AUC_drop
seagate_kqi,time-series-2,mean,4,42,0,109,f109,0.0,0.0,0.0,155,S0_lightgbm,val_PR_AUC_drop
seagate_kqi,time-series-2,mean,4,42,0,110,f110,0.0,0.0,0.0,156,S0_lightgbm,val_PR_AUC_drop
seagate_kqi,time-series-2,mean,4,42,0,111,f111,0.0,0.0,0.0,157,S0_lightgbm,val_PR_AUC_drop
seagate_kqi,time-series-2,mean,4,42,0,112,f112,0.0,0.0,0.0,158,S0_lightgbm,val_PR_AUC_drop
seagate_kqi,time-series-2,mean,4,42,0,113,f113,0.0,0.0,0.0,159,S0_lightgbm,val_PR_AUC_drop
seagate_kqi,time-series-2,mean,4,42,0,114,f114,-1.1735874068108387e-05,0.0,0.0,190,S0_lightgbm,val_PR_AUC_drop
seagate_kqi,time-series-2,mean,4,42,0,115,f115,0.0,0.0,0.0,160,S0_lightgbm,val_PR_AUC_drop
seagate_kqi,time-series-2,mean,4,42,0,116,f116,0.0,0.0,0.0,161,S0_lightgbm,val_PR_AUC_drop
seagate_kqi,time-series-2,mean,4,42,0,117,f117,0.0,0.0,0.0,162,S0_lightgbm,val_PR_AUC_drop
seagate_kqi,time-series-2,mean,4,42,0,118,f118,0.0,0.0,0.0,163,S0_lightgbm,val_PR_AUC_drop
seagate_kqi,time-series-2,mean,4,42,0,119,f119,0.0,0.0,0.0,164,S0_lightgbm,val_PR_AUC_drop
seagate_kqi,time-series-2,mean,4,42,0,120,f120,0.0,0.0,0.0,165,S0_lightgbm,val_PR_AUC_drop
seagate_kqi,time-series-2,mean,4,42,0,121,f121,0.0,0.0,0.0,166,S0_lightgbm,val_PR_AUC_drop
seagate_kqi,time-series-2,mean,4,42,0,122,f122,7.925239333417267e-05,7.925239333417267e-05,0.00013422949996311218,43,S0_lightgbm,val_PR_AUC_drop
seagate_kqi,time-series-2,mean,4,42,0,123,f123,0.0,0.0,0.0,167,S0_lightgbm,val_PR_AUC_drop
seagate_kqi,time-series-2,mean,4,42,0,124,f124,0.0,0.0,0.0,168,S0_lightgbm,val_PR_AUC_drop
seagate_kqi,time-series-2,mean,4,42,0,125,f125,6.186821701703593e-05,6.186821701703593e-05,0.0001047859841492027,44,S0_lightgbm,val_PR_AUC_drop
seagate_kqi,time-series-2,mean,4,42,0,126,f126,0.0,0.0,0.0,169,S0_lightgbm,val_PR_AUC_drop
seagate_kqi,time-series-2,mean,4,42,0,127,f127,0.0,0.0,0.0,170,S0_lightgbm,val_PR_AUC_drop
seagate_kqi,time-series-2,mean,4,42,0,128,f128,-9.775571379577741e-05,0.0,0.0,195,S0_lightgbm,val_PR_AUC_drop
seagate_kqi,time-series-2,mean,4,42,0,129,f129,0.0,0.0,0.0,171,S0_lightgbm,val_PR_AUC_drop
seagate_kqi,time-series-2,mean,4,42,0,130,f130,0.027660157531499863,0.027660157531499863,0.04684791341423988,9,S0_lightgbm,val_PR_AUC_drop
seagate_kqi,time-series-2,mean,4,42,0,131,f131,0.0,0.0,0.0,172,S0_lightgbm,val_PR_AUC_drop
seagate_kqi,time-series-2,mean,4,42,0,132,f132,0.000745791126973927,0.000745791126973927,0.0012631438439711928,37,S0_lightgbm,val_PR_AUC_drop
seagate_kqi,time-series-2,mean,4,42,0,133,f133,0.0022602940443903208,0.0022602940443903208,0.003828252200037241,31,S0_lightgbm,val_PR_AUC_drop
seagate_kqi,time-series-2,mean,4,42,0,134,f134,0.0001984620903385803,0.0001984620903385803,0.0003361345443408936,41,S0_lightgbm,val_PR_AUC_drop
seagate_kqi,time-series-2,mean,4,42,0,135,f135,0.04555399715900421,0.04555399715900421,0.07715465128421783,1,S0_lightgbm,val_PR_AUC_drop
seagate_kqi,time-series-2,mean,4,42,0,136,f136,0.0,0.0,0.0,173,S0_lightgbm,val_PR_AUC_drop
seagate_kqi,time-series-2,mean,4,42,0,137,f137,0.0,0.0,0.0,174,S0_lightgbm,val_PR_AUC_drop
seagate_kqi,time-series-2,mean,4,42,0,138,f138,0.0,0.0,0.0,175,S0_lightgbm,val_PR_AUC_drop
seagate_kqi,time-series-2,mean,4,42,0,139,f139,0.0,0.0,0.0,176,S0_lightgbm,val_PR_AUC_drop
seagate_kqi,time-series-2,mean,4,42,0,140,f140,0.0,0.0,0.0,177,S0_lightgbm,val_PR_AUC_drop
seagate_kqi,time-series-2,mean,4,42,0,141,f141,0.0,0.0,0.0,178,S0_lightgbm,val_PR_AUC_drop
seagate_kqi,time-series-2,mean,4,42,0,142,f142,0.0,0.0,0.0,179,S0_lightgbm,val_PR_AUC_drop
seagate_kqi,time-series-2,mean,4,42,0,143,f143,0.0,0.0,0.0,180,S0_lightgbm,val_PR_AUC_drop
seagate_kqi,time-series-2,mean,4,42,0,144,f144,-2.0664123439928517e-05,0.0,0.0,191,S0_lightgbm,val_PR_AUC_drop
seagate_kqi,time-series-2,mean,4,42,0,145,f145,0.0,0.0,0.0,181,S0_lightgbm,val_PR_AUC_drop
seagate_kqi,time-series-2,mean,4,42,0,146,f146,0.0003985406074207276,0.0003985406074207276,0.0006750068278051913,38,S0_lightgbm,val_PR_AUC_drop
seagate_kqi,time-series-2,mean,4,42,0,147,f147,-8.641862223157659e-05,0.0,0.0,194,S0_lightgbm,val_PR_AUC_drop
seagate_kqi,time-series-2,mean,4,42,0,148,f148,0.01854105293750763,0.01854105293750763,0.031402915716171265,17,S0_lightgbm,val_PR_AUC_drop
seagate_kqi,time-series-2,mean,4,42,0,149,f149,0.01806333102285862,0.01806333102285862,0.03059380128979683,18,S0_lightgbm,val_PR_AUC_drop
seagate_kqi,time-series-2,mean,4,42,0,150,f150,-0.0011310763657093048,0.0,0.0,197,S0_lightgbm,val_PR_AUC_drop
seagate_kqi,time-series-2,mean,4,42,0,151,f151,0.0014868495054543018,0.0014868495054543018,0.0025182717945426702,34,S0_lightgbm,val_PR_AUC_drop
seagate_kqi,time-series-2,mean,4,42,0,152,f152,0.0009015754330903292,0.0009015754330903292,0.0015269952127709985,35,S0_lightgbm,val_PR_AUC_drop
seagate_kqi,time-series-2,mean,4,42,0,153,f153,0.02016696147620678,0.02016696147620678,0.034156713634729385,14,S0_lightgbm,val_PR_AUC_drop
seagate_kqi,time-series-2,mean,4,42,0,154,f154,0.0,0.0,0.0,182,S0_lightgbm,val_PR_AUC_drop
seagate_kqi,time-series-2,mean,4,42,0,155,f155,0.03522985428571701,0.03522985428571701,0.059668682515621185,4,S0_lightgbm,val_PR_AUC_drop
seagate_kqi,time-series-2,mean,4,42,0,156,f156,0.006316622253507376,0.006316622253507376,0.010698441416025162,23,S0_lightgbm,val_PR_AUC_drop
seagate_kqi,time-series-2,mean,4,42,0,157,f157,0.002962969709187746,0.002962969709187746,0.005018371623009443,30,S0_lightgbm,val_PR_AUC_drop
seagate_kqi,time-series-2,mean,4,42,0,158,f158,0.00033703859662637115,0.00033703859662637115,0.0005708411335945129,39,S0_lightgbm,val_PR_AUC_drop
seagate_kqi,time-series-2,mean,4,42,0,159,f159,0.006635208148509264,0.006635208148509264,0.011238029226660728,22,S0_lightgbm,val_PR_AUC_drop
seagate_kqi,time-series-2,mean,4,42,0,160,f160,0.03982984647154808,0.03982984647154808,0.06745967268943787,2,S0_lightgbm,val_PR_AUC_drop
seagate_kqi,time-series-2,mean,4,42,0,161,f161,0.002983469283208251,0.002983469283208251,0.005053091794252396,29,S0_lightgbm,val_PR_AUC_drop
seagate_kqi,time-series-2,mean,4,42,0,162,f162,0.036423228681087494,0.036423228681087494,0.06168989837169647,3,S0_lightgbm,val_PR_AUC_drop
seagate_kqi,time-series-2,mean,4,42,0,163,f163,0.022379199042916298,0.022379199042916298,0.037903573364019394,13,S0_lightgbm,val_PR_AUC_drop
seagate_kqi,time-series-2,mean,4,42,0,164,f164,-0.000646475120447576,0.0,0.0,196,S0_lightgbm,val_PR_AUC_drop
seagate_kqi,time-series-2,mean,4,42,0,165,f165,0.0019494943553581834,0.0019494943553581834,0.0033018519170582294,32,S0_lightgbm,val_PR_AUC_drop
seagate_kqi,time-series-2,mean,4,42,0,166,f166,-0.0020208298228681087,0.0,0.0,198,S0_lightgbm,val_PR_AUC_drop
seagate_kqi,time-series-2,mean,4,42,0,167,f167,0.0002530725905671716,0.0002530725905671716,0.00042862817645072937,40,S0_lightgbm,val_PR_AUC_drop
seagate_kqi,time-series-2,mean,4,42,0,168,f168,0.029687343165278435,0.029687343165278435,0.0502813495695591,6,S0_lightgbm,val_PR_AUC_drop
seagate_kqi,time-series-2,mean,4,42,0,169,f169,-6.850024510640651e-05,0.0,0.0,193,S0_lightgbm,val_PR_AUC_drop
seagate_kqi,time-series-2,mean,4,42,0,170,f170,-6.312462937785313e-05,0.0,0.0,192,S0_lightgbm,val_PR_AUC_drop
seagate_kqi,time-series-2,mean,4,42,0,171,f171,0.006743617355823517,0.006743617355823517,0.01142164133489132,21,S0_lightgbm,val_PR_AUC_drop
seagate_kqi,time-series-2,mean,4,42,0,172,f172,0.02430299110710621,0.02430299110710621,0.04116189107298851,12,S0_lightgbm,val_PR_AUC_drop
seagate_kqi,time-series-2,mean,4,42,0,173,f173,0.030013224110007286,0.030013224110007286,0.05083329230546951,5,S0_lightgbm,val_PR_AUC_drop
seagate_kqi,time-series-2,mean,4,42,0,174,f174,0.006187978200614452,0.006187978200614452,0.010480557568371296,24,S0_lightgbm,val_PR_AUC_drop
seagate_kqi,time-series-2,mean,4,42,0,175,f175,0.0280854944139719,0.0280854944139719,0.04756830632686615,8,S0_lightgbm,val_PR_AUC_drop
seagate_kqi,time-series-2,mean,4,42,0,176,f176,0.0267435722053051,0.0267435722053051,0.04529549553990364,11,S0_lightgbm,val_PR_AUC_drop
seagate_kqi,time-series-2,mean,4,42,0,177,f177,0.0175795741379261,0.0175795741379261,0.029774464666843414,19,S0_lightgbm,val_PR_AUC_drop
seagate_kqi,time-series-2,mean,4,42,0,178,f178,0.0,0.0,0.0,183,S0_lightgbm,val_PR_AUC_drop
seagate_kqi,time-series-2,mean,4,42,0,179,f179,0.004323136527091265,0.004323136527091265,0.0073220813646912575,27,S0_lightgbm,val_PR_AUC_drop
seagate_kqi,time-series-2,mean,4,42,0,180,f180,3.218301571905613e-05,3.218301571905613e-05,5.4508262110175565e-05,45,S0_lightgbm,val_PR_AUC_drop
seagate_kqi,time-series-2,mean,4,42,0,181,f181,0.0008827130659483373,0.0008827130659483373,0.0014950480544939637,36,S0_lightgbm,val_PR_AUC_drop
seagate_kqi,time-series-2,mean,4,42,0,182,f182,0.026756523177027702,0.026756523177027702,0.045317430049180984,10,S0_lightgbm,val_PR_AUC_drop
seagate_kqi,time-series-2,mean,4,42,0,183,f183,0.028174778446555138,0.028174778446555138,0.047719523310661316,7,S0_lightgbm,val_PR_AUC_drop
seagate_kqi,time-series-2,mean,4,42,0,184,f184,0.0016354938270524144,0.0016354938270524144,0.0027700301725417376,33,S0_lightgbm,val_PR_AUC_drop
seagate_kqi,time-series-2,mean,4,42,0,185,f185,0.020136209204792976,0.020136209204792976,0.03410462662577629,15,S0_lightgbm,val_PR_AUC_drop
seagate_kqi,time-series-2,mean,4,42,0,186,f186,-0.002575452672317624,0.0,0.0,199,S0_lightgbm,val_PR_AUC_drop
seagate_kqi,time-series-2,mean,4,42,0,187,f187,0.018975364044308662,0.018975364044308662,0.032138507813215256,16,S0_lightgbm,val_PR_AUC_drop
seagate_kqi,time-series-2,mean,4,42,0,188,f188,0.005148778669536114,0.005148778669536114,0.00872046872973442,25,S0_lightgbm,val_PR_AUC_drop
seagate_kqi,time-series-2,mean,4,42,0,189,f189,-0.0032878422643989325,0.0,0.0,200,S0_lightgbm,val_PR_AUC_drop
seagate_kqi,time-series-2,mean,4,42,0,190,f190,0.015151891857385635,0.015151891857385635,0.025662707164883614,20,S0_lightgbm,val_PR_AUC_drop
seagate_kqi,time-series-2,mean,4,42,0,191,f191,0.0,0.0,0.0,184,S0_lightgbm,val_PR_AUC_drop
seagate_kqi,time-series-2,mean,4,42,0,192,f192,0.0034359158016741276,0.0034359158016741276,0.005819398909807205,28,S0_lightgbm,val_PR_AUC_drop
seagate_kqi,time-series-2,mean,4,42,0,193,f193,0.0,0.0,0.0,185,S0_lightgbm,val_PR_AUC_drop
seagate_kqi,time-series-2,mean,4,42,0,194,f194,0.0,0.0,0.0,186,S0_lightgbm,val_PR_AUC_drop
seagate_kqi,time-series-2,mean,4,42,0,195,f195,0.0049173710867762566,0.0049173710867762566,0.008328534662723541,26,S0_lightgbm,val_PR_AUC_drop
seagate_kqi,time-series-2,mean,4,42,0,196,f196,0.0,0.0,0.0,187,S0_lightgbm,val_PR_AUC_drop
seagate_kqi,time-series-2,mean,4,42,0,197,f197,0.0,0.0,0.0,188,S0_lightgbm,val_PR_AUC_drop
seagate_kqi,time-series-2,mean,4,42,0,198,f198,9.228441922459751e-05,9.228441922459751e-05,0.00015630180132575333,42,S0_lightgbm,val_PR_AUC_drop
seagate_kqi,time-series-2,mean,4,42,0,199,f199,0.0,0.0,0.0,189,S0_lightgbm,val_PR_AUC_drop
seagate_kqi,time-series-2,mean,4,43,0,0,f0,0.0,0.0,0.0,36,S0_lightgbm,val_PR_AUC_drop
seagate_kqi,time-series-2,mean,4,43,0,1,f1,0.0,0.0,0.0,37,S0_lightgbm,val_PR_AUC_drop
seagate_kqi,time-series-2,mean,4,43,0,2,f2,0.0,0.0,0.0,38,S0_lightgbm,val_PR_AUC_drop
seagate_kqi,time-series-2,mean,4,43,0,3,f3,0.0,0.0,0.0,39,S0_lightgbm,val_PR_AUC_drop
seagate_kqi,time-series-2,mean,4,43,0,4,f4,0.0,0.0,0.0,40,S0_lightgbm,val_PR_AUC_drop
seagate_kqi,time-series-2,mean,4,43,0,5,f5,0.0,0.0,0.0,41,S0_lightgbm,val_PR_AUC_drop
seagate_kqi,time-series-2,mean,4,43,0,6,f6,0.0,0.0,0.0,42,S0_lightgbm,val_PR_AUC_drop
seagate_kqi,time-series-2,mean,4,43,0,7,f7,0.0,0.0,0.0,43,S0_lightgbm,val_PR_AUC_drop
seagate_kqi,time-series-2,mean,4,43,0,8,f8,0.0,0.0,0.0,44,S0_lightgbm,val_PR_AUC_drop
seagate_kqi,time-series-2,mean,4,43,0,9,f9,0.0,0.0,0.0,45,S0_lightgbm,val_PR_AUC_drop
seagate_kqi,time-series-2,mean,4,43,0,10,f10,0.0,0.0,0.0,46,S0_lightgbm,val_PR_AUC_drop
seagate_kqi,time-series-2,mean,4,43,0,11,f11,0.0,0.0,0.0,47,S0_lightgbm,val_PR_AUC_drop
seagate_kqi,time-series-2,mean,4,43,0,12,f12,0.0,0.0,0.0,48,S0_lightgbm,val_PR_AUC_drop
seagate_kqi,time-series-2,mean,4,43,0,13,f13,0.0,0.0,0.0,49,S0_lightgbm,val_PR_AUC_drop
seagate_kqi,time-series-2,mean,4,43,0,14,f14,0.0,0.0,0.0,50,S0_lightgbm,val_PR_AUC_drop
seagate_kqi,time-series-2,mean,4,43,0,15,f15,0.0,0.0,0.0,51,S0_lightgbm,val_PR_AUC_drop
seagate_kqi,time-series-2,mean,4,43,0,16,f16,0.0,0.0,0.0,52,S0_lightgbm,val_PR_AUC_drop
seagate_kqi,time-series-2,mean,4,43,0,17,f17,0.0,0.0,0.0,53,S0_lightgbm,val_PR_AUC_drop
seagate_kqi,time-series-2,mean,4,43,0,18,f18,0.0,0.0,0.0,54,S0_lightgbm,val_PR_AUC_drop
seagate_kqi,time-series-2,mean,4,43,0,19,f19,0.0,0.0,0.0,55,S0_lightgbm,val_PR_AUC_drop
seagate_kqi,time-series-2,mean,4,43,0,20,f20,0.0,0.0,0.0,56,S0_lightgbm,val_PR_AUC_drop
seagate_kqi,time-series-2,mean,4,43,0,21,f21,0.0,0.0,0.0,57,S0_lightgbm,val_PR_AUC_drop
seagate_kqi,time-series-2,mean,4,43,0,22,f22,0.0,0.0,0.0,58,S0_lightgbm,val_PR_AUC_drop
seagate_kqi,time-series-2,mean,4,43,0,23,f23,0.0,0.0,0.0,59,S0_lightgbm,val_PR_AUC_drop
seagate_kqi,time-series-2,mean,4,43,0,24,f24,0.0,0.0,0.0,60,S0_lightgbm,val_PR_AUC_drop
seagate_kqi,time-series-2,mean,4,43,0,25,f25,0.0,0.0,0.0,61,S0_lightgbm,val_PR_AUC_drop
seagate_kqi,time-series-2,mean,4,43,0,26,f26,0.0,0.0,0.0,62,S0_lightgbm,val_PR_AUC_drop
seagate_kqi,time-series-2,mean,4,43,0,27,f27,0.0,0.0,0.0,63,S0_lightgbm,val_PR_AUC_drop
seagate_kqi,time-series-2,mean,4,43,0,28,f28,0.0,0.0,0.0,64,S0_lightgbm,val_PR_AUC_drop
seagate_kqi,time-series-2,mean,4,43,0,29,f29,0.0,0.0,0.0,65,S0_lightgbm,val_PR_AUC_drop
seagate_kqi,time-series-2,mean,4,43,0,30,f30,0.0,0.0,0.0,66,S0_lightgbm,val_PR_AUC_drop
seagate_kqi,time-series-2,mean,4,43,0,31,f31,0.0,0.0,0.0,67,S0_lightgbm,val_PR_AUC_drop
seagate_kqi,time-series-2,mean,4,43,0,32,f32,0.0,0.0,0.0,68,S0_lightgbm,val_PR_AUC_drop
seagate_kqi,time-series-2,mean,4,43,0,33,f33,0.0,0.0,0.0,69,S0_lightgbm,val_PR_AUC_drop
seagate_kqi,time-series-2,mean,4,43,0,34,f34,0.0,0.0,0.0,70,S0_lightgbm,val_PR_AUC_drop
seagate_kqi,time-series-2,mean,4,43,0,35,f35,0.0,0.0,0.0,71,S0_lightgbm,val_PR_AUC_drop
seagate_kqi,time-series-2,mean,4,43,0,36,f36,0.0,0.0,0.0,72,S0_lightgbm,val_PR_AUC_drop
seagate_kqi,time-series-2,mean,4,43,0,37,f37,0.0,0.0,0.0,73,S0_lightgbm,val_PR_AUC_drop
seagate_kqi,time-series-2,mean,4,43,0,38,f38,0.0,0.0,0.0,74,S0_lightgbm,val_PR_AUC_drop
seagate_kqi,time-series-2,mean,4,43,0,39,f39,0.0,0.0,0.0,75,S0_lightgbm,val_PR_AUC_drop
seagate_kqi,time-series-2,mean,4,43,0,40,f40,0.0,0.0,0.0,76,S0_lightgbm,val_PR_AUC_drop
seagate_kqi,time-series-2,mean,4,43,0,41,f41,0.0,0.0,0.0,77,S0_lightgbm,val_PR_AUC_drop
seagate_kqi,time-series-2,mean,4,43,0,42,f42,0.0,0.0,0.0,78,S0_lightgbm,val_PR_AUC_drop
seagate_kqi,time-series-2,mean,4,43,0,43,f43,0.0,0.0,0.0,79,S0_lightgbm,val_PR_AUC_drop
seagate_kqi,time-series-2,mean,4,43,0,44,f44,0.0,0.0,0.0,80,S0_lightgbm,val_PR_AUC_drop
seagate_kqi,time-series-2,mean,4,43,0,45,f45,0.0,0.0,0.0,81,S0_lightgbm,val_PR_AUC_drop
seagate_kqi,time-series-2,mean,4,43,0,46,f46,0.0,0.0,0.0,82,S0_lightgbm,val_PR_AUC_drop
seagate_kqi,time-series-2,mean,4,43,0,47,f47,0.0,0.0,0.0,83,S0_lightgbm,val_PR_AUC_drop
seagate_kqi,time-series-2,mean,4,43,0,48,f48,0.0,0.0,0.0,84,S0_lightgbm,val_PR_AUC_drop
seagate_kqi,time-series-2,mean,4,43,0,49,f49,0.0,0.0,0.0,85,S0_lightgbm,val_PR_AUC_drop
seagate_kqi,time-series-2,mean,4,43,0,50,f50,0.0,0.0,0.0,86,S0_lightgbm,val_PR_AUC_drop
seagate_kqi,time-series-2,mean,4,43,0,51,f51,0.0,0.0,0.0,87,S0_lightgbm,val_PR_AUC_drop
seagate_kqi,time-series-2,mean,4,43,0,52,f52,0.0,0.0,0.0,88,S0_lightgbm,val_PR_AUC_drop
seagate_kqi,time-series-2,mean,4,43,0,53,f53,0.0,0.0,0.0,89,S0_lightgbm,val_PR_AUC_drop
seagate_kqi,time-series-2,mean,4,43,0,54,f54,0.0,0.0,0.0,90,S0_lightgbm,val_PR_AUC_drop
seagate_kqi,time-series-2,mean,4,43,0,55,f55,0.0,0.0,0.0,91,S0_lightgbm,val_PR_AUC_drop
seagate_kqi,time-series-2,mean,4,43,0,56,f56,0.0,0.0,0.0,92,S0_lightgbm,val_PR_AUC_drop
seagate_kqi,time-series-2,mean,4,43,0,57,f57,0.0,0.0,0.0,93,S0_lightgbm,val_PR_AUC_drop
seagate_kqi,time-series-2,mean,4,43,0,58,f58,0.0,0.0,0.0,94,S0_lightgbm,val_PR_AUC_drop
seagate_kqi,time-series-2,mean,4,43,0,59,f59,0.0,0.0,0.0,95,S0_lightgbm,val_PR_AUC_drop
seagate_kqi,time-series-2,mean,4,43,0,60,f60,0.0,0.0,0.0,96,S0_lightgbm,val_PR_AUC_drop
seagate_kqi,time-series-2,mean,4,43,0,61,f61,0.0,0.0,0.0,97,S0_lightgbm,val_PR_AUC_drop
seagate_kqi,time-series-2,mean,4,43,0,62,f62,0.0,0.0,0.0,98,S0_lightgbm,val_PR_AUC_drop
seagate_kqi,time-series-2,mean,4,43,0,63,f63,0.0,0.0,0.0,99,S0_lightgbm,val_PR_AUC_drop
seagate_kqi,time-series-2,mean,4,43,0,64,f64,0.0,0.0,0.0,100,S0_lightgbm,val_PR_AUC_drop
seagate_kqi,time-series-2,mean,4,43,0,65,f65,0.0,0.0,0.0,101,S0_lightgbm,val_PR_AUC_drop
seagate_kqi,time-series-2,mean,4,43,0,66,f66,0.0,0.0,0.0,102,S0_lightgbm,val_PR_AUC_drop
seagate_kqi,time-series-2,mean,4,43,0,67,f67,0.0,0.0,0.0,103,S0_lightgbm,val_PR_AUC_drop
seagate_kqi,time-series-2,mean,4,43,0,68,f68,0.0,0.0,0.0,104,S0_lightgbm,val_PR_AUC_drop
seagate_kqi,time-series-2,mean,4,43,0,69,f69,0.0,0.0,0.0,105,S0_lightgbm,val_PR_AUC_drop
seagate_kqi,time-series-2,mean,4,43,0,70,f70,0.0,0.0,0.0,106,S0_lightgbm,val_PR_AUC_drop
seagate_kqi,time-series-2,mean,4,43,0,71,f71,0.0,0.0,0.0,107,S0_lightgbm,val_PR_AUC_drop
seagate_kqi,time-series-2,mean,4,43,0,72,f72,0.0,0.0,0.0,108,S0_lightgbm,val_PR_AUC_drop
seagate_kqi,time-series-2,mean,4,43,0,73,f73,0.0,0.0,0.0,109,S0_lightgbm,val_PR_AUC_drop
seagate_kqi,time-series-2,mean,4,43,0,74,f74,0.0,0.0,0.0,110,S0_lightgbm,val_PR_AUC_drop
seagate_kqi,time-series-2,mean,4,43,0,75,f75,0.0,0.0,0.0,111,S0_lightgbm,val_PR_AUC_drop
seagate_kqi,time-series-2,mean,4,43,0,76,f76,0.0,0.0,0.0,112,S0_lightgbm,val_PR_AUC_drop
seagate_kqi,time-series-2,mean,4,43,0,77,f77,0.0,0.0,0.0,113,S0_lightgbm,val_PR_AUC_drop
seagate_kqi,time-series-2,mean,4,43,0,78,f78,0.0,0.0,0.0,114,S0_lightgbm,val_PR_AUC_drop
seagate_kqi,time-series-2,mean,4,43,0,79,f79,0.0,0.0,0.0,115,S0_lightgbm,val_PR_AUC_drop
seagate_kqi,time-series-2,mean,4,43,0,80,f80,0.0,0.0,0.0,116,S0_lightgbm,val_PR_AUC_drop
seagate_kqi,time-series-2,mean,4,43,0,81,f81,0.0,0.0,0.0,117,S0_lightgbm,val_PR_AUC_drop
seagate_kqi,time-series-2,mean,4,43,0,82,f82,0.0,0.0,0.0,118,S0_lightgbm,val_PR_AUC_drop
seagate_kqi,time-series-2,mean,4,43,0,83,f83,0.0,0.0,0.0,119,S0_lightgbm,val_PR_AUC_drop
seagate_kqi,time-series-2,mean,4,43,0,84,f84,0.0,0.0,0.0,120,S0_lightgbm,val_PR_AUC_drop
seagate_kqi,time-series-2,mean,4,43,0,85,f85,0.0,0.0,0.0,121,S0_lightgbm,val_PR_AUC_drop
seagate_kqi,time-series-2,mean,4,43,0,86,f86,0.0,0.0,0.0,122,S0_lightgbm,val_PR_AUC_drop
seagate_kqi,time-series-2,mean,4,43,0,87,f87,0.0,0.0,0.0,123,S0_lightgbm,val_PR_AUC_drop
seagate_kqi,time-series-2,mean,4,43,0,88,f88,0.0,0.0,0.0,124,S0_lightgbm,val_PR_AUC_drop
seagate_kqi,time-series-2,mean,4,43,0,89,f89,0.0,0.0,0.0,125,S0_lightgbm,val_PR_AUC_drop
seagate_kqi,time-series-2,mean,4,43,0,90,f90,0.0,0.0,0.0,126,S0_lightgbm,val_PR_AUC_drop
seagate_kqi,time-series-2,mean,4,43,0,91,f91,0.0,0.0,0.0,127,S0_lightgbm,val_PR_AUC_drop
seagate_kqi,time-series-2,mean,4,43,0,92,f92,0.0,0.0,0.0,128,S0_lightgbm,val_PR_AUC_drop
seagate_kqi,time-series-2,mean,4,43,0,93,f93,0.0,0.0,0.0,129,S0_lightgbm,val_PR_AUC_drop
seagate_kqi,time-series-2,mean,4,43,0,94,f94,0.0,0.0,0.0,130,S0_lightgbm,val_PR_AUC_drop
seagate_kqi,time-series-2,mean,4,43,0,95,f95,0.0,0.0,0.0,131,S0_lightgbm,val_PR_AUC_drop
seagate_kqi,time-series-2,mean,4,43,0,96,f96,0.0,0.0,0.0,132,S0_lightgbm,val_PR_AUC_drop
seagate_kqi,time-series-2,mean,4,43,0,97,f97,0.0,0.0,0.0,133,S0_lightgbm,val_PR_AUC_drop
seagate_kqi,time-series-2,mean,4,43,0,98,f98,0.0,0.0,0.0,134,S0_lightgbm,val_PR_AUC_drop
seagate_kqi,time-series-2,mean,4,43,0,99,f99,0.0,0.0,0.0,135,S0_lightgbm,val_PR_AUC_drop
seagate_kqi,time-series-2,mean,4,43,0,100,f100,0.0,0.0,0.0,136,S0_lightgbm,val_PR_AUC_drop
seagate_kqi,time-series-2,mean,4,43,0,101,f101,0.0,0.0,0.0,137,S0_lightgbm,val_PR_AUC_drop
seagate_kqi,time-series-2,mean,4,43,0,102,f102,0.0,0.0,0.0,138,S0_lightgbm,val_PR_AUC_drop
seagate_kqi,time-series-2,mean,4,43,0,103,f103,0.0,0.0,0.0,139,S0_lightgbm,val_PR_AUC_drop
seagate_kqi,time-series-2,mean,4,43,0,104,f104,0.0,0.0,0.0,140,S0_lightgbm,val_PR_AUC_drop
seagate_kqi,time-series-2,mean,4,43,0,105,f105,0.0,0.0,0.0,141,S0_lightgbm,val_PR_AUC_drop
seagate_kqi,time-series-2,mean,4,43,0,106,f106,0.0,0.0,0.0,142,S0_lightgbm,val_PR_AUC_drop
seagate_kqi,time-series-2,mean,4,43,0,107,f107,0.0,0.0,0.0,143,S0_lightgbm,val_PR_AUC_drop
seagate_kqi,time-series-2,mean,4,43,0,108,f108,0.0,0.0,0.0,144,S0_lightgbm,val_PR_AUC_drop
seagate_kqi,time-series-2,mean,4,43,0,109,f109,0.0,0.0,0.0,145,S0_lightgbm,val_PR_AUC_drop
seagate_kqi,time-series-2,mean,4,43,0,110,f110,0.0,0.0,0.0,146,S0_lightgbm,val_PR_AUC_drop
seagate_kqi,time-series-2,mean,4,43,0,111,f111,0.0,0.0,0.0,147,S0_lightgbm,val_PR_AUC_drop
seagate_kqi,time-series-2,mean,4,43,0,112,f112,0.0,0.0,0.0,148,S0_lightgbm,val_PR_AUC_drop
seagate_kqi,time-series-2,mean,4,43,0,113,f113,0.0,0.0,0.0,149,S0_lightgbm,val_PR_AUC_drop
seagate_kqi,time-series-2,mean,4,43,0,114,f114,4.427049589139642e-06,4.427049589139642e-06,4.589488889905624e-05,34,S0_lightgbm,val_PR_AUC_drop
seagate_kqi,time-series-2,mean,4,43,0,115,f115,0.0,0.0,0.0,150,S0_lightgbm,val_PR_AUC_drop
seagate_kqi,time-series-2,mean,4,43,0,116,f116,0.0,0.0,0.0,151,S0_lightgbm,val_PR_AUC_drop
seagate_kqi,time-series-2,mean,4,43,0,117,f117,0.0,0.0,0.0,152,S0_lightgbm,val_PR_AUC_drop
seagate_kqi,time-series-2,mean,4,43,0,118,f118,0.0,0.0,0.0,153,S0_lightgbm,val_PR_AUC_drop
seagate_kqi,time-series-2,mean,4,43,0,119,f119,-2.6616132799972547e-06,0.0,0.0,179,S0_lightgbm,val_PR_AUC_drop
seagate_kqi,time-series-2,mean,4,43,0,120,f120,0.0,0.0,0.0,154,S0_lightgbm,val_PR_AUC_drop
seagate_kqi,time-series-2,mean,4,43,0,121,f121,0.0,0.0,0.0,155,S0_lightgbm,val_PR_AUC_drop
seagate_kqi,time-series-2,mean,4,43,0,122,f122,5.395329208113253e-05,5.395329208113253e-05,0.0005593296955339611,33,S0_lightgbm,val_PR_AUC_drop
seagate_kqi,time-series-2,mean,4,43,0,123,f123,0.0,0.0,0.0,156,S0_lightgbm,val_PR_AUC_drop
seagate_kqi,time-series-2,mean,4,43,0,124,f124,0.0,0.0,0.0,157,S0_lightgbm,val_PR_AUC_drop
seagate_kqi,time-series-2,mean,4,43,0,125,f125,0.0,0.0,0.0,158,S0_lightgbm,val_PR_AUC_drop
seagate_kqi,time-series-2,mean,4,43,0,126,f126,0.0,0.0,0.0,159,S0_lightgbm,val_PR_AUC_drop
seagate_kqi,time-series-2,mean,4,43,0,127,f127,0.0,0.0,0.0,160,S0_lightgbm,val_PR_AUC_drop
seagate_kqi,time-series-2,mean,4,43,0,128,f128,6.20628779870458e-05,6.20628779870458e-05,0.0006434011738747358,31,S0_lightgbm,val_PR_AUC_drop
seagate_kqi,time-series-2,mean,4,43,0,129,f129,0.0,0.0,0.0,161,S0_lightgbm,val_PR_AUC_drop
seagate_kqi,time-series-2,mean,4,43,0,130,f130,-0.0038145771250128746,0.0,0.0,194,S0_lightgbm,val_PR_AUC_drop
seagate_kqi,time-series-2,mean,4,43,0,131,f131,0.0,0.0,0.0,162,S0_lightgbm,val_PR_AUC_drop
seagate_kqi,time-series-2,mean,4,43,0,132,f132,9.739111555973068e-05,9.739111555973068e-05,0.001009646337479353,29,S0_lightgbm,val_PR_AUC_drop
seagate_kqi,time-series-2,mean,4,43,0,133,f133,0.001620229333639145,0.001620229333639145,0.016796795651316643,17,S0_lightgbm,val_PR_AUC_drop
seagate_kqi,time-series-2,mean,4,43,0,134,f134,-0.004372232593595982,0.0,0.0,195,S0_lightgbm,val_PR_AUC_drop
seagate_kqi,time-series-2,mean,4,43,0,135,f135,0.007148428354412317,0.007148428354412317,0.07410721480846405,5,S0_lightgbm,val_PR_AUC_drop
seagate_kqi,time-series-2,mean,4,43,0,136,f136,0.0,0.0,0.0,163,S0_lightgbm,val_PR_AUC_drop
seagate_kqi,time-series-2,mean,4,43,0,137,f137,0.0,0.0,0.0,164,S0_lightgbm,val_PR_AUC_drop
seagate_kqi,time-series-2,mean,4,43,0,138,f138,0.0,0.0,0.0,165,S0_lightgbm,val_PR_AUC_drop
seagate_kqi,time-series-2,mean,4,43,0,139,f139,0.0,0.0,0.0,166,S0_lightgbm,val_PR_AUC_drop
seagate_kqi,time-series-2,mean,4,43,0,140,f140,0.0,0.0,0.0,167,S0_lightgbm,val_PR_AUC_drop
seagate_kqi,time-series-2,mean,4,43,0,141,f141,0.00019374828843865544,0.00019374828843865544,0.0020085738506168127,28,S0_lightgbm,val_PR_AUC_drop
seagate_kqi,time-series-2,mean,4,43,0,142,f142,0.0,0.0,0.0,168,S0_lightgbm,val_PR_AUC_drop
seagate_kqi,time-series-2,mean,4,43,0,143,f143,0.0,0.0,0.0,169,S0_lightgbm,val_PR_AUC_drop
seagate_kqi,time-series-2,mean,4,43,0,144,f144,-4.1441777284489945e-05,0.0,0.0,182,S0_lightgbm,val_PR_AUC_drop
seagate_kqi,time-series-2,mean,4,43,0,145,f145,0.0,0.0,0.0,170,S0_lightgbm,val_PR_AUC_drop
seagate_kqi,time-series-2,mean,4,43,0,146,f146,0.0005700320471078157,0.0005700320471078157,0.005909479223191738,21,S0_lightgbm,val_PR_AUC_drop
seagate_kqi,time-series-2,mean,4,43,0,147,f147,-0.00023936713114380836,0.0,0.0,183,S0_lightgbm,val_PR_AUC_drop
seagate_kqi,time-series-2,mean,4,43,0,148,f148,-0.004979824647307396,0.0,0.0,196,S0_lightgbm,val_PR_AUC_drop
seagate_kqi,time-series-2,mean,4,43,0,149,f149,-0.005197759717702866,0.0,0.0,197,S0_lightgbm,val_PR_AUC_drop
seagate_kqi,time-series-2,mean,4,43,0,150,f150,0.005678301211446524,0.005678301211446524,0.05886651948094368,6,S0_lightgbm,val_PR_AUC_drop
seagate_kqi,time-series-2,mean,4,43,0,151,f151,0.005354799330234528,0.005354799330234528,0.05551280081272125,8,S0_lightgbm,val_PR_AUC_drop
seagate_kqi,time-series-2,mean,4,43,0,152,f152,-0.0013098615454509854,0.0,0.0,186,S0_lightgbm,val_PR_AUC_drop
seagate_kqi,time-series-2,mean,4,43,0,153,f153,-0.0009763616835698485,0.0,0.0,185,S0_lightgbm,val_PR_AUC_drop
seagate_kqi,time-series-2,mean,4,43,0,154,f154,0.0,0.0,0.0,171,S0_lightgbm,val_PR_AUC_drop
seagate_kqi,time-series-2,mean,4,43,0,155,f155,0.003133723046630621,0.003133723046630621,0.03248706832528114,10,S0_lightgbm,val_PR_AUC_drop
seagate_kqi,time-series-2,mean,4,43,0,156,f156,0.005623994395136833,0.005623994395136833,0.05830352380871773,7,S0_lightgbm,val_PR_AUC_drop
seagate_kqi,time-series-2,mean,4,43,0,157,f157,0.0009725515847094357,0.0009725515847094357,0.010082368738949299,20,S0_lightgbm,val_PR_AUC_drop
seagate_kqi,time-series-2,mean,4,43,0,158,f158,5.564695311477408e-05,5.564695311477408e-05,0.0005768877454102039,32,S0_lightgbm,val_PR_AUC_drop
seagate_kqi,time-series-2,mean,4,43,0,159,f159,0.0029054908081889153,0.0029054908081889153,0.030121002346277237,11,S0_lightgbm,val_PR_AUC_drop
seagate_kqi,time-series-2,mean,4,43,0,160,f160,0.00038258504355326295,0.00038258504355326295,0.003966229967772961,25,S0_lightgbm,val_PR_AUC_drop
seagate_kqi,time-series-2,mean,4,43,0,161,f161,-0.008746925741434097,0.0,0.0,199,S0_lightgbm,val_PR_AUC_drop
seagate_kqi,time-series-2,mean,4,43,0,162,f162,0.015584185719490051,0.015584185719490051,0.1615600734949112,1,S0_lightgbm,val_PR_AUC_drop
seagate_kqi,time-series-2,mean,4,43,0,163,f163,0.0013907697284594178,0.0013907697284594178,0.01441800408065319,18,S0_lightgbm,val_PR_AUC_drop
seagate_kqi,time-series-2,mean,4,43,0,164,f164,7.1190923335962e-05,7.1190923335962e-05,0.0007380309398286045,30,S0_lightgbm,val_PR_AUC_drop
seagate_kqi,time-series-2,mean,4,43,0,165,f165,0.00023056069039739668,0.00023056069039739668,0.0023902051616460085,27,S0_lightgbm,val_PR_AUC_drop
seagate_kqi,time-series-2,mean,4,43,0,166,f166,0.005039430223405361,0.005039430223405361,0.052243392914533615,9,S0_lightgbm,val_PR_AUC_drop
seagate_kqi,time-series-2,mean,4,43,0,167,f167,0.0005699211615137756,0.0005699211615137756,0.005908329505473375,22,S0_lightgbm,val_PR_AUC_drop
seagate_kqi,time-series-2,mean,4,43,0,168,f168,0.009633381851017475,0.009633381851017475,0.099868543446064,2,S0_lightgbm,val_PR_AUC_drop
seagate_kqi,time-series-2,mean,4,43,0,169,f169,0.0018676546169444919,0.0018676546169444919,0.0193618331104517,16,S0_lightgbm,val_PR_AUC_drop
seagate_kqi,time-series-2,mean,4,43,0,170,f170,-3.126017327303998e-05,0.0,0.0,181,S0_lightgbm,val_PR_AUC_drop
seagate_kqi,time-series-2,mean,4,43,0,171,f171,0.00045386108104139566,0.00045386108104139566,0.004705143626779318,24,S0_lightgbm,val_PR_AUC_drop
seagate_kqi,time-series-2,mean,4,43,0,172,f172,-0.0027411284390836954,0.0,0.0,192,S0_lightgbm,val_PR_AUC_drop
seagate_kqi,time-series-2,mean,4,43,0,173,f173,-0.008148469030857086,0.0,0.0,198,S0_lightgbm,val_PR_AUC_drop
seagate_kqi,time-series-2,mean,4,43,0,174,f174,0.0002680233446881175,0.0002680233446881175,0.0027785776183009148,26,S0_lightgbm,val_PR_AUC_drop
seagate_kqi,time-series-2,mean,4,43,0,175,f175,0.008584054186940193,0.008584054186940193,0.0889902412891388,4,S0_lightgbm,val_PR_AUC_drop
seagate_kqi,time-series-2,mean,4,43,0,176,f176,0.00889018177986145,0.00889018177986145,0.09216383844614029,3,S0_lightgbm,val_PR_AUC_drop
seagate_kqi,time-series-2,mean,4,43,0,177,f177,-0.0008765881066210568,0.0,0.0,184,S0_lightgbm,val_PR_AUC_drop
seagate_kqi,time-series-2,mean,4,43,0,178,f178,0.0,0.0,0.0,172,S0_lightgbm,val_PR_AUC_drop
seagate_kqi,time-series-2,mean,4,43,0,179,f179,0.0010962217347696424,0.0010962217347696424,0.011364447884261608,19,S0_lightgbm,val_PR_AUC_drop
seagate_kqi,time-series-2,mean,4,43,0,180,f180,0.000542571593541652,0.000542571593541652,0.005624798592180014,23,S0_lightgbm,val_PR_AUC_drop
seagate_kqi,time-series-2,mean,4,43,0,181,f181,0.0023971705231815577,0.0023971705231815577,0.02485128492116928,12,S0_lightgbm,val_PR_AUC_drop
seagate_kqi,time-series-2,mean,4,43,0,182,f182,0.0021297859493643045,0.0021297859493643045,0.022079329937696457,13,S0_lightgbm,val_PR_AUC_drop
seagate_kqi,time-series-2,mean,4,43,0,183,f183,-2.0540117475320585e-05,0.0,0.0,180,S0_lightgbm,val_PR_AUC_drop
seagate_kqi,time-series-2,mean,4,43,0,184,f184,0.001972100231796503,0.001972100231796503,0.020444612950086594,14,S0_lightgbm,val_PR_AUC_drop
seagate_kqi,time-series-2,mean,4,43,0,185,f185,-0.0015933047980070114,0.0,0.0,187,S0_lightgbm,val_PR_AUC_drop
seagate_kqi,time-series-2,mean,4,43,0,186,f186,-0.002261075424030423,0.0,0.0,188,S0_lightgbm,val_PR_AUC_drop
seagate_kqi,time-series-2,mean,4,43,0,187,f187,-0.00254260515794158,0.0,0.0,191,S0_lightgbm,val_PR_AUC_drop
seagate_kqi,time-series-2,mean,4,43,0,188,f188,-0.0030584705527871847,0.0,0.0,193,S0_lightgbm,val_PR_AUC_drop
seagate_kqi,time-series-2,mean,4,43,0,189,f189,-0.0024602902121841908,0.0,0.0,190,S0_lightgbm,val_PR_AUC_drop
seagate_kqi,time-series-2,mean,4,43,0,190,f190,-0.010131496004760265,0.0,0.0,200,S0_lightgbm,val_PR_AUC_drop
seagate_kqi,time-series-2,mean,4,43,0,191,f191,0.0,0.0,0.0,173,S0_lightgbm,val_PR_AUC_drop
seagate_kqi,time-series-2,mean,4,43,0,192,f192,-0.0023431312292814255,0.0,0.0,189,S0_lightgbm,val_PR_AUC_drop
seagate_kqi,time-series-2,mean,4,43,0,193,f193,0.0,0.0,0.0,174,S0_lightgbm,val_PR_AUC_drop
seagate_kqi,time-series-2,mean,4,43,0,194,f194,0.0,0.0,0.0,175,S0_lightgbm,val_PR_AUC_drop
seagate_kqi,time-series-2,mean,4,43,0,195,f195,0.0018793095368891954,0.0018793095368891954,0.019482659175992012,15,S0_lightgbm,val_PR_AUC_drop
seagate_kqi,time-series-2,mean,4,43,0,196,f196,0.0,0.0,0.0,176,S0_lightgbm,val_PR_AUC_drop
seagate_kqi,time-series-2,mean,4,43,0,197,f197,0.0,0.0,0.0,177,S0_lightgbm,val_PR_AUC_drop
seagate_kqi,time-series-2,mean,4,43,0,198,f198,2.8862259568995796e-06,2.8862259568995796e-06,2.9921286113676615e-05,35,S0_lightgbm,val_PR_AUC_drop
seagate_kqi,time-series-2,mean,4,43,0,199,f199,0.0,0.0,0.0,178,S0_lightgbm,val_PR_AUC_drop
seagate_kqi,time-series-2,mean,4,44,0,0,f0,0.0,0.0,0.0,34,S0_lightgbm,val_PR_AUC_drop
seagate_kqi,time-series-2,mean,4,44,0,1,f1,0.0,0.0,0.0,35,S0_lightgbm,val_PR_AUC_drop
seagate_kqi,time-series-2,mean,4,44,0,2,f2,0.0,0.0,0.0,36,S0_lightgbm,val_PR_AUC_drop
seagate_kqi,time-series-2,mean,4,44,0,3,f3,0.0,0.0,0.0,37,S0_lightgbm,val_PR_AUC_drop
seagate_kqi,time-series-2,mean,4,44,0,4,f4,0.0,0.0,0.0,38,S0_lightgbm,val_PR_AUC_drop
seagate_kqi,time-series-2,mean,4,44,0,5,f5,0.0,0.0,0.0,39,S0_lightgbm,val_PR_AUC_drop
seagate_kqi,time-series-2,mean,4,44,0,6,f6,0.0,0.0,0.0,40,S0_lightgbm,val_PR_AUC_drop
seagate_kqi,time-series-2,mean,4,44,0,7,f7,0.0,0.0,0.0,41,S0_lightgbm,val_PR_AUC_drop
seagate_kqi,time-series-2,mean,4,44,0,8,f8,0.0,0.0,0.0,42,S0_lightgbm,val_PR_AUC_drop
seagate_kqi,time-series-2,mean,4,44,0,9,f9,0.0,0.0,0.0,43,S0_lightgbm,val_PR_AUC_drop
seagate_kqi,time-series-2,mean,4,44,0,10,f10,0.0,0.0,0.0,44,S0_lightgbm,val_PR_AUC_drop
seagate_kqi,time-series-2,mean,4,44,0,11,f11,0.0,0.0,0.0,45,S0_lightgbm,val_PR_AUC_drop
seagate_kqi,time-series-2,mean,4,44,0,12,f12,0.0,0.0,0.0,46,S0_lightgbm,val_PR_AUC_drop
seagate_kqi,time-series-2,mean,4,44,0,13,f13,0.0,0.0,0.0,47,S0_lightgbm,val_PR_AUC_drop
seagate_kqi,time-series-2,mean,4,44,0,14,f14,0.0,0.0,0.0,48,S0_lightgbm,val_PR_AUC_drop
seagate_kqi,time-series-2,mean,4,44,0,15,f15,0.0,0.0,0.0,49,S0_lightgbm,val_PR_AUC_drop
seagate_kqi,time-series-2,mean,4,44,0,16,f16,0.0,0.0,0.0,50,S0_lightgbm,val_PR_AUC_drop
seagate_kqi,time-series-2,mean,4,44,0,17,f17,0.0,0.0,0.0,51,S0_lightgbm,val_PR_AUC_drop
seagate_kqi,time-series-2,mean,4,44,0,18,f18,0.0,0.0,0.0,52,S0_lightgbm,val_PR_AUC_drop
seagate_kqi,time-series-2,mean,4,44,0,19,f19,0.0,0.0,0.0,53,S0_lightgbm,val_PR_AUC_drop
seagate_kqi,time-series-2,mean,4,44,0,20,f20,0.0,0.0,0.0,54,S0_lightgbm,val_PR_AUC_drop
seagate_kqi,time-series-2,mean,4,44,0,21,f21,0.0,0.0,0.0,55,S0_lightgbm,val_PR_AUC_drop
seagate_kqi,time-series-2,mean,4,44,0,22,f22,0.0,0.0,0.0,56,S0_lightgbm,val_PR_AUC_drop
seagate_kqi,time-series-2,mean,4,44,0,23,f23,0.0,0.0,0.0,57,S0_lightgbm,val_PR_AUC_drop
seagate_kqi,time-series-2,mean,4,44,0,24,f24,0.0,0.0,0.0,58,S0_lightgbm,val_PR_AUC_drop
seagate_kqi,time-series-2,mean,4,44,0,25,f25,0.0,0.0,0.0,59,S0_lightgbm,val_PR_AUC_drop
seagate_kqi,time-series-2,mean,4,44,0,26,f26,0.0,0.0,0.0,60,S0_lightgbm,val_PR_AUC_drop
seagate_kqi,time-series-2,mean,4,44,0,27,f27,0.0,0.0,0.0,61,S0_lightgbm,val_PR_AUC_drop
seagate_kqi,time-series-2,mean,4,44,0,28,f28,0.0,0.0,0.0,62,S0_lightgbm,val_PR_AUC_drop
seagate_kqi,time-series-2,mean,4,44,0,29,f29,0.0,0.0,0.0,63,S0_lightgbm,val_PR_AUC_drop
seagate_kqi,time-series-2,mean,4,44,0,30,f30,0.0,0.0,0.0,64,S0_lightgbm,val_PR_AUC_drop
seagate_kqi,time-series-2,mean,4,44,0,31,f31,0.0,0.0,0.0,65,S0_lightgbm,val_PR_AUC_drop
seagate_kqi,time-series-2,mean,4,44,0,32,f32,0.0,0.0,0.0,66,S0_lightgbm,val_PR_AUC_drop
seagate_kqi,time-series-2,mean,4,44,0,33,f33,0.0,0.0,0.0,67,S0_lightgbm,val_PR_AUC_drop
seagate_kqi,time-series-2,mean,4,44,0,34,f34,0.0,0.0,0.0,68,S0_lightgbm,val_PR_AUC_drop
seagate_kqi,time-series-2,mean,4,44,0,35,f35,0.0,0.0,0.0,69,S0_lightgbm,val_PR_AUC_drop
seagate_kqi,time-series-2,mean,4,44,0,36,f36,0.0,0.0,0.0,70,S0_lightgbm,val_PR_AUC_drop
seagate_kqi,time-series-2,mean,4,44,0,37,f37,0.0,0.0,0.0,71,S0_lightgbm,val_PR_AUC_drop
seagate_kqi,time-series-2,mean,4,44,0,38,f38,0.0,0.0,0.0,72,S0_lightgbm,val_PR_AUC_drop
seagate_kqi,time-series-2,mean,4,44,0,39,f39,0.0,0.0,0.0,73,S0_lightgbm,val_PR_AUC_drop
seagate_kqi,time-series-2,mean,4,44,0,40,f40,0.0,0.0,0.0,74,S0_lightgbm,val_PR_AUC_drop
seagate_kqi,time-series-2,mean,4,44,0,41,f41,0.0,0.0,0.0,75,S0_lightgbm,val_PR_AUC_drop
seagate_kqi,time-series-2,mean,4,44,0,42,f42,0.0,0.0,0.0,76,S0_lightgbm,val_PR_AUC_drop
seagate_kqi,time-series-2,mean,4,44,0,43,f43,0.0,0.0,0.0,77,S0_lightgbm,val_PR_AUC_drop
seagate_kqi,time-series-2,mean,4,44,0,44,f44,0.0,0.0,0.0,78,S0_lightgbm,val_PR_AUC_drop
seagate_kqi,time-series-2,mean,4,44,0,45,f45,0.0,0.0,0.0,79,S0_lightgbm,val_PR_AUC_drop
seagate_kqi,time-series-2,mean,4,44,0,46,f46,0.0,0.0,0.0,80,S0_lightgbm,val_PR_AUC_drop
seagate_kqi,time-series-2,mean,4,44,0,47,f47,0.0,0.0,0.0,81,S0_lightgbm,val_PR_AUC_drop
seagate_kqi,time-series-2,mean,4,44,0,48,f48,0.0,0.0,0.0,82,S0_lightgbm,val_PR_AUC_drop
seagate_kqi,time-series-2,mean,4,44,0,49,f49,0.0,0.0,0.0,83,S0_lightgbm,val_PR_AUC_drop
seagate_kqi,time-series-2,mean,4,44,0,50,f50,0.0,0.0,0.0,84,S0_lightgbm,val_PR_AUC_drop
seagate_kqi,time-series-2,mean,4,44,0,51,f51,0.0,0.0,0.0,85,S0_lightgbm,val_PR_AUC_drop
seagate_kqi,time-series-2,mean,4,44,0,52,f52,0.0,0.0,0.0,86,S0_lightgbm,val_PR_AUC_drop
seagate_kqi,time-series-2,mean,4,44,0,53,f53,0.0,0.0,0.0,87,S0_lightgbm,val_PR_AUC_drop
seagate_kqi,time-series-2,mean,4,44,0,54,f54,0.0,0.0,0.0,88,S0_lightgbm,val_PR_AUC_drop
seagate_kqi,time-series-2,mean,4,44,0,55,f55,0.0,0.0,0.0,89,S0_lightgbm,val_PR_AUC_drop
seagate_kqi,time-series-2,mean,4,44,0,56,f56,0.0,0.0,0.0,90,S0_lightgbm,val_PR_AUC_drop
seagate_kqi,time-series-2,mean,4,44,0,57,f57,0.0,0.0,0.0,91,S0_lightgbm,val_PR_AUC_drop
seagate_kqi,time-series-2,mean,4,44,0,58,f58,0.0,0.0,0.0,92,S0_lightgbm,val_PR_AUC_drop
seagate_kqi,time-series-2,mean,4,44,0,59,f59,0.0,0.0,0.0,93,S0_lightgbm,val_PR_AUC_drop
seagate_kqi,time-series-2,mean,4,44,0,60,f60,0.0,0.0,0.0,94,S0_lightgbm,val_PR_AUC_drop
seagate_kqi,time-series-2,mean,4,44,0,61,f61,0.0,0.0,0.0,95,S0_lightgbm,val_PR_AUC_drop
seagate_kqi,time-series-2,mean,4,44,0,62,f62,0.0,0.0,0.0,96,S0_lightgbm,val_PR_AUC_drop
seagate_kqi,time-series-2,mean,4,44,0,63,f63,0.0,0.0,0.0,97,S0_lightgbm,val_PR_AUC_drop
seagate_kqi,time-series-2,mean,4,44,0,64,f64,0.0,0.0,0.0,98,S0_lightgbm,val_PR_AUC_drop
seagate_kqi,time-series-2,mean,4,44,0,65,f65,0.0,0.0,0.0,99,S0_lightgbm,val_PR_AUC_drop
seagate_kqi,time-series-2,mean,4,44,0,66,f66,0.0,0.0,0.0,100,S0_lightgbm,val_PR_AUC_drop
seagate_kqi,time-series-2,mean,4,44,0,67,f67,0.0,0.0,0.0,101,S0_lightgbm,val_PR_AUC_drop
seagate_kqi,time-series-2,mean,4,44,0,68,f68,0.0,0.0,0.0,102,S0_lightgbm,val_PR_AUC_drop
seagate_kqi,time-series-2,mean,4,44,0,69,f69,0.0,0.0,0.0,103,S0_lightgbm,val_PR_AUC_drop
seagate_kqi,time-series-2,mean,4,44,0,70,f70,0.0,0.0,0.0,104,S0_lightgbm,val_PR_AUC_drop
seagate_kqi,time-series-2,mean,4,44,0,71,f71,0.0,0.0,0.0,105,S0_lightgbm,val_PR_AUC_drop
seagate_kqi,time-series-2,mean,4,44,0,72,f72,0.0,0.0,0.0,106,S0_lightgbm,val_PR_AUC_drop
seagate_kqi,time-series-2,mean,4,44,0,73,f73,0.0,0.0,0.0,107,S0_lightgbm,val_PR_AUC_drop
seagate_kqi,time-series-2,mean,4,44,0,74,f74,0.0,0.0,0.0,108,S0_lightgbm,val_PR_AUC_drop
seagate_kqi,time-series-2,mean,4,44,0,75,f75,0.0,0.0,0.0,109,S0_lightgbm,val_PR_AUC_drop
seagate_kqi,time-series-2,mean,4,44,0,76,f76,0.0,0.0,0.0,110,S0_lightgbm,val_PR_AUC_drop
seagate_kqi,time-series-2,mean,4,44,0,77,f77,0.0,0.0,0.0,111,S0_lightgbm,val_PR_AUC_drop
seagate_kqi,time-series-2,mean,4,44,0,78,f78,0.0,0.0,0.0,112,S0_lightgbm,val_PR_AUC_drop
seagate_kqi,time-series-2,mean,4,44,0,79,f79,0.0,0.0,0.0,113,S0_lightgbm,val_PR_AUC_drop
seagate_kqi,time-series-2,mean,4,44,0,80,f80,0.0,0.0,0.0,114,S0_lightgbm,val_PR_AUC_drop
seagate_kqi,time-series-2,mean,4,44,0,81,f81,0.0,0.0,0.0,115,S0_lightgbm,val_PR_AUC_drop
seagate_kqi,time-series-2,mean,4,44,0,82,f82,0.0,0.0,0.0,116,S0_lightgbm,val_PR_AUC_drop
seagate_kqi,time-series-2,mean,4,44,0,83,f83,0.0,0.0,0.0,117,S0_lightgbm,val_PR_AUC_drop
seagate_kqi,time-series-2,mean,4,44,0,84,f84,0.0,0.0,0.0,118,S0_lightgbm,val_PR_AUC_drop
seagate_kqi,time-series-2,mean,4,44,0,85,f85,0.0,0.0,0.0,119,S0_lightgbm,val_PR_AUC_drop
seagate_kqi,time-series-2,mean,4,44,0,86,f86,0.0,0.0,0.0,120,S0_lightgbm,val_PR_AUC_drop
seagate_kqi,time-series-2,mean,4,44,0,87,f87,0.0,0.0,0.0,121,S0_lightgbm,val_PR_AUC_drop
seagate_kqi,time-series-2,mean,4,44,0,88,f88,0.0,0.0,0.0,122,S0_lightgbm,val_PR_AUC_drop
seagate_kqi,time-series-2,mean,4,44,0,89,f89,0.0,0.0,0.0,123,S0_lightgbm,val_PR_AUC_drop
seagate_kqi,time-series-2,mean,4,44,0,90,f90,0.0,0.0,0.0,124,S0_lightgbm,val_PR_AUC_drop
seagate_kqi,time-series-2,mean,4,44,0,91,f91,0.0,0.0,0.0,125,S0_lightgbm,val_PR_AUC_drop
seagate_kqi,time-series-2,mean,4,44,0,92,f92,0.0,0.0,0.0,126,S0_lightgbm,val_PR_AUC_drop
seagate_kqi,time-series-2,mean,4,44,0,93,f93,0.0,0.0,0.0,127,S0_lightgbm,val_PR_AUC_drop
seagate_kqi,time-series-2,mean,4,44,0,94,f94,0.0,0.0,0.0,128,S0_lightgbm,val_PR_AUC_drop
seagate_kqi,time-series-2,mean,4,44,0,95,f95,0.0,0.0,0.0,129,S0_lightgbm,val_PR_AUC_drop
seagate_kqi,time-series-2,mean,4,44,0,96,f96,0.0,0.0,0.0,130,S0_lightgbm,val_PR_AUC_drop
seagate_kqi,time-series-2,mean,4,44,0,97,f97,0.0,0.0,0.0,131,S0_lightgbm,val_PR_AUC_drop
seagate_kqi,time-series-2,mean,4,44,0,98,f98,0.0,0.0,0.0,132,S0_lightgbm,val_PR_AUC_drop
seagate_kqi,time-series-2,mean,4,44,0,99,f99,0.0,0.0,0.0,133,S0_lightgbm,val_PR_AUC_drop
seagate_kqi,time-series-2,mean,4,44,0,100,f100,0.0,0.0,0.0,134,S0_lightgbm,val_PR_AUC_drop
seagate_kqi,time-series-2,mean,4,44,0,101,f101,0.0,0.0,0.0,135,S0_lightgbm,val_PR_AUC_drop
seagate_kqi,time-series-2,mean,4,44,0,102,f102,0.0,0.0,0.0,136,S0_lightgbm,val_PR_AUC_drop
seagate_kqi,time-series-2,mean,4,44,0,103,f103,0.0,0.0,0.0,137,S0_lightgbm,val_PR_AUC_drop
seagate_kqi,time-series-2,mean,4,44,0,104,f104,0.0,0.0,0.0,138,S0_lightgbm,val_PR_AUC_drop
seagate_kqi,time-series-2,mean,4,44,0,105,f105,0.0,0.0,0.0,139,S0_lightgbm,val_PR_AUC_drop
seagate_kqi,time-series-2,mean,4,44,0,106,f106,0.0,0.0,0.0,140,S0_lightgbm,val_PR_AUC_drop
seagate_kqi,time-series-2,mean,4,44,0,107,f107,0.0,0.0,0.0,141,S0_lightgbm,val_PR_AUC_drop
seagate_kqi,time-series-2,mean,4,44,0,108,f108,0.0,0.0,0.0,142,S0_lightgbm,val_PR_AUC_drop
seagate_kqi,time-series-2,mean,4,44,0,109,f109,0.0,0.0,0.0,143,S0_lightgbm,val_PR_AUC_drop
seagate_kqi,time-series-2,mean,4,44,0,110,f110,0.0,0.0,0.0,144,S0_lightgbm,val_PR_AUC_drop
seagate_kqi,time-series-2,mean,4,44,0,111,f111,0.0,0.0,0.0,145,S0_lightgbm,val_PR_AUC_drop
seagate_kqi,time-series-2,mean,4,44,0,112,f112,0.0,0.0,0.0,146,S0_lightgbm,val_PR_AUC_drop
seagate_kqi,time-series-2,mean,4,44,0,113,f113,0.0,0.0,0.0,147,S0_lightgbm,val_PR_AUC_drop
seagate_kqi,time-series-2,mean,4,44,0,114,f114,0.0,0.0,0.0,148,S0_lightgbm,val_PR_AUC_drop
seagate_kqi,time-series-2,mean,4,44,0,115,f115,0.0,0.0,0.0,149,S0_lightgbm,val_PR_AUC_drop
seagate_kqi,time-series-2,mean,4,44,0,116,f116,0.0,0.0,0.0,150,S0_lightgbm,val_PR_AUC_drop
seagate_kqi,time-series-2,mean,4,44,0,117,f117,0.0,0.0,0.0,151,S0_lightgbm,val_PR_AUC_drop
seagate_kqi,time-series-2,mean,4,44,0,118,f118,-3.4615475215105107e-06,0.0,0.0,176,S0_lightgbm,val_PR_AUC_drop
seagate_kqi,time-series-2,mean,4,44,0,119,f119,1.922963065226213e-06,1.922963065226213e-06,1.0628178642946295e-05,33,S0_lightgbm,val_PR_AUC_drop
seagate_kqi,time-series-2,mean,4,44,0,120,f120,0.0,0.0,0.0,152,S0_lightgbm,val_PR_AUC_drop
seagate_kqi,time-series-2,mean,4,44,0,121,f121,0.0,0.0,0.0,153,S0_lightgbm,val_PR_AUC_drop
seagate_kqi,time-series-2,mean,4,44,0,122,f122,-5.943120868323604e-06,0.0,0.0,177,S0_lightgbm,val_PR_AUC_drop
seagate_kqi,time-series-2,mean,4,44,0,123,f123,0.0,0.0,0.0,154,S0_lightgbm,val_PR_AUC_drop
seagate_kqi,time-series-2,mean,4,44,0,124,f124,0.0,0.0,0.0,155,S0_lightgbm,val_PR_AUC_drop
seagate_kqi,time-series-2,mean,4,44,0,125,f125,3.865699454763671e-06,3.865699454763671e-06,2.136564398824703e-05,31,S0_lightgbm,val_PR_AUC_drop
seagate_kqi,time-series-2,mean,4,44,0,126,f126,4.004358743259218e-06,4.004358743259218e-06,2.2132011508801952e-05,30,S0_lightgbm,val_PR_AUC_drop
seagate_kqi,time-series-2,mean,4,44,0,127,f127,0.0,0.0,0.0,156,S0_lightgbm,val_PR_AUC_drop
seagate_kqi,time-series-2,mean,4,44,0,128,f128,0.00019025360234081745,0.00019025360234081745,0.001051527913659811,28,S0_lightgbm,val_PR_AUC_drop
seagate_kqi,time-series-2,mean,4,44,0,129,f129,0.0,0.0,0.0,157,S0_lightgbm,val_PR_AUC_drop
seagate_kqi,time-series-2,mean,4,44,0,130,f130,0.0022141113877296448,0.0022141113877296448,0.012237349525094032,11,S0_lightgbm,val_PR_AUC_drop
seagate_kqi,time-series-2,mean,4,44,0,131,f131,0.0,0.0,0.0,158,S0_lightgbm,val_PR_AUC_drop
seagate_kqi,time-series-2,mean,4,44,0,132,f132,-0.0013374020345509052,0.0,0.0,190,S0_lightgbm,val_PR_AUC_drop
seagate_kqi,time-series-2,mean,4,44,0,133,f133,0.0019074792508035898,0.0019074792508035898,0.01054260041564703,12,S0_lightgbm,val_PR_AUC_drop
seagate_kqi,time-series-2,mean,4,44,0,134,f134,0.0006671961164101958,0.0006671961164101958,0.0036875796504318714,22,S0_lightgbm,val_PR_AUC_drop
seagate_kqi,time-series-2,mean,4,44,0,135,f135,0.0338774211704731,0.0338774211704731,0.1872398406267166,1,S0_lightgbm,val_PR_AUC_drop
seagate_kqi,time-series-2,mean,4,44,0,136,f136,0.0,0.0,0.0,159,S0_lightgbm,val_PR_AUC_drop
seagate_kqi,time-series-2,mean,4,44,0,137,f137,0.0,0.0,0.0,160,S0_lightgbm,val_PR_AUC_drop
seagate_kqi,time-series-2,mean,4,44,0,138,f138,0.0,0.0,0.0,161,S0_lightgbm,val_PR_AUC_drop
seagate_kqi,time-series-2,mean,4,44,0,139,f139,0.0,0.0,0.0,162,S0_lightgbm,val_PR_AUC_drop
seagate_kqi,time-series-2,mean,4,44,0,140,f140,0.0,0.0,0.0,163,S0_lightgbm,val_PR_AUC_drop
seagate_kqi,time-series-2,mean,4,44,0,141,f141,-0.00015328028530348092,0.0,0.0,179,S0_lightgbm,val_PR_AUC_drop
seagate_kqi,time-series-2,mean,4,44,0,142,f142,0.0,0.0,0.0,164,S0_lightgbm,val_PR_AUC_drop
seagate_kqi,time-series-2,mean,4,44,0,143,f143,0.0,0.0,0.0,165,S0_lightgbm,val_PR_AUC_drop
seagate_kqi,time-series-2,mean,4,44,0,144,f144,3.675951802506461e-06,3.675951802506461e-06,2.031691292359028e-05,32,S0_lightgbm,val_PR_AUC_drop
seagate_kqi,time-series-2,mean,4,44,0,145,f145,0.0,0.0,0.0,166,S0_lightgbm,val_PR_AUC_drop
seagate_kqi,time-series-2,mean,4,44,0,146,f146,0.0014221541350707412,0.0014221541350707412,0.007860217243432999,16,S0_lightgbm,val_PR_AUC_drop
seagate_kqi,time-series-2,mean,4,44,0,147,f147,-0.0002849770535249263,0.0,0.0,180,S0_lightgbm,val_PR_AUC_drop
seagate_kqi,time-series-2,mean,4,44,0,148,f148,0.01614520139992237,0.01614520139992237,0.08923421055078506,6,S0_lightgbm,val_PR_AUC_drop
seagate_kqi,time-series-2,mean,4,44,0,149,f149,-0.0005438901716843247,0.0,0.0,183,S0_lightgbm,val_PR_AUC_drop
seagate_kqi,time-series-2,mean,4,44,0,150,f150,0.00038946501445025206,0.00038946501445025206,0.002152565401047468,26,S0_lightgbm,val_PR_AUC_drop
seagate_kqi,time-series-2,mean,4,44,0,151,f151,0.0004836151492781937,0.0004836151492781937,0.0026729314122349024,25,S0_lightgbm,val_PR_AUC_drop
seagate_kqi,time-series-2,mean,4,44,0,152,f152,-0.003160307416692376,0.0,0.0,196,S0_lightgbm,val_PR_AUC_drop
seagate_kqi,time-series-2,mean,4,44,0,153,f153,-0.0019809803925454617,0.0,0.0,193,S0_lightgbm,val_PR_AUC_drop
seagate_kqi,time-series-2,mean,4,44,0,154,f154,0.0,0.0,0.0,167,S0_lightgbm,val_PR_AUC_drop
seagate_kqi,time-series-2,mean,4,44,0,155,f155,-0.0022365995682775974,0.0,0.0,195,S0_lightgbm,val_PR_AUC_drop
seagate_kqi,time-series-2,mean,4,44,0,156,f156,0.0011817226186394691,0.0011817226186394691,0.006531357299536467,18,S0_lightgbm,val_PR_AUC_drop
seagate_kqi,time-series-2,mean,4,44,0,157,f157,-0.0006251716404221952,0.0,0.0,184,S0_lightgbm,val_PR_AUC_drop
seagate_kqi,time-series-2,mean,4,44,0,158,f158,0.0006097184377722442,0.0006097184377722442,0.0033699017949402332,23,S0_lightgbm,val_PR_AUC_drop
seagate_kqi,time-series-2,mean,4,44,0,159,f159,0.00017429165018256754,0.00017429165018256754,0.0009633065201342106,29,S0_lightgbm,val_PR_AUC_drop
seagate_kqi,time-series-2,mean,4,44,0,160,f160,0.02140657603740692,0.02140657603740692,0.11831372231245041,4,S0_lightgbm,val_PR_AUC_drop
seagate_kqi,time-series-2,mean,4,44,0,161,f161,-0.0034519811160862446,0.0,0.0,197,S0_lightgbm,val_PR_AUC_drop
seagate_kqi,time-series-2,mean,4,44,0,162,f162,0.007799099665135145,0.007799099665135145,0.04310546815395355,8,S0_lightgbm,val_PR_AUC_drop
seagate_kqi,time-series-2,mean,4,44,0,163,f163,0.0018184658838436007,0.0018184658838436007,0.01005062460899353,13,S0_lightgbm,val_PR_AUC_drop
seagate_kqi,time-series-2,mean,4,44,0,164,f164,-2.6528288799454458e-05,0.0,0.0,178,S0_lightgbm,val_PR_AUC_drop
seagate_kqi,time-series-2,mean,4,44,0,165,f165,-0.0009776662336662412,0.0,0.0,186,S0_lightgbm,val_PR_AUC_drop
seagate_kqi,time-series-2,mean,4,44,0,166,f166,0.001147070317529142,0.001147070317529142,0.006339835003018379,19,S0_lightgbm,val_PR_AUC_drop
seagate_kqi,time-series-2,mean,4,44,0,167,f167,0.0003043744945898652,0.0003043744945898652,0.0016822718316689134,27,S0_lightgbm,val_PR_AUC_drop
seagate_kqi,time-series-2,mean,4,44,0,168,f168,0.019218020141124725,0.019218020141124725,0.10621761530637741,5,S0_lightgbm,val_PR_AUC_drop
seagate_kqi,time-series-2,mean,4,44,0,169,f169,0.0006035937694832683,0.0006035937694832683,0.0033360507804900408,24,S0_lightgbm,val_PR_AUC_drop
seagate_kqi,time-series-2,mean,4,44,0,170,f170,0.0007562071550637484,0.0007562071550637484,0.004179541952908039,21,S0_lightgbm,val_PR_AUC_drop
seagate_kqi,time-series-2,mean,4,44,0,171,f171,-0.00198205653578043,0.0,0.0,194,S0_lightgbm,val_PR_AUC_drop
seagate_kqi,time-series-2,mean,4,44,0,172,f172,0.025685256347060204,0.025685256347060204,0.14196190237998962,2,S0_lightgbm,val_PR_AUC_drop
seagate_kqi,time-series-2,mean,4,44,0,173,f173,-0.005446121096611023,0.0,0.0,198,S0_lightgbm,val_PR_AUC_drop
seagate_kqi,time-series-2,mean,4,44,0,174,f174,-0.000982007011771202,0.0,0.0,187,S0_lightgbm,val_PR_AUC_drop
seagate_kqi,time-series-2,mean,4,44,0,175,f175,0.007855772040784359,0.007855772040784359,0.04341869801282883,7,S0_lightgbm,val_PR_AUC_drop
seagate_kqi,time-series-2,mean,4,44,0,176,f176,0.001757879159413278,0.001757879159413278,0.009715762920677662,15,S0_lightgbm,val_PR_AUC_drop
seagate_kqi,time-series-2,mean,4,44,0,177,f177,-0.007963801734149456,0.0,0.0,200,S0_lightgbm,val_PR_AUC_drop
seagate_kqi,time-series-2,mean,4,44,0,178,f178,0.0,0.0,0.0,168,S0_lightgbm,val_PR_AUC_drop
seagate_kqi,time-series-2,mean,4,44,0,179,f179,0.002853729762136936,0.002853729762136936,0.015772508457303047,10,S0_lightgbm,val_PR_AUC_drop
seagate_kqi,time-series-2,mean,4,44,0,180,f180,0.000801628571934998,0.000801628571934998,0.004430585075169802,20,S0_lightgbm,val_PR_AUC_drop
seagate_kqi,time-series-2,mean,4,44,0,181,f181,-0.0013698693364858627,0.0,0.0,191,S0_lightgbm,val_PR_AUC_drop
seagate_kqi,time-series-2,mean,4,44,0,182,f182,0.022419398650527,0.022419398650527,0.12391157448291779,3,S0_lightgbm,val_PR_AUC_drop
seagate_kqi,time-series-2,mean,4,44,0,183,f183,0.0017910550814121962,0.0017910550814121962,0.00989912636578083,14,S0_lightgbm,val_PR_AUC_drop
seagate_kqi,time-series-2,mean,4,44,0,184,f184,-0.0003673699393402785,0.0,0.0,181,S0_lightgbm,val_PR_AUC_drop
seagate_kqi,time-series-2,mean,4,44,0,185,f185,-0.0009109122329391539,0.0,0.0,185,S0_lightgbm,val_PR_AUC_drop
seagate_kqi,time-series-2,mean,4,44,0,186,f186,0.004116929601877928,0.004116929601877928,0.022754188627004623,9,S0_lightgbm,val_PR_AUC_drop
seagate_kqi,time-series-2,mean,4,44,0,187,f187,0.001319472212344408,0.001319472212344408,0.007292696740478277,17,S0_lightgbm,val_PR_AUC_drop
seagate_kqi,time-series-2,mean,4,44,0,188,f188,-0.0013320891885086894,0.0,0.0,189,S0_lightgbm,val_PR_AUC_drop
seagate_kqi,time-series-2,mean,4,44,0,189,f189,-0.0005108876503072679,0.0,0.0,182,S0_lightgbm,val_PR_AUC_drop
seagate_kqi,time-series-2,mean,4,44,0,190,f190,-0.0066124387085437775,0.0,0.0,199,S0_lightgbm,val_PR_AUC_drop
seagate_kqi,time-series-2,mean,4,44,0,191,f191,0.0,0.0,0.0,169,S0_lightgbm,val_PR_AUC_drop
seagate_kqi,time-series-2,mean,4,44,0,192,f192,-0.0014255489222705364,0.0,0.0,192,S0_lightgbm,val_PR_AUC_drop
seagate_kqi,time-series-2,mean,4,44,0,193,f193,0.0,0.0,0.0,170,S0_lightgbm,val_PR_AUC_drop
seagate_kqi,time-series-2,mean,4,44,0,194,f194,0.0,0.0,0.0,171,S0_lightgbm,val_PR_AUC_drop
seagate_kqi,time-series-2,mean,4,44,0,195,f195,-0.0011921925470232964,0.0,0.0,188,S0_lightgbm,val_PR_AUC_drop
seagate_kqi,time-series-2,mean,4,44,0,196,f196,0.0,0.0,0.0,172,S0_lightgbm,val_PR_AUC_drop
seagate_kqi,time-series-2,mean,4,44,0,197,f197,0.0,0.0,0.0,173,S0_lightgbm,val_PR_AUC_drop
seagate_kqi,time-series-2,mean,4,44,0,198,f198,-1.9651711227197666e-06,0.0,0.0,175,S0_lightgbm,val_PR_AUC_drop
seagate_kqi,time-series-2,mean,4,44,0,199,f199,0.0,0.0,0.0,174,S0_lightgbm,val_PR_AUC_drop
seagate_kqi,time-series-2,mean,4,45,0,0,f0,0.0,0.0,0.0,26,S0_lightgbm,val_PR_AUC_drop
seagate_kqi,time-series-2,mean,4,45,0,1,f1,0.0,0.0,0.0,27,S0_lightgbm,val_PR_AUC_drop
seagate_kqi,time-series-2,mean,4,45,0,2,f2,0.0,0.0,0.0,28,S0_lightgbm,val_PR_AUC_drop
seagate_kqi,time-series-2,mean,4,45,0,3,f3,0.0,0.0,0.0,29,S0_lightgbm,val_PR_AUC_drop
seagate_kqi,time-series-2,mean,4,45,0,4,f4,-5.5596821766812354e-05,0.0,0.0,169,S0_lightgbm,val_PR_AUC_drop
seagate_kqi,time-series-2,mean,4,45,0,5,f5,0.0,0.0,0.0,30,S0_lightgbm,val_PR_AUC_drop
seagate_kqi,time-series-2,mean,4,45,0,6,f6,0.0,0.0,0.0,31,S0_lightgbm,val_PR_AUC_drop
seagate_kqi,time-series-2,mean,4,45,0,7,f7,0.0,0.0,0.0,32,S0_lightgbm,val_PR_AUC_drop
seagate_kqi,time-series-2,mean,4,45,0,8,f8,0.0,0.0,0.0,33,S0_lightgbm,val_PR_AUC_drop
seagate_kqi,time-series-2,mean,4,45,0,9,f9,0.0,0.0,0.0,34,S0_lightgbm,val_PR_AUC_drop
seagate_kqi,time-series-2,mean,4,45,0,10,f10,0.0,0.0,0.0,35,S0_lightgbm,val_PR_AUC_drop
seagate_kqi,time-series-2,mean,4,45,0,11,f11,0.0,0.0,0.0,36,S0_lightgbm,val_PR_AUC_drop
seagate_kqi,time-series-2,mean,4,45,0,12,f12,0.0,0.0,0.0,37,S0_lightgbm,val_PR_AUC_drop
seagate_kqi,time-series-2,mean,4,45,0,13,f13,0.0,0.0,0.0,38,S0_lightgbm,val_PR_AUC_drop
seagate_kqi,time-series-2,mean,4,45,0,14,f14,0.0,0.0,0.0,39,S0_lightgbm,val_PR_AUC_drop
seagate_kqi,time-series-2,mean,4,45,0,15,f15,0.0,0.0,0.0,40,S0_lightgbm,val_PR_AUC_drop
seagate_kqi,time-series-2,mean,4,45,0,16,f16,0.0,0.0,0.0,41,S0_lightgbm,val_PR_AUC_drop
seagate_kqi,time-series-2,mean,4,45,0,17,f17,0.0,0.0,0.0,42,S0_lightgbm,val_PR_AUC_drop
seagate_kqi,time-series-2,mean,4,45,0,18,f18,0.0,0.0,0.0,43,S0_lightgbm,val_PR_AUC_drop
seagate_kqi,time-series-2,mean,4,45,0,19,f19,0.0,0.0,0.0,44,S0_lightgbm,val_PR_AUC_drop
seagate_kqi,time-series-2,mean,4,45,0,20,f20,0.0,0.0,0.0,45,S0_lightgbm,val_PR_AUC_drop
seagate_kqi,time-series-2,mean,4,45,0,21,f21,0.0,0.0,0.0,46,S0_lightgbm,val_PR_AUC_drop
seagate_kqi,time-series-2,mean,4,45,0,22,f22,0.0,0.0,0.0,47,S0_lightgbm,val_PR_AUC_drop
seagate_kqi,time-series-2,mean,4,45,0,23,f23,0.0,0.0,0.0,48,S0_lightgbm,val_PR_AUC_drop
seagate_kqi,time-series-2,mean,4,45,0,24,f24,0.0,0.0,0.0,49,S0_lightgbm,val_PR_AUC_drop
seagate_kqi,time-series-2,mean,4,45,0,25,f25,0.0,0.0,0.0,50,S0_lightgbm,val_PR_AUC_drop
seagate_kqi,time-series-2,mean,4,45,0,26,f26,0.0,0.0,0.0,51,S0_lightgbm,val_PR_AUC_drop
seagate_kqi,time-series-2,mean,4,45,0,27,f27,0.0,0.0,0.0,52,S0_lightgbm,val_PR_AUC_drop
seagate_kqi,time-series-2,mean,4,45,0,28,f28,0.0,0.0,0.0,53,S0_lightgbm,val_PR_AUC_drop
seagate_kqi,time-series-2,mean,4,45,0,29,f29,0.0,0.0,0.0,54,S0_lightgbm,val_PR_AUC_drop
seagate_kqi,time-series-2,mean,4,45,0,30,f30,0.0,0.0,0.0,55,S0_lightgbm,val_PR_AUC_drop
seagate_kqi,time-series-2,mean,4,45,0,31,f31,0.0,0.0,0.0,56,S0_lightgbm,val_PR_AUC_drop
seagate_kqi,time-series-2,mean,4,45,0,32,f32,0.0,0.0,0.0,57,S0_lightgbm,val_PR_AUC_drop
seagate_kqi,time-series-2,mean,4,45,0,33,f33,0.0,0.0,0.0,58,S0_lightgbm,val_PR_AUC_drop
seagate_kqi,time-series-2,mean,4,45,0,34,f34,0.0,0.0,0.0,59,S0_lightgbm,val_PR_AUC_drop
seagate_kqi,time-series-2,mean,4,45,0,35,f35,0.0,0.0,0.0,60,S0_lightgbm,val_PR_AUC_drop
seagate_kqi,time-series-2,mean,4,45,0,36,f36,0.0,0.0,0.0,61,S0_lightgbm,val_PR_AUC_drop
seagate_kqi,time-series-2,mean,4,45,0,37,f37,0.0,0.0,0.0,62,S0_lightgbm,val_PR_AUC_drop
seagate_kqi,time-series-2,mean,4,45,0,38,f38,0.0,0.0,0.0,63,S0_lightgbm,val_PR_AUC_drop
seagate_kqi,time-series-2,mean,4,45,0,39,f39,0.0,0.0,0.0,64,S0_lightgbm,val_PR_AUC_drop
seagate_kqi,time-series-2,mean,4,45,0,40,f40,0.0,0.0,0.0,65,S0_lightgbm,val_PR_AUC_drop
seagate_kqi,time-series-2,mean,4,45,0,41,f41,0.0,0.0,0.0,66,S0_lightgbm,val_PR_AUC_drop
seagate_kqi,time-series-2,mean,4,45,0,42,f42,0.0,0.0,0.0,67,S0_lightgbm,val_PR_AUC_drop
seagate_kqi,time-series-2,mean,4,45,0,43,f43,0.0,0.0,0.0,68,S0_lightgbm,val_PR_AUC_drop
seagate_kqi,time-series-2,mean,4,45,0,44,f44,0.0,0.0,0.0,69,S0_lightgbm,val_PR_AUC_drop
seagate_kqi,time-series-2,mean,4,45,0,45,f45,0.0,0.0,0.0,70,S0_lightgbm,val_PR_AUC_drop
seagate_kqi,time-series-2,mean,4,45,0,46,f46,0.0,0.0,0.0,71,S0_lightgbm,val_PR_AUC_drop
seagate_kqi,time-series-2,mean,4,45,0,47,f47,0.0,0.0,0.0,72,S0_lightgbm,val_PR_AUC_drop
seagate_kqi,time-series-2,mean,4,45,0,48,f48,0.0,0.0,0.0,73,S0_lightgbm,val_PR_AUC_drop
seagate_kqi,time-series-2,mean,4,45,0,49,f49,0.0,0.0,0.0,74,S0_lightgbm,val_PR_AUC_drop
seagate_kqi,time-series-2,mean,4,45,0,50,f50,0.0,0.0,0.0,75,S0_lightgbm,val_PR_AUC_drop
seagate_kqi,time-series-2,mean,4,45,0,51,f51,0.0,0.0,0.0,76,S0_lightgbm,val_PR_AUC_drop
seagate_kqi,time-series-2,mean,4,45,0,52,f52,0.0,0.0,0.0,77,S0_lightgbm,val_PR_AUC_drop
seagate_kqi,time-series-2,mean,4,45,0,53,f53,0.0,0.0,0.0,78,S0_lightgbm,val_PR_AUC_drop
seagate_kqi,time-series-2,mean,4,45,0,54,f54,0.0,0.0,0.0,79,S0_lightgbm,val_PR_AUC_drop
seagate_kqi,time-series-2,mean,4,45,0,55,f55,0.0,0.0,0.0,80,S0_lightgbm,val_PR_AUC_drop
seagate_kqi,time-series-2,mean,4,45,0,56,f56,0.0,0.0,0.0,81,S0_lightgbm,val_PR_AUC_drop
seagate_kqi,time-series-2,mean,4,45,0,57,f57,0.0,0.0,0.0,82,S0_lightgbm,val_PR_AUC_drop
seagate_kqi,time-series-2,mean,4,45,0,58,f58,0.0,0.0,0.0,83,S0_lightgbm,val_PR_AUC_drop
seagate_kqi,time-series-2,mean,4,45,0,59,f59,0.0,0.0,0.0,84,S0_lightgbm,val_PR_AUC_drop
seagate_kqi,time-series-2,mean,4,45,0,60,f60,0.0,0.0,0.0,85,S0_lightgbm,val_PR_AUC_drop
seagate_kqi,time-series-2,mean,4,45,0,61,f61,0.0,0.0,0.0,86,S0_lightgbm,val_PR_AUC_drop
seagate_kqi,time-series-2,mean,4,45,0,62,f62,0.0,0.0,0.0,87,S0_lightgbm,val_PR_AUC_drop
seagate_kqi,time-series-2,mean,4,45,0,63,f63,0.0,0.0,0.0,88,S0_lightgbm,val_PR_AUC_drop
seagate_kqi,time-series-2,mean,4,45,0,64,f64,0.0,0.0,0.0,89,S0_lightgbm,val_PR_AUC_drop
seagate_kqi,time-series-2,mean,4,45,0,65,f65,0.0,0.0,0.0,90,S0_lightgbm,val_PR_AUC_drop
seagate_kqi,time-series-2,mean,4,45,0,66,f66,0.0,0.0,0.0,91,S0_lightgbm,val_PR_AUC_drop
seagate_kqi,time-series-2,mean,4,45,0,67,f67,0.0,0.0,0.0,92,S0_lightgbm,val_PR_AUC_drop
seagate_kqi,time-series-2,mean,4,45,0,68,f68,0.0,0.0,0.0,93,S0_lightgbm,val_PR_AUC_drop
seagate_kqi,time-series-2,mean,4,45,0,69,f69,0.0,0.0,0.0,94,S0_lightgbm,val_PR_AUC_drop
seagate_kqi,time-series-2,mean,4,45,0,70,f70,0.0,0.0,0.0,95,S0_lightgbm,val_PR_AUC_drop
seagate_kqi,time-series-2,mean,4,45,0,71,f71,0.0,0.0,0.0,96,S0_lightgbm,val_PR_AUC_drop
seagate_kqi,time-series-2,mean,4,45,0,72,f72,0.0,0.0,0.0,97,S0_lightgbm,val_PR_AUC_drop
seagate_kqi,time-series-2,mean,4,45,0,73,f73,0.0,0.0,0.0,98,S0_lightgbm,val_PR_AUC_drop
seagate_kqi,time-series-2,mean,4,45,0,74,f74,0.0,0.0,0.0,99,S0_lightgbm,val_PR_AUC_drop
seagate_kqi,time-series-2,mean,4,45,0,75,f75,0.0,0.0,0.0,100,S0_lightgbm,val_PR_AUC_drop
seagate_kqi,time-series-2,mean,4,45,0,76,f76,0.0,0.0,0.0,101,S0_lightgbm,val_PR_AUC_drop
seagate_kqi,time-series-2,mean,4,45,0,77,f77,0.0,0.0,0.0,102,S0_lightgbm,val_PR_AUC_drop
seagate_kqi,time-series-2,mean,4,45,0,78,f78,0.0,0.0,0.0,103,S0_lightgbm,val_PR_AUC_drop
seagate_kqi,time-series-2,mean,4,45,0,79,f79,0.0,0.0,0.0,104,S0_lightgbm,val_PR_AUC_drop
seagate_kqi,time-series-2,mean,4,45,0,80,f80,0.0,0.0,0.0,105,S0_lightgbm,val_PR_AUC_drop
seagate_kqi,time-series-2,mean,4,45,0,81,f81,0.0,0.0,0.0,106,S0_lightgbm,val_PR_AUC_drop
seagate_kqi,time-series-2,mean,4,45,0,82,f82,0.0,0.0,0.0,107,S0_lightgbm,val_PR_AUC_drop
seagate_kqi,time-series-2,mean,4,45,0,83,f83,0.0,0.0,0.0,108,S0_lightgbm,val_PR_AUC_drop
seagate_kqi,time-series-2,mean,4,45,0,84,f84,0.0,0.0,0.0,109,S0_lightgbm,val_PR_AUC_drop
seagate_kqi,time-series-2,mean,4,45,0,85,f85,0.0,0.0,0.0,110,S0_lightgbm,val_PR_AUC_drop
seagate_kqi,time-series-2,mean,4,45,0,86,f86,0.0,0.0,0.0,111,S0_lightgbm,val_PR_AUC_drop
seagate_kqi,time-series-2,mean,4,45,0,87,f87,0.0,0.0,0.0,112,S0_lightgbm,val_PR_AUC_drop
seagate_kqi,time-series-2,mean,4,45,0,88,f88,0.0,0.0,0.0,113,S0_lightgbm,val_PR_AUC_drop
seagate_kqi,time-series-2,mean,4,45,0,89,f89,0.0,0.0,0.0,114,S0_lightgbm,val_PR_AUC_drop
seagate_kqi,time-series-2,mean,4,45,0,90,f90,0.0,0.0,0.0,115,S0_lightgbm,val_PR_AUC_drop
seagate_kqi,time-series-2,mean,4,45,0,91,f91,0.0,0.0,0.0,116,S0_lightgbm,val_PR_AUC_drop
seagate_kqi,time-series-2,mean,4,45,0,92,f92,0.0,0.0,0.0,117,S0_lightgbm,val_PR_AUC_drop
seagate_kqi,time-series-2,mean,4,45,0,93,f93,0.0,0.0,0.0,118,S0_lightgbm,val_PR_AUC_drop
seagate_kqi,time-series-2,mean,4,45,0,94,f94,0.0,0.0,0.0,119,S0_lightgbm,val_PR_AUC_drop
seagate_kqi,time-series-2,mean,4,45,0,95,f95,0.0,0.0,0.0,120,S0_lightgbm,val_PR_AUC_drop
seagate_kqi,time-series-2,mean,4,45,0,96,f96,0.0,0.0,0.0,121,S0_lightgbm,val_PR_AUC_drop
seagate_kqi,time-series-2,mean,4,45,0,97,f97,0.0,0.0,0.0,122,S0_lightgbm,val_PR_AUC_drop
seagate_kqi,time-series-2,mean,4,45,0,98,f98,0.0,0.0,0.0,123,S0_lightgbm,val_PR_AUC_drop
seagate_kqi,time-series-2,mean,4,45,0,99,f99,0.0,0.0,0.0,124,S0_lightgbm,val_PR_AUC_drop
seagate_kqi,time-series-2,mean,4,45,0,100,f100,0.0,0.0,0.0,125,S0_lightgbm,val_PR_AUC_drop
seagate_kqi,time-series-2,mean,4,45,0,101,f101,0.0,0.0,0.0,126,S0_lightgbm,val_PR_AUC_drop
seagate_kqi,time-series-2,mean,4,45,0,102,f102,0.0,0.0,0.0,127,S0_lightgbm,val_PR_AUC_drop
seagate_kqi,time-series-2,mean,4,45,0,103,f103,0.0,0.0,0.0,128,S0_lightgbm,val_PR_AUC_drop
seagate_kqi,time-series-2,mean,4,45,0,104,f104,0.0,0.0,0.0,129,S0_lightgbm,val_PR_AUC_drop
seagate_kqi,time-series-2,mean,4,45,0,105,f105,0.0,0.0,0.0,130,S0_lightgbm,val_PR_AUC_drop
seagate_kqi,time-series-2,mean,4,45,0,106,f106,0.0,0.0,0.0,131,S0_lightgbm,val_PR_AUC_drop
seagate_kqi,time-series-2,mean,4,45,0,107,f107,0.0,0.0,0.0,132,S0_lightgbm,val_PR_AUC_drop
seagate_kqi,time-series-2,mean,4,45,0,108,f108,0.0,0.0,0.0,133,S0_lightgbm,val_PR_AUC_drop
seagate_kqi,time-series-2,mean,4,45,0,109,f109,0.0,0.0,0.0,134,S0_lightgbm,val_PR_AUC_drop
seagate_kqi,time-series-2,mean,4,45,0,110,f110,0.0,0.0,0.0,135,S0_lightgbm,val_PR_AUC_drop
seagate_kqi,time-series-2,mean,4,45,0,111,f111,0.0,0.0,0.0,136,S0_lightgbm,val_PR_AUC_drop
seagate_kqi,time-series-2,mean,4,45,0,112,f112,0.0,0.0,0.0,137,S0_lightgbm,val_PR_AUC_drop
seagate_kqi,time-series-2,mean,4,45,0,113,f113,0.0,0.0,0.0,138,S0_lightgbm,val_PR_AUC_drop
seagate_kqi,time-series-2,mean,4,45,0,114,f114,0.0,0.0,0.0,139,S0_lightgbm,val_PR_AUC_drop
seagate_kqi,time-series-2,mean,4,45,0,115,f115,0.0,0.0,0.0,140,S0_lightgbm,val_PR_AUC_drop
seagate_kqi,time-series-2,mean,4,45,0,116,f116,0.0,0.0,0.0,141,S0_lightgbm,val_PR_AUC_drop
seagate_kqi,time-series-2,mean,4,45,0,117,f117,0.0,0.0,0.0,142,S0_lightgbm,val_PR_AUC_drop
seagate_kqi,time-series-2,mean,4,45,0,118,f118,0.0,0.0,0.0,143,S0_lightgbm,val_PR_AUC_drop
seagate_kqi,time-series-2,mean,4,45,0,119,f119,7.1280388510786e-05,7.1280388510786e-05,0.0003040466399397701,25,S0_lightgbm,val_PR_AUC_drop
seagate_kqi,time-series-2,mean,4,45,0,120,f120,0.0,0.0,0.0,144,S0_lightgbm,val_PR_AUC_drop
seagate_kqi,time-series-2,mean,4,45,0,121,f121,0.0,0.0,0.0,145,S0_lightgbm,val_PR_AUC_drop
seagate_kqi,time-series-2,mean,4,45,0,122,f122,0.0001715446269372478,0.0001715446269372478,0.0007317239651456475,23,S0_lightgbm,val_PR_AUC_drop
seagate_kqi,time-series-2,mean,4,45,0,123,f123,0.0,0.0,0.0,146,S0_lightgbm,val_PR_AUC_drop
seagate_kqi,time-series-2,mean,4,45,0,124,f124,-0.00011843551328638569,0.0,0.0,170,S0_lightgbm,val_PR_AUC_drop
seagate_kqi,time-series-2,mean,4,45,0,125,f125,0.0,0.0,0.0,147,S0_lightgbm,val_PR_AUC_drop
seagate_kqi,time-series-2,mean,4,45,0,126,f126,0.0,0.0,0.0,148,S0_lightgbm,val_PR_AUC_drop
seagate_kqi,time-series-2,mean,4,45,0,127,f127,0.0,0.0,0.0,149,S0_lightgbm,val_PR_AUC_drop
seagate_kqi,time-series-2,mean,4,45,0,128,f128,0.001033987500704825,0.001033987500704825,0.004410475958138704,17,S0_lightgbm,val_PR_AUC_drop
seagate_kqi,time-series-2,mean,4,45,0,129,f129,0.0,0.0,0.0,150,S0_lightgbm,val_PR_AUC_drop
seagate_kqi,time-series-2,mean,4,45,0,130,f130,-0.01391215343028307,0.0,0.0,191,S0_lightgbm,val_PR_AUC_drop
seagate_kqi,time-series-2,mean,4,45,0,131,f131,0.0,0.0,0.0,151,S0_lightgbm,val_PR_AUC_drop
seagate_kqi,time-series-2,mean,4,45,0,132,f132,0.014825488440692425,0.014825488440692425,0.06323815137147903,7,S0_lightgbm,val_PR_AUC_drop
seagate_kqi,time-series-2,mean,4,45,0,133,f133,0.021412162110209465,0.021412162110209465,0.09133362025022507,4,S0_lightgbm,val_PR_AUC_drop
seagate_kqi,time-series-2,mean,4,45,0,134,f134,-0.0010049511911347508,0.0,0.0,175,S0_lightgbm,val_PR_AUC_drop
seagate_kqi,time-series-2,mean,4,45,0,135,f135,0.03051701933145523,0.03051701933145523,0.13017040491104126,3,S0_lightgbm,val_PR_AUC_drop
seagate_kqi,time-series-2,mean,4,45,0,136,f136,0.0,0.0,0.0,152,S0_lightgbm,val_PR_AUC_drop
seagate_kqi,time-series-2,mean,4,45,0,137,f137,0.0,0.0,0.0,153,S0_lightgbm,val_PR_AUC_drop
seagate_kqi,time-series-2,mean,4,45,0,138,f138,0.0,0.0,0.0,154,S0_lightgbm,val_PR_AUC_drop
seagate_kqi,time-series-2,mean,4,45,0,139,f139,0.0,0.0,0.0,155,S0_lightgbm,val_PR_AUC_drop
seagate_kqi,time-series-2,mean,4,45,0,140,f140,0.0,0.0,0.0,156,S0_lightgbm,val_PR_AUC_drop
seagate_kqi,time-series-2,mean,4,45,0,141,f141,0.00013237414532341063,0.00013237414532341063,0.0005646421923302114,24,S0_lightgbm,val_PR_AUC_drop
seagate_kqi,time-series-2,mean,4,45,0,142,f142,0.0,0.0,0.0,157,S0_lightgbm,val_PR_AUC_drop
seagate_kqi,time-series-2,mean,4,45,0,143,f143,0.0,0.0,0.0,158,S0_lightgbm,val_PR_AUC_drop
seagate_kqi,time-series-2,mean,4,45,0,144,f144,-0.00015443330630660057,0.0,0.0,171,S0_lightgbm,val_PR_AUC_drop
seagate_kqi,time-series-2,mean,4,45,0,145,f145,0.0,0.0,0.0,159,S0_lightgbm,val_PR_AUC_drop
seagate_kqi,time-series-2,mean,4,45,0,146,f146,0.0009234956232830882,0.0009234956232830882,0.0039391727186739445,18,S0_lightgbm,val_PR_AUC_drop
seagate_kqi,time-series-2,mean,4,45,0,147,f147,-0.001329592545516789,0.0,0.0,178,S0_lightgbm,val_PR_AUC_drop
seagate_kqi,time-series-2,mean,4,45,0,148,f148,0.001318640192039311,0.001318640192039311,0.00562466261908412,16,S0_lightgbm,val_PR_AUC_drop
seagate_kqi,time-series-2,mean,4,45,0,149,f149,-0.003906950354576111,0.0,0.0,181,S0_lightgbm,val_PR_AUC_drop
seagate_kqi,time-series-2,mean,4,45,0,150,f150,-0.000979075557552278,0.0,0.0,174,S0_lightgbm,val_PR_AUC_drop
seagate_kqi,time-series-2,mean,4,45,0,151,f151,-0.025634735822677612,0.0,0.0,197,S0_lightgbm,val_PR_AUC_drop
seagate_kqi,time-series-2,mean,4,45,0,152,f152,-0.0509428046643734,0.0,0.0,200,S0_lightgbm,val_PR_AUC_drop
seagate_kqi,time-series-2,mean,4,45,0,153,f153,0.004450152162462473,0.004450152162462473,0.018982132896780968,11,S0_lightgbm,val_PR_AUC_drop
seagate_kqi,time-series-2,mean,4,45,0,154,f154,0.0,0.0,0.0,160,S0_lightgbm,val_PR_AUC_drop
seagate_kqi,time-series-2,mean,4,45,0,155,f155,0.0055157942697405815,0.0055157942697405815,0.023527631536126137,9,S0_lightgbm,val_PR_AUC_drop
seagate_kqi,time-series-2,mean,4,45,0,156,f156,0.0006289350567385554,0.0006289350567385554,0.002682723803445697,19,S0_lightgbm,val_PR_AUC_drop
seagate_kqi,time-series-2,mean,4,45,0,157,f157,-0.010975135490298271,0.0,0.0,188,S0_lightgbm,val_PR_AUC_drop
seagate_kqi,time-series-2,mean,4,45,0,158,f158,0.002125222235918045,0.002125222235918045,0.009065140038728714,13,S0_lightgbm,val_PR_AUC_drop
seagate_kqi,time-series-2,mean,4,45,0,159,f159,-0.010210963897407055,0.0,0.0,187,S0_lightgbm,val_PR_AUC_drop
seagate_kqi,time-series-2,mean,4,45,0,160,f160,0.010965626686811447,0.010965626686811447,0.04677390307188034,8,S0_lightgbm,val_PR_AUC_drop
seagate_kqi,time-series-2,mean,4,45,0,161,f161,-0.019126327708363533,0.0,0.0,194,S0_lightgbm,val_PR_AUC_drop
seagate_kqi,time-series-2,mean,4,45,0,162,f162,0.05264325439929962,0.05264325439929962,0.22454991936683655,1,S0_lightgbm,val_PR_AUC_drop
seagate_kqi,time-series-2,mean,4,45,0,163,f163,-0.0015835295198485255,0.0,0.0,179,S0_lightgbm,val_PR_AUC_drop
seagate_kqi,time-series-2,mean,4,45,0,164,f164,0.00043343755532987416,0.00043343755532987416,0.0018488288624212146,20,S0_lightgbm,val_PR_AUC_drop
seagate_kqi,time-series-2,mean,4,45,0,165,f165,0.00143910082988441,0.00143910082988441,0.006138487718999386,15,S0_lightgbm,val_PR_AUC_drop
seagate_kqi,time-series-2,mean,4,45,0,166,f166,0.0029612318612635136,0.0029612318612635136,0.012631140649318695,12,S0_lightgbm,val_PR_AUC_drop
seagate_kqi,time-series-2,mean,4,45,0,167,f167,0.0015612508868798614,0.0015612508868798614,0.006659518927335739,14,S0_lightgbm,val_PR_AUC_drop
seagate_kqi,time-series-2,mean,4,45,0,168,f168,0.018841320648789406,0.018841320648789406,0.08036769181489944,5,S0_lightgbm,val_PR_AUC_drop
seagate_kqi,time-series-2,mean,4,45,0,169,f169,-0.0012363140704110265,0.0,0.0,177,S0_lightgbm,val_PR_AUC_drop
seagate_kqi,time-series-2,mean,4,45,0,170,f170,-0.0010426189983263612,0.0,0.0,176,S0_lightgbm,val_PR_AUC_drop
seagate_kqi,time-series-2,mean,4,45,0,171,f171,-0.005805917549878359,0.0,0.0,183,S0_lightgbm,val_PR_AUC_drop
seagate_kqi,time-series-2,mean,4,45,0,172,f172,-0.012324339710175991,0.0,0.0,190,S0_lightgbm,val_PR_AUC_drop
seagate_kqi,time-series-2,mean,4,45,0,173,f173,-0.0212557353079319,0.0,0.0,195,S0_lightgbm,val_PR_AUC_drop
seagate_kqi,time-series-2,mean,4,45,0,174,f174,-0.00547765614464879,0.0,0.0,182,S0_lightgbm,val_PR_AUC_drop
seagate_kqi,time-series-2,mean,4,45,0,175,f175,0.0167845506221056,0.0167845506221056,0.07159453630447388,6,S0_lightgbm,val_PR_AUC_drop
seagate_kqi,time-series-2,mean,4,45,0,176,f176,-0.02761174738407135,0.0,0.0,199,S0_lightgbm,val_PR_AUC_drop
seagate_kqi,time-series-2,mean,4,45,0,177,f177,-0.0006701754173263907,0.0,0.0,172,S0_lightgbm,val_PR_AUC_drop
seagate_kqi,time-series-2,mean,4,45,0,178,f178,0.0,0.0,0.0,161,S0_lightgbm,val_PR_AUC_drop
seagate_kqi,time-series-2,mean,4,45,0,179,f179,-0.00710306828841567,0.0,0.0,185,S0_lightgbm,val_PR_AUC_drop
seagate_kqi,time-series-2,mean,4,45,0,180,f180,0.0003878605202771723,0.0003878605202771723,0.0016544199315831065,21,S0_lightgbm,val_PR_AUC_drop
seagate_kqi,time-series-2,mean,4,45,0,181,f181,-0.005827182438224554,0.0,0.0,184,S0_lightgbm,val_PR_AUC_drop
seagate_kqi,time-series-2,mean,4,45,0,182,f182,-0.01561431773006916,0.0,0.0,192,S0_lightgbm,val_PR_AUC_drop
seagate_kqi,time-series-2,mean,4,45,0,183,f183,-0.002979104407131672,0.0,0.0,180,S0_lightgbm,val_PR_AUC_drop
seagate_kqi,time-series-2,mean,4,45,0,184,f184,-0.0009044163161888719,0.0,0.0,173,S0_lightgbm,val_PR_AUC_drop
seagate_kqi,time-series-2,mean,4,45,0,185,f185,0.040267255157232285,0.040267255157232285,0.17176006734371185,2,S0_lightgbm,val_PR_AUC_drop
seagate_kqi,time-series-2,mean,4,45,0,186,f186,-0.02231081761419773,0.0,0.0,196,S0_lightgbm,val_PR_AUC_drop
seagate_kqi,time-series-2,mean,4,45,0,187,f187,-0.017313173040747643,0.0,0.0,193,S0_lightgbm,val_PR_AUC_drop
seagate_kqi,time-series-2,mean,4,45,0,188,f188,-0.011834698729217052,0.0,0.0,189,S0_lightgbm,val_PR_AUC_drop
seagate_kqi,time-series-2,mean,4,45,0,189,f189,-0.008669838309288025,0.0,0.0,186,S0_lightgbm,val_PR_AUC_drop
seagate_kqi,time-series-2,mean,4,45,0,190,f190,-0.02700791135430336,0.0,0.0,198,S0_lightgbm,val_PR_AUC_drop
seagate_kqi,time-series-2,mean,4,45,0,191,f191,0.0,0.0,0.0,162,S0_lightgbm,val_PR_AUC_drop
seagate_kqi,time-series-2,mean,4,45,0,192,f192,0.00035041276714764535,0.00035041276714764535,0.0014946864685043693,22,S0_lightgbm,val_PR_AUC_drop
seagate_kqi,time-series-2,mean,4,45,0,193,f193,0.0,0.0,0.0,163,S0_lightgbm,val_PR_AUC_drop
seagate_kqi,time-series-2,mean,4,45,0,194,f194,0.0,0.0,0.0,164,S0_lightgbm,val_PR_AUC_drop
seagate_kqi,time-series-2,mean,4,45,0,195,f195,0.004677569959312677,0.004677569959312677,0.019952185451984406,10,S0_lightgbm,val_PR_AUC_drop
seagate_kqi,time-series-2,mean,4,45,0,196,f196,0.0,0.0,0.0,165,S0_lightgbm,val_PR_AUC_drop
seagate_kqi,time-series-2,mean,4,45,0,197,f197,0.0,0.0,0.0,166,S0_lightgbm,val_PR_AUC_drop
seagate_kqi,time-series-2,mean,4,45,0,198,f198,0.0,0.0,0.0,167,S0_lightgbm,val_PR_AUC_drop
seagate_kqi,time-series-2,mean,4,45,0,199,f199,0.0,0.0,0.0,168,S0_lightgbm,val_PR_AUC_drop
seagate_kqi,time-series-2,mean,4,46,0,0,f0,0.0,0.0,0.0,44,S0_lightgbm,val_PR_AUC_drop
seagate_kqi,time-series-2,mean,4,46,0,1,f1,0.0,0.0,0.0,45,S0_lightgbm,val_PR_AUC_drop
seagate_kqi,time-series-2,mean,4,46,0,2,f2,0.0,0.0,0.0,46,S0_lightgbm,val_PR_AUC_drop
seagate_kqi,time-series-2,mean,4,46,0,3,f3,0.0,0.0,0.0,47,S0_lightgbm,val_PR_AUC_drop
seagate_kqi,time-series-2,mean,4,46,0,4,f4,0.0,0.0,0.0,48,S0_lightgbm,val_PR_AUC_drop
seagate_kqi,time-series-2,mean,4,46,0,5,f5,0.0,0.0,0.0,49,S0_lightgbm,val_PR_AUC_drop
seagate_kqi,time-series-2,mean,4,46,0,6,f6,0.0,0.0,0.0,50,S0_lightgbm,val_PR_AUC_drop
seagate_kqi,time-series-2,mean,4,46,0,7,f7,0.0,0.0,0.0,51,S0_lightgbm,val_PR_AUC_drop
seagate_kqi,time-series-2,mean,4,46,0,8,f8,0.0,0.0,0.0,52,S0_lightgbm,val_PR_AUC_drop
seagate_kqi,time-series-2,mean,4,46,0,9,f9,0.0,0.0,0.0,53,S0_lightgbm,val_PR_AUC_drop
seagate_kqi,time-series-2,mean,4,46,0,10,f10,0.0,0.0,0.0,54,S0_lightgbm,val_PR_AUC_drop
seagate_kqi,time-series-2,mean,4,46,0,11,f11,0.0,0.0,0.0,55,S0_lightgbm,val_PR_AUC_drop
seagate_kqi,time-series-2,mean,4,46,0,12,f12,0.0,0.0,0.0,56,S0_lightgbm,val_PR_AUC_drop
seagate_kqi,time-series-2,mean,4,46,0,13,f13,0.0,0.0,0.0,57,S0_lightgbm,val_PR_AUC_drop
seagate_kqi,time-series-2,mean,4,46,0,14,f14,0.0,0.0,0.0,58,S0_lightgbm,val_PR_AUC_drop
seagate_kqi,time-series-2,mean,4,46,0,15,f15,0.0,0.0,0.0,59,S0_lightgbm,val_PR_AUC_drop
seagate_kqi,time-series-2,mean,4,46,0,16,f16,0.0,0.0,0.0,60,S0_lightgbm,val_PR_AUC_drop
seagate_kqi,time-series-2,mean,4,46,0,17,f17,0.0,0.0,0.0,61,S0_lightgbm,val_PR_AUC_drop
seagate_kqi,time-series-2,mean,4,46,0,18,f18,0.0,0.0,0.0,62,S0_lightgbm,val_PR_AUC_drop
seagate_kqi,time-series-2,mean,4,46,0,19,f19,0.0,0.0,0.0,63,S0_lightgbm,val_PR_AUC_drop
seagate_kqi,time-series-2,mean,4,46,0,20,f20,0.0,0.0,0.0,64,S0_lightgbm,val_PR_AUC_drop
seagate_kqi,time-series-2,mean,4,46,0,21,f21,0.0,0.0,0.0,65,S0_lightgbm,val_PR_AUC_drop
seagate_kqi,time-series-2,mean,4,46,0,22,f22,0.0,0.0,0.0,66,S0_lightgbm,val_PR_AUC_drop
seagate_kqi,time-series-2,mean,4,46,0,23,f23,0.0,0.0,0.0,67,S0_lightgbm,val_PR_AUC_drop
seagate_kqi,time-series-2,mean,4,46,0,24,f24,0.0,0.0,0.0,68,S0_lightgbm,val_PR_AUC_drop
seagate_kqi,time-series-2,mean,4,46,0,25,f25,0.0,0.0,0.0,69,S0_lightgbm,val_PR_AUC_drop
seagate_kqi,time-series-2,mean,4,46,0,26,f26,0.0,0.0,0.0,70,S0_lightgbm,val_PR_AUC_drop
seagate_kqi,time-series-2,mean,4,46,0,27,f27,0.0,0.0,0.0,71,S0_lightgbm,val_PR_AUC_drop
seagate_kqi,time-series-2,mean,4,46,0,28,f28,0.0,0.0,0.0,72,S0_lightgbm,val_PR_AUC_drop
seagate_kqi,time-series-2,mean,4,46,0,29,f29,0.0,0.0,0.0,73,S0_lightgbm,val_PR_AUC_drop
seagate_kqi,time-series-2,mean,4,46,0,30,f30,0.0,0.0,0.0,74,S0_lightgbm,val_PR_AUC_drop
seagate_kqi,time-series-2,mean,4,46,0,31,f31,0.0,0.0,0.0,75,S0_lightgbm,val_PR_AUC_drop
seagate_kqi,time-series-2,mean,4,46,0,32,f32,0.0,0.0,0.0,76,S0_lightgbm,val_PR_AUC_drop
seagate_kqi,time-series-2,mean,4,46,0,33,f33,0.0,0.0,0.0,77,S0_lightgbm,val_PR_AUC_drop
seagate_kqi,time-series-2,mean,4,46,0,34,f34,0.0,0.0,0.0,78,S0_lightgbm,val_PR_AUC_drop
seagate_kqi,time-series-2,mean,4,46,0,35,f35,0.0,0.0,0.0,79,S0_lightgbm,val_PR_AUC_drop
seagate_kqi,time-series-2,mean,4,46,0,36,f36,0.0,0.0,0.0,80,S0_lightgbm,val_PR_AUC_drop
seagate_kqi,time-series-2,mean,4,46,0,37,f37,0.0,0.0,0.0,81,S0_lightgbm,val_PR_AUC_drop
seagate_kqi,time-series-2,mean,4,46,0,38,f38,0.0,0.0,0.0,82,S0_lightgbm,val_PR_AUC_drop
seagate_kqi,time-series-2,mean,4,46,0,39,f39,0.0,0.0,0.0,83,S0_lightgbm,val_PR_AUC_drop
seagate_kqi,time-series-2,mean,4,46,0,40,f40,0.0,0.0,0.0,84,S0_lightgbm,val_PR_AUC_drop
seagate_kqi,time-series-2,mean,4,46,0,41,f41,0.0,0.0,0.0,85,S0_lightgbm,val_PR_AUC_drop
seagate_kqi,time-series-2,mean,4,46,0,42,f42,0.0,0.0,0.0,86,S0_lightgbm,val_PR_AUC_drop
seagate_kqi,time-series-2,mean,4,46,0,43,f43,0.0,0.0,0.0,87,S0_lightgbm,val_PR_AUC_drop
seagate_kqi,time-series-2,mean,4,46,0,44,f44,0.0,0.0,0.0,88,S0_lightgbm,val_PR_AUC_drop
seagate_kqi,time-series-2,mean,4,46,0,45,f45,0.0,0.0,0.0,89,S0_lightgbm,val_PR_AUC_drop
seagate_kqi,time-series-2,mean,4,46,0,46,f46,0.0,0.0,0.0,90,S0_lightgbm,val_PR_AUC_drop
seagate_kqi,time-series-2,mean,4,46,0,47,f47,0.0,0.0,0.0,91,S0_lightgbm,val_PR_AUC_drop
seagate_kqi,time-series-2,mean,4,46,0,48,f48,0.0,0.0,0.0,92,S0_lightgbm,val_PR_AUC_drop
seagate_kqi,time-series-2,mean,4,46,0,49,f49,0.0,0.0,0.0,93,S0_lightgbm,val_PR_AUC_drop
seagate_kqi,time-series-2,mean,4,46,0,50,f50,0.0,0.0,0.0,94,S0_lightgbm,val_PR_AUC_drop
seagate_kqi,time-series-2,mean,4,46,0,51,f51,0.0,0.0,0.0,95,S0_lightgbm,val_PR_AUC_drop
seagate_kqi,time-series-2,mean,4,46,0,52,f52,0.0,0.0,0.0,96,S0_lightgbm,val_PR_AUC_drop
seagate_kqi,time-series-2,mean,4,46,0,53,f53,0.0,0.0,0.0,97,S0_lightgbm,val_PR_AUC_drop
seagate_kqi,time-series-2,mean,4,46,0,54,f54,0.0,0.0,0.0,98,S0_lightgbm,val_PR_AUC_drop
seagate_kqi,time-series-2,mean,4,46,0,55,f55,0.0,0.0,0.0,99,S0_lightgbm,val_PR_AUC_drop
seagate_kqi,time-series-2,mean,4,46,0,56,f56,0.0,0.0,0.0,100,S0_lightgbm,val_PR_AUC_drop
seagate_kqi,time-series-2,mean,4,46,0,57,f57,0.0,0.0,0.0,101,S0_lightgbm,val_PR_AUC_drop
seagate_kqi,time-series-2,mean,4,46,0,58,f58,0.0,0.0,0.0,102,S0_lightgbm,val_PR_AUC_drop
seagate_kqi,time-series-2,mean,4,46,0,59,f59,0.0,0.0,0.0,103,S0_lightgbm,val_PR_AUC_drop
seagate_kqi,time-series-2,mean,4,46,0,60,f60,0.0,0.0,0.0,104,S0_lightgbm,val_PR_AUC_drop
seagate_kqi,time-series-2,mean,4,46,0,61,f61,0.0,0.0,0.0,105,S0_lightgbm,val_PR_AUC_drop
seagate_kqi,time-series-2,mean,4,46,0,62,f62,0.0,0.0,0.0,106,S0_lightgbm,val_PR_AUC_drop
seagate_kqi,time-series-2,mean,4,46,0,63,f63,-1.913490223159897e-06,0.0,0.0,185,S0_lightgbm,val_PR_AUC_drop
seagate_kqi,time-series-2,mean,4,46,0,64,f64,0.0,0.0,0.0,107,S0_lightgbm,val_PR_AUC_drop
seagate_kqi,time-series-2,mean,4,46,0,65,f65,0.0,0.0,0.0,108,S0_lightgbm,val_PR_AUC_drop
seagate_kqi,time-series-2,mean,4,46,0,66,f66,0.0,0.0,0.0,109,S0_lightgbm,val_PR_AUC_drop
seagate_kqi,time-series-2,mean,4,46,0,67,f67,0.0,0.0,0.0,110,S0_lightgbm,val_PR_AUC_drop
seagate_kqi,time-series-2,mean,4,46,0,68,f68,0.0,0.0,0.0,111,S0_lightgbm,val_PR_AUC_drop
seagate_kqi,time-series-2,mean,4,46,0,69,f69,0.0,0.0,0.0,112,S0_lightgbm,val_PR_AUC_drop
seagate_kqi,time-series-2,mean,4,46,0,70,f70,0.0,0.0,0.0,113,S0_lightgbm,val_PR_AUC_drop
seagate_kqi,time-series-2,mean,4,46,0,71,f71,0.0,0.0,0.0,114,S0_lightgbm,val_PR_AUC_drop
seagate_kqi,time-series-2,mean,4,46,0,72,f72,0.0,0.0,0.0,115,S0_lightgbm,val_PR_AUC_drop
seagate_kqi,time-series-2,mean,4,46,0,73,f73,0.0,0.0,0.0,116,S0_lightgbm,val_PR_AUC_drop
seagate_kqi,time-series-2,mean,4,46,0,74,f74,0.0,0.0,0.0,117,S0_lightgbm,val_PR_AUC_drop
seagate_kqi,time-series-2,mean,4,46,0,75,f75,0.0,0.0,0.0,118,S0_lightgbm,val_PR_AUC_drop
seagate_kqi,time-series-2,mean,4,46,0,76,f76,0.0,0.0,0.0,119,S0_lightgbm,val_PR_AUC_drop
seagate_kqi,time-series-2,mean,4,46,0,77,f77,0.0,0.0,0.0,120,S0_lightgbm,val_PR_AUC_drop
seagate_kqi,time-series-2,mean,4,46,0,78,f78,0.0,0.0,0.0,121,S0_lightgbm,val_PR_AUC_drop
seagate_kqi,time-series-2,mean,4,46,0,79,f79,0.0,0.0,0.0,122,S0_lightgbm,val_PR_AUC_drop
seagate_kqi,time-series-2,mean,4,46,0,80,f80,0.0,0.0,0.0,123,S0_lightgbm,val_PR_AUC_drop
seagate_kqi,time-series-2,mean,4,46,0,81,f81,0.0,0.0,0.0,124,S0_lightgbm,val_PR_AUC_drop
seagate_kqi,time-series-2,mean,4,46,0,82,f82,0.0,0.0,0.0,125,S0_lightgbm,val_PR_AUC_drop
seagate_kqi,time-series-2,mean,4,46,0,83,f83,0.0,0.0,0.0,126,S0_lightgbm,val_PR_AUC_drop
seagate_kqi,time-series-2,mean,4,46,0,84,f84,0.0,0.0,0.0,127,S0_lightgbm,val_PR_AUC_drop
seagate_kqi,time-series-2,mean,4,46,0,85,f85,0.0,0.0,0.0,128,S0_lightgbm,val_PR_AUC_drop
seagate_kqi,time-series-2,mean,4,46,0,86,f86,0.0,0.0,0.0,129,S0_lightgbm,val_PR_AUC_drop
seagate_kqi,time-series-2,mean,4,46,0,87,f87,0.0,0.0,0.0,130,S0_lightgbm,val_PR_AUC_drop
seagate_kqi,time-series-2,mean,4,46,0,88,f88,0.0,0.0,0.0,131,S0_lightgbm,val_PR_AUC_drop
seagate_kqi,time-series-2,mean,4,46,0,89,f89,0.0,0.0,0.0,132,S0_lightgbm,val_PR_AUC_drop
seagate_kqi,time-series-2,mean,4,46,0,90,f90,0.0,0.0,0.0,133,S0_lightgbm,val_PR_AUC_drop
seagate_kqi,time-series-2,mean,4,46,0,91,f91,0.0,0.0,0.0,134,S0_lightgbm,val_PR_AUC_drop
seagate_kqi,time-series-2,mean,4,46,0,92,f92,0.0,0.0,0.0,135,S0_lightgbm,val_PR_AUC_drop
seagate_kqi,time-series-2,mean,4,46,0,93,f93,0.0,0.0,0.0,136,S0_lightgbm,val_PR_AUC_drop
seagate_kqi,time-series-2,mean,4,46,0,94,f94,0.0,0.0,0.0,137,S0_lightgbm,val_PR_AUC_drop
seagate_kqi,time-series-2,mean,4,46,0,95,f95,0.0,0.0,0.0,138,S0_lightgbm,val_PR_AUC_drop
seagate_kqi,time-series-2,mean,4,46,0,96,f96,0.0,0.0,0.0,139,S0_lightgbm,val_PR_AUC_drop
seagate_kqi,time-series-2,mean,4,46,0,97,f97,0.0,0.0,0.0,140,S0_lightgbm,val_PR_AUC_drop
seagate_kqi,time-series-2,mean,4,46,0,98,f98,0.0,0.0,0.0,141,S0_lightgbm,val_PR_AUC_drop
seagate_kqi,time-series-2,mean,4,46,0,99,f99,0.0,0.0,0.0,142,S0_lightgbm,val_PR_AUC_drop
seagate_kqi,time-series-2,mean,4,46,0,100,f100,0.0,0.0,0.0,143,S0_lightgbm,val_PR_AUC_drop
seagate_kqi,time-series-2,mean,4,46,0,101,f101,0.0,0.0,0.0,144,S0_lightgbm,val_PR_AUC_drop
seagate_kqi,time-series-2,mean,4,46,0,102,f102,0.0,0.0,0.0,145,S0_lightgbm,val_PR_AUC_drop
seagate_kqi,time-series-2,mean,4,46,0,103,f103,0.0,0.0,0.0,146,S0_lightgbm,val_PR_AUC_drop
seagate_kqi,time-series-2,mean,4,46,0,104,f104,0.0,0.0,0.0,147,S0_lightgbm,val_PR_AUC_drop
seagate_kqi,time-series-2,mean,4,46,0,105,f105,0.0,0.0,0.0,148,S0_lightgbm,val_PR_AUC_drop
seagate_kqi,time-series-2,mean,4,46,0,106,f106,0.0,0.0,0.0,149,S0_lightgbm,val_PR_AUC_drop
seagate_kqi,time-series-2,mean,4,46,0,107,f107,0.0,0.0,0.0,150,S0_lightgbm,val_PR_AUC_drop
seagate_kqi,time-series-2,mean,4,46,0,108,f108,0.0,0.0,0.0,151,S0_lightgbm,val_PR_AUC_drop
seagate_kqi,time-series-2,mean,4,46,0,109,f109,0.0,0.0,0.0,152,S0_lightgbm,val_PR_AUC_drop
seagate_kqi,time-series-2,mean,4,46,0,110,f110,0.0,0.0,0.0,153,S0_lightgbm,val_PR_AUC_drop
seagate_kqi,time-series-2,mean,4,46,0,111,f111,0.0,0.0,0.0,154,S0_lightgbm,val_PR_AUC_drop
seagate_kqi,time-series-2,mean,4,46,0,112,f112,0.0,0.0,0.0,155,S0_lightgbm,val_PR_AUC_drop
seagate_kqi,time-series-2,mean,4,46,0,113,f113,-7.535943586844951e-05,0.0,0.0,191,S0_lightgbm,val_PR_AUC_drop
seagate_kqi,time-series-2,mean,4,46,0,114,f114,0.0,0.0,0.0,156,S0_lightgbm,val_PR_AUC_drop
seagate_kqi,time-series-2,mean,4,46,0,115,f115,0.0,0.0,0.0,157,S0_lightgbm,val_PR_AUC_drop
seagate_kqi,time-series-2,mean,4,46,0,116,f116,0.0,0.0,0.0,158,S0_lightgbm,val_PR_AUC_drop
seagate_kqi,time-series-2,mean,4,46,0,117,f117,0.0,0.0,0.0,159,S0_lightgbm,val_PR_AUC_drop
seagate_kqi,time-series-2,mean,4,46,0,118,f118,0.0,0.0,0.0,160,S0_lightgbm,val_PR_AUC_drop
seagate_kqi,time-series-2,mean,4,46,0,119,f119,3.2274823752231896e-05,3.2274823752231896e-05,7.639748946530744e-05,43,S0_lightgbm,val_PR_AUC_drop
seagate_kqi,time-series-2,mean,4,46,0,120,f120,0.0,0.0,0.0,161,S0_lightgbm,val_PR_AUC_drop
seagate_kqi,time-series-2,mean,4,46,0,121,f121,0.0,0.0,0.0,162,S0_lightgbm,val_PR_AUC_drop
seagate_kqi,time-series-2,mean,4,46,0,122,f122,0.00011976353562204167,0.00011976353562204167,0.00028349136118777096,40,S0_lightgbm,val_PR_AUC_drop
seagate_kqi,time-series-2,mean,4,46,0,123,f123,0.0,0.0,0.0,163,S0_lightgbm,val_PR_AUC_drop
seagate_kqi,time-series-2,mean,4,46,0,124,f124,0.0,0.0,0.0,164,S0_lightgbm,val_PR_AUC_drop
seagate_kqi,time-series-2,mean,4,46,0,125,f125,0.0,0.0,0.0,165,S0_lightgbm,val_PR_AUC_drop
seagate_kqi,time-series-2,mean,4,46,0,126,f126,0.0,0.0,0.0,166,S0_lightgbm,val_PR_AUC_drop
seagate_kqi,time-series-2,mean,4,46,0,127,f127,0.0,0.0,0.0,167,S0_lightgbm,val_PR_AUC_drop
seagate_kqi,time-series-2,mean,4,46,0,128,f128,0.0001244070881512016,0.0001244070881512016,0.0002944830630440265,39,S0_lightgbm,val_PR_AUC_drop
seagate_kqi,time-series-2,mean,4,46,0,129,f129,0.0,0.0,0.0,168,S0_lightgbm,val_PR_AUC_drop
seagate_kqi,time-series-2,mean,4,46,0,130,f130,0.0006068044458515942,0.0006068044458515942,0.0014363621594384313,33,S0_lightgbm,val_PR_AUC_drop
seagate_kqi,time-series-2,mean,4,46,0,131,f131,0.0,0.0,0.0,169,S0_lightgbm,val_PR_AUC_drop
seagate_kqi,time-series-2,mean,4,46,0,132,f132,9.132496052188799e-05,9.132496052188799e-05,0.00021617462334688753,42,S0_lightgbm,val_PR_AUC_drop
seagate_kqi,time-series-2,mean,4,46,0,133,f133,0.000995949492789805,0.000995949492789805,0.00235750456340611,27,S0_lightgbm,val_PR_AUC_drop
seagate_kqi,time-series-2,mean,4,46,0,134,f134,0.023881668224930763,0.023881668224930763,0.05653011426329613,8,S0_lightgbm,val_PR_AUC_drop
seagate_kqi,time-series-2,mean,4,46,0,135,f135,0.034740280359983444,0.034740280359983444,0.08223345130681992,1,S0_lightgbm,val_PR_AUC_drop
seagate_kqi,time-series-2,mean,4,46,0,136,f136,0.0,0.0,0.0,170,S0_lightgbm,val_PR_AUC_drop
seagate_kqi,time-series-2,mean,4,46,0,137,f137,0.0,0.0,0.0,171,S0_lightgbm,val_PR_AUC_drop
seagate_kqi,time-series-2,mean,4,46,0,138,f138,0.0,0.0,0.0,172,S0_lightgbm,val_PR_AUC_drop
seagate_kqi,time-series-2,mean,4,46,0,139,f139,0.0,0.0,0.0,173,S0_lightgbm,val_PR_AUC_drop
seagate_kqi,time-series-2,mean,4,46,0,140,f140,0.0,0.0,0.0,174,S0_lightgbm,val_PR_AUC_drop
seagate_kqi,time-series-2,mean,4,46,0,141,f141,-2.2521505798067665e-06,0.0,0.0,187,S0_lightgbm,val_PR_AUC_drop
seagate_kqi,time-series-2,mean,4,46,0,142,f142,0.0,0.0,0.0,175,S0_lightgbm,val_PR_AUC_drop
seagate_kqi,time-series-2,mean,4,46,0,143,f143,0.0,0.0,0.0,176,S0_lightgbm,val_PR_AUC_drop
seagate_kqi,time-series-2,mean,4,46,0,144,f144,-1.8677228581509553e-05,0.0,0.0,189,S0_lightgbm,val_PR_AUC_drop
seagate_kqi,time-series-2,mean,4,46,0,145,f145,0.0,0.0,0.0,177,S0_lightgbm,val_PR_AUC_drop
seagate_kqi,time-series-2,mean,4,46,0,146,f146,0.0007063159137032926,0.0007063159137032926,0.001671915058977902,32,S0_lightgbm,val_PR_AUC_drop
seagate_kqi,time-series-2,mean,4,46,0,147,f147,-0.00017811349243856966,0.0,0.0,193,S0_lightgbm,val_PR_AUC_drop
seagate_kqi,time-series-2,mean,4,46,0,148,f148,0.01945485919713974,0.01945485919713974,0.046051450073719025,13,S0_lightgbm,val_PR_AUC_drop
seagate_kqi,time-series-2,mean,4,46,0,149,f149,0.016756229102611542,0.016756229102611542,0.039663542062044144,15,S0_lightgbm,val_PR_AUC_drop
seagate_kqi,time-series-2,mean,4,46,0,150,f150,0.0007630344480276108,0.0007630344480276108,0.0018061730079352856,31,S0_lightgbm,val_PR_AUC_drop
seagate_kqi,time-series-2,mean,4,46,0,151,f151,0.003641027258709073,0.003641027258709073,0.008618648163974285,20,S0_lightgbm,val_PR_AUC_drop
seagate_kqi,time-series-2,mean,4,46,0,152,f152,-0.0013348570792004466,0.0,0.0,196,S0_lightgbm,val_PR_AUC_drop
seagate_kqi,time-series-2,mean,4,46,0,153,f153,-9.282509563490748e-05,0.0,0.0,192,S0_lightgbm,val_PR_AUC_drop
seagate_kqi,time-series-2,mean,4,46,0,154,f154,0.0,0.0,0.0,178,S0_lightgbm,val_PR_AUC_drop
seagate_kqi,time-series-2,mean,4,46,0,155,f155,0.027270466089248657,0.027270466089248657,0.0645517110824585,5,S0_lightgbm,val_PR_AUC_drop
seagate_kqi,time-series-2,mean,4,46,0,156,f156,0.0005750790005549788,0.0005750790005549788,0.001361265080049634,34,S0_lightgbm,val_PR_AUC_drop
seagate_kqi,time-series-2,mean,4,46,0,157,f157,0.003106350777670741,0.003106350777670741,0.007353019434958696,21,S0_lightgbm,val_PR_AUC_drop
seagate_kqi,time-series-2,mean,4,46,0,158,f158,0.00017783211660571396,0.00017783211660571396,0.00042094505624845624,38,S0_lightgbm,val_PR_AUC_drop
seagate_kqi,time-series-2,mean,4,46,0,159,f159,0.00011266862566117197,0.00011266862566117197,0.0002666970540303737,41,S0_lightgbm,val_PR_AUC_drop
seagate_kqi,time-series-2,mean,4,46,0,160,f160,0.03204037621617317,0.03204037621617317,0.07584252953529358,2,S0_lightgbm,val_PR_AUC_drop
seagate_kqi,time-series-2,mean,4,46,0,161,f161,-0.004918030928820372,0.0,0.0,200,S0_lightgbm,val_PR_AUC_drop
seagate_kqi,time-series-2,mean,4,46,0,162,f162,0.02759007178246975,0.02759007178246975,0.06530825048685074,4,S0_lightgbm,val_PR_AUC_drop
seagate_kqi,time-series-2,mean,4,46,0,163,f163,0.0008641368476673961,0.0008641368476673961,0.002045491710305214,29,S0_lightgbm,val_PR_AUC_drop
seagate_kqi,time-series-2,mean,4,46,0,164,f164,-4.2520518036326393e-05,0.0,0.0,190,S0_lightgbm,val_PR_AUC_drop
seagate_kqi,time-series-2,mean,4,46,0,165,f165,0.0005043016863055527,0.0005043016863055527,0.0011937286471948028,36,S0_lightgbm,val_PR_AUC_drop
seagate_kqi,time-series-2,mean,4,46,0,166,f166,-0.0022682612761855125,0.0,0.0,197,S0_lightgbm,val_PR_AUC_drop
seagate_kqi,time-series-2,mean,4,46,0,167,f167,0.0008046127622947097,0.0008046127622947097,0.001904592732898891,30,S0_lightgbm,val_PR_AUC_drop
seagate_kqi,time-series-2,mean,4,46,0,168,f168,0.021804366260766983,0.021804366260766983,0.05161295086145401,10,S0_lightgbm,val_PR_AUC_drop
seagate_kqi,time-series-2,mean,4,46,0,169,f169,0.015769369900226593,0.015769369900226593,0.03732755407691002,16,S0_lightgbm,val_PR_AUC_drop
seagate_kqi,time-series-2,mean,4,46,0,170,f170,0.0009645826648920774,0.0009645826648920774,0.0022832562681287527,28,S0_lightgbm,val_PR_AUC_drop
seagate_kqi,time-series-2,mean,4,46,0,171,f171,0.021910889074206352,0.021910889074206352,0.0518651008605957,9,S0_lightgbm,val_PR_AUC_drop
seagate_kqi,time-series-2,mean,4,46,0,172,f172,-0.003275327617302537,0.0,0.0,198,S0_lightgbm,val_PR_AUC_drop
seagate_kqi,time-series-2,mean,4,46,0,173,f173,-0.00374714657664299,0.0,0.0,199,S0_lightgbm,val_PR_AUC_drop
seagate_kqi,time-series-2,mean,4,46,0,174,f174,0.0016463752835988998,0.0016463752835988998,0.0038971223402768373,23,S0_lightgbm,val_PR_AUC_drop
seagate_kqi,time-series-2,mean,4,46,0,175,f175,0.003922040108591318,0.003922040108591318,0.009283831343054771,19,S0_lightgbm,val_PR_AUC_drop
seagate_kqi,time-series-2,mean,4,46,0,176,f176,0.020402420312166214,0.020402420312166214,0.04829441383481026,11,S0_lightgbm,val_PR_AUC_drop
seagate_kqi,time-series-2,mean,4,46,0,177,f177,0.0002050524635706097,0.0002050524635706097,0.0004853781429119408,37,S0_lightgbm,val_PR_AUC_drop
seagate_kqi,time-series-2,mean,4,46,0,178,f178,0.0,0.0,0.0,179,S0_lightgbm,val_PR_AUC_drop
seagate_kqi,time-series-2,mean,4,46,0,179,f179,0.004948470275849104,0.004948470275849104,0.011713486164808273,18,S0_lightgbm,val_PR_AUC_drop
seagate_kqi,time-series-2,mean,4,46,0,180,f180,0.0014565790770575404,0.0014565790770575404,0.0034478572197258472,25,S0_lightgbm,val_PR_AUC_drop
seagate_kqi,time-series-2,mean,4,46,0,181,f181,0.02824224717915058,0.02824224717915058,0.06685201078653336,3,S0_lightgbm,val_PR_AUC_drop
seagate_kqi,time-series-2,mean,4,46,0,182,f182,0.02456338331103325,0.02456338331103325,0.058143798261880875,7,S0_lightgbm,val_PR_AUC_drop
seagate_kqi,time-series-2,mean,4,46,0,183,f183,0.0013308676425367594,0.0013308676425367594,0.0031502866186201572,26,S0_lightgbm,val_PR_AUC_drop
seagate_kqi,time-series-2,mean,4,46,0,184,f184,0.00054376624757424,0.00054376624757424,0.0012871449580416083,35,S0_lightgbm,val_PR_AUC_drop
seagate_kqi,time-series-2,mean,4,46,0,185,f185,0.026954207569360733,0.026954207569360733,0.06380309909582138,6,S0_lightgbm,val_PR_AUC_drop
seagate_kqi,time-series-2,mean,4,46,0,186,f186,0.0016824934864416718,0.0016824934864416718,0.003982617519795895,22,S0_lightgbm,val_PR_AUC_drop
seagate_kqi,time-series-2,mean,4,46,0,187,f187,-0.0003149736439809203,0.0,0.0,194,S0_lightgbm,val_PR_AUC_drop
seagate_kqi,time-series-2,mean,4,46,0,188,f188,0.0015029513742774725,0.0015029513742774725,0.0035576247610151768,24,S0_lightgbm,val_PR_AUC_drop
seagate_kqi,time-series-2,mean,4,46,0,189,f189,0.01720721460878849,0.01720721460878849,0.04073106870055199,14,S0_lightgbm,val_PR_AUC_drop
seagate_kqi,time-series-2,mean,4,46,0,190,f190,0.012318722903728485,0.012318722903728485,0.029159555211663246,17,S0_lightgbm,val_PR_AUC_drop
seagate_kqi,time-series-2,mean,4,46,0,191,f191,0.0,0.0,0.0,180,S0_lightgbm,val_PR_AUC_drop
seagate_kqi,time-series-2,mean,4,46,0,192,f192,-0.001104885246604681,0.0,0.0,195,S0_lightgbm,val_PR_AUC_drop
seagate_kqi,time-series-2,mean,4,46,0,193,f193,0.0,0.0,0.0,181,S0_lightgbm,val_PR_AUC_drop
seagate_kqi,time-series-2,mean,4,46,0,194,f194,-5.212212272454053e-06,0.0,0.0,188,S0_lightgbm,val_PR_AUC_drop
seagate_kqi,time-series-2,mean,4,46,0,195,f195,0.020123392343521118,0.020123392343521118,0.047633931040763855,12,S0_lightgbm,val_PR_AUC_drop
seagate_kqi,time-series-2,mean,4,46,0,196,f196,0.0,0.0,0.0,182,S0_lightgbm,val_PR_AUC_drop
seagate_kqi,time-series-2,mean,4,46,0,197,f197,0.0,0.0,0.0,183,S0_lightgbm,val_PR_AUC_drop
seagate_kqi,time-series-2,mean,4,46,0,198,f198,-1.9845897440973204e-06,0.0,0.0,186,S0_lightgbm,val_PR_AUC_drop
seagate_kqi,time-series-2,mean,4,46,0,199,f199,0.0,0.0,0.0,184,S0_lightgbm,val_PR_AUC_drop
seagate_kqi,time-series-2,mean,8,42,0,0,f0,0.00015813868958503008,0.00015813868958503008,0.00030825118301436305,40,S0_lightgbm,val_PR_AUC_drop
seagate_kqi,time-series-2,mean,8,42,0,1,f1,0.0,0.0,0.0,49,S0_lightgbm,val_PR_AUC_drop
seagate_kqi,time-series-2,mean,8,42,0,2,f2,0.0,0.0,0.0,50,S0_lightgbm,val_PR_AUC_drop
seagate_kqi,time-series-2,mean,8,42,0,3,f3,0.0,0.0,0.0,51,S0_lightgbm,val_PR_AUC_drop
seagate_kqi,time-series-2,mean,8,42,0,4,f4,0.0,0.0,0.0,52,S0_lightgbm,val_PR_AUC_drop
seagate_kqi,time-series-2,mean,8,42,0,5,f5,0.0,0.0,0.0,53,S0_lightgbm,val_PR_AUC_drop
seagate_kqi,time-series-2,mean,8,42,0,6,f6,0.0,0.0,0.0,54,S0_lightgbm,val_PR_AUC_drop
seagate_kqi,time-series-2,mean,8,42,0,7,f7,0.0,0.0,0.0,55,S0_lightgbm,val_PR_AUC_drop
seagate_kqi,time-series-2,mean,8,42,0,8,f8,0.0,0.0,0.0,56,S0_lightgbm,val_PR_AUC_drop
seagate_kqi,time-series-2,mean,8,42,0,9,f9,0.0,0.0,0.0,57,S0_lightgbm,val_PR_AUC_drop
seagate_kqi,time-series-2,mean,8,42,0,10,f10,0.0,0.0,0.0,58,S0_lightgbm,val_PR_AUC_drop
seagate_kqi,time-series-2,mean,8,42,0,11,f11,0.0,0.0,0.0,59,S0_lightgbm,val_PR_AUC_drop
seagate_kqi,time-series-2,mean,8,42,0,12,f12,0.0,0.0,0.0,60,S0_lightgbm,val_PR_AUC_drop
seagate_kqi,time-series-2,mean,8,42,0,13,f13,0.0,0.0,0.0,61,S0_lightgbm,val_PR_AUC_drop
seagate_kqi,time-series-2,mean,8,42,0,14,f14,0.0,0.0,0.0,62,S0_lightgbm,val_PR_AUC_drop
seagate_kqi,time-series-2,mean,8,42,0,15,f15,0.0,0.0,0.0,63,S0_lightgbm,val_PR_AUC_drop
seagate_kqi,time-series-2,mean,8,42,0,16,f16,0.0,0.0,0.0,64,S0_lightgbm,val_PR_AUC_drop
seagate_kqi,time-series-2,mean,8,42,0,17,f17,0.0,0.0,0.0,65,S0_lightgbm,val_PR_AUC_drop
seagate_kqi,time-series-2,mean,8,42,0,18,f18,0.0,0.0,0.0,66,S0_lightgbm,val_PR_AUC_drop
seagate_kqi,time-series-2,mean,8,42,0,19,f19,0.0,0.0,0.0,67,S0_lightgbm,val_PR_AUC_drop
seagate_kqi,time-series-2,mean,8,42,0,20,f20,0.0,0.0,0.0,68,S0_lightgbm,val_PR_AUC_drop
seagate_kqi,time-series-2,mean,8,42,0,21,f21,0.0,0.0,0.0,69,S0_lightgbm,val_PR_AUC_drop
seagate_kqi,time-series-2,mean,8,42,0,22,f22,0.0,0.0,0.0,70,S0_lightgbm,val_PR_AUC_drop
seagate_kqi,time-series-2,mean,8,42,0,23,f23,0.0,0.0,0.0,71,S0_lightgbm,val_PR_AUC_drop
seagate_kqi,time-series-2,mean,8,42,0,24,f24,0.0,0.0,0.0,72,S0_lightgbm,val_PR_AUC_drop
seagate_kqi,time-series-2,mean,8,42,0,25,f25,0.0,0.0,0.0,73,S0_lightgbm,val_PR_AUC_drop
seagate_kqi,time-series-2,mean,8,42,0,26,f26,0.0,0.0,0.0,74,S0_lightgbm,val_PR_AUC_drop
seagate_kqi,time-series-2,mean,8,42,0,27,f27,0.0,0.0,0.0,75,S0_lightgbm,val_PR_AUC_drop
seagate_kqi,time-series-2,mean,8,42,0,28,f28,0.0,0.0,0.0,76,S0_lightgbm,val_PR_AUC_drop
seagate_kqi,time-series-2,mean,8,42,0,29,f29,0.0,0.0,0.0,77,S0_lightgbm,val_PR_AUC_drop
seagate_kqi,time-series-2,mean,8,42,0,30,f30,0.0,0.0,0.0,78,S0_lightgbm,val_PR_AUC_drop
seagate_kqi,time-series-2,mean,8,42,0,31,f31,0.0,0.0,0.0,79,S0_lightgbm,val_PR_AUC_drop
seagate_kqi,time-series-2,mean,8,42,0,32,f32,0.0,0.0,0.0,80,S0_lightgbm,val_PR_AUC_drop
seagate_kqi,time-series-2,mean,8,42,0,33,f33,0.0,0.0,0.0,81,S0_lightgbm,val_PR_AUC_drop
seagate_kqi,time-series-2,mean,8,42,0,34,f34,0.0,0.0,0.0,82,S0_lightgbm,val_PR_AUC_drop
seagate_kqi,time-series-2,mean,8,42,0,35,f35,0.0,0.0,0.0,83,S0_lightgbm,val_PR_AUC_drop
seagate_kqi,time-series-2,mean,8,42,0,36,f36,0.0,0.0,0.0,84,S0_lightgbm,val_PR_AUC_drop
seagate_kqi,time-series-2,mean,8,42,0,37,f37,0.0,0.0,0.0,85,S0_lightgbm,val_PR_AUC_drop
seagate_kqi,time-series-2,mean,8,42,0,38,f38,0.0,0.0,0.0,86,S0_lightgbm,val_PR_AUC_drop
seagate_kqi,time-series-2,mean,8,42,0,39,f39,0.0,0.0,0.0,87,S0_lightgbm,val_PR_AUC_drop
seagate_kqi,time-series-2,mean,8,42,0,40,f40,0.0,0.0,0.0,88,S0_lightgbm,val_PR_AUC_drop
seagate_kqi,time-series-2,mean,8,42,0,41,f41,0.0,0.0,0.0,89,S0_lightgbm,val_PR_AUC_drop
seagate_kqi,time-series-2,mean,8,42,0,42,f42,0.0,0.0,0.0,90,S0_lightgbm,val_PR_AUC_drop
seagate_kqi,time-series-2,mean,8,42,0,43,f43,0.0,0.0,0.0,91,S0_lightgbm,val_PR_AUC_drop
seagate_kqi,time-series-2,mean,8,42,0,44,f44,0.0,0.0,0.0,92,S0_lightgbm,val_PR_AUC_drop
seagate_kqi,time-series-2,mean,8,42,0,45,f45,0.0,0.0,0.0,93,S0_lightgbm,val_PR_AUC_drop
seagate_kqi,time-series-2,mean,8,42,0,46,f46,0.0,0.0,0.0,94,S0_lightgbm,val_PR_AUC_drop
seagate_kqi,time-series-2,mean,8,42,0,47,f47,0.0,0.0,0.0,95,S0_lightgbm,val_PR_AUC_drop
seagate_kqi,time-series-2,mean,8,42,0,48,f48,0.0,0.0,0.0,96,S0_lightgbm,val_PR_AUC_drop
seagate_kqi,time-series-2,mean,8,42,0,49,f49,0.0,0.0,0.0,97,S0_lightgbm,val_PR_AUC_drop
seagate_kqi,time-series-2,mean,8,42,0,50,f50,0.0,0.0,0.0,98,S0_lightgbm,val_PR_AUC_drop
seagate_kqi,time-series-2,mean,8,42,0,51,f51,0.0,0.0,0.0,99,S0_lightgbm,val_PR_AUC_drop
seagate_kqi,time-series-2,mean,8,42,0,52,f52,0.0,0.0,0.0,100,S0_lightgbm,val_PR_AUC_drop
seagate_kqi,time-series-2,mean,8,42,0,53,f53,0.0,0.0,0.0,101,S0_lightgbm,val_PR_AUC_drop
seagate_kqi,time-series-2,mean,8,42,0,54,f54,0.0,0.0,0.0,102,S0_lightgbm,val_PR_AUC_drop
seagate_kqi,time-series-2,mean,8,42,0,55,f55,0.0,0.0,0.0,103,S0_lightgbm,val_PR_AUC_drop
seagate_kqi,time-series-2,mean,8,42,0,56,f56,0.0,0.0,0.0,104,S0_lightgbm,val_PR_AUC_drop
seagate_kqi,time-series-2,mean,8,42,0,57,f57,0.0,0.0,0.0,105,S0_lightgbm,val_PR_AUC_drop
seagate_kqi,time-series-2,mean,8,42,0,58,f58,0.0,0.0,0.0,106,S0_lightgbm,val_PR_AUC_drop
seagate_kqi,time-series-2,mean,8,42,0,59,f59,0.0,0.0,0.0,107,S0_lightgbm,val_PR_AUC_drop
seagate_kqi,time-series-2,mean,8,42,0,60,f60,0.0,0.0,0.0,108,S0_lightgbm,val_PR_AUC_drop
seagate_kqi,time-series-2,mean,8,42,0,61,f61,0.0,0.0,0.0,109,S0_lightgbm,val_PR_AUC_drop
seagate_kqi,time-series-2,mean,8,42,0,62,f62,0.0,0.0,0.0,110,S0_lightgbm,val_PR_AUC_drop
seagate_kqi,time-series-2,mean,8,42,0,63,f63,0.0,0.0,0.0,111,S0_lightgbm,val_PR_AUC_drop
seagate_kqi,time-series-2,mean,8,42,0,64,f64,0.0,0.0,0.0,112,S0_lightgbm,val_PR_AUC_drop
seagate_kqi,time-series-2,mean,8,42,0,65,f65,0.0,0.0,0.0,113,S0_lightgbm,val_PR_AUC_drop
seagate_kqi,time-series-2,mean,8,42,0,66,f66,0.0,0.0,0.0,114,S0_lightgbm,val_PR_AUC_drop
seagate_kqi,time-series-2,mean,8,42,0,67,f67,0.0,0.0,0.0,115,S0_lightgbm,val_PR_AUC_drop
seagate_kqi,time-series-2,mean,8,42,0,68,f68,0.0,0.0,0.0,116,S0_lightgbm,val_PR_AUC_drop
seagate_kqi,time-series-2,mean,8,42,0,69,f69,0.0,0.0,0.0,117,S0_lightgbm,val_PR_AUC_drop
seagate_kqi,time-series-2,mean,8,42,0,70,f70,0.0,0.0,0.0,118,S0_lightgbm,val_PR_AUC_drop
seagate_kqi,time-series-2,mean,8,42,0,71,f71,0.0,0.0,0.0,119,S0_lightgbm,val_PR_AUC_drop
seagate_kqi,time-series-2,mean,8,42,0,72,f72,0.0,0.0,0.0,120,S0_lightgbm,val_PR_AUC_drop
seagate_kqi,time-series-2,mean,8,42,0,73,f73,0.0,0.0,0.0,121,S0_lightgbm,val_PR_AUC_drop
seagate_kqi,time-series-2,mean,8,42,0,74,f74,0.0,0.0,0.0,122,S0_lightgbm,val_PR_AUC_drop
seagate_kqi,time-series-2,mean,8,42,0,75,f75,0.0,0.0,0.0,123,S0_lightgbm,val_PR_AUC_drop
seagate_kqi,time-series-2,mean,8,42,0,76,f76,0.0,0.0,0.0,124,S0_lightgbm,val_PR_AUC_drop
seagate_kqi,time-series-2,mean,8,42,0,77,f77,0.0,0.0,0.0,125,S0_lightgbm,val_PR_AUC_drop
seagate_kqi,time-series-2,mean,8,42,0,78,f78,0.0,0.0,0.0,126,S0_lightgbm,val_PR_AUC_drop
seagate_kqi,time-series-2,mean,8,42,0,79,f79,0.0,0.0,0.0,127,S0_lightgbm,val_PR_AUC_drop
seagate_kqi,time-series-2,mean,8,42,0,80,f80,0.0,0.0,0.0,128,S0_lightgbm,val_PR_AUC_drop
seagate_kqi,time-series-2,mean,8,42,0,81,f81,0.0,0.0,0.0,129,S0_lightgbm,val_PR_AUC_drop
seagate_kqi,time-series-2,mean,8,42,0,82,f82,0.0,0.0,0.0,130,S0_lightgbm,val_PR_AUC_drop
seagate_kqi,time-series-2,mean,8,42,0,83,f83,0.0,0.0,0.0,131,S0_lightgbm,val_PR_AUC_drop
seagate_kqi,time-series-2,mean,8,42,0,84,f84,0.0,0.0,0.0,132,S0_lightgbm,val_PR_AUC_drop
seagate_kqi,time-series-2,mean,8,42,0,85,f85,0.0,0.0,0.0,133,S0_lightgbm,val_PR_AUC_drop
seagate_kqi,time-series-2,mean,8,42,0,86,f86,0.0,0.0,0.0,134,S0_lightgbm,val_PR_AUC_drop
seagate_kqi,time-series-2,mean,8,42,0,87,f87,0.0,0.0,0.0,135,S0_lightgbm,val_PR_AUC_drop
seagate_kqi,time-series-2,mean,8,42,0,88,f88,0.0,0.0,0.0,136,S0_lightgbm,val_PR_AUC_drop
seagate_kqi,time-series-2,mean,8,42,0,89,f89,0.0,0.0,0.0,137,S0_lightgbm,val_PR_AUC_drop
seagate_kqi,time-series-2,mean,8,42,0,90,f90,0.0,0.0,0.0,138,S0_lightgbm,val_PR_AUC_drop
seagate_kqi,time-series-2,mean,8,42,0,91,f91,0.0,0.0,0.0,139,S0_lightgbm,val_PR_AUC_drop
seagate_kqi,time-series-2,mean,8,42,0,92,f92,0.0,0.0,0.0,140,S0_lightgbm,val_PR_AUC_drop
seagate_kqi,time-series-2,mean,8,42,0,93,f93,0.0,0.0,0.0,141,S0_lightgbm,val_PR_AUC_drop
seagate_kqi,time-series-2,mean,8,42,0,94,f94,0.0,0.0,0.0,142,S0_lightgbm,val_PR_AUC_drop
seagate_kqi,time-series-2,mean,8,42,0,95,f95,0.0,0.0,0.0,143,S0_lightgbm,val_PR_AUC_drop
seagate_kqi,time-series-2,mean,8,42,0,96,f96,0.0,0.0,0.0,144,S0_lightgbm,val_PR_AUC_drop
seagate_kqi,time-series-2,mean,8,42,0,97,f97,0.0,0.0,0.0,145,S0_lightgbm,val_PR_AUC_drop
seagate_kqi,time-series-2,mean,8,42,0,98,f98,0.0,0.0,0.0,146,S0_lightgbm,val_PR_AUC_drop
seagate_kqi,time-series-2,mean,8,42,0,99,f99,0.0,0.0,0.0,147,S0_lightgbm,val_PR_AUC_drop
seagate_kqi,time-series-2,mean,8,42,0,100,f100,0.0,0.0,0.0,148,S0_lightgbm,val_PR_AUC_drop
seagate_kqi,time-series-2,mean,8,42,0,101,f101,1.1545050256245304e-05,1.1545050256245304e-05,2.2504142179968767e-05,44,S0_lightgbm,val_PR_AUC_drop
seagate_kqi,time-series-2,mean,8,42,0,102,f102,0.0,0.0,0.0,149,S0_lightgbm,val_PR_AUC_drop
seagate_kqi,time-series-2,mean,8,42,0,103,f103,0.0,0.0,0.0,150,S0_lightgbm,val_PR_AUC_drop
seagate_kqi,time-series-2,mean,8,42,0,104,f104,0.0,0.0,0.0,151,S0_lightgbm,val_PR_AUC_drop
seagate_kqi,time-series-2,mean,8,42,0,105,f105,0.0009551160619594157,0.0009551160619594157,0.0018617560854181647,32,S0_lightgbm,val_PR_AUC_drop
seagate_kqi,time-series-2,mean,8,42,0,106,f106,-0.00010046812531072646,0.0,0.0,190,S0_lightgbm,val_PR_AUC_drop
seagate_kqi,time-series-2,mean,8,42,0,107,f107,0.0,0.0,0.0,152,S0_lightgbm,val_PR_AUC_drop
seagate_kqi,time-series-2,mean,8,42,0,108,f108,0.0,0.0,0.0,153,S0_lightgbm,val_PR_AUC_drop
seagate_kqi,time-series-2,mean,8,42,0,109,f109,0.0008876915089786053,0.0008876915089786053,0.0017303290078416467,34,S0_lightgbm,val_PR_AUC_drop
seagate_kqi,time-series-2,mean,8,42,0,110,f110,-0.001340179704129696,0.0,0.0,200,S0_lightgbm,val_PR_AUC_drop
seagate_kqi,time-series-2,mean,8,42,0,111,f111,3.040595174752525e-06,3.040595174752525e-06,5.9268677432555705e-06,45,S0_lightgbm,val_PR_AUC_drop
seagate_kqi,time-series-2,mean,8,42,0,112,f112,-0.0002196463756263256,0.0,0.0,192,S0_lightgbm,val_PR_AUC_drop
seagate_kqi,time-series-2,mean,8,42,0,113,f113,-2.8703905627480708e-05,0.0,0.0,188,S0_lightgbm,val_PR_AUC_drop
seagate_kqi,time-series-2,mean,8,42,0,114,f114,0.0,0.0,0.0,154,S0_lightgbm,val_PR_AUC_drop
seagate_kqi,time-series-2,mean,8,42,0,115,f115,-8.283421630039811e-05,0.0,0.0,189,S0_lightgbm,val_PR_AUC_drop
seagate_kqi,time-series-2,mean,8,42,0,116,f116,9.87325984169729e-05,9.87325984169729e-05,0.00019245411385782063,41,S0_lightgbm,val_PR_AUC_drop
seagate_kqi,time-series-2,mean,8,42,0,117,f117,0.007007929030805826,0.007007929030805826,0.013660176657140255,19,S0_lightgbm,val_PR_AUC_drop
seagate_kqi,time-series-2,mean,8,42,0,118,f118,0.00765242287889123,0.00765242287889123,0.014916453510522842,16,S0_lightgbm,val_PR_AUC_drop
seagate_kqi,time-series-2,mean,8,42,0,119,f119,0.0,0.0,0.0,155,S0_lightgbm,val_PR_AUC_drop
seagate_kqi,time-series-2,mean,8,42,0,120,f120,0.0006765973521396518,0.0006765973521396518,0.0013188546290621161,35,S0_lightgbm,val_PR_AUC_drop
seagate_kqi,time-series-2,mean,8,42,0,121,f121,0.0,0.0,0.0,156,S0_lightgbm,val_PR_AUC_drop
seagate_kqi,time-series-2,mean,8,42,0,122,f122,0.0,0.0,0.0,157,S0_lightgbm,val_PR_AUC_drop
seagate_kqi,time-series-2,mean,8,42,0,123,f123,0.0,0.0,0.0,158,S0_lightgbm,val_PR_AUC_drop
seagate_kqi,time-series-2,mean,8,42,0,124,f124,0.0,0.0,0.0,159,S0_lightgbm,val_PR_AUC_drop
seagate_kqi,time-series-2,mean,8,42,0,125,f125,0.0,0.0,0.0,160,S0_lightgbm,val_PR_AUC_drop
seagate_kqi,time-series-2,mean,8,42,0,126,f126,0.0,0.0,0.0,161,S0_lightgbm,val_PR_AUC_drop
seagate_kqi,time-series-2,mean,8,42,0,127,f127,-0.00027467578183859587,0.0,0.0,194,S0_lightgbm,val_PR_AUC_drop
seagate_kqi,time-series-2,mean,8,42,0,128,f128,0.0,0.0,0.0,162,S0_lightgbm,val_PR_AUC_drop
seagate_kqi,time-series-2,mean,8,42,0,129,f129,-0.00013123819371685386,0.0,0.0,191,S0_lightgbm,val_PR_AUC_drop
seagate_kqi,time-series-2,mean,8,42,0,130,f130,0.0,0.0,0.0,163,S0_lightgbm,val_PR_AUC_drop
seagate_kqi,time-series-2,mean,8,42,0,131,f131,0.0,0.0,0.0,164,S0_lightgbm,val_PR_AUC_drop
seagate_kqi,time-series-2,mean,8,42,0,132,f132,0.0,0.0,0.0,165,S0_lightgbm,val_PR_AUC_drop
seagate_kqi,time-series-2,mean,8,42,0,133,f133,0.0,0.0,0.0,166,S0_lightgbm,val_PR_AUC_drop
seagate_kqi,time-series-2,mean,8,42,0,134,f134,0.022771574556827545,0.022771574556827545,0.04438740015029907,7,S0_lightgbm,val_PR_AUC_drop
seagate_kqi,time-series-2,mean,8,42,0,135,f135,-5.360013801691821e-06,0.0,0.0,186,S0_lightgbm,val_PR_AUC_drop
seagate_kqi,time-series-2,mean,8,42,0,136,f136,0.0,0.0,0.0,167,S0_lightgbm,val_PR_AUC_drop
seagate_kqi,time-series-2,mean,8,42,0,137,f137,0.002265019342303276,0.002265019342303276,0.004415079485625029,29,S0_lightgbm,val_PR_AUC_drop
seagate_kqi,time-series-2,mean,8,42,0,138,f138,-0.0006536194123327732,0.0,0.0,197,S0_lightgbm,val_PR_AUC_drop
seagate_kqi,time-series-2,mean,8,42,0,139,f139,-0.004945346154272556,0.0,0.0,209,S0_lightgbm,val_PR_AUC_drop
seagate_kqi,time-series-2,mean,8,42,0,140,f140,0.01757800206542015,0.01757800206542015,0.03426384925842285,10,S0_lightgbm,val_PR_AUC_drop
seagate_kqi,time-series-2,mean,8,42,0,141,f141,0.0,0.0,0.0,168,S0_lightgbm,val_PR_AUC_drop
seagate_kqi,time-series-2,mean,8,42,0,142,f142,-0.000612767762504518,0.0,0.0,196,S0_lightgbm,val_PR_AUC_drop
seagate_kqi,time-series-2,mean,8,42,0,143,f143,1.3583057807409205e-05,1.3583057807409205e-05,2.6476720449863933e-05,43,S0_lightgbm,val_PR_AUC_drop
seagate_kqi,time-series-2,mean,8,42,0,144,f144,0.0,0.0,0.0,169,S0_lightgbm,val_PR_AUC_drop
seagate_kqi,time-series-2,mean,8,42,0,145,f145,0.0,0.0,0.0,170,S0_lightgbm,val_PR_AUC_drop
seagate_kqi,time-series-2,mean,8,42,0,146,f146,-0.0002587286871857941,0.0,0.0,193,S0_lightgbm,val_PR_AUC_drop
seagate_kqi,time-series-2,mean,8,42,0,147,f147,2.49442223321239e-06,2.49442223321239e-06,4.8622423491906375e-06,46,S0_lightgbm,val_PR_AUC_drop
seagate_kqi,time-series-2,mean,8,42,0,148,f148,-8.128323543132865e-07,0.0,0.0,185,S0_lightgbm,val_PR_AUC_drop
seagate_kqi,time-series-2,mean,8,42,0,149,f149,-0.004741407930850983,0.0,0.0,208,S0_lightgbm,val_PR_AUC_drop
seagate_kqi,time-series-2,mean,8,42,0,150,f150,-0.0019833031110465527,0.0,0.0,201,S0_lightgbm,val_PR_AUC_drop
seagate_kqi,time-series-2,mean,8,42,0,151,f151,-2.5766572434804402e-05,0.0,0.0,187,S0_lightgbm,val_PR_AUC_drop
seagate_kqi,time-series-2,mean,8,42,0,152,f152,0.0,0.0,0.0,171,S0_lightgbm,val_PR_AUC_drop
seagate_kqi,time-series-2,mean,8,42,0,153,f153,6.914948471603566e-07,6.914948471603566e-07,1.3478935443345108e-06,48,S0_lightgbm,val_PR_AUC_drop
seagate_kqi,time-series-2,mean,8,42,0,154,f154,0.0,0.0,0.0,172,S0_lightgbm,val_PR_AUC_drop
seagate_kqi,time-series-2,mean,8,42,0,155,f155,0.0,0.0,0.0,173,S0_lightgbm,val_PR_AUC_drop
seagate_kqi,time-series-2,mean,8,42,0,156,f156,0.0,0.0,0.0,174,S0_lightgbm,val_PR_AUC_drop
seagate_kqi,time-series-2,mean,8,42,0,157,f157,-2.3674338933687977e-07,0.0,0.0,184,S0_lightgbm,val_PR_AUC_drop
seagate_kqi,time-series-2,mean,8,42,0,158,f158,0.0,0.0,0.0,175,S0_lightgbm,val_PR_AUC_drop
seagate_kqi,time-series-2,mean,8,42,0,159,f159,0.0,0.0,0.0,176,S0_lightgbm,val_PR_AUC_drop
seagate_kqi,time-series-2,mean,8,42,0,160,f160,0.0002295354352099821,0.0002295354352099821,0.0004474210145417601,39,S0_lightgbm,val_PR_AUC_drop
seagate_kqi,time-series-2,mean,8,42,0,161,f161,0.0,0.0,0.0,177,S0_lightgbm,val_PR_AUC_drop
seagate_kqi,time-series-2,mean,8,42,0,162,f162,0.042584095150232315,0.042584095150232315,0.08300687372684479,3,S0_lightgbm,val_PR_AUC_drop
seagate_kqi,time-series-2,mean,8,42,0,163,f163,0.0,0.0,0.0,178,S0_lightgbm,val_PR_AUC_drop
seagate_kqi,time-series-2,mean,8,42,0,164,f164,0.0023267697542905807,0.0023267697542905807,0.004535446409136057,28,S0_lightgbm,val_PR_AUC_drop
seagate_kqi,time-series-2,mean,8,42,0,165,f165,0.019258370622992516,0.019258370622992516,0.037539299577474594,8,S0_lightgbm,val_PR_AUC_drop
seagate_kqi,time-series-2,mean,8,42,0,166,f166,0.010537385009229183,0.010537385009229183,0.02053995430469513,15,S0_lightgbm,val_PR_AUC_drop
seagate_kqi,time-series-2,mean,8,42,0,167,f167,-0.0034315551165491343,0.0,0.0,207,S0_lightgbm,val_PR_AUC_drop
seagate_kqi,time-series-2,mean,8,42,0,168,f168,0.0075745428912341595,0.0075745428912341595,0.014764646999537945,17,S0_lightgbm,val_PR_AUC_drop
seagate_kqi,time-series-2,mean,8,42,0,169,f169,0.0,0.0,0.0,179,S0_lightgbm,val_PR_AUC_drop
seagate_kqi,time-series-2,mean,8,42,0,170,f170,-0.0192998256534338,0.0,0.0,216,S0_lightgbm,val_PR_AUC_drop
seagate_kqi,time-series-2,mean,8,42,0,171,f171,-0.046428099274635315,0.0,0.0,220,S0_lightgbm,val_PR_AUC_drop
seagate_kqi,time-series-2,mean,8,42,0,172,f172,0.0017928146990016103,0.0017928146990016103,0.003494636621326208,30,S0_lightgbm,val_PR_AUC_drop
seagate_kqi,time-series-2,mean,8,42,0,173,f173,2.098080358337029e-06,2.098080358337029e-06,4.089674348506378e-06,47,S0_lightgbm,val_PR_AUC_drop
seagate_kqi,time-series-2,mean,8,42,0,174,f174,0.005918185226619244,0.005918185226619244,0.011535998433828354,21,S0_lightgbm,val_PR_AUC_drop
seagate_kqi,time-series-2,mean,8,42,0,175,f175,-0.006292266305536032,0.0,0.0,211,S0_lightgbm,val_PR_AUC_drop
seagate_kqi,time-series-2,mean,8,42,0,176,f176,0.023008394986391068,0.023008394986391068,0.04484901949763298,6,S0_lightgbm,val_PR_AUC_drop
seagate_kqi,time-series-2,mean,8,42,0,177,f177,-0.0012296151835471392,0.0,0.0,199,S0_lightgbm,val_PR_AUC_drop
seagate_kqi,time-series-2,mean,8,42,0,178,f178,0.006898670922964811,0.006898670922964811,0.01344720646739006,20,S0_lightgbm,val_PR_AUC_drop
seagate_kqi,time-series-2,mean,8,42,0,179,f179,-0.020220618695020676,0.0,0.0,217,S0_lightgbm,val_PR_AUC_drop
seagate_kqi,time-series-2,mean,8,42,0,180,f180,-0.03146125748753548,0.0,0.0,219,S0_lightgbm,val_PR_AUC_drop
seagate_kqi,time-series-2,mean,8,42,0,181,f181,0.017810670658946037,0.017810670658946037,0.0347173772752285,9,S0_lightgbm,val_PR_AUC_drop
seagate_kqi,time-series-2,mean,8,42,0,182,f182,0.011829943396151066,0.011829943396151066,0.02305946871638298,14,S0_lightgbm,val_PR_AUC_drop
seagate_kqi,time-series-2,mean,8,42,0,183,f183,-0.0033944903407245874,0.0,0.0,206,S0_lightgbm,val_PR_AUC_drop
seagate_kqi,time-series-2,mean,8,42,0,184,f184,0.0036209640093147755,0.0036209640093147755,0.007058149203658104,25,S0_lightgbm,val_PR_AUC_drop
seagate_kqi,time-series-2,mean,8,42,0,185,f185,-0.005753756035119295,0.0,0.0,210,S0_lightgbm,val_PR_AUC_drop
seagate_kqi,time-series-2,mean,8,42,0,186,f186,-0.007134511601179838,0.0,0.0,212,S0_lightgbm,val_PR_AUC_drop
seagate_kqi,time-series-2,mean,8,42,0,187,f187,-0.0026661839801818132,0.0,0.0,202,S0_lightgbm,val_PR_AUC_drop
seagate_kqi,time-series-2,mean,8,42,0,188,f188,-0.010941941291093826,0.0,0.0,213,S0_lightgbm,val_PR_AUC_drop
seagate_kqi,time-series-2,mean,8,42,0,189,f189,-0.0003677975037135184,0.0,0.0,195,S0_lightgbm,val_PR_AUC_drop
seagate_kqi,time-series-2,mean,8,42,0,190,f190,0.10145432502031326,0.10145432502031326,0.19775943458080292,1,S0_lightgbm,val_PR_AUC_drop
seagate_kqi,time-series-2,mean,8,42,0,191,f191,-0.0032214319799095392,0.0,0.0,205,S0_lightgbm,val_PR_AUC_drop
seagate_kqi,time-series-2,mean,8,42,0,192,f192,0.01299519743770361,0.01299519743770361,0.025330835953354836,12,S0_lightgbm,val_PR_AUC_drop
seagate_kqi,time-series-2,mean,8,42,0,193,f193,0.05699602887034416,0.05699602887034416,0.11109927296638489,2,S0_lightgbm,val_PR_AUC_drop
seagate_kqi,time-series-2,mean,8,42,0,194,f194,0.03137926012277603,0.03137926012277603,0.06116589531302452,5,S0_lightgbm,val_PR_AUC_drop
seagate_kqi,time-series-2,mean,8,42,0,195,f195,0.0009137603337876499,0.0009137603337876499,0.0017811435973271728,33,S0_lightgbm,val_PR_AUC_drop
seagate_kqi,time-series-2,mean,8,42,0,196,f196,-0.02920536696910858,0.0,0.0,218,S0_lightgbm,val_PR_AUC_drop
seagate_kqi,time-series-2,mean,8,42,0,197,f197,0.0003246513078920543,0.0003246513078920543,0.0006328252493403852,37,S0_lightgbm,val_PR_AUC_drop
seagate_kqi,time-series-2,mean,8,42,0,198,f198,0.012077576480805874,0.012077576480805874,0.023542165756225586,13,S0_lightgbm,val_PR_AUC_drop
seagate_kqi,time-series-2,mean,8,42,0,199,f199,0.003657164517790079,0.003657164517790079,0.007128712721168995,24,S0_lightgbm,val_PR_AUC_drop
seagate_kqi,time-series-2,mean,8,42,0,200,f200,-0.01250414364039898,0.0,0.0,214,S0_lightgbm,val_PR_AUC_drop
seagate_kqi,time-series-2,mean,8,42,0,201,f201,-0.000924936612136662,0.0,0.0,198,S0_lightgbm,val_PR_AUC_drop
seagate_kqi,time-series-2,mean,8,42,0,202,f202,0.01642952486872673,0.01642952486872673,0.032025184482336044,11,S0_lightgbm,val_PR_AUC_drop
seagate_kqi,time-series-2,mean,8,42,0,203,f203,0.0006553772836923599,0.0006553772836923599,0.0012774914503097534,36,S0_lightgbm,val_PR_AUC_drop
seagate_kqi,time-series-2,mean,8,42,0,204,f204,0.005905895959585905,0.005905895959585905,0.01151204388588667,22,S0_lightgbm,val_PR_AUC_drop
seagate_kqi,time-series-2,mean,8,42,0,205,f205,-0.002683421364054084,0.0,0.0,203,S0_lightgbm,val_PR_AUC_drop
seagate_kqi,time-series-2,mean,8,42,0,206,f206,0.004366109147667885,0.004366109147667885,0.008510620333254337,23,S0_lightgbm,val_PR_AUC_drop
seagate_kqi,time-series-2,mean,8,42,0,207,f207,0.007527385372668505,0.007527385372668505,0.014672725461423397,18,S0_lightgbm,val_PR_AUC_drop
seagate_kqi,time-series-2,mean,8,42,0,208,f208,-0.0029488843865692616,0.0,0.0,204,S0_lightgbm,val_PR_AUC_drop
seagate_kqi,time-series-2,mean,8,42,0,209,f209,0.0015460989670827985,0.0015460989670827985,0.0030137270223349333,31,S0_lightgbm,val_PR_AUC_drop
seagate_kqi,time-series-2,mean,8,42,0,210,f210,0.00028133270097896457,0.00028133270097896457,0.0005483865970745683,38,S0_lightgbm,val_PR_AUC_drop
seagate_kqi,time-series-2,mean,8,42,0,211,f211,-0.01545764971524477,0.0,0.0,215,S0_lightgbm,val_PR_AUC_drop
seagate_kqi,time-series-2,mean,8,42,0,212,f212,0.0,0.0,0.0,180,S0_lightgbm,val_PR_AUC_drop
seagate_kqi,time-series-2,mean,8,42,0,213,f213,2.722479257499799e-05,2.722479257499799e-05,5.306781531544402e-05,42,S0_lightgbm,val_PR_AUC_drop
seagate_kqi,time-series-2,mean,8,42,0,214,f214,0.03675989434123039,0.03675989434123039,0.0716540738940239,4,S0_lightgbm,val_PR_AUC_drop
seagate_kqi,time-series-2,mean,8,42,0,215,f215,0.0026762299239635468,0.0026762299239635468,0.005216630175709724,27,S0_lightgbm,val_PR_AUC_drop
seagate_kqi,time-series-2,mean,8,42,0,216,f216,0.0,0.0,0.0,181,S0_lightgbm,val_PR_AUC_drop
seagate_kqi,time-series-2,mean,8,42,0,217,f217,0.0035707950592041016,0.0035707950592041016,0.006960357539355755,26,S0_lightgbm,val_PR_AUC_drop
seagate_kqi,time-series-2,mean,8,42,0,218,f218,0.0,0.0,0.0,182,S0_lightgbm,val_PR_AUC_drop
seagate_kqi,time-series-2,mean,8,42,0,219,f219,0.0,0.0,0.0,183,S0_lightgbm,val_PR_AUC_drop
seagate_kqi,time-series-2,mean,8,43,0,0,f0,0.0,0.0,0.0,47,S0_lightgbm,val_PR_AUC_drop
seagate_kqi,time-series-2,mean,8,43,0,1,f1,0.0,0.0,0.0,48,S0_lightgbm,val_PR_AUC_drop
seagate_kqi,time-series-2,mean,8,43,0,2,f2,0.0,0.0,0.0,49,S0_lightgbm,val_PR_AUC_drop
seagate_kqi,time-series-2,mean,8,43,0,3,f3,0.0,0.0,0.0,50,S0_lightgbm,val_PR_AUC_drop
seagate_kqi,time-series-2,mean,8,43,0,4,f4,0.0,0.0,0.0,51,S0_lightgbm,val_PR_AUC_drop
seagate_kqi,time-series-2,mean,8,43,0,5,f5,0.0,0.0,0.0,52,S0_lightgbm,val_PR_AUC_drop
seagate_kqi,time-series-2,mean,8,43,0,6,f6,0.0,0.0,0.0,53,S0_lightgbm,val_PR_AUC_drop
seagate_kqi,time-series-2,mean,8,43,0,7,f7,0.0,0.0,0.0,54,S0_lightgbm,val_PR_AUC_drop
seagate_kqi,time-series-2,mean,8,43,0,8,f8,0.0,0.0,0.0,55,S0_lightgbm,val_PR_AUC_drop
seagate_kqi,time-series-2,mean,8,43,0,9,f9,0.0,0.0,0.0,56,S0_lightgbm,val_PR_AUC_drop
seagate_kqi,time-series-2,mean,8,43,0,10,f10,0.0,0.0,0.0,57,S0_lightgbm,val_PR_AUC_drop
seagate_kqi,time-series-2,mean,8,43,0,11,f11,1.9265171431470662e-06,1.9265171431470662e-06,8.820558832667302e-06,44,S0_lightgbm,val_PR_AUC_drop
seagate_kqi,time-series-2,mean,8,43,0,12,f12,0.0,0.0,0.0,58,S0_lightgbm,val_PR_AUC_drop
seagate_kqi,time-series-2,mean,8,43,0,13,f13,0.0,0.0,0.0,59,S0_lightgbm,val_PR_AUC_drop
seagate_kqi,time-series-2,mean,8,43,0,14,f14,0.0,0.0,0.0,60,S0_lightgbm,val_PR_AUC_drop
seagate_kqi,time-series-2,mean,8,43,0,15,f15,0.0,0.0,0.0,61,S0_lightgbm,val_PR_AUC_drop
seagate_kqi,time-series-2,mean,8,43,0,16,f16,0.0,0.0,0.0,62,S0_lightgbm,val_PR_AUC_drop
seagate_kqi,time-series-2,mean,8,43,0,17,f17,0.0,0.0,0.0,63,S0_lightgbm,val_PR_AUC_drop
seagate_kqi,time-series-2,mean,8,43,0,18,f18,0.0,0.0,0.0,64,S0_lightgbm,val_PR_AUC_drop
seagate_kqi,time-series-2,mean,8,43,0,19,f19,0.0,0.0,0.0,65,S0_lightgbm,val_PR_AUC_drop
seagate_kqi,time-series-2,mean,8,43,0,20,f20,0.0,0.0,0.0,66,S0_lightgbm,val_PR_AUC_drop
seagate_kqi,time-series-2,mean,8,43,0,21,f21,0.0,0.0,0.0,67,S0_lightgbm,val_PR_AUC_drop
seagate_kqi,time-series-2,mean,8,43,0,22,f22,0.0,0.0,0.0,68,S0_lightgbm,val_PR_AUC_drop
seagate_kqi,time-series-2,mean,8,43,0,23,f23,0.0,0.0,0.0,69,S0_lightgbm,val_PR_AUC_drop
seagate_kqi,time-series-2,mean,8,43,0,24,f24,0.0,0.0,0.0,70,S0_lightgbm,val_PR_AUC_drop
seagate_kqi,time-series-2,mean,8,43,0,25,f25,0.0,0.0,0.0,71,S0_lightgbm,val_PR_AUC_drop
seagate_kqi,time-series-2,mean,8,43,0,26,f26,0.0,0.0,0.0,72,S0_lightgbm,val_PR_AUC_drop
seagate_kqi,time-series-2,mean,8,43,0,27,f27,0.0,0.0,0.0,73,S0_lightgbm,val_PR_AUC_drop
seagate_kqi,time-series-2,mean,8,43,0,28,f28,0.0,0.0,0.0,74,S0_lightgbm,val_PR_AUC_drop
seagate_kqi,time-series-2,mean,8,43,0,29,f29,0.0,0.0,0.0,75,S0_lightgbm,val_PR_AUC_drop
seagate_kqi,time-series-2,mean,8,43,0,30,f30,0.0,0.0,0.0,76,S0_lightgbm,val_PR_AUC_drop
seagate_kqi,time-series-2,mean,8,43,0,31,f31,0.0,0.0,0.0,77,S0_lightgbm,val_PR_AUC_drop
seagate_kqi,time-series-2,mean,8,43,0,32,f32,0.0,0.0,0.0,78,S0_lightgbm,val_PR_AUC_drop
seagate_kqi,time-series-2,mean,8,43,0,33,f33,0.0,0.0,0.0,79,S0_lightgbm,val_PR_AUC_drop
seagate_kqi,time-series-2,mean,8,43,0,34,f34,0.0,0.0,0.0,80,S0_lightgbm,val_PR_AUC_drop
seagate_kqi,time-series-2,mean,8,43,0,35,f35,0.0,0.0,0.0,81,S0_lightgbm,val_PR_AUC_drop
seagate_kqi,time-series-2,mean,8,43,0,36,f36,0.0,0.0,0.0,82,S0_lightgbm,val_PR_AUC_drop
seagate_kqi,time-series-2,mean,8,43,0,37,f37,0.0,0.0,0.0,83,S0_lightgbm,val_PR_AUC_drop
seagate_kqi,time-series-2,mean,8,43,0,38,f38,0.0,0.0,0.0,84,S0_lightgbm,val_PR_AUC_drop
seagate_kqi,time-series-2,mean,8,43,0,39,f39,0.0,0.0,0.0,85,S0_lightgbm,val_PR_AUC_drop
seagate_kqi,time-series-2,mean,8,43,0,40,f40,0.0,0.0,0.0,86,S0_lightgbm,val_PR_AUC_drop
seagate_kqi,time-series-2,mean,8,43,0,41,f41,0.0,0.0,0.0,87,S0_lightgbm,val_PR_AUC_drop
seagate_kqi,time-series-2,mean,8,43,0,42,f42,0.0,0.0,0.0,88,S0_lightgbm,val_PR_AUC_drop
seagate_kqi,time-series-2,mean,8,43,0,43,f43,0.0,0.0,0.0,89,S0_lightgbm,val_PR_AUC_drop
seagate_kqi,time-series-2,mean,8,43,0,44,f44,0.0,0.0,0.0,90,S0_lightgbm,val_PR_AUC_drop
seagate_kqi,time-series-2,mean,8,43,0,45,f45,0.0,0.0,0.0,91,S0_lightgbm,val_PR_AUC_drop
seagate_kqi,time-series-2,mean,8,43,0,46,f46,0.0,0.0,0.0,92,S0_lightgbm,val_PR_AUC_drop
seagate_kqi,time-series-2,mean,8,43,0,47,f47,0.0,0.0,0.0,93,S0_lightgbm,val_PR_AUC_drop
seagate_kqi,time-series-2,mean,8,43,0,48,f48,0.0,0.0,0.0,94,S0_lightgbm,val_PR_AUC_drop
seagate_kqi,time-series-2,mean,8,43,0,49,f49,0.0,0.0,0.0,95,S0_lightgbm,val_PR_AUC_drop
seagate_kqi,time-series-2,mean,8,43,0,50,f50,0.0,0.0,0.0,96,S0_lightgbm,val_PR_AUC_drop
seagate_kqi,time-series-2,mean,8,43,0,51,f51,0.0,0.0,0.0,97,S0_lightgbm,val_PR_AUC_drop
seagate_kqi,time-series-2,mean,8,43,0,52,f52,0.0,0.0,0.0,98,S0_lightgbm,val_PR_AUC_drop
seagate_kqi,time-series-2,mean,8,43,0,53,f53,0.0,0.0,0.0,99,S0_lightgbm,val_PR_AUC_drop
seagate_kqi,time-series-2,mean,8,43,0,54,f54,0.0,0.0,0.0,100,S0_lightgbm,val_PR_AUC_drop
seagate_kqi,time-series-2,mean,8,43,0,55,f55,0.0,0.0,0.0,101,S0_lightgbm,val_PR_AUC_drop
seagate_kqi,time-series-2,mean,8,43,0,56,f56,0.0,0.0,0.0,102,S0_lightgbm,val_PR_AUC_drop
seagate_kqi,time-series-2,mean,8,43,0,57,f57,0.0,0.0,0.0,103,S0_lightgbm,val_PR_AUC_drop
seagate_kqi,time-series-2,mean,8,43,0,58,f58,0.0,0.0,0.0,104,S0_lightgbm,val_PR_AUC_drop
seagate_kqi,time-series-2,mean,8,43,0,59,f59,0.0,0.0,0.0,105,S0_lightgbm,val_PR_AUC_drop
seagate_kqi,time-series-2,mean,8,43,0,60,f60,0.0,0.0,0.0,106,S0_lightgbm,val_PR_AUC_drop
seagate_kqi,time-series-2,mean,8,43,0,61,f61,0.0,0.0,0.0,107,S0_lightgbm,val_PR_AUC_drop
seagate_kqi,time-series-2,mean,8,43,0,62,f62,0.0,0.0,0.0,108,S0_lightgbm,val_PR_AUC_drop
seagate_kqi,time-series-2,mean,8,43,0,63,f63,0.0,0.0,0.0,109,S0_lightgbm,val_PR_AUC_drop
seagate_kqi,time-series-2,mean,8,43,0,64,f64,0.0,0.0,0.0,110,S0_lightgbm,val_PR_AUC_drop
seagate_kqi,time-series-2,mean,8,43,0,65,f65,0.0,0.0,0.0,111,S0_lightgbm,val_PR_AUC_drop
seagate_kqi,time-series-2,mean,8,43,0,66,f66,0.0,0.0,0.0,112,S0_lightgbm,val_PR_AUC_drop
seagate_kqi,time-series-2,mean,8,43,0,67,f67,0.0,0.0,0.0,113,S0_lightgbm,val_PR_AUC_drop
seagate_kqi,time-series-2,mean,8,43,0,68,f68,0.0,0.0,0.0,114,S0_lightgbm,val_PR_AUC_drop
seagate_kqi,time-series-2,mean,8,43,0,69,f69,0.0,0.0,0.0,115,S0_lightgbm,val_PR_AUC_drop
seagate_kqi,time-series-2,mean,8,43,0,70,f70,0.0,0.0,0.0,116,S0_lightgbm,val_PR_AUC_drop
seagate_kqi,time-series-2,mean,8,43,0,71,f71,0.0,0.0,0.0,117,S0_lightgbm,val_PR_AUC_drop
seagate_kqi,time-series-2,mean,8,43,0,72,f72,0.0,0.0,0.0,118,S0_lightgbm,val_PR_AUC_drop
seagate_kqi,time-series-2,mean,8,43,0,73,f73,0.0,0.0,0.0,119,S0_lightgbm,val_PR_AUC_drop
seagate_kqi,time-series-2,mean,8,43,0,74,f74,0.0,0.0,0.0,120,S0_lightgbm,val_PR_AUC_drop
seagate_kqi,time-series-2,mean,8,43,0,75,f75,-9.16854969545966e-06,0.0,0.0,185,S0_lightgbm,val_PR_AUC_drop
seagate_kqi,time-series-2,mean,8,43,0,76,f76,0.0,0.0,0.0,121,S0_lightgbm,val_PR_AUC_drop
seagate_kqi,time-series-2,mean,8,43,0,77,f77,0.0,0.0,0.0,122,S0_lightgbm,val_PR_AUC_drop
seagate_kqi,time-series-2,mean,8,43,0,78,f78,0.0,0.0,0.0,123,S0_lightgbm,val_PR_AUC_drop
seagate_kqi,time-series-2,mean,8,43,0,79,f79,0.0,0.0,0.0,124,S0_lightgbm,val_PR_AUC_drop
seagate_kqi,time-series-2,mean,8,43,0,80,f80,0.0,0.0,0.0,125,S0_lightgbm,val_PR_AUC_drop
seagate_kqi,time-series-2,mean,8,43,0,81,f81,0.0,0.0,0.0,126,S0_lightgbm,val_PR_AUC_drop
seagate_kqi,time-series-2,mean,8,43,0,82,f82,0.0,0.0,0.0,127,S0_lightgbm,val_PR_AUC_drop
seagate_kqi,time-series-2,mean,8,43,0,83,f83,0.0,0.0,0.0,128,S0_lightgbm,val_PR_AUC_drop
seagate_kqi,time-series-2,mean,8,43,0,84,f84,0.0,0.0,0.0,129,S0_lightgbm,val_PR_AUC_drop
seagate_kqi,time-series-2,mean,8,43,0,85,f85,0.0,0.0,0.0,130,S0_lightgbm,val_PR_AUC_drop
seagate_kqi,time-series-2,mean,8,43,0,86,f86,0.0,0.0,0.0,131,S0_lightgbm,val_PR_AUC_drop
seagate_kqi,time-series-2,mean,8,43,0,87,f87,0.0,0.0,0.0,132,S0_lightgbm,val_PR_AUC_drop
seagate_kqi,time-series-2,mean,8,43,0,88,f88,0.0,0.0,0.0,133,S0_lightgbm,val_PR_AUC_drop
seagate_kqi,time-series-2,mean,8,43,0,89,f89,0.0,0.0,0.0,134,S0_lightgbm,val_PR_AUC_drop
seagate_kqi,time-series-2,mean,8,43,0,90,f90,0.0,0.0,0.0,135,S0_lightgbm,val_PR_AUC_drop
seagate_kqi,time-series-2,mean,8,43,0,91,f91,0.0,0.0,0.0,136,S0_lightgbm,val_PR_AUC_drop
seagate_kqi,time-series-2,mean,8,43,0,92,f92,0.0,0.0,0.0,137,S0_lightgbm,val_PR_AUC_drop
seagate_kqi,time-series-2,mean,8,43,0,93,f93,0.0,0.0,0.0,138,S0_lightgbm,val_PR_AUC_drop
seagate_kqi,time-series-2,mean,8,43,0,94,f94,0.0,0.0,0.0,139,S0_lightgbm,val_PR_AUC_drop
seagate_kqi,time-series-2,mean,8,43,0,95,f95,0.0,0.0,0.0,140,S0_lightgbm,val_PR_AUC_drop
seagate_kqi,time-series-2,mean,8,43,0,96,f96,0.0,0.0,0.0,141,S0_lightgbm,val_PR_AUC_drop
seagate_kqi,time-series-2,mean,8,43,0,97,f97,0.0,0.0,0.0,142,S0_lightgbm,val_PR_AUC_drop
seagate_kqi,time-series-2,mean,8,43,0,98,f98,0.0,0.0,0.0,143,S0_lightgbm,val_PR_AUC_drop
seagate_kqi,time-series-2,mean,8,43,0,99,f99,0.0,0.0,0.0,144,S0_lightgbm,val_PR_AUC_drop
seagate_kqi,time-series-2,mean,8,43,0,100,f100,0.0,0.0,0.0,145,S0_lightgbm,val_PR_AUC_drop
seagate_kqi,time-series-2,mean,8,43,0,101,f101,5.94015261867753e-07,5.94015261867753e-07,2.7196990686206846e-06,45,S0_lightgbm,val_PR_AUC_drop
seagate_kqi,time-series-2,mean,8,43,0,102,f102,0.0,0.0,0.0,146,S0_lightgbm,val_PR_AUC_drop
seagate_kqi,time-series-2,mean,8,43,0,103,f103,0.0,0.0,0.0,147,S0_lightgbm,val_PR_AUC_drop
seagate_kqi,time-series-2,mean,8,43,0,104,f104,0.0,0.0,0.0,148,S0_lightgbm,val_PR_AUC_drop
seagate_kqi,time-series-2,mean,8,43,0,105,f105,0.0,0.0,0.0,149,S0_lightgbm,val_PR_AUC_drop
seagate_kqi,time-series-2,mean,8,43,0,106,f106,-2.173466964450199e-05,0.0,0.0,186,S0_lightgbm,val_PR_AUC_drop
seagate_kqi,time-series-2,mean,8,43,0,107,f107,0.0,0.0,0.0,150,S0_lightgbm,val_PR_AUC_drop
seagate_kqi,time-series-2,mean,8,43,0,108,f108,0.0,0.0,0.0,151,S0_lightgbm,val_PR_AUC_drop
seagate_kqi,time-series-2,mean,8,43,0,109,f109,0.00028829864459112287,0.00028829864459112287,0.0013199754757806659,33,S0_lightgbm,val_PR_AUC_drop
seagate_kqi,time-series-2,mean,8,43,0,110,f110,0.0,0.0,0.0,152,S0_lightgbm,val_PR_AUC_drop
seagate_kqi,time-series-2,mean,8,43,0,111,f111,5.791825969936326e-06,5.791825969936326e-06,2.651787690410856e-05,43,S0_lightgbm,val_PR_AUC_drop
seagate_kqi,time-series-2,mean,8,43,0,112,f112,1.5144144526857417e-05,1.5144144526857417e-05,6.933746772119775e-05,40,S0_lightgbm,val_PR_AUC_drop
seagate_kqi,time-series-2,mean,8,43,0,113,f113,-3.9781469240551814e-05,0.0,0.0,188,S0_lightgbm,val_PR_AUC_drop
seagate_kqi,time-series-2,mean,8,43,0,114,f114,7.023890066193417e-05,7.023890066193417e-05,0.00032158882822841406,37,S0_lightgbm,val_PR_AUC_drop
seagate_kqi,time-series-2,mean,8,43,0,115,f115,-0.00028205354465171695,0.0,0.0,194,S0_lightgbm,val_PR_AUC_drop
seagate_kqi,time-series-2,mean,8,43,0,116,f116,0.0,0.0,0.0,153,S0_lightgbm,val_PR_AUC_drop
seagate_kqi,time-series-2,mean,8,43,0,117,f117,6.852108344901353e-05,6.852108344901353e-05,0.00031372380908578634,38,S0_lightgbm,val_PR_AUC_drop
seagate_kqi,time-series-2,mean,8,43,0,118,f118,-0.006763296201825142,0.0,0.0,210,S0_lightgbm,val_PR_AUC_drop
seagate_kqi,time-series-2,mean,8,43,0,119,f119,0.0,0.0,0.0,154,S0_lightgbm,val_PR_AUC_drop
seagate_kqi,time-series-2,mean,8,43,0,120,f120,-0.0002653753326740116,0.0,0.0,193,S0_lightgbm,val_PR_AUC_drop
seagate_kqi,time-series-2,mean,8,43,0,121,f121,0.0,0.0,0.0,155,S0_lightgbm,val_PR_AUC_drop
seagate_kqi,time-series-2,mean,8,43,0,122,f122,0.0,0.0,0.0,156,S0_lightgbm,val_PR_AUC_drop
seagate_kqi,time-series-2,mean,8,43,0,123,f123,0.0,0.0,0.0,157,S0_lightgbm,val_PR_AUC_drop
seagate_kqi,time-series-2,mean,8,43,0,124,f124,0.0,0.0,0.0,158,S0_lightgbm,val_PR_AUC_drop
seagate_kqi,time-series-2,mean,8,43,0,125,f125,0.0,0.0,0.0,159,S0_lightgbm,val_PR_AUC_drop
seagate_kqi,time-series-2,mean,8,43,0,126,f126,0.0,0.0,0.0,160,S0_lightgbm,val_PR_AUC_drop
seagate_kqi,time-series-2,mean,8,43,0,127,f127,0.00037546813837252557,0.00037546813837252557,0.0017190809594467282,31,S0_lightgbm,val_PR_AUC_drop
seagate_kqi,time-series-2,mean,8,43,0,128,f128,0.0,0.0,0.0,161,S0_lightgbm,val_PR_AUC_drop
seagate_kqi,time-series-2,mean,8,43,0,129,f129,0.0012495239498093724,0.0012495239498093724,0.005720945540815592,23,S0_lightgbm,val_PR_AUC_drop
seagate_kqi,time-series-2,mean,8,43,0,130,f130,0.0,0.0,0.0,162,S0_lightgbm,val_PR_AUC_drop
seagate_kqi,time-series-2,mean,8,43,0,131,f131,0.0,0.0,0.0,163,S0_lightgbm,val_PR_AUC_drop
seagate_kqi,time-series-2,mean,8,43,0,132,f132,0.0,0.0,0.0,164,S0_lightgbm,val_PR_AUC_drop
seagate_kqi,time-series-2,mean,8,43,0,133,f133,-5.233575575402938e-05,0.0,0.0,190,S0_lightgbm,val_PR_AUC_drop
seagate_kqi,time-series-2,mean,8,43,0,134,f134,0.00980776734650135,0.00980776734650135,0.04490486532449722,6,S0_lightgbm,val_PR_AUC_drop
seagate_kqi,time-series-2,mean,8,43,0,135,f135,0.0008279363391920924,0.0008279363391920924,0.0037907068617641926,25,S0_lightgbm,val_PR_AUC_drop
seagate_kqi,time-series-2,mean,8,43,0,136,f136,0.0,0.0,0.0,165,S0_lightgbm,val_PR_AUC_drop
seagate_kqi,time-series-2,mean,8,43,0,137,f137,0.00043903006007894874,0.00043903006007894874,0.002010099356994033,29,S0_lightgbm,val_PR_AUC_drop
seagate_kqi,time-series-2,mean,8,43,0,138,f138,-0.001089348690584302,0.0,0.0,196,S0_lightgbm,val_PR_AUC_drop
seagate_kqi,time-series-2,mean,8,43,0,139,f139,-0.007447380106896162,0.0,0.0,212,S0_lightgbm,val_PR_AUC_drop
seagate_kqi,time-series-2,mean,8,43,0,140,f140,0.00031403760658577085,0.00031403760658577085,0.00143782130908221,32,S0_lightgbm,val_PR_AUC_drop
seagate_kqi,time-series-2,mean,8,43,0,141,f141,0.0,0.0,0.0,166,S0_lightgbm,val_PR_AUC_drop
seagate_kqi,time-series-2,mean,8,43,0,142,f142,-0.012355681508779526,0.0,0.0,217,S0_lightgbm,val_PR_AUC_drop
seagate_kqi,time-series-2,mean,8,43,0,143,f143,-5.899100506212562e-05,0.0,0.0,191,S0_lightgbm,val_PR_AUC_drop
seagate_kqi,time-series-2,mean,8,43,0,144,f144,0.0,0.0,0.0,167,S0_lightgbm,val_PR_AUC_drop
seagate_kqi,time-series-2,mean,8,43,0,145,f145,0.0,0.0,0.0,168,S0_lightgbm,val_PR_AUC_drop
seagate_kqi,time-series-2,mean,8,43,0,146,f146,-2.9178374461480416e-05,0.0,0.0,187,S0_lightgbm,val_PR_AUC_drop
seagate_kqi,time-series-2,mean,8,43,0,147,f147,-7.469935553672258e-06,0.0,0.0,184,S0_lightgbm,val_PR_AUC_drop
seagate_kqi,time-series-2,mean,8,43,0,148,f148,0.0,0.0,0.0,169,S0_lightgbm,val_PR_AUC_drop
seagate_kqi,time-series-2,mean,8,43,0,149,f149,-0.003235815791413188,0.0,0.0,205,S0_lightgbm,val_PR_AUC_drop
seagate_kqi,time-series-2,mean,8,43,0,150,f150,0.0006638283375650644,0.0006638283375650644,0.0030393381603062153,26,S0_lightgbm,val_PR_AUC_drop
seagate_kqi,time-series-2,mean,8,43,0,151,f151,0.0001304120960412547,0.0001304120960412547,0.0005970917991362512,35,S0_lightgbm,val_PR_AUC_drop
seagate_kqi,time-series-2,mean,8,43,0,152,f152,0.0,0.0,0.0,170,S0_lightgbm,val_PR_AUC_drop
seagate_kqi,time-series-2,mean,8,43,0,153,f153,0.00018402574642095715,0.00018402574642095715,0.0008425619453191757,34,S0_lightgbm,val_PR_AUC_drop
seagate_kqi,time-series-2,mean,8,43,0,154,f154,0.0,0.0,0.0,171,S0_lightgbm,val_PR_AUC_drop
seagate_kqi,time-series-2,mean,8,43,0,155,f155,0.0,0.0,0.0,172,S0_lightgbm,val_PR_AUC_drop
seagate_kqi,time-series-2,mean,8,43,0,156,f156,0.0,0.0,0.0,173,S0_lightgbm,val_PR_AUC_drop
seagate_kqi,time-series-2,mean,8,43,0,157,f157,0.0,0.0,0.0,174,S0_lightgbm,val_PR_AUC_drop
seagate_kqi,time-series-2,mean,8,43,0,158,f158,1.4545362603257672e-07,1.4545362603257672e-07,6.659594760094478e-07,46,S0_lightgbm,val_PR_AUC_drop
seagate_kqi,time-series-2,mean,8,43,0,159,f159,0.0,0.0,0.0,175,S0_lightgbm,val_PR_AUC_drop
seagate_kqi,time-series-2,mean,8,43,0,160,f160,5.9370326198404655e-05,5.9370326198404655e-05,0.00027182704070582986,39,S0_lightgbm,val_PR_AUC_drop
seagate_kqi,time-series-2,mean,8,43,0,161,f161,0.0,0.0,0.0,176,S0_lightgbm,val_PR_AUC_drop
seagate_kqi,time-series-2,mean,8,43,0,162,f162,0.006405898369848728,0.006405898369848728,0.029329407960176468,13,S0_lightgbm,val_PR_AUC_drop
seagate_kqi,time-series-2,mean,8,43,0,163,f163,0.0,0.0,0.0,177,S0_lightgbm,val_PR_AUC_drop
seagate_kqi,time-series-2,mean,8,43,0,164,f164,-9.401536954101175e-05,0.0,0.0,192,S0_lightgbm,val_PR_AUC_drop
seagate_kqi,time-series-2,mean,8,43,0,165,f165,0.013631070032715797,0.013631070032715797,0.06240985915064812,4,S0_lightgbm,val_PR_AUC_drop
seagate_kqi,time-series-2,mean,8,43,0,166,f166,0.006436792202293873,0.006436792202293873,0.029470855370163918,12,S0_lightgbm,val_PR_AUC_drop
seagate_kqi,time-series-2,mean,8,43,0,167,f167,-0.003007451770827174,0.0,0.0,204,S0_lightgbm,val_PR_AUC_drop
seagate_kqi,time-series-2,mean,8,43,0,168,f168,-0.0005586845218203962,0.0,0.0,195,S0_lightgbm,val_PR_AUC_drop
seagate_kqi,time-series-2,mean,8,43,0,169,f169,0.0,0.0,0.0,178,S0_lightgbm,val_PR_AUC_drop
seagate_kqi,time-series-2,mean,8,43,0,170,f170,-0.00752951018512249,0.0,0.0,213,S0_lightgbm,val_PR_AUC_drop
seagate_kqi,time-series-2,mean,8,43,0,171,f171,0.024618010967969894,0.024618010967969894,0.11271356791257858,3,S0_lightgbm,val_PR_AUC_drop
seagate_kqi,time-series-2,mean,8,43,0,172,f172,-0.0016100510256364942,0.0,0.0,199,S0_lightgbm,val_PR_AUC_drop
seagate_kqi,time-series-2,mean,8,43,0,173,f173,0.0,0.0,0.0,179,S0_lightgbm,val_PR_AUC_drop
seagate_kqi,time-series-2,mean,8,43,0,174,f174,0.0074918209575116634,0.0074918209575116634,0.03430130332708359,9,S0_lightgbm,val_PR_AUC_drop
seagate_kqi,time-series-2,mean,8,43,0,175,f175,-0.005045980215072632,0.0,0.0,207,S0_lightgbm,val_PR_AUC_drop
seagate_kqi,time-series-2,mean,8,43,0,176,f176,0.0017265098867937922,0.0017265098867937922,0.00790482573211193,21,S0_lightgbm,val_PR_AUC_drop
seagate_kqi,time-series-2,mean,8,43,0,177,f177,-0.0015700225485488772,0.0,0.0,198,S0_lightgbm,val_PR_AUC_drop
seagate_kqi,time-series-2,mean,8,43,0,178,f178,0.005295594222843647,0.005295594222843647,0.02424587868154049,15,S0_lightgbm,val_PR_AUC_drop
seagate_kqi,time-series-2,mean,8,43,0,179,f179,0.006470733322203159,0.006470733322203159,0.029626253992319107,11,S0_lightgbm,val_PR_AUC_drop
seagate_kqi,time-series-2,mean,8,43,0,180,f180,-0.04888913407921791,0.0,0.0,220,S0_lightgbm,val_PR_AUC_drop
seagate_kqi,time-series-2,mean,8,43,0,181,f181,0.00795202236622572,0.00795202236622572,0.03640833497047424,8,S0_lightgbm,val_PR_AUC_drop
seagate_kqi,time-series-2,mean,8,43,0,182,f182,0.005202246829867363,0.005202246829867363,0.023818489164114,16,S0_lightgbm,val_PR_AUC_drop
seagate_kqi,time-series-2,mean,8,43,0,183,f183,-0.0017254672711715102,0.0,0.0,201,S0_lightgbm,val_PR_AUC_drop
seagate_kqi,time-series-2,mean,8,43,0,184,f184,0.005087867379188538,0.005087867379188538,0.023294802755117416,17,S0_lightgbm,val_PR_AUC_drop
seagate_kqi,time-series-2,mean,8,43,0,185,f185,-0.0058622644282877445,0.0,0.0,209,S0_lightgbm,val_PR_AUC_drop
seagate_kqi,time-series-2,mean,8,43,0,186,f186,-0.011523332446813583,0.0,0.0,216,S0_lightgbm,val_PR_AUC_drop
seagate_kqi,time-series-2,mean,8,43,0,187,f187,0.008496076799929142,0.008496076799929142,0.038899291306734085,7,S0_lightgbm,val_PR_AUC_drop
seagate_kqi,time-series-2,mean,8,43,0,188,f188,-0.008983897045254707,0.0,0.0,215,S0_lightgbm,val_PR_AUC_drop
seagate_kqi,time-series-2,mean,8,43,0,189,f189,9.743950795382261e-05,9.743950795382261e-05,0.00044612682540901005,36,S0_lightgbm,val_PR_AUC_drop
seagate_kqi,time-series-2,mean,8,43,0,190,f190,0.03052319958806038,0.03052319958806038,0.13975048065185547,2,S0_lightgbm,val_PR_AUC_drop
seagate_kqi,time-series-2,mean,8,43,0,191,f191,-0.0024793061893433332,0.0,0.0,203,S0_lightgbm,val_PR_AUC_drop
seagate_kqi,time-series-2,mean,8,43,0,192,f192,-0.021341335028409958,0.0,0.0,218,S0_lightgbm,val_PR_AUC_drop
seagate_kqi,time-series-2,mean,8,43,0,193,f193,0.03788934275507927,0.03788934275507927,0.17347636818885803,1,S0_lightgbm,val_PR_AUC_drop
seagate_kqi,time-series-2,mean,8,43,0,194,f194,-0.005520172882825136,0.0,0.0,208,S0_lightgbm,val_PR_AUC_drop
seagate_kqi,time-series-2,mean,8,43,0,195,f195,0.0005211009993217885,0.0005211009993217885,0.0023858610074967146,28,S0_lightgbm,val_PR_AUC_drop
seagate_kqi,time-series-2,mean,8,43,0,196,f196,-0.007274803705513477,0.0,0.0,211,S0_lightgbm,val_PR_AUC_drop
seagate_kqi,time-series-2,mean,8,43,0,197,f197,-2.57293027061678e-06,0.0,0.0,183,S0_lightgbm,val_PR_AUC_drop
seagate_kqi,time-series-2,mean,8,43,0,198,f198,0.006303450558334589,0.006303450558334589,0.02886034920811653,14,S0_lightgbm,val_PR_AUC_drop
seagate_kqi,time-series-2,mean,8,43,0,199,f199,-0.0011602244339883327,0.0,0.0,197,S0_lightgbm,val_PR_AUC_drop
seagate_kqi,time-series-2,mean,8,43,0,200,f200,0.009963644668459892,0.009963644668459892,0.04561854898929596,5,S0_lightgbm,val_PR_AUC_drop
seagate_kqi,time-series-2,mean,8,43,0,201,f201,-0.002023410750553012,0.0,0.0,202,S0_lightgbm,val_PR_AUC_drop
seagate_kqi,time-series-2,mean,8,43,0,202,f202,0.0027326804120093584,0.0027326804120093584,0.012511578388512135,19,S0_lightgbm,val_PR_AUC_drop
seagate_kqi,time-series-2,mean,8,43,0,203,f203,0.0014758473262190819,0.0014758473262190819,0.0067571671679615974,22,S0_lightgbm,val_PR_AUC_drop
seagate_kqi,time-series-2,mean,8,43,0,204,f204,-0.00161521986592561,0.0,0.0,200,S0_lightgbm,val_PR_AUC_drop
seagate_kqi,time-series-2,mean,8,43,0,205,f205,0.004525037948042154,0.004525037948042154,0.020717887207865715,18,S0_lightgbm,val_PR_AUC_drop
seagate_kqi,time-series-2,mean,8,43,0,206,f206,-0.003942787181586027,0.0,0.0,206,S0_lightgbm,val_PR_AUC_drop
seagate_kqi,time-series-2,mean,8,43,0,207,f207,0.0025750775821506977,0.0025750775821506977,0.01178999338299036,20,S0_lightgbm,val_PR_AUC_drop
seagate_kqi,time-series-2,mean,8,43,0,208,f208,0.0009784942958503962,0.0009784942958503962,0.004480036441236734,24,S0_lightgbm,val_PR_AUC_drop
seagate_kqi,time-series-2,mean,8,43,0,209,f209,-0.008140375837683678,0.0,0.0,214,S0_lightgbm,val_PR_AUC_drop
seagate_kqi,time-series-2,mean,8,43,0,210,f210,0.0003945213684346527,0.0003945213684346527,0.0018063161987811327,30,S0_lightgbm,val_PR_AUC_drop
seagate_kqi,time-series-2,mean,8,43,0,211,f211,0.006487250793725252,0.006487250793725252,0.029701879248023033,10,S0_lightgbm,val_PR_AUC_drop
seagate_kqi,time-series-2,mean,8,43,0,212,f212,0.0,0.0,0.0,180,S0_lightgbm,val_PR_AUC_drop
seagate_kqi,time-series-2,mean,8,43,0,213,f213,1.3447295714286156e-05,1.3447295714286156e-05,6.156844756333157e-05,41,S0_lightgbm,val_PR_AUC_drop
seagate_kqi,time-series-2,mean,8,43,0,214,f214,-0.030511796474456787,0.0,0.0,219,S0_lightgbm,val_PR_AUC_drop
seagate_kqi,time-series-2,mean,8,43,0,215,f215,-4.563905167742632e-05,0.0,0.0,189,S0_lightgbm,val_PR_AUC_drop
seagate_kqi,time-series-2,mean,8,43,0,216,f216,8.403056199313141e-06,8.403056199313141e-06,3.847339394269511e-05,42,S0_lightgbm,val_PR_AUC_drop
seagate_kqi,time-series-2,mean,8,43,0,217,f217,0.0006065040361136198,0.0006065040361136198,0.002776878885924816,27,S0_lightgbm,val_PR_AUC_drop
seagate_kqi,time-series-2,mean,8,43,0,218,f218,0.0,0.0,0.0,181,S0_lightgbm,val_PR_AUC_drop
seagate_kqi,time-series-2,mean,8,43,0,219,f219,0.0,0.0,0.0,182,S0_lightgbm,val_PR_AUC_drop
seagate_kqi,time-series-2,mean,8,44,0,0,f0,-0.00011102928692707792,0.0,0.0,190,S0_lightgbm,val_PR_AUC_drop
seagate_kqi,time-series-2,mean,8,44,0,1,f1,0.0,0.0,0.0,42,S0_lightgbm,val_PR_AUC_drop
seagate_kqi,time-series-2,mean,8,44,0,2,f2,0.0,0.0,0.0,43,S0_lightgbm,val_PR_AUC_drop
seagate_kqi,time-series-2,mean,8,44,0,3,f3,0.0,0.0,0.0,44,S0_lightgbm,val_PR_AUC_drop
seagate_kqi,time-series-2,mean,8,44,0,4,f4,0.0,0.0,0.0,45,S0_lightgbm,val_PR_AUC_drop
seagate_kqi,time-series-2,mean,8,44,0,5,f5,0.0,0.0,0.0,46,S0_lightgbm,val_PR_AUC_drop
seagate_kqi,time-series-2,mean,8,44,0,6,f6,0.0,0.0,0.0,47,S0_lightgbm,val_PR_AUC_drop
seagate_kqi,time-series-2,mean,8,44,0,7,f7,0.0,0.0,0.0,48,S0_lightgbm,val_PR_AUC_drop
seagate_kqi,time-series-2,mean,8,44,0,8,f8,0.0,0.0,0.0,49,S0_lightgbm,val_PR_AUC_drop
seagate_kqi,time-series-2,mean,8,44,0,9,f9,0.0,0.0,0.0,50,S0_lightgbm,val_PR_AUC_drop
seagate_kqi,time-series-2,mean,8,44,0,10,f10,0.0,0.0,0.0,51,S0_lightgbm,val_PR_AUC_drop
seagate_kqi,time-series-2,mean,8,44,0,11,f11,0.0,0.0,0.0,52,S0_lightgbm,val_PR_AUC_drop
seagate_kqi,time-series-2,mean,8,44,0,12,f12,0.0,0.0,0.0,53,S0_lightgbm,val_PR_AUC_drop
seagate_kqi,time-series-2,mean,8,44,0,13,f13,0.0,0.0,0.0,54,S0_lightgbm,val_PR_AUC_drop
seagate_kqi,time-series-2,mean,8,44,0,14,f14,0.0,0.0,0.0,55,S0_lightgbm,val_PR_AUC_drop
seagate_kqi,time-series-2,mean,8,44,0,15,f15,0.0,0.0,0.0,56,S0_lightgbm,val_PR_AUC_drop
seagate_kqi,time-series-2,mean,8,44,0,16,f16,0.0,0.0,0.0,57,S0_lightgbm,val_PR_AUC_drop
seagate_kqi,time-series-2,mean,8,44,0,17,f17,0.0,0.0,0.0,58,S0_lightgbm,val_PR_AUC_drop
seagate_kqi,time-series-2,mean,8,44,0,18,f18,0.0,0.0,0.0,59,S0_lightgbm,val_PR_AUC_drop
seagate_kqi,time-series-2,mean,8,44,0,19,f19,0.0,0.0,0.0,60,S0_lightgbm,val_PR_AUC_drop
seagate_kqi,time-series-2,mean,8,44,0,20,f20,0.0,0.0,0.0,61,S0_lightgbm,val_PR_AUC_drop
seagate_kqi,time-series-2,mean,8,44,0,21,f21,0.0,0.0,0.0,62,S0_lightgbm,val_PR_AUC_drop
seagate_kqi,time-series-2,mean,8,44,0,22,f22,0.0,0.0,0.0,63,S0_lightgbm,val_PR_AUC_drop
seagate_kqi,time-series-2,mean,8,44,0,23,f23,0.0,0.0,0.0,64,S0_lightgbm,val_PR_AUC_drop
seagate_kqi,time-series-2,mean,8,44,0,24,f24,0.0,0.0,0.0,65,S0_lightgbm,val_PR_AUC_drop
seagate_kqi,time-series-2,mean,8,44,0,25,f25,0.0,0.0,0.0,66,S0_lightgbm,val_PR_AUC_drop
seagate_kqi,time-series-2,mean,8,44,0,26,f26,0.0,0.0,0.0,67,S0_lightgbm,val_PR_AUC_drop
seagate_kqi,time-series-2,mean,8,44,0,27,f27,0.0,0.0,0.0,68,S0_lightgbm,val_PR_AUC_drop
seagate_kqi,time-series-2,mean,8,44,0,28,f28,0.0,0.0,0.0,69,S0_lightgbm,val_PR_AUC_drop
seagate_kqi,time-series-2,mean,8,44,0,29,f29,0.0,0.0,0.0,70,S0_lightgbm,val_PR_AUC_drop
seagate_kqi,time-series-2,mean,8,44,0,30,f30,0.0,0.0,0.0,71,S0_lightgbm,val_PR_AUC_drop
seagate_kqi,time-series-2,mean,8,44,0,31,f31,0.0,0.0,0.0,72,S0_lightgbm,val_PR_AUC_drop
seagate_kqi,time-series-2,mean,8,44,0,32,f32,0.0,0.0,0.0,73,S0_lightgbm,val_PR_AUC_drop
seagate_kqi,time-series-2,mean,8,44,0,33,f33,0.0,0.0,0.0,74,S0_lightgbm,val_PR_AUC_drop
seagate_kqi,time-series-2,mean,8,44,0,34,f34,0.0,0.0,0.0,75,S0_lightgbm,val_PR_AUC_drop
seagate_kqi,time-series-2,mean,8,44,0,35,f35,0.0,0.0,0.0,76,S0_lightgbm,val_PR_AUC_drop
seagate_kqi,time-series-2,mean,8,44,0,36,f36,0.0,0.0,0.0,77,S0_lightgbm,val_PR_AUC_drop
seagate_kqi,time-series-2,mean,8,44,0,37,f37,0.0,0.0,0.0,78,S0_lightgbm,val_PR_AUC_drop
seagate_kqi,time-series-2,mean,8,44,0,38,f38,0.0,0.0,0.0,79,S0_lightgbm,val_PR_AUC_drop
seagate_kqi,time-series-2,mean,8,44,0,39,f39,0.0,0.0,0.0,80,S0_lightgbm,val_PR_AUC_drop
seagate_kqi,time-series-2,mean,8,44,0,40,f40,0.0,0.0,0.0,81,S0_lightgbm,val_PR_AUC_drop
seagate_kqi,time-series-2,mean,8,44,0,41,f41,0.0,0.0,0.0,82,S0_lightgbm,val_PR_AUC_drop
seagate_kqi,time-series-2,mean,8,44,0,42,f42,0.0,0.0,0.0,83,S0_lightgbm,val_PR_AUC_drop
seagate_kqi,time-series-2,mean,8,44,0,43,f43,0.0,0.0,0.0,84,S0_lightgbm,val_PR_AUC_drop
seagate_kqi,time-series-2,mean,8,44,0,44,f44,0.0,0.0,0.0,85,S0_lightgbm,val_PR_AUC_drop
seagate_kqi,time-series-2,mean,8,44,0,45,f45,0.0,0.0,0.0,86,S0_lightgbm,val_PR_AUC_drop
seagate_kqi,time-series-2,mean,8,44,0,46,f46,0.0,0.0,0.0,87,S0_lightgbm,val_PR_AUC_drop
seagate_kqi,time-series-2,mean,8,44,0,47,f47,0.0,0.0,0.0,88,S0_lightgbm,val_PR_AUC_drop
seagate_kqi,time-series-2,mean,8,44,0,48,f48,0.0,0.0,0.0,89,S0_lightgbm,val_PR_AUC_drop
seagate_kqi,time-series-2,mean,8,44,0,49,f49,0.0,0.0,0.0,90,S0_lightgbm,val_PR_AUC_drop
seagate_kqi,time-series-2,mean,8,44,0,50,f50,0.0,0.0,0.0,91,S0_lightgbm,val_PR_AUC_drop
seagate_kqi,time-series-2,mean,8,44,0,51,f51,0.0,0.0,0.0,92,S0_lightgbm,val_PR_AUC_drop
seagate_kqi,time-series-2,mean,8,44,0,52,f52,0.0,0.0,0.0,93,S0_lightgbm,val_PR_AUC_drop
seagate_kqi,time-series-2,mean,8,44,0,53,f53,0.0,0.0,0.0,94,S0_lightgbm,val_PR_AUC_drop
seagate_kqi,time-series-2,mean,8,44,0,54,f54,0.0,0.0,0.0,95,S0_lightgbm,val_PR_AUC_drop
seagate_kqi,time-series-2,mean,8,44,0,55,f55,0.0,0.0,0.0,96,S0_lightgbm,val_PR_AUC_drop
seagate_kqi,time-series-2,mean,8,44,0,56,f56,0.0,0.0,0.0,97,S0_lightgbm,val_PR_AUC_drop
seagate_kqi,time-series-2,mean,8,44,0,57,f57,0.0,0.0,0.0,98,S0_lightgbm,val_PR_AUC_drop
seagate_kqi,time-series-2,mean,8,44,0,58,f58,0.0,0.0,0.0,99,S0_lightgbm,val_PR_AUC_drop
seagate_kqi,time-series-2,mean,8,44,0,59,f59,0.0,0.0,0.0,100,S0_lightgbm,val_PR_AUC_drop
seagate_kqi,time-series-2,mean,8,44,0,60,f60,0.0,0.0,0.0,101,S0_lightgbm,val_PR_AUC_drop
seagate_kqi,time-series-2,mean,8,44,0,61,f61,0.0,0.0,0.0,102,S0_lightgbm,val_PR_AUC_drop
seagate_kqi,time-series-2,mean,8,44,0,62,f62,0.0,0.0,0.0,103,S0_lightgbm,val_PR_AUC_drop
seagate_kqi,time-series-2,mean,8,44,0,63,f63,0.0,0.0,0.0,104,S0_lightgbm,val_PR_AUC_drop
seagate_kqi,time-series-2,mean,8,44,0,64,f64,0.0,0.0,0.0,105,S0_lightgbm,val_PR_AUC_drop
seagate_kqi,time-series-2,mean,8,44,0,65,f65,0.0,0.0,0.0,106,S0_lightgbm,val_PR_AUC_drop
seagate_kqi,time-series-2,mean,8,44,0,66,f66,0.0,0.0,0.0,107,S0_lightgbm,val_PR_AUC_drop
seagate_kqi,time-series-2,mean,8,44,0,67,f67,0.0,0.0,0.0,108,S0_lightgbm,val_PR_AUC_drop
seagate_kqi,time-series-2,mean,8,44,0,68,f68,0.0,0.0,0.0,109,S0_lightgbm,val_PR_AUC_drop
seagate_kqi,time-series-2,mean,8,44,0,69,f69,0.0,0.0,0.0,110,S0_lightgbm,val_PR_AUC_drop
seagate_kqi,time-series-2,mean,8,44,0,70,f70,0.0,0.0,0.0,111,S0_lightgbm,val_PR_AUC_drop
seagate_kqi,time-series-2,mean,8,44,0,71,f71,0.0,0.0,0.0,112,S0_lightgbm,val_PR_AUC_drop
seagate_kqi,time-series-2,mean,8,44,0,72,f72,0.0,0.0,0.0,113,S0_lightgbm,val_PR_AUC_drop
seagate_kqi,time-series-2,mean,8,44,0,73,f73,0.0,0.0,0.0,114,S0_lightgbm,val_PR_AUC_drop
seagate_kqi,time-series-2,mean,8,44,0,74,f74,0.0,0.0,0.0,115,S0_lightgbm,val_PR_AUC_drop
seagate_kqi,time-series-2,mean,8,44,0,75,f75,0.0,0.0,0.0,116,S0_lightgbm,val_PR_AUC_drop
seagate_kqi,time-series-2,mean,8,44,0,76,f76,0.0,0.0,0.0,117,S0_lightgbm,val_PR_AUC_drop
seagate_kqi,time-series-2,mean,8,44,0,77,f77,0.0,0.0,0.0,118,S0_lightgbm,val_PR_AUC_drop
seagate_kqi,time-series-2,mean,8,44,0,78,f78,0.0,0.0,0.0,119,S0_lightgbm,val_PR_AUC_drop
seagate_kqi,time-series-2,mean,8,44,0,79,f79,0.0,0.0,0.0,120,S0_lightgbm,val_PR_AUC_drop
seagate_kqi,time-series-2,mean,8,44,0,80,f80,0.0,0.0,0.0,121,S0_lightgbm,val_PR_AUC_drop
seagate_kqi,time-series-2,mean,8,44,0,81,f81,-1.8318472712053335e-06,0.0,0.0,181,S0_lightgbm,val_PR_AUC_drop
seagate_kqi,time-series-2,mean,8,44,0,82,f82,0.0,0.0,0.0,122,S0_lightgbm,val_PR_AUC_drop
seagate_kqi,time-series-2,mean,8,44,0,83,f83,0.0,0.0,0.0,123,S0_lightgbm,val_PR_AUC_drop
seagate_kqi,time-series-2,mean,8,44,0,84,f84,0.0,0.0,0.0,124,S0_lightgbm,val_PR_AUC_drop
seagate_kqi,time-series-2,mean,8,44,0,85,f85,0.0,0.0,0.0,125,S0_lightgbm,val_PR_AUC_drop
seagate_kqi,time-series-2,mean,8,44,0,86,f86,0.0,0.0,0.0,126,S0_lightgbm,val_PR_AUC_drop
seagate_kqi,time-series-2,mean,8,44,0,87,f87,0.0,0.0,0.0,127,S0_lightgbm,val_PR_AUC_drop
seagate_kqi,time-series-2,mean,8,44,0,88,f88,0.0,0.0,0.0,128,S0_lightgbm,val_PR_AUC_drop
seagate_kqi,time-series-2,mean,8,44,0,89,f89,0.0,0.0,0.0,129,S0_lightgbm,val_PR_AUC_drop
seagate_kqi,time-series-2,mean,8,44,0,90,f90,0.0,0.0,0.0,130,S0_lightgbm,val_PR_AUC_drop
seagate_kqi,time-series-2,mean,8,44,0,91,f91,0.0,0.0,0.0,131,S0_lightgbm,val_PR_AUC_drop
seagate_kqi,time-series-2,mean,8,44,0,92,f92,0.0,0.0,0.0,132,S0_lightgbm,val_PR_AUC_drop
seagate_kqi,time-series-2,mean,8,44,0,93,f93,0.0,0.0,0.0,133,S0_lightgbm,val_PR_AUC_drop
seagate_kqi,time-series-2,mean,8,44,0,94,f94,0.0,0.0,0.0,134,S0_lightgbm,val_PR_AUC_drop
seagate_kqi,time-series-2,mean,8,44,0,95,f95,0.0,0.0,0.0,135,S0_lightgbm,val_PR_AUC_drop
seagate_kqi,time-series-2,mean,8,44,0,96,f96,0.0,0.0,0.0,136,S0_lightgbm,val_PR_AUC_drop
seagate_kqi,time-series-2,mean,8,44,0,97,f97,0.0,0.0,0.0,137,S0_lightgbm,val_PR_AUC_drop
seagate_kqi,time-series-2,mean,8,44,0,98,f98,0.0,0.0,0.0,138,S0_lightgbm,val_PR_AUC_drop
seagate_kqi,time-series-2,mean,8,44,0,99,f99,0.0,0.0,0.0,139,S0_lightgbm,val_PR_AUC_drop
seagate_kqi,time-series-2,mean,8,44,0,100,f100,0.0,0.0,0.0,140,S0_lightgbm,val_PR_AUC_drop
seagate_kqi,time-series-2,mean,8,44,0,101,f101,0.0,0.0,0.0,141,S0_lightgbm,val_PR_AUC_drop
seagate_kqi,time-series-2,mean,8,44,0,102,f102,0.0,0.0,0.0,142,S0_lightgbm,val_PR_AUC_drop
seagate_kqi,time-series-2,mean,8,44,0,103,f103,0.0,0.0,0.0,143,S0_lightgbm,val_PR_AUC_drop
seagate_kqi,time-series-2,mean,8,44,0,104,f104,0.0,0.0,0.0,144,S0_lightgbm,val_PR_AUC_drop
seagate_kqi,time-series-2,mean,8,44,0,105,f105,0.0,0.0,0.0,145,S0_lightgbm,val_PR_AUC_drop
seagate_kqi,time-series-2,mean,8,44,0,106,f106,-0.0001608364109415561,0.0,0.0,193,S0_lightgbm,val_PR_AUC_drop
seagate_kqi,time-series-2,mean,8,44,0,107,f107,0.0,0.0,0.0,146,S0_lightgbm,val_PR_AUC_drop
seagate_kqi,time-series-2,mean,8,44,0,108,f108,0.0,0.0,0.0,147,S0_lightgbm,val_PR_AUC_drop
seagate_kqi,time-series-2,mean,8,44,0,109,f109,-0.0002243129856651649,0.0,0.0,194,S0_lightgbm,val_PR_AUC_drop
seagate_kqi,time-series-2,mean,8,44,0,110,f110,-8.723229257157072e-05,0.0,0.0,188,S0_lightgbm,val_PR_AUC_drop
seagate_kqi,time-series-2,mean,8,44,0,111,f111,-0.0001242846919922158,0.0,0.0,191,S0_lightgbm,val_PR_AUC_drop
seagate_kqi,time-series-2,mean,8,44,0,112,f112,0.0008660840685479343,0.0008660840685479343,0.002065961714833975,29,S0_lightgbm,val_PR_AUC_drop
seagate_kqi,time-series-2,mean,8,44,0,113,f113,3.04404636608524e-07,3.04404636608524e-07,7.261285190907074e-07,41,S0_lightgbm,val_PR_AUC_drop
seagate_kqi,time-series-2,mean,8,44,0,114,f114,0.0,0.0,0.0,148,S0_lightgbm,val_PR_AUC_drop
seagate_kqi,time-series-2,mean,8,44,0,115,f115,-8.165530016412959e-05,0.0,0.0,186,S0_lightgbm,val_PR_AUC_drop
seagate_kqi,time-series-2,mean,8,44,0,116,f116,0.0,0.0,0.0,149,S0_lightgbm,val_PR_AUC_drop
seagate_kqi,time-series-2,mean,8,44,0,117,f117,0.00019626667199190706,0.00019626667199190706,0.0004681756254285574,36,S0_lightgbm,val_PR_AUC_drop
seagate_kqi,time-series-2,mean,8,44,0,118,f118,0.0015737843932583928,0.0015737843932583928,0.003754114033654332,24,S0_lightgbm,val_PR_AUC_drop
seagate_kqi,time-series-2,mean,8,44,0,119,f119,0.0,0.0,0.0,150,S0_lightgbm,val_PR_AUC_drop
seagate_kqi,time-series-2,mean,8,44,0,120,f120,0.0002787544799502939,0.0002787544799502939,0.0006649424904026091,34,S0_lightgbm,val_PR_AUC_drop
seagate_kqi,time-series-2,mean,8,44,0,121,f121,0.0,0.0,0.0,151,S0_lightgbm,val_PR_AUC_drop
seagate_kqi,time-series-2,mean,8,44,0,122,f122,0.0,0.0,0.0,152,S0_lightgbm,val_PR_AUC_drop
seagate_kqi,time-series-2,mean,8,44,0,123,f123,0.0,0.0,0.0,153,S0_lightgbm,val_PR_AUC_drop
seagate_kqi,time-series-2,mean,8,44,0,124,f124,0.0,0.0,0.0,154,S0_lightgbm,val_PR_AUC_drop
seagate_kqi,time-series-2,mean,8,44,0,125,f125,0.0,0.0,0.0,155,S0_lightgbm,val_PR_AUC_drop
seagate_kqi,time-series-2,mean,8,44,0,126,f126,0.0,0.0,0.0,156,S0_lightgbm,val_PR_AUC_drop
seagate_kqi,time-series-2,mean,8,44,0,127,f127,-0.00015806694864295423,0.0,0.0,192,S0_lightgbm,val_PR_AUC_drop
seagate_kqi,time-series-2,mean,8,44,0,128,f128,0.0,0.0,0.0,157,S0_lightgbm,val_PR_AUC_drop
seagate_kqi,time-series-2,mean,8,44,0,129,f129,-0.002800244837999344,0.0,0.0,208,S0_lightgbm,val_PR_AUC_drop
seagate_kqi,time-series-2,mean,8,44,0,130,f130,0.0,0.0,0.0,158,S0_lightgbm,val_PR_AUC_drop
seagate_kqi,time-series-2,mean,8,44,0,131,f131,0.0,0.0,0.0,159,S0_lightgbm,val_PR_AUC_drop
seagate_kqi,time-series-2,mean,8,44,0,132,f132,0.0,0.0,0.0,160,S0_lightgbm,val_PR_AUC_drop
seagate_kqi,time-series-2,mean,8,44,0,133,f133,0.0,0.0,0.0,161,S0_lightgbm,val_PR_AUC_drop
seagate_kqi,time-series-2,mean,8,44,0,134,f134,0.019936159253120422,0.019936159253120422,0.0475558266043663,4,S0_lightgbm,val_PR_AUC_drop
seagate_kqi,time-series-2,mean,8,44,0,135,f135,-5.721916750189848e-05,0.0,0.0,184,S0_lightgbm,val_PR_AUC_drop
seagate_kqi,time-series-2,mean,8,44,0,136,f136,0.0,0.0,0.0,162,S0_lightgbm,val_PR_AUC_drop
seagate_kqi,time-series-2,mean,8,44,0,137,f137,0.0028865530621260405,0.0028865530621260405,0.006885599810630083,19,S0_lightgbm,val_PR_AUC_drop
seagate_kqi,time-series-2,mean,8,44,0,138,f138,0.0003651815641205758,0.0003651815641205758,0.0008711061673238873,33,S0_lightgbm,val_PR_AUC_drop
seagate_kqi,time-series-2,mean,8,44,0,139,f139,-0.00742318807169795,0.0,0.0,217,S0_lightgbm,val_PR_AUC_drop
seagate_kqi,time-series-2,mean,8,44,0,140,f140,0.014848736114799976,0.014848736114799976,0.0354202575981617,7,S0_lightgbm,val_PR_AUC_drop
seagate_kqi,time-series-2,mean,8,44,0,141,f141,0.0,0.0,0.0,163,S0_lightgbm,val_PR_AUC_drop
seagate_kqi,time-series-2,mean,8,44,0,142,f142,-3.4848751965910196e-05,0.0,0.0,183,S0_lightgbm,val_PR_AUC_drop
seagate_kqi,time-series-2,mean,8,44,0,143,f143,-8.19029301055707e-05,0.0,0.0,187,S0_lightgbm,val_PR_AUC_drop
seagate_kqi,time-series-2,mean,8,44,0,144,f144,0.0,0.0,0.0,164,S0_lightgbm,val_PR_AUC_drop
seagate_kqi,time-series-2,mean,8,44,0,145,f145,0.0,0.0,0.0,165,S0_lightgbm,val_PR_AUC_drop
seagate_kqi,time-series-2,mean,8,44,0,146,f146,-0.00010035137529484928,0.0,0.0,189,S0_lightgbm,val_PR_AUC_drop
seagate_kqi,time-series-2,mean,8,44,0,147,f147,0.0001843801001086831,0.0001843801001086831,0.0004398213350214064,37,S0_lightgbm,val_PR_AUC_drop
seagate_kqi,time-series-2,mean,8,44,0,148,f148,-5.758384213550016e-05,0.0,0.0,185,S0_lightgbm,val_PR_AUC_drop
seagate_kqi,time-series-2,mean,8,44,0,149,f149,-0.0032069599255919456,0.0,0.0,211,S0_lightgbm,val_PR_AUC_drop
seagate_kqi,time-series-2,mean,8,44,0,150,f150,-0.0003102957853116095,0.0,0.0,196,S0_lightgbm,val_PR_AUC_drop
seagate_kqi,time-series-2,mean,8,44,0,151,f151,-0.00027051285724155605,0.0,0.0,195,S0_lightgbm,val_PR_AUC_drop
seagate_kqi,time-series-2,mean,8,44,0,152,f152,0.0,0.0,0.0,166,S0_lightgbm,val_PR_AUC_drop
seagate_kqi,time-series-2,mean,8,44,0,153,f153,0.0,0.0,0.0,167,S0_lightgbm,val_PR_AUC_drop
seagate_kqi,time-series-2,mean,8,44,0,154,f154,0.0,0.0,0.0,168,S0_lightgbm,val_PR_AUC_drop
seagate_kqi,time-series-2,mean,8,44,0,155,f155,0.0,0.0,0.0,169,S0_lightgbm,val_PR_AUC_drop
seagate_kqi,time-series-2,mean,8,44,0,156,f156,0.0,0.0,0.0,170,S0_lightgbm,val_PR_AUC_drop
seagate_kqi,time-series-2,mean,8,44,0,157,f157,7.25137567769707e-07,7.25137567769707e-07,1.7297471686106292e-06,40,S0_lightgbm,val_PR_AUC_drop
seagate_kqi,time-series-2,mean,8,44,0,158,f158,0.0,0.0,0.0,171,S0_lightgbm,val_PR_AUC_drop
seagate_kqi,time-series-2,mean,8,44,0,159,f159,0.0,0.0,0.0,172,S0_lightgbm,val_PR_AUC_drop
seagate_kqi,time-series-2,mean,8,44,0,160,f160,0.00015388760948553681,0.00015388760948553681,0.00036708437255583704,38,S0_lightgbm,val_PR_AUC_drop
seagate_kqi,time-series-2,mean,8,44,0,161,f161,0.0,0.0,0.0,173,S0_lightgbm,val_PR_AUC_drop
seagate_kqi,time-series-2,mean,8,44,0,162,f162,0.010516584850847721,0.010516584850847721,0.02508632093667984,11,S0_lightgbm,val_PR_AUC_drop
seagate_kqi,time-series-2,mean,8,44,0,163,f163,0.0,0.0,0.0,174,S0_lightgbm,val_PR_AUC_drop
seagate_kqi,time-series-2,mean,8,44,0,164,f164,0.0034064592327922583,0.0034064592327922583,0.008125786669552326,16,S0_lightgbm,val_PR_AUC_drop
seagate_kqi,time-series-2,mean,8,44,0,165,f165,0.004348780494183302,0.004348780494183302,0.010373605415225029,14,S0_lightgbm,val_PR_AUC_drop
seagate_kqi,time-series-2,mean,8,44,0,166,f166,0.0013217432424426079,0.0013217432424426079,0.0031528938561677933,26,S0_lightgbm,val_PR_AUC_drop
seagate_kqi,time-series-2,mean,8,44,0,167,f167,-0.0016090342542156577,0.0,0.0,204,S0_lightgbm,val_PR_AUC_drop
seagate_kqi,time-series-2,mean,8,44,0,168,f168,-0.0028979138005524874,0.0,0.0,210,S0_lightgbm,val_PR_AUC_drop
seagate_kqi,time-series-2,mean,8,44,0,169,f169,0.0,0.0,0.0,175,S0_lightgbm,val_PR_AUC_drop
seagate_kqi,time-series-2,mean,8,44,0,170,f170,-0.0017645031912252307,0.0,0.0,206,S0_lightgbm,val_PR_AUC_drop
seagate_kqi,time-series-2,mean,8,44,0,171,f171,0.0018998956074938178,0.0018998956074938178,0.0045320214703679085,21,S0_lightgbm,val_PR_AUC_drop
seagate_kqi,time-series-2,mean,8,44,0,172,f172,-0.0028495234437286854,0.0,0.0,209,S0_lightgbm,val_PR_AUC_drop
seagate_kqi,time-series-2,mean,8,44,0,173,f173,0.0,0.0,0.0,176,S0_lightgbm,val_PR_AUC_drop
seagate_kqi,time-series-2,mean,8,44,0,174,f174,-0.003447378519922495,0.0,0.0,212,S0_lightgbm,val_PR_AUC_drop
seagate_kqi,time-series-2,mean,8,44,0,175,f175,0.0003913079563062638,0.0003913079563062638,0.0009334281785413623,32,S0_lightgbm,val_PR_AUC_drop
seagate_kqi,time-series-2,mean,8,44,0,176,f176,0.013891596347093582,0.013891596347093582,0.033137090504169464,8,S0_lightgbm,val_PR_AUC_drop
seagate_kqi,time-series-2,mean,8,44,0,177,f177,-0.0011276621371507645,0.0,0.0,201,S0_lightgbm,val_PR_AUC_drop
seagate_kqi,time-series-2,mean,8,44,0,178,f178,-0.0018215798772871494,0.0,0.0,207,S0_lightgbm,val_PR_AUC_drop
seagate_kqi,time-series-2,mean,8,44,0,179,f179,-0.007669422775506973,0.0,0.0,218,S0_lightgbm,val_PR_AUC_drop
seagate_kqi,time-series-2,mean,8,44,0,180,f180,-0.032857321202754974,0.0,0.0,220,S0_lightgbm,val_PR_AUC_drop
seagate_kqi,time-series-2,mean,8,44,0,181,f181,-0.0036223733332008123,0.0,0.0,214,S0_lightgbm,val_PR_AUC_drop
seagate_kqi,time-series-2,mean,8,44,0,182,f182,0.0240572951734066,0.0240572951734066,0.057386405766010284,3,S0_lightgbm,val_PR_AUC_drop
seagate_kqi,time-series-2,mean,8,44,0,183,f183,-0.0005283976206555963,0.0,0.0,198,S0_lightgbm,val_PR_AUC_drop
seagate_kqi,time-series-2,mean,8,44,0,184,f184,0.0011609216453507543,0.0011609216453507543,0.002769269049167633,28,S0_lightgbm,val_PR_AUC_drop
seagate_kqi,time-series-2,mean,8,44,0,185,f185,0.002611863426864147,0.002611863426864147,0.006230353843420744,20,S0_lightgbm,val_PR_AUC_drop
seagate_kqi,time-series-2,mean,8,44,0,186,f186,-0.0012192424619570374,0.0,0.0,203,S0_lightgbm,val_PR_AUC_drop
seagate_kqi,time-series-2,mean,8,44,0,187,f187,-0.0017155824461951852,0.0,0.0,205,S0_lightgbm,val_PR_AUC_drop
seagate_kqi,time-series-2,mean,8,44,0,188,f188,-0.01721126027405262,0.0,0.0,219,S0_lightgbm,val_PR_AUC_drop
seagate_kqi,time-series-2,mean,8,44,0,189,f189,-2.7238536858931184e-05,0.0,0.0,182,S0_lightgbm,val_PR_AUC_drop
seagate_kqi,time-series-2,mean,8,44,0,190,f190,0.13965149223804474,0.13965149223804474,0.33312544226646423,1,S0_lightgbm,val_PR_AUC_drop
seagate_kqi,time-series-2,mean,8,44,0,191,f191,-0.005613949149847031,0.0,0.0,216,S0_lightgbm,val_PR_AUC_drop
seagate_kqi,time-series-2,mean,8,44,0,192,f192,0.0015456638066098094,0.0015456638066098094,0.003687035059556365,25,S0_lightgbm,val_PR_AUC_drop
seagate_kqi,time-series-2,mean,8,44,0,193,f193,0.08520891517400742,0.08520891517400742,0.20325782895088196,2,S0_lightgbm,val_PR_AUC_drop
seagate_kqi,time-series-2,mean,8,44,0,194,f194,0.013672735542058945,0.013672735542058945,0.032615020871162415,9,S0_lightgbm,val_PR_AUC_drop
seagate_kqi,time-series-2,mean,8,44,0,195,f195,0.0007864239742048085,0.0007864239742048085,0.0018759401282295585,30,S0_lightgbm,val_PR_AUC_drop
seagate_kqi,time-series-2,mean,8,44,0,196,f196,0.002977893687784672,0.002977893687784672,0.007103484123945236,17,S0_lightgbm,val_PR_AUC_drop
seagate_kqi,time-series-2,mean,8,44,0,197,f197,0.00024340770323760808,0.00024340770323760808,0.0005806260742247105,35,S0_lightgbm,val_PR_AUC_drop
seagate_kqi,time-series-2,mean,8,44,0,198,f198,-0.0036174089182168245,0.0,0.0,213,S0_lightgbm,val_PR_AUC_drop
seagate_kqi,time-series-2,mean,8,44,0,199,f199,0.0004859521286562085,0.0004859521286562085,0.0011591928778216243,31,S0_lightgbm,val_PR_AUC_drop
seagate_kqi,time-series-2,mean,8,44,0,200,f200,0.002944567473605275,0.002944567473605275,0.007023987825959921,18,S0_lightgbm,val_PR_AUC_drop
seagate_kqi,time-series-2,mean,8,44,0,201,f201,0.010599475353956223,0.010599475353956223,0.025284048169851303,10,S0_lightgbm,val_PR_AUC_drop
seagate_kqi,time-series-2,mean,8,44,0,202,f202,-0.0011301182676106691,0.0,0.0,202,S0_lightgbm,val_PR_AUC_drop
seagate_kqi,time-series-2,mean,8,44,0,203,f203,0.0016700854757800698,0.0016700854757800698,0.003983831033110619,23,S0_lightgbm,val_PR_AUC_drop
seagate_kqi,time-series-2,mean,8,44,0,204,f204,0.006251318380236626,0.006251318380236626,0.014911930076777935,13,S0_lightgbm,val_PR_AUC_drop
seagate_kqi,time-series-2,mean,8,44,0,205,f205,-0.004413729067891836,0.0,0.0,215,S0_lightgbm,val_PR_AUC_drop
seagate_kqi,time-series-2,mean,8,44,0,206,f206,-0.0005656417342834175,0.0,0.0,199,S0_lightgbm,val_PR_AUC_drop
seagate_kqi,time-series-2,mean,8,44,0,207,f207,-0.0004554821061901748,0.0,0.0,197,S0_lightgbm,val_PR_AUC_drop
seagate_kqi,time-series-2,mean,8,44,0,208,f208,0.01580139622092247,0.01580139622092247,0.03769274055957794,6,S0_lightgbm,val_PR_AUC_drop
seagate_kqi,time-series-2,mean,8,44,0,209,f209,0.008433369919657707,0.008433369919657707,0.020117007195949554,12,S0_lightgbm,val_PR_AUC_drop
seagate_kqi,time-series-2,mean,8,44,0,210,f210,0.0017220830777660012,0.0017220830777660012,0.004107866436243057,22,S0_lightgbm,val_PR_AUC_drop
seagate_kqi,time-series-2,mean,8,44,0,211,f211,0.0040275538340210915,0.0040275538340210915,0.009607349522411823,15,S0_lightgbm,val_PR_AUC_drop
seagate_kqi,time-series-2,mean,8,44,0,212,f212,0.0,0.0,0.0,177,S0_lightgbm,val_PR_AUC_drop
seagate_kqi,time-series-2,mean,8,44,0,213,f213,5.77236496610567e-05,5.77236496610567e-05,0.00013769431097898632,39,S0_lightgbm,val_PR_AUC_drop
seagate_kqi,time-series-2,mean,8,44,0,214,f214,0.016956239938735962,0.016956239938735962,0.04044751077890396,5,S0_lightgbm,val_PR_AUC_drop
seagate_kqi,time-series-2,mean,8,44,0,215,f215,0.001282397424802184,0.001282397424802184,0.003059037961065769,27,S0_lightgbm,val_PR_AUC_drop
seagate_kqi,time-series-2,mean,8,44,0,216,f216,0.0,0.0,0.0,178,S0_lightgbm,val_PR_AUC_drop
seagate_kqi,time-series-2,mean,8,44,0,217,f217,-0.0009115418652072549,0.0,0.0,200,S0_lightgbm,val_PR_AUC_drop
seagate_kqi,time-series-2,mean,8,44,0,218,f218,0.0,0.0,0.0,179,S0_lightgbm,val_PR_AUC_drop
seagate_kqi,time-series-2,mean,8,44,0,219,f219,0.0,0.0,0.0,180,S0_lightgbm,val_PR_AUC_drop
seagate_kqi,time-series-2,mean,8,45,0,0,f0,-2.5323190129711293e-05,0.0,0.0,188,S0_lightgbm,val_PR_AUC_drop
seagate_kqi,time-series-2,mean,8,45,0,1,f1,0.0,0.0,0.0,51,S0_lightgbm,val_PR_AUC_drop
seagate_kqi,time-series-2,mean,8,45,0,2,f2,0.0,0.0,0.0,52,S0_lightgbm,val_PR_AUC_drop
seagate_kqi,time-series-2,mean,8,45,0,3,f3,0.0,0.0,0.0,53,S0_lightgbm,val_PR_AUC_drop
seagate_kqi,time-series-2,mean,8,45,0,4,f4,0.0,0.0,0.0,54,S0_lightgbm,val_PR_AUC_drop
seagate_kqi,time-series-2,mean,8,45,0,5,f5,0.0021600360050797462,0.0021600360050797462,0.0038907495327293873,31,S0_lightgbm,val_PR_AUC_drop
seagate_kqi,time-series-2,mean,8,45,0,6,f6,0.0,0.0,0.0,55,S0_lightgbm,val_PR_AUC_drop
seagate_kqi,time-series-2,mean,8,45,0,7,f7,0.0,0.0,0.0,56,S0_lightgbm,val_PR_AUC_drop
seagate_kqi,time-series-2,mean,8,45,0,8,f8,0.0,0.0,0.0,57,S0_lightgbm,val_PR_AUC_drop
seagate_kqi,time-series-2,mean,8,45,0,9,f9,0.0,0.0,0.0,58,S0_lightgbm,val_PR_AUC_drop
seagate_kqi,time-series-2,mean,8,45,0,10,f10,0.0,0.0,0.0,59,S0_lightgbm,val_PR_AUC_drop
seagate_kqi,time-series-2,mean,8,45,0,11,f11,0.0,0.0,0.0,60,S0_lightgbm,val_PR_AUC_drop
seagate_kqi,time-series-2,mean,8,45,0,12,f12,0.0,0.0,0.0,61,S0_lightgbm,val_PR_AUC_drop
seagate_kqi,time-series-2,mean,8,45,0,13,f13,0.0,0.0,0.0,62,S0_lightgbm,val_PR_AUC_drop
seagate_kqi,time-series-2,mean,8,45,0,14,f14,0.0,0.0,0.0,63,S0_lightgbm,val_PR_AUC_drop
seagate_kqi,time-series-2,mean,8,45,0,15,f15,0.0,0.0,0.0,64,S0_lightgbm,val_PR_AUC_drop
seagate_kqi,time-series-2,mean,8,45,0,16,f16,0.0,0.0,0.0,65,S0_lightgbm,val_PR_AUC_drop
seagate_kqi,time-series-2,mean,8,45,0,17,f17,0.0,0.0,0.0,66,S0_lightgbm,val_PR_AUC_drop
seagate_kqi,time-series-2,mean,8,45,0,18,f18,0.0,0.0,0.0,67,S0_lightgbm,val_PR_AUC_drop
seagate_kqi,time-series-2,mean,8,45,0,19,f19,0.0,0.0,0.0,68,S0_lightgbm,val_PR_AUC_drop
seagate_kqi,time-series-2,mean,8,45,0,20,f20,0.0,0.0,0.0,69,S0_lightgbm,val_PR_AUC_drop
seagate_kqi,time-series-2,mean,8,45,0,21,f21,0.0,0.0,0.0,70,S0_lightgbm,val_PR_AUC_drop
seagate_kqi,time-series-2,mean,8,45,0,22,f22,0.0,0.0,0.0,71,S0_lightgbm,val_PR_AUC_drop
seagate_kqi,time-series-2,mean,8,45,0,23,f23,0.0,0.0,0.0,72,S0_lightgbm,val_PR_AUC_drop
seagate_kqi,time-series-2,mean,8,45,0,24,f24,0.0,0.0,0.0,73,S0_lightgbm,val_PR_AUC_drop
seagate_kqi,time-series-2,mean,8,45,0,25,f25,0.0,0.0,0.0,74,S0_lightgbm,val_PR_AUC_drop
seagate_kqi,time-series-2,mean,8,45,0,26,f26,0.0,0.0,0.0,75,S0_lightgbm,val_PR_AUC_drop
seagate_kqi,time-series-2,mean,8,45,0,27,f27,0.0,0.0,0.0,76,S0_lightgbm,val_PR_AUC_drop
seagate_kqi,time-series-2,mean,8,45,0,28,f28,0.0,0.0,0.0,77,S0_lightgbm,val_PR_AUC_drop
seagate_kqi,time-series-2,mean,8,45,0,29,f29,0.0,0.0,0.0,78,S0_lightgbm,val_PR_AUC_drop
seagate_kqi,time-series-2,mean,8,45,0,30,f30,0.0,0.0,0.0,79,S0_lightgbm,val_PR_AUC_drop
seagate_kqi,time-series-2,mean,8,45,0,31,f31,0.0,0.0,0.0,80,S0_lightgbm,val_PR_AUC_drop
seagate_kqi,time-series-2,mean,8,45,0,32,f32,0.0,0.0,0.0,81,S0_lightgbm,val_PR_AUC_drop
seagate_kqi,time-series-2,mean,8,45,0,33,f33,0.0,0.0,0.0,82,S0_lightgbm,val_PR_AUC_drop
seagate_kqi,time-series-2,mean,8,45,0,34,f34,0.0,0.0,0.0,83,S0_lightgbm,val_PR_AUC_drop
seagate_kqi,time-series-2,mean,8,45,0,35,f35,0.0,0.0,0.0,84,S0_lightgbm,val_PR_AUC_drop
seagate_kqi,time-series-2,mean,8,45,0,36,f36,0.0,0.0,0.0,85,S0_lightgbm,val_PR_AUC_drop
seagate_kqi,time-series-2,mean,8,45,0,37,f37,0.0,0.0,0.0,86,S0_lightgbm,val_PR_AUC_drop
seagate_kqi,time-series-2,mean,8,45,0,38,f38,0.0,0.0,0.0,87,S0_lightgbm,val_PR_AUC_drop
seagate_kqi,time-series-2,mean,8,45,0,39,f39,0.0,0.0,0.0,88,S0_lightgbm,val_PR_AUC_drop
seagate_kqi,time-series-2,mean,8,45,0,40,f40,0.0,0.0,0.0,89,S0_lightgbm,val_PR_AUC_drop
seagate_kqi,time-series-2,mean,8,45,0,41,f41,0.0,0.0,0.0,90,S0_lightgbm,val_PR_AUC_drop
seagate_kqi,time-series-2,mean,8,45,0,42,f42,0.0,0.0,0.0,91,S0_lightgbm,val_PR_AUC_drop
seagate_kqi,time-series-2,mean,8,45,0,43,f43,0.0,0.0,0.0,92,S0_lightgbm,val_PR_AUC_drop
seagate_kqi,time-series-2,mean,8,45,0,44,f44,0.0,0.0,0.0,93,S0_lightgbm,val_PR_AUC_drop
seagate_kqi,time-series-2,mean,8,45,0,45,f45,0.0,0.0,0.0,94,S0_lightgbm,val_PR_AUC_drop
seagate_kqi,time-series-2,mean,8,45,0,46,f46,0.0,0.0,0.0,95,S0_lightgbm,val_PR_AUC_drop
seagate_kqi,time-series-2,mean,8,45,0,47,f47,0.0,0.0,0.0,96,S0_lightgbm,val_PR_AUC_drop
seagate_kqi,time-series-2,mean,8,45,0,48,f48,0.0,0.0,0.0,97,S0_lightgbm,val_PR_AUC_drop
seagate_kqi,time-series-2,mean,8,45,0,49,f49,0.0,0.0,0.0,98,S0_lightgbm,val_PR_AUC_drop
seagate_kqi,time-series-2,mean,8,45,0,50,f50,0.0,0.0,0.0,99,S0_lightgbm,val_PR_AUC_drop
seagate_kqi,time-series-2,mean,8,45,0,51,f51,0.0,0.0,0.0,100,S0_lightgbm,val_PR_AUC_drop
seagate_kqi,time-series-2,mean,8,45,0,52,f52,0.0,0.0,0.0,101,S0_lightgbm,val_PR_AUC_drop
seagate_kqi,time-series-2,mean,8,45,0,53,f53,0.0,0.0,0.0,102,S0_lightgbm,val_PR_AUC_drop
seagate_kqi,time-series-2,mean,8,45,0,54,f54,0.0,0.0,0.0,103,S0_lightgbm,val_PR_AUC_drop
seagate_kqi,time-series-2,mean,8,45,0,55,f55,0.0,0.0,0.0,104,S0_lightgbm,val_PR_AUC_drop
seagate_kqi,time-series-2,mean,8,45,0,56,f56,0.0,0.0,0.0,105,S0_lightgbm,val_PR_AUC_drop
seagate_kqi,time-series-2,mean,8,45,0,57,f57,0.0,0.0,0.0,106,S0_lightgbm,val_PR_AUC_drop
seagate_kqi,time-series-2,mean,8,45,0,58,f58,0.0,0.0,0.0,107,S0_lightgbm,val_PR_AUC_drop
seagate_kqi,time-series-2,mean,8,45,0,59,f59,0.0,0.0,0.0,108,S0_lightgbm,val_PR_AUC_drop
seagate_kqi,time-series-2,mean,8,45,0,60,f60,0.0,0.0,0.0,109,S0_lightgbm,val_PR_AUC_drop
seagate_kqi,time-series-2,mean,8,45,0,61,f61,0.0,0.0,0.0,110,S0_lightgbm,val_PR_AUC_drop
seagate_kqi,time-series-2,mean,8,45,0,62,f62,0.0,0.0,0.0,111,S0_lightgbm,val_PR_AUC_drop
seagate_kqi,time-series-2,mean,8,45,0,63,f63,0.0,0.0,0.0,112,S0_lightgbm,val_PR_AUC_drop
seagate_kqi,time-series-2,mean,8,45,0,64,f64,0.0,0.0,0.0,113,S0_lightgbm,val_PR_AUC_drop
seagate_kqi,time-series-2,mean,8,45,0,65,f65,0.0,0.0,0.0,114,S0_lightgbm,val_PR_AUC_drop
seagate_kqi,time-series-2,mean,8,45,0,66,f66,0.0,0.0,0.0,115,S0_lightgbm,val_PR_AUC_drop
seagate_kqi,time-series-2,mean,8,45,0,67,f67,0.0,0.0,0.0,116,S0_lightgbm,val_PR_AUC_drop
seagate_kqi,time-series-2,mean,8,45,0,68,f68,0.0,0.0,0.0,117,S0_lightgbm,val_PR_AUC_drop
seagate_kqi,time-series-2,mean,8,45,0,69,f69,0.0,0.0,0.0,118,S0_lightgbm,val_PR_AUC_drop
seagate_kqi,time-series-2,mean,8,45,0,70,f70,0.0,0.0,0.0,119,S0_lightgbm,val_PR_AUC_drop
seagate_kqi,time-series-2,mean,8,45,0,71,f71,0.0,0.0,0.0,120,S0_lightgbm,val_PR_AUC_drop
seagate_kqi,time-series-2,mean,8,45,0,72,f72,0.0,0.0,0.0,121,S0_lightgbm,val_PR_AUC_drop
seagate_kqi,time-series-2,mean,8,45,0,73,f73,0.0,0.0,0.0,122,S0_lightgbm,val_PR_AUC_drop
seagate_kqi,time-series-2,mean,8,45,0,74,f74,0.0,0.0,0.0,123,S0_lightgbm,val_PR_AUC_drop
seagate_kqi,time-series-2,mean,8,45,0,75,f75,-0.0002461917756590992,0.0,0.0,198,S0_lightgbm,val_PR_AUC_drop
seagate_kqi,time-series-2,mean,8,45,0,76,f76,0.0,0.0,0.0,124,S0_lightgbm,val_PR_AUC_drop
seagate_kqi,time-series-2,mean,8,45,0,77,f77,0.0,0.0,0.0,125,S0_lightgbm,val_PR_AUC_drop
seagate_kqi,time-series-2,mean,8,45,0,78,f78,0.0,0.0,0.0,126,S0_lightgbm,val_PR_AUC_drop
seagate_kqi,time-series-2,mean,8,45,0,79,f79,0.0,0.0,0.0,127,S0_lightgbm,val_PR_AUC_drop
seagate_kqi,time-series-2,mean,8,45,0,80,f80,0.0,0.0,0.0,128,S0_lightgbm,val_PR_AUC_drop
seagate_kqi,time-series-2,mean,8,45,0,81,f81,0.0,0.0,0.0,129,S0_lightgbm,val_PR_AUC_drop
seagate_kqi,time-series-2,mean,8,45,0,82,f82,0.0,0.0,0.0,130,S0_lightgbm,val_PR_AUC_drop
seagate_kqi,time-series-2,mean,8,45,0,83,f83,0.0,0.0,0.0,131,S0_lightgbm,val_PR_AUC_drop
seagate_kqi,time-series-2,mean,8,45,0,84,f84,0.0,0.0,0.0,132,S0_lightgbm,val_PR_AUC_drop
seagate_kqi,time-series-2,mean,8,45,0,85,f85,0.0,0.0,0.0,133,S0_lightgbm,val_PR_AUC_drop
seagate_kqi,time-series-2,mean,8,45,0,86,f86,0.0,0.0,0.0,134,S0_lightgbm,val_PR_AUC_drop
seagate_kqi,time-series-2,mean,8,45,0,87,f87,0.0,0.0,0.0,135,S0_lightgbm,val_PR_AUC_drop
seagate_kqi,time-series-2,mean,8,45,0,88,f88,0.0,0.0,0.0,136,S0_lightgbm,val_PR_AUC_drop
seagate_kqi,time-series-2,mean,8,45,0,89,f89,0.0,0.0,0.0,137,S0_lightgbm,val_PR_AUC_drop
seagate_kqi,time-series-2,mean,8,45,0,90,f90,0.0,0.0,0.0,138,S0_lightgbm,val_PR_AUC_drop
seagate_kqi,time-series-2,mean,8,45,0,91,f91,0.0,0.0,0.0,139,S0_lightgbm,val_PR_AUC_drop
seagate_kqi,time-series-2,mean,8,45,0,92,f92,0.0,0.0,0.0,140,S0_lightgbm,val_PR_AUC_drop
seagate_kqi,time-series-2,mean,8,45,0,93,f93,0.0,0.0,0.0,141,S0_lightgbm,val_PR_AUC_drop
seagate_kqi,time-series-2,mean,8,45,0,94,f94,0.0,0.0,0.0,142,S0_lightgbm,val_PR_AUC_drop
seagate_kqi,time-series-2,mean,8,45,0,95,f95,0.0,0.0,0.0,143,S0_lightgbm,val_PR_AUC_drop
seagate_kqi,time-series-2,mean,8,45,0,96,f96,0.0,0.0,0.0,144,S0_lightgbm,val_PR_AUC_drop
seagate_kqi,time-series-2,mean,8,45,0,97,f97,0.0,0.0,0.0,145,S0_lightgbm,val_PR_AUC_drop
seagate_kqi,time-series-2,mean,8,45,0,98,f98,0.0,0.0,0.0,146,S0_lightgbm,val_PR_AUC_drop
seagate_kqi,time-series-2,mean,8,45,0,99,f99,0.0,0.0,0.0,147,S0_lightgbm,val_PR_AUC_drop
seagate_kqi,time-series-2,mean,8,45,0,100,f100,0.0,0.0,0.0,148,S0_lightgbm,val_PR_AUC_drop
seagate_kqi,time-series-2,mean,8,45,0,101,f101,8.730177796678618e-05,8.730177796678618e-05,0.00015725170669611543,42,S0_lightgbm,val_PR_AUC_drop
seagate_kqi,time-series-2,mean,8,45,0,102,f102,8.832989806251135e-07,8.832989806251135e-07,1.591036038917082e-06,47,S0_lightgbm,val_PR_AUC_drop
seagate_kqi,time-series-2,mean,8,45,0,103,f103,0.0,0.0,0.0,149,S0_lightgbm,val_PR_AUC_drop
seagate_kqi,time-series-2,mean,8,45,0,104,f104,0.0,0.0,0.0,150,S0_lightgbm,val_PR_AUC_drop
seagate_kqi,time-series-2,mean,8,45,0,105,f105,-2.82626278931275e-05,0.0,0.0,189,S0_lightgbm,val_PR_AUC_drop
seagate_kqi,time-series-2,mean,8,45,0,106,f106,-8.044413135621653e-08,0.0,0.0,185,S0_lightgbm,val_PR_AUC_drop
seagate_kqi,time-series-2,mean,8,45,0,107,f107,0.0,0.0,0.0,151,S0_lightgbm,val_PR_AUC_drop
seagate_kqi,time-series-2,mean,8,45,0,108,f108,0.0,0.0,0.0,152,S0_lightgbm,val_PR_AUC_drop
seagate_kqi,time-series-2,mean,8,45,0,109,f109,0.001317132031545043,0.001317132031545043,0.002372474642470479,36,S0_lightgbm,val_PR_AUC_drop
seagate_kqi,time-series-2,mean,8,45,0,110,f110,-0.00023718879674561322,0.0,0.0,197,S0_lightgbm,val_PR_AUC_drop
seagate_kqi,time-series-2,mean,8,45,0,111,f111,-0.0002050212788162753,0.0,0.0,195,S0_lightgbm,val_PR_AUC_drop
seagate_kqi,time-series-2,mean,8,45,0,112,f112,-0.0002065520384348929,0.0,0.0,196,S0_lightgbm,val_PR_AUC_drop
seagate_kqi,time-series-2,mean,8,45,0,113,f113,0.0,0.0,0.0,153,S0_lightgbm,val_PR_AUC_drop
seagate_kqi,time-series-2,mean,8,45,0,114,f114,-3.596345834466774e-07,0.0,0.0,186,S0_lightgbm,val_PR_AUC_drop
seagate_kqi,time-series-2,mean,8,45,0,115,f115,-0.00015687537961639464,0.0,0.0,193,S0_lightgbm,val_PR_AUC_drop
seagate_kqi,time-series-2,mean,8,45,0,116,f116,0.0,0.0,0.0,154,S0_lightgbm,val_PR_AUC_drop
seagate_kqi,time-series-2,mean,8,45,0,117,f117,-0.00010147856664843857,0.0,0.0,191,S0_lightgbm,val_PR_AUC_drop
seagate_kqi,time-series-2,mean,8,45,0,118,f118,0.0007114201434887946,0.0007114201434887946,0.0012814404908567667,38,S0_lightgbm,val_PR_AUC_drop
seagate_kqi,time-series-2,mean,8,45,0,119,f119,0.0,0.0,0.0,155,S0_lightgbm,val_PR_AUC_drop
seagate_kqi,time-series-2,mean,8,45,0,120,f120,-0.00016449565009679645,0.0,0.0,194,S0_lightgbm,val_PR_AUC_drop
seagate_kqi,time-series-2,mean,8,45,0,121,f121,0.0,0.0,0.0,156,S0_lightgbm,val_PR_AUC_drop
seagate_kqi,time-series-2,mean,8,45,0,122,f122,0.0,0.0,0.0,157,S0_lightgbm,val_PR_AUC_drop
seagate_kqi,time-series-2,mean,8,45,0,123,f123,0.0,0.0,0.0,158,S0_lightgbm,val_PR_AUC_drop
seagate_kqi,time-series-2,mean,8,45,0,124,f124,0.0,0.0,0.0,159,S0_lightgbm,val_PR_AUC_drop
seagate_kqi,time-series-2,mean,8,45,0,125,f125,0.0,0.0,0.0,160,S0_lightgbm,val_PR_AUC_drop
seagate_kqi,time-series-2,mean,8,45,0,126,f126,0.0,0.0,0.0,161,S0_lightgbm,val_PR_AUC_drop
seagate_kqi,time-series-2,mean,8,45,0,127,f127,-0.0007014230941422284,0.0,0.0,205,S0_lightgbm,val_PR_AUC_drop
seagate_kqi,time-series-2,mean,8,45,0,128,f128,0.0,0.0,0.0,162,S0_lightgbm,val_PR_AUC_drop
seagate_kqi,time-series-2,mean,8,45,0,129,f129,-0.00040336698293685913,0.0,0.0,200,S0_lightgbm,val_PR_AUC_drop
seagate_kqi,time-series-2,mean,8,45,0,130,f130,0.0,0.0,0.0,163,S0_lightgbm,val_PR_AUC_drop
seagate_kqi,time-series-2,mean,8,45,0,131,f131,0.0,0.0,0.0,164,S0_lightgbm,val_PR_AUC_drop
seagate_kqi,time-series-2,mean,8,45,0,132,f132,0.0,0.0,0.0,165,S0_lightgbm,val_PR_AUC_drop
seagate_kqi,time-series-2,mean,8,45,0,133,f133,0.0,0.0,0.0,166,S0_lightgbm,val_PR_AUC_drop
seagate_kqi,time-series-2,mean,8,45,0,134,f134,0.02617453970015049,0.02617453970015049,0.04714670404791832,7,S0_lightgbm,val_PR_AUC_drop
seagate_kqi,time-series-2,mean,8,45,0,135,f135,0.0017370134592056274,0.0017370134592056274,0.003128783078864217,34,S0_lightgbm,val_PR_AUC_drop
seagate_kqi,time-series-2,mean,8,45,0,136,f136,0.0,0.0,0.0,167,S0_lightgbm,val_PR_AUC_drop
seagate_kqi,time-series-2,mean,8,45,0,137,f137,0.002526017837226391,0.002526017837226391,0.004549971781671047,28,S0_lightgbm,val_PR_AUC_drop
seagate_kqi,time-series-2,mean,8,45,0,138,f138,-0.00045179808512330055,0.0,0.0,202,S0_lightgbm,val_PR_AUC_drop
seagate_kqi,time-series-2,mean,8,45,0,139,f139,0.002569586504250765,0.002569586504250765,0.0046284496784210205,27,S0_lightgbm,val_PR_AUC_drop
seagate_kqi,time-series-2,mean,8,45,0,140,f140,0.019472410902380943,0.019472410902380943,0.035074543207883835,11,S0_lightgbm,val_PR_AUC_drop
seagate_kqi,time-series-2,mean,8,45,0,141,f141,0.0,0.0,0.0,168,S0_lightgbm,val_PR_AUC_drop
seagate_kqi,time-series-2,mean,8,45,0,142,f142,0.002368784975260496,0.002368784975260496,0.0042667570523917675,30,S0_lightgbm,val_PR_AUC_drop
seagate_kqi,time-series-2,mean,8,45,0,143,f143,0.00025916541926562786,0.00025916541926562786,0.00046681988169439137,39,S0_lightgbm,val_PR_AUC_drop
seagate_kqi,time-series-2,mean,8,45,0,144,f144,0.0,0.0,0.0,169,S0_lightgbm,val_PR_AUC_drop
seagate_kqi,time-series-2,mean,8,45,0,145,f145,0.0,0.0,0.0,170,S0_lightgbm,val_PR_AUC_drop
seagate_kqi,time-series-2,mean,8,45,0,146,f146,9.721882815938443e-05,9.721882815938443e-05,0.0001751147210597992,40,S0_lightgbm,val_PR_AUC_drop
seagate_kqi,time-series-2,mean,8,45,0,147,f147,-0.0004041926295030862,0.0,0.0,201,S0_lightgbm,val_PR_AUC_drop
seagate_kqi,time-series-2,mean,8,45,0,148,f148,4.858455895373481e-07,4.858455895373481e-07,8.751259201744688e-07,48,S0_lightgbm,val_PR_AUC_drop
seagate_kqi,time-series-2,mean,8,45,0,149,f149,-0.0005170920048840344,0.0,0.0,204,S0_lightgbm,val_PR_AUC_drop
seagate_kqi,time-series-2,mean,8,45,0,150,f150,-0.0014168068300932646,0.0,0.0,207,S0_lightgbm,val_PR_AUC_drop
seagate_kqi,time-series-2,mean,8,45,0,151,f151,9.752739060786553e-07,9.752739060786553e-07,1.7567051600053674e-06,46,S0_lightgbm,val_PR_AUC_drop
seagate_kqi,time-series-2,mean,8,45,0,152,f152,0.0,0.0,0.0,171,S0_lightgbm,val_PR_AUC_drop
seagate_kqi,time-series-2,mean,8,45,0,153,f153,2.6195699319941923e-05,2.6195699319941923e-05,4.718481795862317e-05,45,S0_lightgbm,val_PR_AUC_drop
seagate_kqi,time-series-2,mean,8,45,0,154,f154,0.0,0.0,0.0,172,S0_lightgbm,val_PR_AUC_drop
seagate_kqi,time-series-2,mean,8,45,0,155,f155,0.0,0.0,0.0,173,S0_lightgbm,val_PR_AUC_drop
seagate_kqi,time-series-2,mean,8,45,0,156,f156,0.0,0.0,0.0,174,S0_lightgbm,val_PR_AUC_drop
seagate_kqi,time-series-2,mean,8,45,0,157,f157,2.6456473278813064e-05,2.6456473278813064e-05,4.765453559230082e-05,44,S0_lightgbm,val_PR_AUC_drop
seagate_kqi,time-series-2,mean,8,45,0,158,f158,0.0,0.0,0.0,175,S0_lightgbm,val_PR_AUC_drop
seagate_kqi,time-series-2,mean,8,45,0,159,f159,0.0,0.0,0.0,176,S0_lightgbm,val_PR_AUC_drop
seagate_kqi,time-series-2,mean,8,45,0,160,f160,6.546988151967525e-05,6.546988151967525e-05,0.00011792715667979792,43,S0_lightgbm,val_PR_AUC_drop
seagate_kqi,time-series-2,mean,8,45,0,161,f161,0.0,0.0,0.0,177,S0_lightgbm,val_PR_AUC_drop
seagate_kqi,time-series-2,mean,8,45,0,162,f162,0.023308033123612404,0.023308033123612404,0.041983429342508316,9,S0_lightgbm,val_PR_AUC_drop
seagate_kqi,time-series-2,mean,8,45,0,163,f163,0.0,0.0,0.0,178,S0_lightgbm,val_PR_AUC_drop
seagate_kqi,time-series-2,mean,8,45,0,164,f164,0.001054953783750534,0.001054953783750534,0.0019002279732376337,37,S0_lightgbm,val_PR_AUC_drop
seagate_kqi,time-series-2,mean,8,45,0,165,f165,0.026414016261696815,0.026414016261696815,0.04757805913686752,6,S0_lightgbm,val_PR_AUC_drop
seagate_kqi,time-series-2,mean,8,45,0,166,f166,0.0034051125403493643,0.0034051125403493643,0.0061334348283708096,26,S0_lightgbm,val_PR_AUC_drop
seagate_kqi,time-series-2,mean,8,45,0,167,f167,-0.007948923856019974,0.0,0.0,216,S0_lightgbm,val_PR_AUC_drop
seagate_kqi,time-series-2,mean,8,45,0,168,f168,-0.0002946135646197945,0.0,0.0,199,S0_lightgbm,val_PR_AUC_drop
seagate_kqi,time-series-2,mean,8,45,0,169,f169,0.0,0.0,0.0,179,S0_lightgbm,val_PR_AUC_drop
seagate_kqi,time-series-2,mean,8,45,0,170,f170,0.016533803194761276,0.016533803194761276,0.029781395569443703,12,S0_lightgbm,val_PR_AUC_drop
seagate_kqi,time-series-2,mean,8,45,0,171,f171,-0.018193474039435387,0.0,0.0,218,S0_lightgbm,val_PR_AUC_drop
seagate_kqi,time-series-2,mean,8,45,0,172,f172,0.0018659761408343911,0.0018659761408343911,0.0033610763493925333,32,S0_lightgbm,val_PR_AUC_drop
seagate_kqi,time-series-2,mean,8,45,0,173,f173,0.0,0.0,0.0,180,S0_lightgbm,val_PR_AUC_drop
seagate_kqi,time-series-2,mean,8,45,0,174,f174,0.005581685807555914,0.005581685807555914,0.010053971782326698,22,S0_lightgbm,val_PR_AUC_drop
seagate_kqi,time-series-2,mean,8,45,0,175,f175,-0.003384815761819482,0.0,0.0,208,S0_lightgbm,val_PR_AUC_drop
seagate_kqi,time-series-2,mean,8,45,0,176,f176,0.0245427917689085,0.0245427917689085,0.04420752823352814,8,S0_lightgbm,val_PR_AUC_drop
seagate_kqi,time-series-2,mean,8,45,0,177,f177,-9.36677897698246e-05,0.0,0.0,190,S0_lightgbm,val_PR_AUC_drop
seagate_kqi,time-series-2,mean,8,45,0,178,f178,-0.01012477371841669,0.0,0.0,217,S0_lightgbm,val_PR_AUC_drop
seagate_kqi,time-series-2,mean,8,45,0,179,f179,0.03837442770600319,0.03837442770600319,0.06912166625261307,4,S0_lightgbm,val_PR_AUC_drop
seagate_kqi,time-series-2,mean,8,45,0,180,f180,-0.0009828507900238037,0.0,0.0,206,S0_lightgbm,val_PR_AUC_drop
seagate_kqi,time-series-2,mean,8,45,0,181,f181,0.0018491034861654043,0.0018491034861654043,0.0033306844998151064,33,S0_lightgbm,val_PR_AUC_drop
seagate_kqi,time-series-2,mean,8,45,0,182,f182,0.009162962436676025,0.009162962436676025,0.016504721716046333,18,S0_lightgbm,val_PR_AUC_drop
seagate_kqi,time-series-2,mean,8,45,0,183,f183,0.005177737213671207,0.005177737213671207,0.009326362051069736,23,S0_lightgbm,val_PR_AUC_drop
seagate_kqi,time-series-2,mean,8,45,0,184,f184,0.004060808569192886,0.004060808569192886,0.007314502727240324,25,S0_lightgbm,val_PR_AUC_drop
seagate_kqi,time-series-2,mean,8,45,0,185,f185,-0.007452794350683689,0.0,0.0,215,S0_lightgbm,val_PR_AUC_drop
seagate_kqi,time-series-2,mean,8,45,0,186,f186,-0.006245791912078857,0.0,0.0,213,S0_lightgbm,val_PR_AUC_drop
seagate_kqi,time-series-2,mean,8,45,0,187,f187,0.005123062524944544,0.005123062524944544,0.009227880276739597,24,S0_lightgbm,val_PR_AUC_drop
seagate_kqi,time-series-2,mean,8,45,0,188,f188,-0.004515930078923702,0.0,0.0,211,S0_lightgbm,val_PR_AUC_drop
seagate_kqi,time-series-2,mean,8,45,0,189,f189,4.0925360167420877e-07,4.0925360167420877e-07,7.371651236098842e-07,49,S0_lightgbm,val_PR_AUC_drop
seagate_kqi,time-series-2,mean,8,45,0,190,f190,0.10006724298000336,0.10006724298000336,0.18024541437625885,1,S0_lightgbm,val_PR_AUC_drop
seagate_kqi,time-series-2,mean,8,45,0,191,f191,0.015981420874595642,0.015981420874595642,0.028786420822143555,14,S0_lightgbm,val_PR_AUC_drop
seagate_kqi,time-series-2,mean,8,45,0,192,f192,-0.029427213594317436,0.0,0.0,219,S0_lightgbm,val_PR_AUC_drop
seagate_kqi,time-series-2,mean,8,45,0,193,f193,0.04018673673272133,0.04018673673272133,0.07238607108592987,3,S0_lightgbm,val_PR_AUC_drop
seagate_kqi,time-series-2,mean,8,45,0,194,f194,-0.004953073803335428,0.0,0.0,212,S0_lightgbm,val_PR_AUC_drop
seagate_kqi,time-series-2,mean,8,45,0,195,f195,-0.00011348305270075798,0.0,0.0,192,S0_lightgbm,val_PR_AUC_drop
seagate_kqi,time-series-2,mean,8,45,0,196,f196,0.0024966481141746044,0.0024966481141746044,0.004497069865465164,29,S0_lightgbm,val_PR_AUC_drop
seagate_kqi,time-series-2,mean,8,45,0,197,f197,-2.4992352336994372e-05,0.0,0.0,187,S0_lightgbm,val_PR_AUC_drop
seagate_kqi,time-series-2,mean,8,45,0,198,f198,0.021348463371396065,0.021348463371396065,0.03845376893877983,10,S0_lightgbm,val_PR_AUC_drop
seagate_kqi,time-series-2,mean,8,45,0,199,f199,-0.00397158320993185,0.0,0.0,209,S0_lightgbm,val_PR_AUC_drop
seagate_kqi,time-series-2,mean,8,45,0,200,f200,-0.03505636379122734,0.0,0.0,220,S0_lightgbm,val_PR_AUC_drop
seagate_kqi,time-series-2,mean,8,45,0,201,f201,-0.004507987294346094,0.0,0.0,210,S0_lightgbm,val_PR_AUC_drop
seagate_kqi,time-series-2,mean,8,45,0,202,f202,0.02667348086833954,0.02667348086833954,0.04804541915655136,5,S0_lightgbm,val_PR_AUC_drop
seagate_kqi,time-series-2,mean,8,45,0,203,f203,0.013977963477373123,0.013977963477373123,0.02517770789563656,15,S0_lightgbm,val_PR_AUC_drop
seagate_kqi,time-series-2,mean,8,45,0,204,f204,0.016318438574671745,0.016318438574671745,0.029393471777439117,13,S0_lightgbm,val_PR_AUC_drop
seagate_kqi,time-series-2,mean,8,45,0,205,f205,0.001732316450215876,0.001732316450215876,0.003120322711765766,35,S0_lightgbm,val_PR_AUC_drop
seagate_kqi,time-series-2,mean,8,45,0,206,f206,-0.0005001983372494578,0.0,0.0,203,S0_lightgbm,val_PR_AUC_drop
seagate_kqi,time-series-2,mean,8,45,0,207,f207,-0.0066216434352099895,0.0,0.0,214,S0_lightgbm,val_PR_AUC_drop
seagate_kqi,time-series-2,mean,8,45,0,208,f208,0.010079806670546532,0.010079806670546532,0.018156180158257484,17,S0_lightgbm,val_PR_AUC_drop
seagate_kqi,time-series-2,mean,8,45,0,209,f209,0.007713119499385357,0.007713119499385357,0.01389320194721222,20,S0_lightgbm,val_PR_AUC_drop
seagate_kqi,time-series-2,mean,8,45,0,210,f210,8.770773274591193e-05,8.770773274591193e-05,0.00015798292588442564,41,S0_lightgbm,val_PR_AUC_drop
seagate_kqi,time-series-2,mean,8,45,0,211,f211,0.01265135407447815,0.01265135407447815,0.022788161411881447,16,S0_lightgbm,val_PR_AUC_drop
seagate_kqi,time-series-2,mean,8,45,0,212,f212,0.0,0.0,0.0,181,S0_lightgbm,val_PR_AUC_drop
seagate_kqi,time-series-2,mean,8,45,0,213,f213,1.9103154613731022e-07,1.9103154613731022e-07,3.4409421800774e-07,50,S0_lightgbm,val_PR_AUC_drop
seagate_kqi,time-series-2,mean,8,45,0,214,f214,0.0443229041993618,0.0443229041993618,0.07983631640672684,2,S0_lightgbm,val_PR_AUC_drop
seagate_kqi,time-series-2,mean,8,45,0,215,f215,0.0065198615193367004,0.0065198615193367004,0.011743854731321335,21,S0_lightgbm,val_PR_AUC_drop
seagate_kqi,time-series-2,mean,8,45,0,216,f216,0.0,0.0,0.0,182,S0_lightgbm,val_PR_AUC_drop
seagate_kqi,time-series-2,mean,8,45,0,217,f217,0.008958579041063786,0.008958579041063786,0.01613657735288143,19,S0_lightgbm,val_PR_AUC_drop
seagate_kqi,time-series-2,mean,8,45,0,218,f218,0.0,0.0,0.0,183,S0_lightgbm,val_PR_AUC_drop
seagate_kqi,time-series-2,mean,8,45,0,219,f219,0.0,0.0,0.0,184,S0_lightgbm,val_PR_AUC_drop
seagate_kqi,time-series-2,mean,8,46,0,0,f0,0.0006137951277196407,0.0006137951277196407,0.0011884337291121483,33,S0_lightgbm,val_PR_AUC_drop
seagate_kqi,time-series-2,mean,8,46,0,1,f1,0.0,0.0,0.0,45,S0_lightgbm,val_PR_AUC_drop
seagate_kqi,time-series-2,mean,8,46,0,2,f2,1.4382096651388565e-06,1.4382096651388565e-06,2.784669959510211e-06,44,S0_lightgbm,val_PR_AUC_drop
seagate_kqi,time-series-2,mean,8,46,0,3,f3,0.0,0.0,0.0,46,S0_lightgbm,val_PR_AUC_drop
seagate_kqi,time-series-2,mean,8,46,0,4,f4,0.0,0.0,0.0,47,S0_lightgbm,val_PR_AUC_drop
seagate_kqi,time-series-2,mean,8,46,0,5,f5,0.00031880970345810056,0.00031880970345810056,0.0006172812427394092,34,S0_lightgbm,val_PR_AUC_drop
seagate_kqi,time-series-2,mean,8,46,0,6,f6,0.0,0.0,0.0,48,S0_lightgbm,val_PR_AUC_drop
seagate_kqi,time-series-2,mean,8,46,0,7,f7,0.0,0.0,0.0,49,S0_lightgbm,val_PR_AUC_drop
seagate_kqi,time-series-2,mean,8,46,0,8,f8,0.0,0.0,0.0,50,S0_lightgbm,val_PR_AUC_drop
seagate_kqi,time-series-2,mean,8,46,0,9,f9,0.0,0.0,0.0,51,S0_lightgbm,val_PR_AUC_drop
seagate_kqi,time-series-2,mean,8,46,0,10,f10,0.0,0.0,0.0,52,S0_lightgbm,val_PR_AUC_drop
seagate_kqi,time-series-2,mean,8,46,0,11,f11,0.0,0.0,0.0,53,S0_lightgbm,val_PR_AUC_drop
seagate_kqi,time-series-2,mean,8,46,0,12,f12,0.0,0.0,0.0,54,S0_lightgbm,val_PR_AUC_drop
seagate_kqi,time-series-2,mean,8,46,0,13,f13,0.0,0.0,0.0,55,S0_lightgbm,val_PR_AUC_drop
seagate_kqi,time-series-2,mean,8,46,0,14,f14,0.0,0.0,0.0,56,S0_lightgbm,val_PR_AUC_drop
seagate_kqi,time-series-2,mean,8,46,0,15,f15,0.0,0.0,0.0,57,S0_lightgbm,val_PR_AUC_drop
seagate_kqi,time-series-2,mean,8,46,0,16,f16,0.0,0.0,0.0,58,S0_lightgbm,val_PR_AUC_drop
seagate_kqi,time-series-2,mean,8,46,0,17,f17,0.0,0.0,0.0,59,S0_lightgbm,val_PR_AUC_drop
seagate_kqi,time-series-2,mean,8,46,0,18,f18,0.0,0.0,0.0,60,S0_lightgbm,val_PR_AUC_drop
seagate_kqi,time-series-2,mean,8,46,0,19,f19,0.0,0.0,0.0,61,S0_lightgbm,val_PR_AUC_drop
seagate_kqi,time-series-2,mean,8,46,0,20,f20,0.0,0.0,0.0,62,S0_lightgbm,val_PR_AUC_drop
seagate_kqi,time-series-2,mean,8,46,0,21,f21,0.0,0.0,0.0,63,S0_lightgbm,val_PR_AUC_drop
seagate_kqi,time-series-2,mean,8,46,0,22,f22,0.0,0.0,0.0,64,S0_lightgbm,val_PR_AUC_drop
seagate_kqi,time-series-2,mean,8,46,0,23,f23,0.0,0.0,0.0,65,S0_lightgbm,val_PR_AUC_drop
seagate_kqi,time-series-2,mean,8,46,0,24,f24,0.0,0.0,0.0,66,S0_lightgbm,val_PR_AUC_drop
seagate_kqi,time-series-2,mean,8,46,0,25,f25,0.0,0.0,0.0,67,S0_lightgbm,val_PR_AUC_drop
seagate_kqi,time-series-2,mean,8,46,0,26,f26,0.0,0.0,0.0,68,S0_lightgbm,val_PR_AUC_drop
seagate_kqi,time-series-2,mean,8,46,0,27,f27,0.0,0.0,0.0,69,S0_lightgbm,val_PR_AUC_drop
seagate_kqi,time-series-2,mean,8,46,0,28,f28,0.0,0.0,0.0,70,S0_lightgbm,val_PR_AUC_drop
seagate_kqi,time-series-2,mean,8,46,0,29,f29,0.0,0.0,0.0,71,S0_lightgbm,val_PR_AUC_drop
seagate_kqi,time-series-2,mean,8,46,0,30,f30,0.0,0.0,0.0,72,S0_lightgbm,val_PR_AUC_drop
seagate_kqi,time-series-2,mean,8,46,0,31,f31,0.0,0.0,0.0,73,S0_lightgbm,val_PR_AUC_drop
seagate_kqi,time-series-2,mean,8,46,0,32,f32,0.0,0.0,0.0,74,S0_lightgbm,val_PR_AUC_drop
seagate_kqi,time-series-2,mean,8,46,0,33,f33,0.0,0.0,0.0,75,S0_lightgbm,val_PR_AUC_drop
seagate_kqi,time-series-2,mean,8,46,0,34,f34,0.0,0.0,0.0,76,S0_lightgbm,val_PR_AUC_drop
seagate_kqi,time-series-2,mean,8,46,0,35,f35,0.0,0.0,0.0,77,S0_lightgbm,val_PR_AUC_drop
seagate_kqi,time-series-2,mean,8,46,0,36,f36,0.0,0.0,0.0,78,S0_lightgbm,val_PR_AUC_drop
seagate_kqi,time-series-2,mean,8,46,0,37,f37,0.0,0.0,0.0,79,S0_lightgbm,val_PR_AUC_drop
seagate_kqi,time-series-2,mean,8,46,0,38,f38,0.0,0.0,0.0,80,S0_lightgbm,val_PR_AUC_drop
seagate_kqi,time-series-2,mean,8,46,0,39,f39,0.0,0.0,0.0,81,S0_lightgbm,val_PR_AUC_drop
seagate_kqi,time-series-2,mean,8,46,0,40,f40,0.0,0.0,0.0,82,S0_lightgbm,val_PR_AUC_drop
seagate_kqi,time-series-2,mean,8,46,0,41,f41,0.0,0.0,0.0,83,S0_lightgbm,val_PR_AUC_drop
seagate_kqi,time-series-2,mean,8,46,0,42,f42,0.0,0.0,0.0,84,S0_lightgbm,val_PR_AUC_drop
seagate_kqi,time-series-2,mean,8,46,0,43,f43,0.0,0.0,0.0,85,S0_lightgbm,val_PR_AUC_drop
seagate_kqi,time-series-2,mean,8,46,0,44,f44,0.0,0.0,0.0,86,S0_lightgbm,val_PR_AUC_drop
seagate_kqi,time-series-2,mean,8,46,0,45,f45,0.0,0.0,0.0,87,S0_lightgbm,val_PR_AUC_drop
seagate_kqi,time-series-2,mean,8,46,0,46,f46,0.0,0.0,0.0,88,S0_lightgbm,val_PR_AUC_drop
seagate_kqi,time-series-2,mean,8,46,0,47,f47,0.0,0.0,0.0,89,S0_lightgbm,val_PR_AUC_drop
seagate_kqi,time-series-2,mean,8,46,0,48,f48,0.0,0.0,0.0,90,S0_lightgbm,val_PR_AUC_drop
seagate_kqi,time-series-2,mean,8,46,0,49,f49,0.0,0.0,0.0,91,S0_lightgbm,val_PR_AUC_drop
seagate_kqi,time-series-2,mean,8,46,0,50,f50,0.0,0.0,0.0,92,S0_lightgbm,val_PR_AUC_drop
seagate_kqi,time-series-2,mean,8,46,0,51,f51,0.0,0.0,0.0,93,S0_lightgbm,val_PR_AUC_drop
seagate_kqi,time-series-2,mean,8,46,0,52,f52,0.0,0.0,0.0,94,S0_lightgbm,val_PR_AUC_drop
seagate_kqi,time-series-2,mean,8,46,0,53,f53,0.0,0.0,0.0,95,S0_lightgbm,val_PR_AUC_drop
seagate_kqi,time-series-2,mean,8,46,0,54,f54,0.0,0.0,0.0,96,S0_lightgbm,val_PR_AUC_drop
seagate_kqi,time-series-2,mean,8,46,0,55,f55,0.0,0.0,0.0,97,S0_lightgbm,val_PR_AUC_drop
seagate_kqi,time-series-2,mean,8,46,0,56,f56,0.0,0.0,0.0,98,S0_lightgbm,val_PR_AUC_drop
seagate_kqi,time-series-2,mean,8,46,0,57,f57,0.0,0.0,0.0,99,S0_lightgbm,val_PR_AUC_drop
seagate_kqi,time-series-2,mean,8,46,0,58,f58,0.0,0.0,0.0,100,S0_lightgbm,val_PR_AUC_drop
seagate_kqi,time-series-2,mean,8,46,0,59,f59,0.0,0.0,0.0,101,S0_lightgbm,val_PR_AUC_drop
seagate_kqi,time-series-2,mean,8,46,0,60,f60,0.0,0.0,0.0,102,S0_lightgbm,val_PR_AUC_drop
seagate_kqi,time-series-2,mean,8,46,0,61,f61,0.0,0.0,0.0,103,S0_lightgbm,val_PR_AUC_drop
seagate_kqi,time-series-2,mean,8,46,0,62,f62,0.0,0.0,0.0,104,S0_lightgbm,val_PR_AUC_drop
seagate_kqi,time-series-2,mean,8,46,0,63,f63,0.0,0.0,0.0,105,S0_lightgbm,val_PR_AUC_drop
seagate_kqi,time-series-2,mean,8,46,0,64,f64,0.0,0.0,0.0,106,S0_lightgbm,val_PR_AUC_drop
seagate_kqi,time-series-2,mean,8,46,0,65,f65,0.0,0.0,0.0,107,S0_lightgbm,val_PR_AUC_drop
seagate_kqi,time-series-2,mean,8,46,0,66,f66,0.0,0.0,0.0,108,S0_lightgbm,val_PR_AUC_drop
seagate_kqi,time-series-2,mean,8,46,0,67,f67,0.0,0.0,0.0,109,S0_lightgbm,val_PR_AUC_drop
seagate_kqi,time-series-2,mean,8,46,0,68,f68,0.0,0.0,0.0,110,S0_lightgbm,val_PR_AUC_drop
seagate_kqi,time-series-2,mean,8,46,0,69,f69,0.0,0.0,0.0,111,S0_lightgbm,val_PR_AUC_drop
seagate_kqi,time-series-2,mean,8,46,0,70,f70,0.0,0.0,0.0,112,S0_lightgbm,val_PR_AUC_drop
seagate_kqi,time-series-2,mean,8,46,0,71,f71,0.0,0.0,0.0,113,S0_lightgbm,val_PR_AUC_drop
seagate_kqi,time-series-2,mean,8,46,0,72,f72,0.0,0.0,0.0,114,S0_lightgbm,val_PR_AUC_drop
seagate_kqi,time-series-2,mean,8,46,0,73,f73,0.0,0.0,0.0,115,S0_lightgbm,val_PR_AUC_drop
seagate_kqi,time-series-2,mean,8,46,0,74,f74,0.0,0.0,0.0,116,S0_lightgbm,val_PR_AUC_drop
seagate_kqi,time-series-2,mean,8,46,0,75,f75,0.0,0.0,0.0,117,S0_lightgbm,val_PR_AUC_drop
seagate_kqi,time-series-2,mean,8,46,0,76,f76,0.0,0.0,0.0,118,S0_lightgbm,val_PR_AUC_drop
seagate_kqi,time-series-2,mean,8,46,0,77,f77,0.0,0.0,0.0,119,S0_lightgbm,val_PR_AUC_drop
seagate_kqi,time-series-2,mean,8,46,0,78,f78,0.0,0.0,0.0,120,S0_lightgbm,val_PR_AUC_drop
seagate_kqi,time-series-2,mean,8,46,0,79,f79,0.0,0.0,0.0,121,S0_lightgbm,val_PR_AUC_drop
seagate_kqi,time-series-2,mean,8,46,0,80,f80,0.0,0.0,0.0,122,S0_lightgbm,val_PR_AUC_drop
seagate_kqi,time-series-2,mean,8,46,0,81,f81,0.0,0.0,0.0,123,S0_lightgbm,val_PR_AUC_drop
seagate_kqi,time-series-2,mean,8,46,0,82,f82,0.0,0.0,0.0,124,S0_lightgbm,val_PR_AUC_drop
seagate_kqi,time-series-2,mean,8,46,0,83,f83,0.0,0.0,0.0,125,S0_lightgbm,val_PR_AUC_drop
seagate_kqi,time-series-2,mean,8,46,0,84,f84,0.0,0.0,0.0,126,S0_lightgbm,val_PR_AUC_drop
seagate_kqi,time-series-2,mean,8,46,0,85,f85,0.0,0.0,0.0,127,S0_lightgbm,val_PR_AUC_drop
seagate_kqi,time-series-2,mean,8,46,0,86,f86,0.0,0.0,0.0,128,S0_lightgbm,val_PR_AUC_drop
seagate_kqi,time-series-2,mean,8,46,0,87,f87,0.0,0.0,0.0,129,S0_lightgbm,val_PR_AUC_drop
seagate_kqi,time-series-2,mean,8,46,0,88,f88,0.0,0.0,0.0,130,S0_lightgbm,val_PR_AUC_drop
seagate_kqi,time-series-2,mean,8,46,0,89,f89,0.0,0.0,0.0,131,S0_lightgbm,val_PR_AUC_drop
seagate_kqi,time-series-2,mean,8,46,0,90,f90,0.0,0.0,0.0,132,S0_lightgbm,val_PR_AUC_drop
seagate_kqi,time-series-2,mean,8,46,0,91,f91,0.0,0.0,0.0,133,S0_lightgbm,val_PR_AUC_drop
seagate_kqi,time-series-2,mean,8,46,0,92,f92,0.0,0.0,0.0,134,S0_lightgbm,val_PR_AUC_drop
seagate_kqi,time-series-2,mean,8,46,0,93,f93,0.0,0.0,0.0,135,S0_lightgbm,val_PR_AUC_drop
seagate_kqi,time-series-2,mean,8,46,0,94,f94,0.0,0.0,0.0,136,S0_lightgbm,val_PR_AUC_drop
seagate_kqi,time-series-2,mean,8,46,0,95,f95,0.0,0.0,0.0,137,S0_lightgbm,val_PR_AUC_drop
seagate_kqi,time-series-2,mean,8,46,0,96,f96,0.0,0.0,0.0,138,S0_lightgbm,val_PR_AUC_drop
seagate_kqi,time-series-2,mean,8,46,0,97,f97,0.0,0.0,0.0,139,S0_lightgbm,val_PR_AUC_drop
seagate_kqi,time-series-2,mean,8,46,0,98,f98,0.0,0.0,0.0,140,S0_lightgbm,val_PR_AUC_drop
seagate_kqi,time-series-2,mean,8,46,0,99,f99,0.0,0.0,0.0,141,S0_lightgbm,val_PR_AUC_drop
seagate_kqi,time-series-2,mean,8,46,0,100,f100,0.0,0.0,0.0,142,S0_lightgbm,val_PR_AUC_drop
seagate_kqi,time-series-2,mean,8,46,0,101,f101,-1.7536856944389e-07,0.0,0.0,184,S0_lightgbm,val_PR_AUC_drop
seagate_kqi,time-series-2,mean,8,46,0,102,f102,-2.346179570622553e-07,0.0,0.0,185,S0_lightgbm,val_PR_AUC_drop
seagate_kqi,time-series-2,mean,8,46,0,103,f103,0.0,0.0,0.0,143,S0_lightgbm,val_PR_AUC_drop
seagate_kqi,time-series-2,mean,8,46,0,104,f104,0.0,0.0,0.0,144,S0_lightgbm,val_PR_AUC_drop
seagate_kqi,time-series-2,mean,8,46,0,105,f105,0.0,0.0,0.0,145,S0_lightgbm,val_PR_AUC_drop
seagate_kqi,time-series-2,mean,8,46,0,106,f106,3.413380545680411e-05,3.413380545680411e-05,6.609007687075064e-05,40,S0_lightgbm,val_PR_AUC_drop
seagate_kqi,time-series-2,mean,8,46,0,107,f107,0.0,0.0,0.0,146,S0_lightgbm,val_PR_AUC_drop
seagate_kqi,time-series-2,mean,8,46,0,108,f108,0.0,0.0,0.0,147,S0_lightgbm,val_PR_AUC_drop
seagate_kqi,time-series-2,mean,8,46,0,109,f109,0.0,0.0,0.0,148,S0_lightgbm,val_PR_AUC_drop
seagate_kqi,time-series-2,mean,8,46,0,110,f110,-0.0009652154985815287,0.0,0.0,198,S0_lightgbm,val_PR_AUC_drop
seagate_kqi,time-series-2,mean,8,46,0,111,f111,6.390838279912714e-06,6.390838279912714e-06,1.2373978279356379e-05,42,S0_lightgbm,val_PR_AUC_drop
seagate_kqi,time-series-2,mean,8,46,0,112,f112,-0.0017083835555240512,0.0,0.0,201,S0_lightgbm,val_PR_AUC_drop
seagate_kqi,time-series-2,mean,8,46,0,113,f113,2.8320253022684483e-06,2.8320253022684483e-06,5.483384029503213e-06,43,S0_lightgbm,val_PR_AUC_drop
seagate_kqi,time-series-2,mean,8,46,0,114,f114,0.0,0.0,0.0,149,S0_lightgbm,val_PR_AUC_drop
seagate_kqi,time-series-2,mean,8,46,0,115,f115,-0.0004507293051574379,0.0,0.0,194,S0_lightgbm,val_PR_AUC_drop
seagate_kqi,time-series-2,mean,8,46,0,116,f116,0.0,0.0,0.0,150,S0_lightgbm,val_PR_AUC_drop
seagate_kqi,time-series-2,mean,8,46,0,117,f117,-0.0007012034766376019,0.0,0.0,195,S0_lightgbm,val_PR_AUC_drop
seagate_kqi,time-series-2,mean,8,46,0,118,f118,3.459231447777711e-05,3.459231447777711e-05,6.697783828713e-05,39,S0_lightgbm,val_PR_AUC_drop
seagate_kqi,time-series-2,mean,8,46,0,119,f119,0.0,0.0,0.0,151,S0_lightgbm,val_PR_AUC_drop
seagate_kqi,time-series-2,mean,8,46,0,120,f120,-0.000339208374498412,0.0,0.0,192,S0_lightgbm,val_PR_AUC_drop
seagate_kqi,time-series-2,mean,8,46,0,121,f121,0.0,0.0,0.0,152,S0_lightgbm,val_PR_AUC_drop
seagate_kqi,time-series-2,mean,8,46,0,122,f122,0.0,0.0,0.0,153,S0_lightgbm,val_PR_AUC_drop
seagate_kqi,time-series-2,mean,8,46,0,123,f123,0.0,0.0,0.0,154,S0_lightgbm,val_PR_AUC_drop
seagate_kqi,time-series-2,mean,8,46,0,124,f124,0.0,0.0,0.0,155,S0_lightgbm,val_PR_AUC_drop
seagate_kqi,time-series-2,mean,8,46,0,125,f125,0.0,0.0,0.0,156,S0_lightgbm,val_PR_AUC_drop
seagate_kqi,time-series-2,mean,8,46,0,126,f126,0.0,0.0,0.0,157,S0_lightgbm,val_PR_AUC_drop
seagate_kqi,time-series-2,mean,8,46,0,127,f127,-0.000354158430127427,0.0,0.0,193,S0_lightgbm,val_PR_AUC_drop
seagate_kqi,time-series-2,mean,8,46,0,128,f128,0.0,0.0,0.0,158,S0_lightgbm,val_PR_AUC_drop
seagate_kqi,time-series-2,mean,8,46,0,129,f129,5.826236156281084e-05,5.826236156281084e-05,0.00011280792386969551,37,S0_lightgbm,val_PR_AUC_drop
seagate_kqi,time-series-2,mean,8,46,0,130,f130,0.0,0.0,0.0,159,S0_lightgbm,val_PR_AUC_drop
seagate_kqi,time-series-2,mean,8,46,0,131,f131,0.0,0.0,0.0,160,S0_lightgbm,val_PR_AUC_drop
seagate_kqi,time-series-2,mean,8,46,0,132,f132,0.0,0.0,0.0,161,S0_lightgbm,val_PR_AUC_drop
seagate_kqi,time-series-2,mean,8,46,0,133,f133,0.0,0.0,0.0,162,S0_lightgbm,val_PR_AUC_drop
seagate_kqi,time-series-2,mean,8,46,0,134,f134,0.0370706170797348,0.0370706170797348,0.07177634537220001,5,S0_lightgbm,val_PR_AUC_drop
seagate_kqi,time-series-2,mean,8,46,0,135,f135,0.001902822987176478,0.001902822987176478,0.003684256924316287,31,S0_lightgbm,val_PR_AUC_drop
seagate_kqi,time-series-2,mean,8,46,0,136,f136,0.0,0.0,0.0,163,S0_lightgbm,val_PR_AUC_drop
seagate_kqi,time-series-2,mean,8,46,0,137,f137,0.004008060321211815,0.004008060321211815,0.007760429754853249,21,S0_lightgbm,val_PR_AUC_drop
seagate_kqi,time-series-2,mean,8,46,0,138,f138,-0.00017536725499667227,0.0,0.0,190,S0_lightgbm,val_PR_AUC_drop
seagate_kqi,time-series-2,mean,8,46,0,139,f139,-0.0020791306160390377,0.0,0.0,202,S0_lightgbm,val_PR_AUC_drop
seagate_kqi,time-series-2,mean,8,46,0,140,f140,0.0036363492254167795,0.0036363492254167795,0.00704072043299675,22,S0_lightgbm,val_PR_AUC_drop
seagate_kqi,time-series-2,mean,8,46,0,141,f141,0.0,0.0,0.0,164,S0_lightgbm,val_PR_AUC_drop
seagate_kqi,time-series-2,mean,8,46,0,142,f142,-0.006254253908991814,0.0,0.0,209,S0_lightgbm,val_PR_AUC_drop
seagate_kqi,time-series-2,mean,8,46,0,143,f143,1.1081858247052878e-05,1.1081858247052878e-05,2.1456758986460045e-05,41,S0_lightgbm,val_PR_AUC_drop
seagate_kqi,time-series-2,mean,8,46,0,144,f144,0.0,0.0,0.0,165,S0_lightgbm,val_PR_AUC_drop
seagate_kqi,time-series-2,mean,8,46,0,145,f145,0.0,0.0,0.0,166,S0_lightgbm,val_PR_AUC_drop
seagate_kqi,time-series-2,mean,8,46,0,146,f146,-0.0001985704730032012,0.0,0.0,191,S0_lightgbm,val_PR_AUC_drop
seagate_kqi,time-series-2,mean,8,46,0,147,f147,-4.734250615001656e-05,0.0,0.0,188,S0_lightgbm,val_PR_AUC_drop
seagate_kqi,time-series-2,mean,8,46,0,148,f148,-1.9424091988184955e-06,0.0,0.0,186,S0_lightgbm,val_PR_AUC_drop
seagate_kqi,time-series-2,mean,8,46,0,149,f149,-0.0025312062352895737,0.0,0.0,203,S0_lightgbm,val_PR_AUC_drop
seagate_kqi,time-series-2,mean,8,46,0,150,f150,-0.004947841167449951,0.0,0.0,206,S0_lightgbm,val_PR_AUC_drop
seagate_kqi,time-series-2,mean,8,46,0,151,f151,0.0,0.0,0.0,167,S0_lightgbm,val_PR_AUC_drop
seagate_kqi,time-series-2,mean,8,46,0,152,f152,0.0,0.0,0.0,168,S0_lightgbm,val_PR_AUC_drop
seagate_kqi,time-series-2,mean,8,46,0,153,f153,0.0,0.0,0.0,169,S0_lightgbm,val_PR_AUC_drop
seagate_kqi,time-series-2,mean,8,46,0,154,f154,0.0,0.0,0.0,170,S0_lightgbm,val_PR_AUC_drop
seagate_kqi,time-series-2,mean,8,46,0,155,f155,0.0,0.0,0.0,171,S0_lightgbm,val_PR_AUC_drop
seagate_kqi,time-series-2,mean,8,46,0,156,f156,0.0,0.0,0.0,172,S0_lightgbm,val_PR_AUC_drop
seagate_kqi,time-series-2,mean,8,46,0,157,f157,-6.122561899246648e-05,0.0,0.0,189,S0_lightgbm,val_PR_AUC_drop
seagate_kqi,time-series-2,mean,8,46,0,158,f158,0.0,0.0,0.0,173,S0_lightgbm,val_PR_AUC_drop
seagate_kqi,time-series-2,mean,8,46,0,159,f159,0.0,0.0,0.0,174,S0_lightgbm,val_PR_AUC_drop
seagate_kqi,time-series-2,mean,8,46,0,160,f160,0.00030569193768315017,0.00030569193768315017,0.0005918825045228004,35,S0_lightgbm,val_PR_AUC_drop
seagate_kqi,time-series-2,mean,8,46,0,161,f161,0.0,0.0,0.0,175,S0_lightgbm,val_PR_AUC_drop
seagate_kqi,time-series-2,mean,8,46,0,162,f162,0.03655623644590378,0.03655623644590378,0.07078039646148682,7,S0_lightgbm,val_PR_AUC_drop
seagate_kqi,time-series-2,mean,8,46,0,163,f163,0.0,0.0,0.0,176,S0_lightgbm,val_PR_AUC_drop
seagate_kqi,time-series-2,mean,8,46,0,164,f164,-0.001055356813594699,0.0,0.0,199,S0_lightgbm,val_PR_AUC_drop
seagate_kqi,time-series-2,mean,8,46,0,165,f165,0.025288138538599014,0.025288138538599014,0.0489630401134491,8,S0_lightgbm,val_PR_AUC_drop
seagate_kqi,time-series-2,mean,8,46,0,166,f166,0.0027856319211423397,0.0027856319211423397,0.005393556784838438,26,S0_lightgbm,val_PR_AUC_drop
seagate_kqi,time-series-2,mean,8,46,0,167,f167,0.0033205864019691944,0.0033205864019691944,0.006429338827729225,24,S0_lightgbm,val_PR_AUC_drop
seagate_kqi,time-series-2,mean,8,46,0,168,f168,-0.0015040934085845947,0.0,0.0,200,S0_lightgbm,val_PR_AUC_drop
seagate_kqi,time-series-2,mean,8,46,0,169,f169,0.0,0.0,0.0,177,S0_lightgbm,val_PR_AUC_drop
seagate_kqi,time-series-2,mean,8,46,0,170,f170,-0.022279158234596252,0.0,0.0,217,S0_lightgbm,val_PR_AUC_drop
seagate_kqi,time-series-2,mean,8,46,0,171,f171,-0.03325903043150902,0.0,0.0,219,S0_lightgbm,val_PR_AUC_drop
seagate_kqi,time-series-2,mean,8,46,0,172,f172,-0.005873671732842922,0.0,0.0,208,S0_lightgbm,val_PR_AUC_drop
seagate_kqi,time-series-2,mean,8,46,0,173,f173,0.0,0.0,0.0,178,S0_lightgbm,val_PR_AUC_drop
seagate_kqi,time-series-2,mean,8,46,0,174,f174,0.011165091767907143,0.011165091767907143,0.021617915481328964,15,S0_lightgbm,val_PR_AUC_drop
seagate_kqi,time-series-2,mean,8,46,0,175,f175,0.002577987965196371,0.002577987965196371,0.004991515539586544,27,S0_lightgbm,val_PR_AUC_drop
seagate_kqi,time-series-2,mean,8,46,0,176,f176,0.04089215770363808,0.04089215770363808,0.07917563617229462,2,S0_lightgbm,val_PR_AUC_drop
seagate_kqi,time-series-2,mean,8,46,0,177,f177,0.0023051141761243343,0.0023051141761243343,0.004463175777345896,28,S0_lightgbm,val_PR_AUC_drop
seagate_kqi,time-series-2,mean,8,46,0,178,f178,-0.005470703821629286,0.0,0.0,207,S0_lightgbm,val_PR_AUC_drop
seagate_kqi,time-series-2,mean,8,46,0,179,f179,0.01689874194562435,0.01689874194562435,0.0327194444835186,10,S0_lightgbm,val_PR_AUC_drop
seagate_kqi,time-series-2,mean,8,46,0,180,f180,-0.051748208701610565,0.0,0.0,220,S0_lightgbm,val_PR_AUC_drop
seagate_kqi,time-series-2,mean,8,46,0,181,f181,0.0009145025978796184,0.0009145025978796184,0.001770665287040174,32,S0_lightgbm,val_PR_AUC_drop
seagate_kqi,time-series-2,mean,8,46,0,182,f182,-4.073160016559996e-05,0.0,0.0,187,S0_lightgbm,val_PR_AUC_drop
seagate_kqi,time-series-2,mean,8,46,0,183,f183,-0.004272255580872297,0.0,0.0,205,S0_lightgbm,val_PR_AUC_drop
seagate_kqi,time-series-2,mean,8,46,0,184,f184,0.006961400620639324,0.006961400620639324,0.01347870472818613,19,S0_lightgbm,val_PR_AUC_drop
seagate_kqi,time-series-2,mean,8,46,0,185,f185,-0.017936551943421364,0.0,0.0,216,S0_lightgbm,val_PR_AUC_drop
seagate_kqi,time-series-2,mean,8,46,0,186,f186,-0.013973111286759377,0.0,0.0,214,S0_lightgbm,val_PR_AUC_drop
seagate_kqi,time-series-2,mean,8,46,0,187,f187,0.017726531252264977,0.017726531252264977,0.034322213381528854,9,S0_lightgbm,val_PR_AUC_drop
seagate_kqi,time-series-2,mean,8,46,0,188,f188,0.008107680827379227,0.008107680827379227,0.015698138624429703,18,S0_lightgbm,val_PR_AUC_drop
seagate_kqi,time-series-2,mean,8,46,0,189,f189,-0.000833501573652029,0.0,0.0,196,S0_lightgbm,val_PR_AUC_drop
seagate_kqi,time-series-2,mean,8,46,0,190,f190,0.08826269954442978,0.08826269954442978,0.17089475691318512,1,S0_lightgbm,val_PR_AUC_drop
seagate_kqi,time-series-2,mean,8,46,0,191,f191,0.0001370621466776356,0.0001370621466776356,0.00026538054225966334,36,S0_lightgbm,val_PR_AUC_drop
seagate_kqi,time-series-2,mean,8,46,0,192,f192,0.03671947866678238,0.03671947866678238,0.07109647244215012,6,S0_lightgbm,val_PR_AUC_drop
seagate_kqi,time-series-2,mean,8,46,0,193,f193,0.03723561763763428,0.03723561763763428,0.07209581881761551,4,S0_lightgbm,val_PR_AUC_drop
seagate_kqi,time-series-2,mean,8,46,0,194,f194,0.0153494942933321,0.0153494942933321,0.029719781130552292,11,S0_lightgbm,val_PR_AUC_drop
seagate_kqi,time-series-2,mean,8,46,0,195,f195,0.012482482939958572,0.012482482939958572,0.024168657138943672,14,S0_lightgbm,val_PR_AUC_drop
seagate_kqi,time-series-2,mean,8,46,0,196,f196,-0.014277302660048008,0.0,0.0,215,S0_lightgbm,val_PR_AUC_drop
seagate_kqi,time-series-2,mean,8,46,0,197,f197,-0.0009499298757873476,0.0,0.0,197,S0_lightgbm,val_PR_AUC_drop
seagate_kqi,time-series-2,mean,8,46,0,198,f198,0.004315061494708061,0.004315061494708061,0.008354847319424152,20,S0_lightgbm,val_PR_AUC_drop
seagate_kqi,time-series-2,mean,8,46,0,199,f199,-0.012349213473498821,0.0,0.0,213,S0_lightgbm,val_PR_AUC_drop
seagate_kqi,time-series-2,mean,8,46,0,200,f200,0.0033841829281300306,0.0033841829281300306,0.006552474573254585,23,S0_lightgbm,val_PR_AUC_drop
seagate_kqi,time-series-2,mean,8,46,0,201,f201,0.01113299373537302,0.01113299373537302,0.021555768325924873,16,S0_lightgbm,val_PR_AUC_drop
seagate_kqi,time-series-2,mean,8,46,0,202,f202,0.014193483628332615,0.014193483628332615,0.027481505647301674,13,S0_lightgbm,val_PR_AUC_drop
seagate_kqi,time-series-2,mean,8,46,0,203,f203,0.0020620625000447035,0.0020620625000447035,0.00399257754907012,29,S0_lightgbm,val_PR_AUC_drop
seagate_kqi,time-series-2,mean,8,46,0,204,f204,0.015203279443085194,0.015203279443085194,0.029436679556965828,12,S0_lightgbm,val_PR_AUC_drop
seagate_kqi,time-series-2,mean,8,46,0,205,f205,-0.009195469319820404,0.0,0.0,211,S0_lightgbm,val_PR_AUC_drop
seagate_kqi,time-series-2,mean,8,46,0,206,f206,-0.010433484800159931,0.0,0.0,212,S0_lightgbm,val_PR_AUC_drop
seagate_kqi,time-series-2,mean,8,46,0,207,f207,0.00879334844648838,0.00879334844648838,0.01702573336660862,17,S0_lightgbm,val_PR_AUC_drop
seagate_kqi,time-series-2,mean,8,46,0,208,f208,0.0027954713441431522,0.0027954713441431522,0.005412607919424772,25,S0_lightgbm,val_PR_AUC_drop
seagate_kqi,time-series-2,mean,8,46,0,209,f209,-0.0081032644957304,0.0,0.0,210,S0_lightgbm,val_PR_AUC_drop
seagate_kqi,time-series-2,mean,8,46,0,210,f210,3.743911292986013e-05,3.743911292986013e-05,7.248982728924602e-05,38,S0_lightgbm,val_PR_AUC_drop
seagate_kqi,time-series-2,mean,8,46,0,211,f211,-0.02352583035826683,0.0,0.0,218,S0_lightgbm,val_PR_AUC_drop
seagate_kqi,time-series-2,mean,8,46,0,212,f212,0.0,0.0,0.0,179,S0_lightgbm,val_PR_AUC_drop
seagate_kqi,time-series-2,mean,8,46,0,213,f213,0.0,0.0,0.0,180,S0_lightgbm,val_PR_AUC_drop
seagate_kqi,time-series-2,mean,8,46,0,214,f214,0.0388314463198185,0.0388314463198185,0.07518567144870758,3,S0_lightgbm,val_PR_AUC_drop
seagate_kqi,time-series-2,mean,8,46,0,215,f215,0.00203370931558311,0.00203370931558311,0.003937679808586836,30,S0_lightgbm,val_PR_AUC_drop
seagate_kqi,time-series-2,mean,8,46,0,216,f216,0.0,0.0,0.0,181,S0_lightgbm,val_PR_AUC_drop
seagate_kqi,time-series-2,mean,8,46,0,217,f217,-0.0041946121491491795,0.0,0.0,204,S0_lightgbm,val_PR_AUC_drop
seagate_kqi,time-series-2,mean,8,46,0,218,f218,0.0,0.0,0.0,182,S0_lightgbm,val_PR_AUC_drop
seagate_kqi,time-series-2,mean,8,46,0,219,f219,0.0,0.0,0.0,183,S0_lightgbm,val_PR_AUC_drop
