source,dataset,toolset,representation,task_id,seed,scenario,method,ratio,keep_rate,s3_ig_keep_rate,ddpm_train_mode,candidate_key,val_PR_AUC,val_FPR,val_Recall_at_FPR010,test_PR_AUC,test_FPR,test_Recall_at_FPR010,real_vs_synth_auc,tstr_pr_auc,safe_baseline_method,safe_baseline_val_PR_AUC,safe_baseline_val_FPR,safe_baseline_val_Recall_at_FPR010,safe_baseline_test_PR_AUC,safe_baseline_test_FPR,val_gain,val_fpr_excess,delta_vs_safe_baseline_test,harm_flag,val_recall_fpr010_gain,val_MCC,test_MCC,safe_baseline_val_MCC,safe_baseline_test_MCC,safe_baseline_test_Recall_at_FPR010,val_gain_pos_rate,val_gain_median,val_fpr_ok_rate,profile_band_v4,profile_reason_v4,best_S1_val_PR_AUC_mean,best_S1_val_Recall_at_FPR_1pct,delta_S1_minus_S0,overlap_index,importance_stability_top10_jaccard,importance_concentration_top10,profile_recall_margin,recall_margin_for_gate,source_type,useful_flag,material_gain_flag,severe_harm_flag,missing_input_paths,certificate_recall_signal,cert_val_gain_nonneg,cert_val_gain_strong,cert_fpr_nonincrease,cert_fpr_small,cert_recall_nonneg,cert_recall_strong,cert_stable_gain,cert_stable_fpr,cert_tstr_floor,cert_positive_only,cert_real_vs_synth_ok,certificate_score_v9,certificate_red_flags_v9,certificate_score_bin
quick_mean_alltasks,seagate_kqi,time-series-2,mean,0,42,S3_HYBRID,s1_plus_ig,0.5,0.75,0.75,positive_only,s1_plus_ig/mode=positive_only/ratio=0.5/keep=0.75,0.2112119252273067,0.1212814645308924,0.0,0.1561662624935859,0.2008032128514056,0.0,0.9932773109243698,0.463281557977846,S1/random_under_10to1,0.1974574773293341,0.1796338672768878,,0.1415437708005449,,0.0137544478979725,-0.0583524027459953,0.014622491693041,False,,,,,,,0.6,0.013718178938142,0.8,low_profile_open,"low overlap, stable importance, concentrated signal, S1 improves over S0",0.2013238663022727,0.035820895522388,0.0220297052659713,0.4635761589403973,0.4799450549450549,0.6111317276954651,-0.035820895522388,-0.035820895522388,quick,True,True,False,,-0.035820895522388,True,True,True,True,False,False,True,True,True,True,True,8.0,0,very_high
quick_mean_alltasks,seagate_kqi,time-series-2,mean,0,42,S3_HYBRID,ig_clean,1.0,0.25,0.25,positive_only,ig_clean/mode=positive_only/ratio=1.0/keep=0.25,0.1979503545119602,0.1350114416475972,0.0,0.1594661294289735,0.2058232931726907,0.0,,0.1750088988207794,S1/random_under_10to1,0.1974574773293341,0.1796338672768878,,0.1415437708005449,,0.000492877182626,-0.0446224256292905,0.0179223586284286,False,,,,,,,0.4,-0.0186653428737924,0.6,low_profile_open,"low overlap, stable importance, concentrated signal, S1 improves over S0",0.2013238663022727,0.035820895522388,0.0220297052659713,0.4635761589403973,0.4799450549450549,0.6111317276954651,-0.035820895522388,-0.035820895522388,quick,True,True,False,,-0.035820895522388,True,False,True,True,False,False,False,True,True,True,True,6.0,0,high
quick_mean_alltasks,seagate_kqi,time-series-2,mean,0,42,S3_HYBRID,ig_smote,1.0,0.25,0.25,positive_only,ig_smote/mode=positive_only/ratio=1.0/keep=0.25,0.1889318528775431,0.1784897025171624,0.0,0.1311755510453787,0.2570281124497992,0.0,0.4621212121212121,0.2619148460419933,S1/random_under_10to1,0.1974574773293341,0.1796338672768878,,0.1415437708005449,,-0.008525624451791,-0.0011441647597253,-0.0103682197551661,True,,,,,,,0.2,-0.008525624451791,0.8,low_profile_open,"low overlap, stable importance, concentrated signal, S1 improves over S0",0.2013238663022727,0.035820895522388,0.0220297052659713,0.4635761589403973,0.4799450549450549,0.6111317276954651,-0.035820895522388,-0.035820895522388,quick,False,False,True,,-0.035820895522388,False,False,True,True,False,False,False,True,True,True,True,4.0,0,medium
quick_mean_alltasks,seagate_kqi,time-series-2,mean,1,42,S3_HYBRID,s1_plus_ig,0.5,0.25,0.25,positive_only,s1_plus_ig/mode=positive_only/ratio=0.5/keep=0.25,0.1998042689559034,0.0153043478260869,0.1447368421052631,0.1286977549750265,0.0190979276716781,0.1061946902654867,0.9943181818181818,0.1051362765259134,S1/random_over,0.1898114962155047,0.0288695652173913,,0.1564289725608142,,0.0099927727403986,-0.0135652173913044,-0.0277312175857877,True,,,,,,,0.6,0.0099927727403986,0.6,cautious_profile,not low-risk enough and not a task10-like opportunity profile,0.1814252445223225,0.1552631578947367,0.0146760299841192,0.7345890410958904,0.3026323349852762,0.5888000726699829,-0.0105263157894735,-0.0105263157894735,quick,False,False,True,,-0.0105263157894735,True,True,True,True,False,False,True,True,True,True,True,8.0,0,very_high
quick_mean_alltasks,seagate_kqi,time-series-2,mean,1,42,S3_HYBRID,ig_smote,1.0,0.25,0.25,positive_only,ig_smote/mode=positive_only/ratio=1.0/keep=0.25,0.1910934603815124,0.0281739130434782,0.1447368421052631,0.1473044251467498,0.0536367330353514,0.0973451327433628,0.9943181818181818,0.107086039602466,S1/random_over,0.1898114962155047,0.0288695652173913,,0.1564289725608142,,0.0012819641660077,-0.0006956521739131,-0.0091245474140644,True,,,,,,,0.4,-0.0054811291035555,0.8,cautious_profile,not low-risk enough and not a task10-like opportunity profile,0.1814252445223225,0.1552631578947367,0.0146760299841192,0.7345890410958904,0.3026323349852762,0.5888000726699829,-0.0105263157894735,-0.0105263157894735,quick,False,False,True,,-0.0105263157894735,True,False,True,True,False,False,False,True,True,True,True,6.0,0,high
quick_mean_alltasks,seagate_kqi,time-series-2,mean,1,42,S3_HYBRID,ig_clean,1.0,0.25,0.25,conditional_mixed,ig_clean/mode=conditional_mixed/ratio=1.0/keep=0.25,0.1783398213522334,0.0215652173913043,0.1842105263157894,0.1535860580794634,0.0609508329947175,0.1061946902654867,0.9731404958677686,0.0656673359728735,S1/random_over,0.1898114962155047,0.0288695652173913,,0.1564289725608142,,-0.0114716748632713,-0.007304347826087,-0.0028429144813507,True,,,,,,,0.6,0.0023733212343542,0.8,cautious_profile,not low-risk enough and not a task10-like opportunity profile,0.1814252445223225,0.1552631578947367,0.0146760299841192,0.7345890410958904,0.3026323349852762,0.5888000726699829,0.0289473684210527,0.0289473684210527,quick,False,False,False,,0.0289473684210527,False,False,True,True,True,True,True,True,True,False,True,5.5,1,high
quick_mean_alltasks,seagate_kqi,time-series-2,mean,2,42,S3_HYBRID,ig_smote,1.0,0.25,0.25,conditional_mixed,ig_smote/mode=conditional_mixed/ratio=1.0/keep=0.25,0.0722904854781936,0.003314635390107,0.1117021276595744,0.0507293265610429,0.0017709563164108,0.0695652173913043,0.9999434676917858,0.0506550768951332,S1/smote,0.0314994581135584,0.4325174230834608,,0.0295253444491119,,0.0407910273646352,-0.4292027876933538,0.021203982111931,False,,,,,,,0.8,0.0151442521294892,0.8,blocked_profile,"weak baseline signal, unstable importance, or extreme class overlap",0.0295084640255766,0.0319148936170212,0.0056438684426514,0.8980747451868629,0.3417313079077784,0.5111117362976074,0.0797872340425532,0.0797872340425532,quick,True,True,False,,0.0797872340425532,True,True,True,True,True,True,True,True,True,False,False,7.5,1,very_high
quick_mean_alltasks,seagate_kqi,time-series-2,mean,2,42,S3_HYBRID,s1_plus_ig,0.5,0.25,0.25,positive_only,s1_plus_ig/mode=positive_only/ratio=0.5/keep=0.25,0.0627763139848694,0.0034846166921638,0.0904255319148936,0.029164088213119,0.0106257378984651,0.0608695652173913,1.0,0.0428074414311316,S1/smote,0.0314994581135584,0.4325174230834608,,0.0295253444491119,,0.0312768558713109,-0.429032806391297,-0.0003612562359928,True,,,,,,,1.0,0.0232173667925579,0.6,blocked_profile,"weak baseline signal, unstable importance, or extreme class overlap",0.0295084640255766,0.0319148936170212,0.0056438684426514,0.8980747451868629,0.3417313079077784,0.5111117362976074,0.0585106382978724,0.0585106382978724,quick,False,False,False,,0.0585106382978724,True,True,True,True,True,True,True,True,True,True,False,9.5,0,very_high
quick_mean_alltasks,seagate_kqi,time-series-2,mean,2,42,S3_HYBRID,ig_clean,0.5,0.75,0.75,positive_only,ig_clean/mode=positive_only/ratio=0.5/keep=0.75,0.0551969856608664,0.0185279619241883,0.0904255319148936,0.0287129243814379,0.0160861865407319,0.0347826086956521,1.0,0.0396572495664837,S1/smote,0.0314994581135584,0.4325174230834608,,0.0295253444491119,,0.023697527547308,-0.4139894611592725,-0.0008124200676739,True,,,,,,,0.8,0.0175091879028959,0.8,blocked_profile,"weak baseline signal, unstable importance, or extreme class overlap",0.0295084640255766,0.0319148936170212,0.0056438684426514,0.8980747451868629,0.3417313079077784,0.5111117362976074,0.0585106382978724,0.0585106382978724,quick,False,False,False,,0.0585106382978724,True,True,True,True,True,True,True,True,False,True,False,7.5,0,very_high
quick_mean_alltasks,seagate_kqi,time-series-2,mean,3,42,S3_HYBRID,s1_plus_ig,0.5,0.25,0.25,conditional_mixed,s1_plus_ig/mode=conditional_mixed/ratio=0.5/keep=0.25,0.1742565090409539,0.0103342128408091,0.2527472527472527,0.1410716519966994,0.0264480296217931,0.1851851851851851,0.9821640903686089,0.0257734550456354,S1/random_under_10to1,0.1652800990148157,0.0072559366754617,,0.1432258839358316,,0.0089764100261382,0.0030782761653474,-0.0021542319391321,True,,,,,,,0.4,-0.0005822807455345,0.4,cautious_profile,not low-risk enough and not a task10-like opportunity profile,0.159927129220961,0.2087912087912087,0.0336526933288829,0.7806788511749347,0.3574175824175824,0.6984987854957581,0.0439560439560439,0.0439560439560439,quick,False,False,False,,0.0439560439560439,True,True,False,True,True,True,False,False,False,False,True,3.5,1,medium
quick_mean_alltasks,seagate_kqi,time-series-2,mean,3,42,S3_HYBRID,ig_clean,1.0,0.75,0.75,conditional_mixed,ig_clean/mode=conditional_mixed/ratio=1.0/keep=0.75,0.1682653828450515,0.0107739665787159,0.2747252747252747,0.1438589311600753,0.0121660936260248,0.0648148148148148,0.98784355179704,0.0492404147625492,S1/random_under_10to1,0.1652800990148157,0.0072559366754617,,0.1432258839358316,,0.0029852838302358,0.0035180299032541,0.0006330472242437,False,,,,,,,1.0,0.0056282913875438,0.0,cautious_profile,not low-risk enough and not a task10-like opportunity profile,0.159927129220961,0.2087912087912087,0.0336526933288829,0.7806788511749347,0.3574175824175824,0.6984987854957581,0.065934065934066,0.065934065934066,quick,True,False,False,,0.065934065934066,True,False,False,True,True,True,True,False,True,False,True,5.5,1,high
quick_mean_alltasks,seagate_kqi,time-series-2,mean,3,42,S3_HYBRID,ig_smote,1.0,0.25,0.25,conditional_mixed,ig_smote/mode=conditional_mixed/ratio=1.0/keep=0.25,0.1671808176092305,0.0079155672823219,0.2307692307692307,0.1726854760382088,0.02300978577096,0.2222222222222222,0.9821640903686089,0.0247789966852273,S1/random_under_10to1,0.1652800990148157,0.0072559366754617,,0.1432258839358316,,0.0019007185944148,0.0006596306068602,0.0294595921023771,False,,,,,,,0.8,0.0019007185944148,0.2,cautious_profile,not low-risk enough and not a task10-like opportunity profile,0.159927129220961,0.2087912087912087,0.0336526933288829,0.7806788511749347,0.3574175824175824,0.6984987854957581,0.021978021978022,0.021978021978022,quick,True,True,False,,0.021978021978022,True,False,False,True,True,False,True,False,False,False,True,2.5,1,low
quick_mean_alltasks,seagate_kqi,time-series-2,mean,5,42,S3_HYBRID,ig_clean,1.0,0.25,0.25,conditional_mixed,ig_clean/mode=conditional_mixed/ratio=1.0/keep=0.25,0.1491795767709889,0.0021052631578947,0.1428571428571428,0.0698804441272127,0.0033519553072625,0.0549450549450549,0.965561224489796,0.1014635119903434,S1/smote,0.0995717249107167,0.0008421052631578,,0.0582062441493266,,0.0496078518602721,0.0012631578947369,0.0116741999778861,False,,,,,,,1.0,0.0382766218253377,0.2,blocked_profile,"weak baseline signal, unstable importance, or extreme class overlap",0.0835382226411846,0.0708994708994708,0.0368886999313402,0.7780821917808219,0.2373428858722976,0.5868821144104004,0.071957671957672,0.071957671957672,quick,True,True,False,,0.071957671957672,True,True,False,True,True,True,True,False,True,False,True,6.5,1,high
quick_mean_alltasks,seagate_kqi,time-series-2,mean,5,42,S3_HYBRID,ig_smote,1.0,0.25,0.25,positive_only,ig_smote/mode=positive_only/ratio=1.0/keep=0.25,0.1477352925204194,0.0025263157894736,0.1587301587301587,0.0813154075497425,0.0260707635009311,0.0769230769230769,0.984793388429752,0.0567176514202146,S1/smote,0.0995717249107167,0.0008421052631578,,0.0582062441493266,,0.0481635676097026,0.0016842105263158,0.0231091634004158,False,,,,,,,1.0,0.0539180313510366,0.2,blocked_profile,"weak baseline signal, unstable importance, or extreme class overlap",0.0835382226411846,0.0708994708994708,0.0368886999313402,0.7780821917808219,0.2373428858722976,0.5868821144104004,0.0878306878306879,0.0878306878306879,quick,True,True,False,,0.0878306878306879,True,True,False,True,True,True,True,False,True,True,True,8.5,0,very_high
quick_mean_alltasks,seagate_kqi,time-series-2,mean,5,42,S3_HYBRID,s1_plus_ig,0.5,0.75,0.75,positive_only,s1_plus_ig/mode=positive_only/ratio=0.5/keep=0.75,0.1388363229670357,0.0029473684210526,0.1428571428571428,0.0619490589647665,0.012290502793296,0.0659340659340659,0.9991130820399112,0.1076154583856539,S1/smote,0.0995717249107167,0.0008421052631578,,0.0582062441493266,,0.039264598056319,0.0021052631578948,0.0037428148154399,False,,,,,,,1.0,0.0610746670564524,0.2,blocked_profile,"weak baseline signal, unstable importance, or extreme class overlap",0.0835382226411846,0.0708994708994708,0.0368886999313402,0.7780821917808219,0.2373428858722976,0.5868821144104004,0.071957671957672,0.071957671957672,quick,True,False,False,,0.071957671957672,True,True,False,True,True,True,True,False,True,True,False,7.5,0,very_high
quick_mean_alltasks,seagate_kqi,time-series-2,mean,6,42,S3_HYBRID,ig_clean,1.0,0.25,0.25,conditional_mixed,ig_clean/mode=conditional_mixed/ratio=1.0/keep=0.25,0.1869664790172236,0.0604257983719474,0.1121495327102803,0.1005028193835776,0.1079534969551577,0.0603015075376884,0.986083984375,0.0560167106590843,S1/random_under_20to1,0.1799202108199205,0.0305259862241703,,0.1159047236961207,,0.0070462681973031,0.0298998121477771,-0.0154019043125431,True,,,,,,,0.2,-0.0185840507968506,0.0,cautious_profile,not low-risk enough and not a task10-like opportunity profile,0.1682356787942021,0.1246105919003114,0.0100946857621724,0.7716814159292036,0.4014652014652015,0.5592544078826904,-0.012461059190031,-0.012461059190031,quick,False,False,True,,-0.012461059190031,True,True,False,False,False,False,False,False,True,False,True,1.0,2,low
quick_mean_alltasks,seagate_kqi,time-series-2,mean,6,42,S3_HYBRID,s1_plus_ig,1.0,0.75,0.75,conditional_mixed,s1_plus_ig/mode=conditional_mixed/ratio=1.0/keep=0.75,0.158249451010378,0.0551033187226048,0.102803738317757,0.094368807559625,0.104631850894999,0.0201005025125628,1.0,0.0581217970252539,S1/random_under_20to1,0.1799202108199205,0.0305259862241703,,0.1159047236961207,,-0.0216707598095425,0.0245773324984345,-0.0215359161364957,True,,,,,,,0.0,-0.0143662540864002,0.4,cautious_profile,not low-risk enough and not a task10-like opportunity profile,0.1682356787942021,0.1246105919003114,0.0100946857621724,0.7716814159292036,0.4014652014652015,0.5592544078826904,-0.0218068535825543,-0.0218068535825543,quick,False,False,True,,-0.0218068535825543,False,False,False,False,False,False,False,False,True,False,False,-3.0,2,very_low
quick_mean_alltasks,seagate_kqi,time-series-2,mean,6,42,S3_HYBRID,ig_smote,1.0,0.25,0.25,conditional_mixed,ig_smote/mode=conditional_mixed/ratio=1.0/keep=0.25,0.154054728733093,0.0756105197244834,0.0981308411214953,0.1002048838278894,0.0907916589776711,0.0402010050251256,1.0,0.060981789817433,S1/random_under_20to1,0.1799202108199205,0.0305259862241703,,0.1159047236961207,,-0.0258654820868274,0.0450845335003131,-0.0156998398682313,True,,,,,,,0.2,-0.0157969668771763,0.4,cautious_profile,not low-risk enough and not a task10-like opportunity profile,0.1682356787942021,0.1246105919003114,0.0100946857621724,0.7716814159292036,0.4014652014652015,0.5592544078826904,-0.0264797507788161,-0.0264797507788161,quick,False,False,True,,-0.0264797507788161,False,False,False,False,False,False,False,False,True,False,False,-3.0,2,very_low
quick_mean_alltasks,seagate_kqi,time-series-2,mean,7,42,S3_HYBRID,ig_clean,1.0,0.25,0.25,positive_only,ig_clean/mode=positive_only/ratio=1.0/keep=0.25,0.1495151087859256,0.0088833914314629,0.1764705882352941,0.1438122517693164,0.0169033130493576,0.2695652173913043,0.9864981327204826,0.0393001811862799,S1/random_under_10to1,0.155284591041744,0.0088833914314629,,0.1759383633608835,,-0.0057694822558183,0.0,-0.0321261115915671,True,,,,,,,0.0,-0.027629014829927,0.2,blocked_profile,"weak baseline signal, unstable importance, or extreme class overlap",0.1611452083315187,0.1972850678733031,0.0072624948837472,0.8536741214057508,0.3669413919413919,0.6858634948730469,-0.020814479638009,-0.020814479638009,quick,False,False,True,,-0.020814479638009,False,False,True,True,False,False,False,False,False,True,True,1.0,0,low
quick_mean_alltasks,seagate_kqi,time-series-2,mean,7,42,S3_HYBRID,ig_smote,0.5,0.75,0.75,positive_only,ig_smote/mode=positive_only/ratio=0.5/keep=0.75,0.1297246356977198,0.0077589115034296,0.1809954751131221,0.1447725383101984,0.0219066937119675,0.2391304347826087,1.0,0.0471214595896674,S1/random_under_10to1,0.155284591041744,0.0088833914314629,,0.1759383633608835,,-0.0255599553440241,-0.0011244799280332,-0.0311658250506851,True,,,,,,,0.0,-0.0340879590951427,0.2,blocked_profile,"weak baseline signal, unstable importance, or extreme class overlap",0.1611452083315187,0.1972850678733031,0.0072624948837472,0.8536741214057508,0.3669413919413919,0.6858634948730469,-0.0162895927601809,-0.0162895927601809,quick,False,False,True,,-0.0162895927601809,False,False,True,True,False,False,False,False,True,True,False,2.0,0,low
quick_mean_alltasks,seagate_kqi,time-series-2,mean,7,42,S3_HYBRID,s1_plus_ig,0.5,0.75,0.75,positive_only,s1_plus_ig/mode=positive_only/ratio=0.5/keep=0.75,0.1286684928385797,0.0119194872371528,0.1764705882352941,0.1318260619050019,0.0424611223799864,0.2304347826086956,1.0,0.0459476483549031,S1/random_under_10to1,0.155284591041744,0.0088833914314629,,0.1759383633608835,,-0.0266160982031642,0.0030360958056899,-0.0441123014558816,True,,,,,,,0.0,-0.0375150729206106,0.2,blocked_profile,"weak baseline signal, unstable importance, or extreme class overlap",0.1611452083315187,0.1972850678733031,0.0072624948837472,0.8536741214057508,0.3669413919413919,0.6858634948730469,-0.020814479638009,-0.020814479638009,quick,False,False,True,,-0.020814479638009,False,False,False,True,False,False,False,False,True,True,False,1.0,0,low
quick_mean_alltasks,seagate_kqi,time-series-2,mean,9,42,S3_HYBRID,ig_clean,1.0,0.25,0.25,positive_only,ig_clean/mode=positive_only/ratio=1.0/keep=0.25,0.0256863911718231,0.0875621890547263,0.0285714285714285,0.0234064403279055,0.1163357715081853,0.0,,0.0113080546272662,S1/random_over,0.022026509741951,0.0978441127694859,,0.0245960787354892,,0.0036598814298721,-0.0102819237147595,-0.0011896384075837,True,,,,,,,0.4,-0.00032191485178,0.4,blocked_profile,"weak baseline signal, unstable importance, or extreme class overlap",0.0212200203034733,0.0,0.004780393366422,0.9791666666666666,0.2475957049486461,0.5748549103736877,0.0285714285714285,0.0285714285714285,quick,False,False,False,,0.0285714285714285,True,False,True,True,True,True,False,False,False,True,True,5.5,0,high
quick_mean_alltasks,seagate_kqi,time-series-2,mean,9,42,S3_HYBRID,ig_smote,1.0,0.25,0.25,positive_only,ig_smote/mode=positive_only/ratio=1.0/keep=0.25,0.0226708835756623,0.026865671641791,0.0,0.0272341773520825,0.0087077673284569,0.0,0.7,0.0176000407290499,S1/random_over,0.022026509741951,0.0978441127694859,,0.0245960787354892,,0.0006443738337112,-0.0709784411276949,0.0026380986165932,False,,,,,,,0.2,-0.0009861481756499,0.4,blocked_profile,"weak baseline signal, unstable importance, or extreme class overlap",0.0212200203034733,0.0,0.004780393366422,0.9791666666666666,0.2475957049486461,0.5748549103736877,0.0,0.0,quick,True,False,False,,0.0,True,False,True,True,True,False,False,False,False,True,True,4.5,0,medium
quick_mean_alltasks,seagate_kqi,time-series-2,mean,9,42,S3_HYBRID,s1_plus_ig,1.0,0.75,0.75,conditional_mixed,s1_plus_ig/mode=conditional_mixed/ratio=1.0/keep=0.75,0.0197354913594208,0.0013266998341625,0.0285714285714285,0.017684807665079,0.0024381748519679,0.0,0.9947145877378436,0.0128933408636297,S1/random_over,0.022026509741951,0.0978441127694859,,0.0245960787354892,,-0.0022910183825302,-0.0965174129353234,-0.0069112710704102,True,,,,,,,0.2,-0.0017217105708717,0.8,blocked_profile,"weak baseline signal, unstable importance, or extreme class overlap",0.0212200203034733,0.0,0.004780393366422,0.9791666666666666,0.2475957049486461,0.5748549103736877,0.0285714285714285,0.0285714285714285,quick,False,False,True,,0.0285714285714285,False,False,True,True,True,True,False,True,False,False,True,2.5,1,low
quick_mean_alltasks,seagate_kqi,time-series-2,mean,10,42,S3_HYBRID,s1_plus_ig,1.0,0.25,0.25,conditional_mixed,s1_plus_ig/mode=conditional_mixed/ratio=1.0/keep=0.25,0.1509627533940506,0.014098091524728,0.2831683168316831,0.1391026714568934,0.0158895792818858,0.2760736196319018,1.0,0.0108944926946104,S1/smote,0.1744161121375588,0.0191873589164785,,0.1500503155352734,,-0.0234533587435082,-0.0050892673917504,-0.01094764407838,True,,,,,,,0.2,-0.0278169613379604,0.6,opportunity_profile_s1plus,"enough positives and baseline signal, but overlap remains high",0.1495180069283229,0.2852805280528052,0.0378118864194125,0.8355968548963545,0.3945970695970696,0.5862177014350891,-0.002112211221122,-0.002112211221122,quick,False,False,True,,-0.002112211221122,False,False,True,True,False,False,False,True,False,False,False,-1.0,1,very_low
quick_mean_alltasks,seagate_kqi,time-series-2,mean,10,42,S3_HYBRID,ig_smote,1.0,0.25,0.25,conditional_mixed,ig_smote/mode=conditional_mixed/ratio=1.0/keep=0.25,0.1275692932105492,0.0264108352144469,0.2415841584158415,0.1132169724784167,0.0352179481098515,0.2085889570552147,1.0,0.0105689477606576,S1/smote,0.1744161121375588,0.0191873589164785,,0.1500503155352734,,-0.0468468189270096,0.0072234762979683,-0.0368333430568567,True,,,,,,,0.4,-0.0278633177305203,0.2,opportunity_profile_s1plus,"enough positives and baseline signal, but overlap remains high",0.1495180069283229,0.2852805280528052,0.0378118864194125,0.8355968548963545,0.3945970695970696,0.5862177014350891,-0.0436963696369636,-0.0436963696369636,quick,False,False,True,,-0.0436963696369636,False,False,False,False,False,False,False,False,False,False,False,-5.0,2,very_low
quick_mean_alltasks,seagate_kqi,time-series-2,mean,10,42,S3_HYBRID,ig_clean,1.0,0.25,0.25,positive_only,ig_clean/mode=positive_only/ratio=1.0/keep=0.25,0.1228525274640163,0.0198029961009644,0.2376237623762376,0.1301552903381147,0.0249490110515581,0.2167689161554192,1.0,0.0122680873355212,S1/smote,0.1744161121375588,0.0191873589164785,,0.1500503155352734,,-0.0515635846735425,0.0006156371844859,-0.0198950251971586,True,,,,,,,0.0,-0.0456362022322792,0.0,opportunity_profile_s1plus,"enough positives and baseline signal, but overlap remains high",0.1495180069283229,0.2852805280528052,0.0378118864194125,0.8355968548963545,0.3945970695970696,0.5862177014350891,-0.0476567656765675,-0.0476567656765675,quick,False,False,True,,-0.0476567656765675,False,False,False,True,False,False,False,False,False,True,False,-1.0,1,very_low
quick_mean_alltasks,seagate_kqi,time-series-2,mean,0,43,S3_HYBRID,s1_plus_ig,1.0,0.75,0.75,conditional_mixed,s1_plus_ig/mode=conditional_mixed/ratio=1.0/keep=0.75,0.2221664537495506,0.1441647597254004,0.0,0.147287712935258,0.2690763052208835,0.0,1.0,0.5898564308297476,S1/random_under_20to1,0.2253651404709607,0.2082379862700228,,0.1321591144502605,,-0.0031986867214101,-0.0640732265446223,0.0151285984849975,False,,,,,,,0.6,0.013718178938142,0.8,low_profile_open,"low overlap, stable importance, concentrated signal, S1 improves over S0",0.2013238663022727,0.035820895522388,0.0220297052659713,0.4635761589403973,0.4799450549450549,0.6111317276954651,-0.035820895522388,-0.035820895522388,quick,True,True,False,,-0.035820895522388,False,False,True,True,False,False,True,True,True,False,False,2.0,1,low
quick_mean_alltasks,seagate_kqi,time-series-2,mean,0,43,S3_HYBRID,ig_smote,0.5,0.75,0.75,conditional_mixed,ig_smote/mode=conditional_mixed/ratio=0.5/keep=0.75,0.209977768692503,0.1762013729977116,0.0,0.144341735770986,0.2489959839357429,0.0,1.0,0.5726000384198329,S1/random_under_20to1,0.2253651404709607,0.2082379862700228,,0.1321591144502605,,-0.0153873717784576,-0.0320366132723111,0.0121826213207255,False,,,,,,,0.2,-0.008525624451791,0.8,low_profile_open,"low overlap, stable importance, concentrated signal, S1 improves over S0",0.2013238663022727,0.035820895522388,0.0220297052659713,0.4635761589403973,0.4799450549450549,0.6111317276954651,-0.035820895522388,-0.035820895522388,quick,True,True,False,,-0.035820895522388,False,False,True,True,False,False,False,True,True,False,False,1.0,1,low
quick_mean_alltasks,seagate_kqi,time-series-2,mean,0,43,S3_HYBRID,ig_clean,0.5,0.25,0.25,positive_only,ig_clean/mode=positive_only/ratio=0.5/keep=0.25,0.2066997975971683,0.148741418764302,0.044776119402985,0.1577383585341072,0.2349397590361445,0.02,,0.1317587119613572,S1/random_under_20to1,0.2253651404709607,0.2082379862700228,,0.1321591144502605,,-0.0186653428737924,-0.0594965675057208,0.0255792440838467,False,,,,,,,0.4,-0.0186653428737924,0.6,low_profile_open,"low overlap, stable importance, concentrated signal, S1 improves over S0",0.2013238663022727,0.035820895522388,0.0220297052659713,0.4635761589403973,0.4799450549450549,0.6111317276954651,0.008955223880597,0.008955223880597,quick,True,True,False,,0.008955223880597,False,False,True,True,True,False,False,True,True,True,True,5.5,0,high
quick_mean_alltasks,seagate_kqi,time-series-2,mean,1,43,S3_HYBRID,s1_plus_ig,1.0,0.25,0.25,positive_only,s1_plus_ig/mode=positive_only/ratio=1.0/keep=0.25,0.2392906633297208,0.0048695652173913,0.2105263157894736,0.1272286243317735,0.0109711499390491,0.0973451327433628,0.9943181818181818,0.0766137896906533,S1/random_under_20to1,0.1990473700109457,0.0601739130434782,,0.1670182741647594,,0.0402432933187751,-0.0553043478260869,-0.0397896498329858,True,,,,,,,0.6,0.0099927727403986,0.6,cautious_profile,not low-risk enough and not a task10-like opportunity profile,0.1814252445223225,0.1552631578947367,0.0146760299841192,0.7345890410958904,0.3026323349852762,0.5888000726699829,0.0552631578947369,0.0552631578947369,quick,False,False,True,,0.0552631578947369,True,True,True,True,True,True,True,True,True,True,True,10.5,0,very_high
quick_mean_alltasks,seagate_kqi,time-series-2,mean,1,43,S3_HYBRID,ig_clean,1.0,0.25,0.25,positive_only,ig_clean/mode=positive_only/ratio=1.0/keep=0.25,0.2337830533239959,0.0100869565217391,0.2368421052631578,0.1501247232605981,0.0150345388053636,0.1415929203539823,0.9008264462809916,0.0596554539690016,S1/random_under_20to1,0.1990473700109457,0.0601739130434782,,0.1670182741647594,,0.0347356833130502,-0.0500869565217391,-0.0168935509041613,True,,,,,,,0.6,0.0023733212343542,0.8,cautious_profile,not low-risk enough and not a task10-like opportunity profile,0.1814252445223225,0.1552631578947367,0.0146760299841192,0.7345890410958904,0.3026323349852762,0.5888000726699829,0.0815789473684211,0.0815789473684211,quick,False,False,True,,0.0815789473684211,True,True,True,True,True,True,True,True,True,True,True,10.5,0,very_high
quick_mean_alltasks,seagate_kqi,time-series-2,mean,1,43,S3_HYBRID,ig_smote,1.0,0.25,0.25,positive_only,ig_smote/mode=positive_only/ratio=1.0/keep=0.25,0.1935662409073901,0.0434782608695652,0.1842105263157894,0.1343610779736775,0.0804550995530272,0.1150442477876106,0.9943181818181818,0.0780584588677104,S1/random_under_20to1,0.1990473700109457,0.0601739130434782,,0.1670182741647594,,-0.0054811291035555,-0.016695652173913,-0.0326571961910819,True,,,,,,,0.4,-0.0054811291035555,0.8,cautious_profile,not low-risk enough and not a task10-like opportunity profile,0.1814252445223225,0.1552631578947367,0.0146760299841192,0.7345890410958904,0.3026323349852762,0.5888000726699829,0.0289473684210527,0.0289473684210527,quick,False,False,True,,0.0289473684210527,False,False,True,True,True,True,False,True,True,True,True,6.5,0,high
quick_mean_alltasks,seagate_kqi,time-series-2,mean,2,43,S3_HYBRID,s1_plus_ig,0.5,0.25,0.25,conditional_mixed,s1_plus_ig/mode=conditional_mixed/ratio=0.5/keep=0.25,0.0643522902827411,0.0046744858065612,0.101063829787234,0.0379419673076971,0.0022136953955135,0.0608695652173913,0.9999434676917858,0.0486688877664218,S1/random_over,0.038563502637647,0.0210776814550399,,0.0389995963417688,,0.0257887876450941,-0.0164031956484787,-0.0010576290340717,True,,,,,,,1.0,0.0232173667925579,0.6,blocked_profile,"weak baseline signal, unstable importance, or extreme class overlap",0.0295084640255766,0.0319148936170212,0.0056438684426514,0.8980747451868629,0.3417313079077784,0.5111117362976074,0.0691489361702128,0.0691489361702128,quick,False,False,False,,0.0691489361702128,True,True,True,True,True,True,True,True,True,False,False,7.5,1,very_high
quick_mean_alltasks,seagate_kqi,time-series-2,mean,2,43,S3_HYBRID,ig_clean,0.5,0.75,0.75,positive_only,ig_clean/mode=positive_only/ratio=0.5/keep=0.75,0.0574320875320425,0.0095189529151793,0.1117021276595744,0.0337011236585647,0.0085596221959858,0.0521739130434782,1.0,0.049199885778781,S1/random_over,0.038563502637647,0.0210776814550399,,0.0389995963417688,,0.0188685848943955,-0.0115587285398606,-0.005298472683204,True,,,,,,,0.8,0.0175091879028959,0.8,blocked_profile,"weak baseline signal, unstable importance, or extreme class overlap",0.0295084640255766,0.0319148936170212,0.0056438684426514,0.8980747451868629,0.3417313079077784,0.5111117362976074,0.0797872340425532,0.0797872340425532,quick,False,False,True,,0.0797872340425532,True,True,True,True,True,True,True,True,True,True,False,9.5,0,very_high
quick_mean_alltasks,seagate_kqi,time-series-2,mean,2,43,S3_HYBRID,ig_smote,0.5,0.25,0.25,positive_only,ig_smote/mode=positive_only/ratio=0.5/keep=0.25,0.0537077547671362,0.0129185789563148,0.1063829787234042,0.0343370055271293,0.0069362455726092,0.0521739130434782,1.0,0.0812791202537317,S1/random_over,0.038563502637647,0.0210776814550399,,0.0389995963417688,,0.0151442521294892,-0.008159102498725,-0.0046625908146394,True,,,,,,,0.8,0.0151442521294892,0.8,blocked_profile,"weak baseline signal, unstable importance, or extreme class overlap",0.0295084640255766,0.0319148936170212,0.0056438684426514,0.8980747451868629,0.3417313079077784,0.5111117362976074,0.074468085106383,0.074468085106383,quick,False,False,False,,0.074468085106383,True,True,True,True,True,True,True,True,True,True,False,9.5,0,very_high
quick_mean_alltasks,seagate_kqi,time-series-2,mean,3,43,S3_HYBRID,ig_clean,1.0,0.75,0.75,conditional_mixed,ig_clean/mode=conditional_mixed/ratio=1.0/keep=0.75,0.1865012483102498,0.0087950747581354,0.2967032967032967,0.1484924163593398,0.0081988891827558,0.0833333333333333,1.0,0.0472029766225341,S1/random_under_10to1,0.1717176256629344,0.0074758135444151,,0.1104740988218056,,0.0147836226473154,0.0013192612137202,0.0380183175375341,False,,,,,,,1.0,0.0056282913875438,0.0,cautious_profile,not low-risk enough and not a task10-like opportunity profile,0.159927129220961,0.2087912087912087,0.0336526933288829,0.7806788511749347,0.3574175824175824,0.6984987854957581,0.087912087912088,0.087912087912088,quick,True,True,False,,0.087912087912088,True,True,False,True,True,True,True,False,True,False,False,5.5,1,high
quick_mean_alltasks,seagate_kqi,time-series-2,mean,3,43,S3_HYBRID,ig_smote,0.5,0.75,0.75,conditional_mixed,ig_smote/mode=conditional_mixed/ratio=0.5/keep=0.75,0.1722950771688502,0.0092348284960422,0.2527472527472527,0.181800357420712,0.01533985718064,0.1944444444444444,0.999732691793638,0.0426428247781709,S1/random_under_10to1,0.1717176256629344,0.0074758135444151,,0.1104740988218056,,0.0005774515059158,0.0017590149516271,0.0713262585989063,False,,,,,,,0.8,0.0019007185944148,0.2,cautious_profile,not low-risk enough and not a task10-like opportunity profile,0.159927129220961,0.2087912087912087,0.0336526933288829,0.7806788511749347,0.3574175824175824,0.6984987854957581,0.0439560439560439,0.0439560439560439,quick,True,True,False,,0.0439560439560439,True,False,False,True,True,True,True,False,True,False,False,4.5,1,medium
quick_mean_alltasks,seagate_kqi,time-series-2,mean,3,43,S3_HYBRID,s1_plus_ig,1.0,0.75,0.75,conditional_mixed,s1_plus_ig/mode=conditional_mixed/ratio=1.0/keep=0.75,0.1568773320597981,0.0065963060686015,0.2307692307692307,0.1355764463686343,0.0060830468130124,0.1018518518518518,0.999732691793638,0.0573573274802457,S1/random_under_10to1,0.1717176256629344,0.0074758135444151,,0.1104740988218056,,-0.0148402936031362,-0.0008795074758136,0.0251023475468287,False,,,,,,,0.4,-0.0005822807455345,0.4,cautious_profile,not low-risk enough and not a task10-like opportunity profile,0.159927129220961,0.2087912087912087,0.0336526933288829,0.7806788511749347,0.3574175824175824,0.6984987854957581,0.021978021978022,0.021978021978022,quick,True,True,False,,0.021978021978022,False,False,True,True,True,False,False,False,True,False,False,1.5,1,low
quick_mean_alltasks,seagate_kqi,time-series-2,mean,5,43,S3_HYBRID,ig_smote,1.0,0.75,0.75,positive_only,ig_smote/mode=positive_only/ratio=1.0/keep=0.75,0.1958933358964835,0.0004210526315789,0.1746031746031746,0.0674061216555597,0.0037243947858473,0.0109890109890109,1.0,0.1036632607319842,S1/smote,0.0792305368923019,0.0012631578947368,,0.0738360329636952,,0.1166627990041816,-0.0008421052631579,-0.0064299113081355,True,,,,,,,1.0,0.0539180313510366,0.2,blocked_profile,"weak baseline signal, unstable importance, or extreme class overlap",0.0835382226411846,0.0708994708994708,0.0368886999313402,0.7780821917808219,0.2373428858722976,0.5868821144104004,0.1037037037037038,0.1037037037037038,quick,False,False,True,,0.1037037037037038,True,True,True,True,True,True,True,False,True,True,False,8.5,0,very_high
quick_mean_alltasks,seagate_kqi,time-series-2,mean,5,43,S3_HYBRID,s1_plus_ig,1.0,0.75,0.75,conditional_mixed,s1_plus_ig/mode=conditional_mixed/ratio=1.0/keep=0.75,0.1649801293489337,0.0004210526315789,0.1904761904761904,0.0683860563528865,0.0055865921787709,0.0439560439560439,0.9997043606799704,0.0314670330357534,S1/smote,0.0792305368923019,0.0012631578947368,,0.0738360329636952,,0.0857495924566317,-0.0008421052631579,-0.0054499766108087,True,,,,,,,1.0,0.0610746670564524,0.2,blocked_profile,"weak baseline signal, unstable importance, or extreme class overlap",0.0835382226411846,0.0708994708994708,0.0368886999313402,0.7780821917808219,0.2373428858722976,0.5868821144104004,0.1195767195767196,0.1195767195767196,quick,False,False,True,,0.1195767195767196,True,True,True,True,True,True,True,False,False,False,False,4.5,1,medium
quick_mean_alltasks,seagate_kqi,time-series-2,mean,5,43,S3_HYBRID,ig_clean,0.5,0.75,0.75,conditional_mixed,ig_clean/mode=conditional_mixed/ratio=0.5/keep=0.75,0.1352716648268438,0.0,0.1111111111111111,0.067230561006554,0.0007448789571694,0.0439560439560439,0.9945636203349986,0.0467565832298912,S1/smote,0.0792305368923019,0.0012631578947368,,0.0738360329636952,,0.0560411279345419,-0.0012631578947368,-0.0066054719571412,True,,,,,,,1.0,0.0382766218253377,0.2,blocked_profile,"weak baseline signal, unstable importance, or extreme class overlap",0.0835382226411846,0.0708994708994708,0.0368886999313402,0.7780821917808219,0.2373428858722976,0.5868821144104004,0.0402116402116403,0.0402116402116403,quick,False,False,True,,0.0402116402116403,True,True,True,True,True,True,True,False,True,False,True,7.5,1,very_high
quick_mean_alltasks,seagate_kqi,time-series-2,mean,6,43,S3_HYBRID,ig_clean,1.0,0.25,0.25,conditional_mixed,ig_clean/mode=conditional_mixed/ratio=1.0/keep=0.25,0.1639468703284822,0.0763932373199749,0.116822429906542,0.1216830420818447,0.1531647905517623,0.050251256281407,0.98779296875,0.0554855740202844,S1/smote,0.1871985300159752,0.0371008140262993,,0.0973111213048283,,-0.0232516596874929,0.0392924232936756,0.0243719207770164,False,,,,,,,0.2,-0.0185840507968506,0.0,cautious_profile,not low-risk enough and not a task10-like opportunity profile,0.1682356787942021,0.1246105919003114,0.0100946857621724,0.7716814159292036,0.4014652014652015,0.5592544078826904,-0.0077881619937694,-0.0077881619937694,quick,True,True,False,,-0.0077881619937694,False,False,False,False,False,False,False,False,True,False,True,-2.0,2,very_low
quick_mean_alltasks,seagate_kqi,time-series-2,mean,6,43,S3_HYBRID,ig_smote,0.5,0.25,0.25,conditional_mixed,ig_smote/mode=conditional_mixed/ratio=0.5/keep=0.25,0.1580544293731884,0.0651221039448966,0.0934579439252336,0.1137055428292418,0.1179184351356338,0.0201005025125628,1.0,0.0755436813830096,S1/smote,0.1871985300159752,0.0371008140262993,,0.0973111213048283,,-0.0291441006427868,0.0280212899185973,0.0163944215244135,False,,,,,,,0.2,-0.0157969668771763,0.4,cautious_profile,not low-risk enough and not a task10-like opportunity profile,0.1682356787942021,0.1246105919003114,0.0100946857621724,0.7716814159292036,0.4014652014652015,0.5592544078826904,-0.0311526479750778,-0.0311526479750778,quick,True,True,False,,-0.0311526479750778,False,False,False,False,False,False,False,False,True,False,False,-3.0,2,very_low
quick_mean_alltasks,seagate_kqi,time-series-2,mean,6,43,S3_HYBRID,s1_plus_ig,0.5,0.75,0.75,positive_only,s1_plus_ig/mode=positive_only/ratio=0.5/keep=0.75,0.1561644797105017,0.0474326862867877,0.1074766355140186,0.1154800530811091,0.0937442332533677,0.0753768844221105,1.0,0.0642811892531122,S1/smote,0.1871985300159752,0.0371008140262993,,0.0973111213048283,,-0.0310340503054734,0.0103318722604884,0.0181689317762808,False,,,,,,,0.0,-0.0143662540864002,0.4,cautious_profile,not low-risk enough and not a task10-like opportunity profile,0.1682356787942021,0.1246105919003114,0.0100946857621724,0.7716814159292036,0.4014652014652015,0.5592544078826904,-0.0171339563862927,-0.0171339563862927,quick,True,True,False,,-0.0171339563862927,False,False,False,False,False,False,False,False,True,True,False,-1.0,1,very_low
quick_mean_alltasks,seagate_kqi,time-series-2,mean,7,43,S3_HYBRID,ig_clean,0.5,0.75,0.75,positive_only,ig_clean/mode=positive_only/ratio=0.5/keep=0.75,0.1383784073324315,0.0136062071292027,0.1628959276018099,0.1124705218450676,0.0290736984448952,0.1652173913043478,0.9998394966615304,0.0451636152620979,S1/random_under_10to1,0.1689893828376154,0.0060721916113797,,0.16762822542463,,-0.0306109755051838,0.007534015517823,-0.0551577035795623,True,,,,,,,0.0,-0.027629014829927,0.2,blocked_profile,"weak baseline signal, unstable importance, or extreme class overlap",0.1611452083315187,0.1972850678733031,0.0072624948837472,0.8536741214057508,0.3669413919413919,0.6858634948730469,-0.0343891402714932,-0.0343891402714932,quick,False,False,True,,-0.0343891402714932,False,False,False,False,False,False,False,False,True,True,False,-1.0,1,very_low
quick_mean_alltasks,seagate_kqi,time-series-2,mean,7,43,S3_HYBRID,ig_smote,0.5,0.25,0.25,positive_only,ig_smote/mode=positive_only/ratio=0.5/keep=0.25,0.1192156488019379,0.0100078713594962,0.1493212669683258,0.1413457144982859,0.0412440838404327,0.2782608695652174,1.0,0.0428049556832804,S1/random_under_10to1,0.1689893828376154,0.0060721916113797,,0.16762822542463,,-0.0497737340356774,0.0039356797481165,-0.026282510926344,True,,,,,,,0.0,-0.0340879590951427,0.2,blocked_profile,"weak baseline signal, unstable importance, or extreme class overlap",0.1611452083315187,0.1972850678733031,0.0072624948837472,0.8536741214057508,0.3669413919413919,0.6858634948730469,-0.0479638009049773,-0.0479638009049773,quick,False,False,True,,-0.0479638009049773,False,False,False,True,False,False,False,False,True,True,False,1.0,1,low
quick_mean_alltasks,seagate_kqi,time-series-2,mean,7,43,S3_HYBRID,s1_plus_ig,0.5,0.75,0.75,conditional_mixed,s1_plus_ig/mode=conditional_mixed/ratio=0.5/keep=0.75,0.1096341062605043,0.0019116158776565,0.1312217194570135,0.1058571444337242,0.0102772143340094,0.2521739130434782,1.0,0.028925203582145,S1/random_under_10to1,0.1689893828376154,0.0060721916113797,,0.16762822542463,,-0.059355276577111,-0.0041605757337232,-0.0617710809909057,True,,,,,,,0.0,-0.0375150729206106,0.2,blocked_profile,"weak baseline signal, unstable importance, or extreme class overlap",0.1611452083315187,0.1972850678733031,0.0072624948837472,0.8536741214057508,0.3669413919413919,0.6858634948730469,-0.0660633484162896,-0.0660633484162896,quick,False,False,True,,-0.0660633484162896,False,False,True,True,False,False,False,False,False,False,False,-2.0,3,very_low
quick_mean_alltasks,seagate_kqi,time-series-2,mean,9,43,S3_HYBRID,s1_plus_ig,1.0,0.75,0.75,positive_only,s1_plus_ig/mode=positive_only/ratio=1.0/keep=0.75,0.0228756429999953,0.0431177446102819,0.0,0.0225618375844723,0.1386276558690351,0.0,0.9984143763213532,0.0160841549218847,S1/random_under_10to1,0.0205634048593113,0.1373134328358209,,0.0354848504081446,,0.002312238140684,-0.094195688225539,-0.0129230128236722,True,,,,,,,0.2,-0.0017217105708717,0.8,blocked_profile,"weak baseline signal, unstable importance, or extreme class overlap",0.0212200203034733,0.0,0.004780393366422,0.9791666666666666,0.2475957049486461,0.5748549103736877,0.0,0.0,quick,False,False,True,,0.0,True,False,True,True,True,False,False,True,False,True,True,5.5,0,high
quick_mean_alltasks,seagate_kqi,time-series-2,mean,9,43,S3_HYBRID,ig_clean,1.0,0.75,0.75,positive_only,ig_clean/mode=positive_only/ratio=1.0/keep=0.75,0.0212418807761772,0.2660033167495854,0.0285714285714285,0.0220897099365696,0.3556252176941832,0.0,0.8884297520661156,0.0188346467007263,S1/random_under_10to1,0.0205634048593113,0.1373134328358209,,0.0354848504081446,,0.0006784759168659,0.1286898839137644,-0.013395140471575,True,,,,,,,0.4,-0.00032191485178,0.4,blocked_profile,"weak baseline signal, unstable importance, or extreme class overlap",0.0212200203034733,0.0,0.004780393366422,0.9791666666666666,0.2475957049486461,0.5748549103736877,0.0285714285714285,0.0285714285714285,quick,False,False,True,,0.0285714285714285,True,False,False,False,True,True,False,False,False,True,True,2.5,1,low
quick_mean_alltasks,seagate_kqi,time-series-2,mean,9,43,S3_HYBRID,ig_smote,1.0,0.25,0.25,conditional_mixed,ig_smote/mode=conditional_mixed/ratio=1.0/keep=0.25,0.0195772566836614,0.1475953565505804,0.0285714285714285,0.0173270392604811,0.1960989202368512,0.0,0.7238095238095238,0.012172475547596,S1/random_under_10to1,0.0205634048593113,0.1373134328358209,,0.0354848504081446,,-0.0009861481756499,0.0102819237147595,-0.0181578111476635,True,,,,,,,0.2,-0.0009861481756499,0.4,blocked_profile,"weak baseline signal, unstable importance, or extreme class overlap",0.0212200203034733,0.0,0.004780393366422,0.9791666666666666,0.2475957049486461,0.5748549103736877,0.0285714285714285,0.0285714285714285,quick,False,False,True,,0.0285714285714285,False,False,False,False,True,True,False,False,False,False,True,-1.5,1,very_low
quick_mean_alltasks,seagate_kqi,time-series-2,mean,10,43,S3_HYBRID,ig_clean,1.0,0.25,0.25,positive_only,ig_clean/mode=positive_only/ratio=1.0/keep=0.25,0.176124503640897,0.0165195977837061,0.3128712871287128,0.1508054325252566,0.0216525162453161,0.2249488752556237,0.9997278911564624,0.0127671996880046,S1/random_over,0.1930151236371068,0.0102195772624666,,0.1836017381754084,,-0.0168906199962098,0.0063000205212395,-0.0327963056501517,True,,,,,,,0.0,-0.0456362022322792,0.0,opportunity_profile_s1plus,"enough positives and baseline signal, but overlap remains high",0.1495180069283229,0.2852805280528052,0.0378118864194125,0.8355968548963545,0.3945970695970696,0.5862177014350891,0.0275907590759076,0.0275907590759076,quick,False,False,True,,0.0275907590759076,False,False,False,False,True,True,False,False,False,True,False,-0.5,0,very_low
quick_mean_alltasks,seagate_kqi,time-series-2,mean,10,43,S3_HYBRID,s1_plus_ig,1.0,0.75,0.75,conditional_mixed,s1_plus_ig/mode=conditional_mixed/ratio=1.0/keep=0.75,0.1651981622991463,0.0083726657090088,0.3405940594059406,0.1657602091159141,0.0077787791111321,0.3047034764826176,0.9999899218946838,0.0134652948539427,S1/random_over,0.1930151236371068,0.0102195772624666,,0.1836017381754084,,-0.0278169613379604,-0.0018469115534578,-0.0178415290594942,True,,,,,,,0.2,-0.0278169613379604,0.6,opportunity_profile_s1plus,"enough positives and baseline signal, but overlap remains high",0.1495180069283229,0.2852805280528052,0.0378118864194125,0.8355968548963545,0.3945970695970696,0.5862177014350891,0.0553135313531354,0.0553135313531354,quick,False,False,True,,0.0553135313531354,False,False,True,True,True,True,False,True,False,False,False,1.5,1,low
quick_mean_alltasks,seagate_kqi,time-series-2,mean,10,43,S3_HYBRID,ig_smote,1.0,0.75,0.75,conditional_mixed,ig_smote/mode=conditional_mixed/ratio=1.0/keep=0.75,0.1651518059065864,0.0116355427867843,0.3247524752475247,0.1513230494793379,0.0146089266233458,0.2740286298568507,0.9999924414210128,0.013308522305036,S1/random_over,0.1930151236371068,0.0102195772624666,,0.1836017381754084,,-0.0278633177305203,0.0014159655243177,-0.0322786886960705,True,,,,,,,0.4,-0.0278633177305203,0.2,opportunity_profile_s1plus,"enough positives and baseline signal, but overlap remains high",0.1495180069283229,0.2852805280528052,0.0378118864194125,0.8355968548963545,0.3945970695970696,0.5862177014350891,0.0394719471947195,0.0394719471947195,quick,False,False,True,,0.0394719471947195,False,False,False,True,True,True,False,False,False,False,False,-0.5,1,very_low
quick_mean_alltasks,seagate_kqi,time-series-2,mean,0,44,S3_HYBRID,ig_smote,1.0,0.25,0.25,conditional_mixed,ig_smote/mode=conditional_mixed/ratio=1.0/keep=0.25,0.2133883719519753,0.131578947368421,0.044776119402985,0.1383591244801743,0.2048192771084337,0.02,0.8106060606060607,0.2654969782886283,S1/random_under_20to1,0.1896670481903697,0.2151029748283753,,0.1465196007758235,,0.0237213237616056,-0.0835240274599543,-0.0081604762956492,True,,,,,,,0.2,-0.008525624451791,0.8,low_profile_open,"low overlap, stable importance, concentrated signal, S1 improves over S0",0.2013238663022727,0.035820895522388,0.0220297052659713,0.4635761589403973,0.4799450549450549,0.6111317276954651,0.008955223880597,0.008955223880597,quick,False,False,True,,0.008955223880597,True,True,True,True,True,False,False,True,True,False,True,6.5,1,high
quick_mean_alltasks,seagate_kqi,time-series-2,mean,0,44,S3_HYBRID,s1_plus_ig,0.5,0.25,0.25,conditional_mixed,s1_plus_ig/mode=conditional_mixed/ratio=0.5/keep=0.25,0.2041916191390282,0.1132723112128146,0.0149253731343283,0.1533893172744908,0.2048192771084337,0.04,0.8106060606060607,0.2671274861038068,S1/random_under_20to1,0.1896670481903697,0.2151029748283753,,0.1465196007758235,,0.0145245709486585,-0.1018306636155606,0.0068697164986673,False,,,,,,,0.6,0.013718178938142,0.8,low_profile_open,"low overlap, stable importance, concentrated signal, S1 improves over S0",0.2013238663022727,0.035820895522388,0.0220297052659713,0.4635761589403973,0.4799450549450549,0.6111317276954651,-0.0208955223880597,-0.0208955223880597,quick,True,True,False,,-0.0208955223880597,True,True,True,True,False,False,True,True,True,False,True,6.0,1,high
quick_mean_alltasks,seagate_kqi,time-series-2,mean,0,44,S3_HYBRID,ig_clean,1.0,0.75,0.75,conditional_mixed,ig_clean/mode=conditional_mixed/ratio=1.0/keep=0.75,0.2000395783320853,0.1945080091533181,0.0149253731343283,0.1556957277815292,0.25,0.04,0.9509803921568628,0.3021405988706642,S1/random_under_20to1,0.1896670481903697,0.2151029748283753,,0.1465196007758235,,0.0103725301417156,-0.0205949656750571,0.0091761270057057,False,,,,,,,0.4,-0.0186653428737924,0.6,low_profile_open,"low overlap, stable importance, concentrated signal, S1 improves over S0",0.2013238663022727,0.035820895522388,0.0220297052659713,0.4635761589403973,0.4799450549450549,0.6111317276954651,-0.0208955223880597,-0.0208955223880597,quick,True,True,False,,-0.0208955223880597,True,True,True,True,False,False,False,True,True,False,True,5.0,1,medium
quick_mean_alltasks,seagate_kqi,time-series-2,mean,1,44,S3_HYBRID,ig_clean,1.0,0.75,0.75,positive_only,ig_clean/mode=positive_only/ratio=1.0/keep=0.75,0.1943420270586917,0.032695652173913,0.1447368421052631,0.1122993267113874,0.069483949613978,0.1061946902654867,0.9981634527089072,0.0676334733723832,S1/random_over,0.1919687058243374,0.0441739130434782,,0.1649728538156734,,0.0023733212343542,-0.0114782608695652,-0.0526735271042859,True,,,,,,,0.6,0.0023733212343542,0.8,cautious_profile,not low-risk enough and not a task10-like opportunity profile,0.1814252445223225,0.1552631578947367,0.0146760299841192,0.7345890410958904,0.3026323349852762,0.5888000726699829,-0.0105263157894735,-0.0105263157894735,quick,False,False,True,,-0.0105263157894735,True,False,True,True,False,False,True,True,True,True,True,7.0,0,high
quick_mean_alltasks,seagate_kqi,time-series-2,mean,1,44,S3_HYBRID,s1_plus_ig,1.0,0.25,0.25,conditional_mixed,s1_plus_ig/mode=conditional_mixed/ratio=1.0/keep=0.25,0.1900553444905417,0.0528695652173913,0.1710526315789473,0.157511866884974,0.0881755383990247,0.1061946902654867,0.9819214876033058,0.0681732600231679,S1/random_over,0.1919687058243374,0.0441739130434782,,0.1649728538156734,,-0.0019133613337956,0.008695652173913,-0.0074609869306993,True,,,,,,,0.6,0.0099927727403986,0.6,cautious_profile,not low-risk enough and not a task10-like opportunity profile,0.1814252445223225,0.1552631578947367,0.0146760299841192,0.7345890410958904,0.3026323349852762,0.5888000726699829,0.0157894736842106,0.0157894736842106,quick,False,False,True,,0.0157894736842106,False,False,False,False,True,False,True,True,True,False,True,1.5,1,low
quick_mean_alltasks,seagate_kqi,time-series-2,mean,1,44,S3_HYBRID,ig_smote,1.0,0.25,0.25,positive_only,ig_smote/mode=positive_only/ratio=1.0/keep=0.25,0.1783902530124217,0.0215652173913043,0.1710526315789473,0.1569163639221198,0.040633888663145,0.1238938053097345,0.9994834710743802,0.1375440769667441,S1/random_over,0.1919687058243374,0.0441739130434782,,0.1649728538156734,,-0.0135784528119156,-0.0226086956521739,-0.0080564898935535,True,,,,,,,0.4,-0.0054811291035555,0.8,cautious_profile,not low-risk enough and not a task10-like opportunity profile,0.1814252445223225,0.1552631578947367,0.0146760299841192,0.7345890410958904,0.3026323349852762,0.5888000726699829,0.0157894736842106,0.0157894736842106,quick,False,False,True,,0.0157894736842106,False,False,True,True,True,False,False,True,True,True,False,4.5,0,medium
quick_mean_alltasks,seagate_kqi,time-series-2,mean,2,44,S3_HYBRID,s1_plus_ig,1.0,0.75,0.75,positive_only,s1_plus_ig/mode=positive_only/ratio=1.0/keep=0.75,0.0523710719702558,0.0592384837667856,0.0531914893617021,0.0307810921029432,0.0461924439197166,0.0,0.9999746845056516,0.0559675442518373,S1/random_under_20to1,0.0291537051776978,0.0379908210096889,,0.0238235559269686,,0.0232173667925579,0.0212476627570967,0.0069575361759746,False,,,,,,,1.0,0.0232173667925579,0.6,blocked_profile,"weak baseline signal, unstable importance, or extreme class overlap",0.0295084640255766,0.0319148936170212,0.0056438684426514,0.8980747451868629,0.3417313079077784,0.5111117362976074,0.0212765957446809,0.0212765957446809,quick,True,True,False,,0.0212765957446809,True,True,False,False,True,False,True,True,True,True,False,5.5,1,high
quick_mean_alltasks,seagate_kqi,time-series-2,mean,2,44,S3_HYBRID,ig_smote,0.5,0.25,0.25,conditional_mixed,ig_smote/mode=conditional_mixed/ratio=0.5/keep=0.25,0.0502258446398738,0.0216726160122386,0.0851063829787234,0.0314733269923142,0.0112160566706021,0.0347826086956521,1.0,0.0232215380621403,S1/random_under_20to1,0.0291537051776978,0.0379908210096889,,0.0238235559269686,,0.021072139462176,-0.0163182049974503,0.0076497710653456,False,,,,,,,0.8,0.0151442521294892,0.8,blocked_profile,"weak baseline signal, unstable importance, or extreme class overlap",0.0295084640255766,0.0319148936170212,0.0056438684426514,0.8980747451868629,0.3417313079077784,0.5111117362976074,0.0531914893617022,0.0531914893617022,quick,True,True,False,,0.0531914893617022,True,True,True,True,True,True,True,True,False,False,False,5.5,1,high
quick_mean_alltasks,seagate_kqi,time-series-2,mean,2,44,S3_HYBRID,ig_clean,0.5,0.25,0.25,positive_only,ig_clean/mode=positive_only/ratio=0.5/keep=0.25,0.0466628930805937,0.0173380928097909,0.0797872340425532,0.0346623646309467,0.0110684769775678,0.0434782608695652,0.9959294436906376,0.0430297813448232,S1/random_under_20to1,0.0291537051776978,0.0379908210096889,,0.0238235559269686,,0.0175091879028959,-0.020652728199898,0.0108388087039781,False,,,,,,,0.8,0.0175091879028959,0.8,blocked_profile,"weak baseline signal, unstable importance, or extreme class overlap",0.0295084640255766,0.0319148936170212,0.0056438684426514,0.8980747451868629,0.3417313079077784,0.5111117362976074,0.047872340425532,0.047872340425532,quick,True,True,False,,0.047872340425532,True,True,True,True,True,True,True,True,True,True,True,10.5,0,very_high
quick_mean_alltasks,seagate_kqi,time-series-2,mean,3,44,S3_HYBRID,ig_smote,0.5,0.25,0.25,conditional_mixed,ig_smote/mode=conditional_mixed/ratio=0.5/keep=0.25,0.1560956331195878,0.0048372911169744,0.1978021978021978,0.1347950990593169,0.003702724147051,0.0648148148148148,0.980975029726516,0.0271455016562843,S1/random_under_10to1,0.1392915665979003,0.0026385224274406,,0.1603517389184221,,0.0168040665216875,0.0021987686895338,-0.0255566398591052,True,,,,,,,0.8,0.0019007185944148,0.2,cautious_profile,not low-risk enough and not a task10-like opportunity profile,0.159927129220961,0.2087912087912087,0.0336526933288829,0.7806788511749347,0.3574175824175824,0.6984987854957581,-0.0109890109890108,-0.0109890109890108,quick,False,False,True,,-0.0109890109890108,True,True,False,True,False,False,True,False,False,False,True,2.0,1,low
quick_mean_alltasks,seagate_kqi,time-series-2,mean,3,44,S3_HYBRID,ig_clean,0.5,0.75,0.75,conditional_mixed,ig_clean/mode=conditional_mixed/ratio=0.5/keep=0.75,0.1502122836116084,0.005716798592788,0.2197802197802197,0.126726934178489,0.0021158423697434,0.074074074074074,1.0,0.0867169407912664,S1/random_under_10to1,0.1392915665979003,0.0026385224274406,,0.1603517389184221,,0.0109207170137081,0.0030782761653473,-0.0336248047399331,True,,,,,,,1.0,0.0056282913875438,0.0,cautious_profile,not low-risk enough and not a task10-like opportunity profile,0.159927129220961,0.2087912087912087,0.0336526933288829,0.7806788511749347,0.3574175824175824,0.6984987854957581,0.010989010989011,0.010989010989011,quick,False,False,True,,0.010989010989011,True,True,False,True,True,False,True,False,True,False,False,4.5,1,medium
quick_mean_alltasks,seagate_kqi,time-series-2,mean,3,44,S3_HYBRID,s1_plus_ig,0.5,0.75,0.75,conditional_mixed,s1_plus_ig/mode=conditional_mixed/ratio=0.5/keep=0.75,0.1449709090954622,0.0043975373790677,0.1868131868131868,0.1513053021496505,0.0261835493255752,0.1851851851851851,1.0,0.0602905967908938,S1/random_under_10to1,0.1392915665979003,0.0026385224274406,,0.1603517389184221,,0.0056793424975619,0.001759014951627,-0.0090464367687716,True,,,,,,,0.4,-0.0005822807455345,0.4,cautious_profile,not low-risk enough and not a task10-like opportunity profile,0.159927129220961,0.2087912087912087,0.0336526933288829,0.7806788511749347,0.3574175824175824,0.6984987854957581,-0.0219780219780219,-0.0219780219780219,quick,False,False,True,,-0.0219780219780219,True,True,False,True,False,False,False,False,True,False,False,2.0,1,low
quick_mean_alltasks,seagate_kqi,time-series-2,mean,5,44,S3_HYBRID,ig_smote,1.0,0.75,0.75,positive_only,ig_smote/mode=positive_only/ratio=1.0/keep=0.75,0.2036706841532212,0.0004210526315789,0.1746031746031746,0.0713052562112865,0.0074487895716946,0.1208791208791208,1.0,0.1366654350766321,S1/smote,0.1064614857456308,0.0,,0.0805321034549854,,0.0972091984075904,0.0004210526315789,-0.0092268472436989,True,,,,,,,1.0,0.0539180313510366,0.2,blocked_profile,"weak baseline signal, unstable importance, or extreme class overlap",0.0835382226411846,0.0708994708994708,0.0368886999313402,0.7780821917808219,0.2373428858722976,0.5868821144104004,0.1037037037037038,0.1037037037037038,quick,False,False,True,,0.1037037037037038,True,True,False,True,True,True,True,False,True,True,False,7.5,0,very_high
quick_mean_alltasks,seagate_kqi,time-series-2,mean,5,44,S3_HYBRID,s1_plus_ig,0.5,0.75,0.75,conditional_mixed,s1_plus_ig/mode=conditional_mixed/ratio=0.5/keep=0.75,0.1811503369705562,0.0037894736842105,0.1904761904761904,0.0893300160910904,0.0152700186219739,0.1208791208791208,0.9960458240946046,0.0394874406681974,S1/smote,0.1064614857456308,0.0,,0.0805321034549854,,0.0746888512249254,0.0037894736842105,0.0087979126361049,False,,,,,,,1.0,0.0610746670564524,0.2,blocked_profile,"weak baseline signal, unstable importance, or extreme class overlap",0.0835382226411846,0.0708994708994708,0.0368886999313402,0.7780821917808219,0.2373428858722976,0.5868821144104004,0.1195767195767196,0.1195767195767196,quick,True,True,False,,0.1195767195767196,True,True,False,True,True,True,True,False,False,False,True,4.5,1,medium
quick_mean_alltasks,seagate_kqi,time-series-2,mean,5,44,S3_HYBRID,ig_clean,0.5,0.75,0.75,conditional_mixed,ig_clean/mode=conditional_mixed/ratio=0.5/keep=0.75,0.1279375683096671,0.0008421052631578,0.1269841269841269,0.0665402202115933,0.0096834264432029,0.0659340659340659,0.9945636203349986,0.0310003598789203,S1/smote,0.1064614857456308,0.0,,0.0805321034549854,,0.0214760825640362,0.0008421052631578,-0.0139918832433921,True,,,,,,,1.0,0.0382766218253377,0.2,blocked_profile,"weak baseline signal, unstable importance, or extreme class overlap",0.0835382226411846,0.0708994708994708,0.0368886999313402,0.7780821917808219,0.2373428858722976,0.5868821144104004,0.0560846560846561,0.0560846560846561,quick,False,False,True,,0.0560846560846561,True,True,False,True,True,True,True,False,False,False,True,4.5,1,medium
quick_mean_alltasks,seagate_kqi,time-series-2,mean,6,44,S3_HYBRID,ig_smote,0.5,0.25,0.25,positive_only,ig_smote/mode=positive_only/ratio=0.5/keep=0.25,0.1973612672103675,0.0012523481527864,0.1448598130841121,0.0917146863012019,0.0012917512456172,0.0201005025125628,1.0,0.098664213358937,S1/smote,0.194154497398952,0.0092360676268002,,0.1066568647639362,,0.0032067698114155,-0.0079837194740138,-0.0149421784627342,True,,,,,,,0.2,-0.0157969668771763,0.4,cautious_profile,not low-risk enough and not a task10-like opportunity profile,0.1682356787942021,0.1246105919003114,0.0100946857621724,0.7716814159292036,0.4014652014652015,0.5592544078826904,0.0202492211838007,0.0202492211838007,quick,False,False,True,,0.0202492211838007,True,False,True,True,True,False,False,False,True,True,False,5.5,0,high
quick_mean_alltasks,seagate_kqi,time-series-2,mean,6,44,S3_HYBRID,s1_plus_ig,1.0,0.75,0.75,conditional_mixed,s1_plus_ig/mode=conditional_mixed/ratio=1.0/keep=0.75,0.1801186826778149,0.0413274890419536,0.1214953271028037,0.115798298164409,0.075844251706957,0.0703517587939698,1.0,0.0971771264310139,S1/smote,0.194154497398952,0.0092360676268002,,0.1066568647639362,,-0.0140358147211371,0.0320914214151534,0.0091414334004727,False,,,,,,,0.0,-0.0143662540864002,0.4,cautious_profile,not low-risk enough and not a task10-like opportunity profile,0.1682356787942021,0.1246105919003114,0.0100946857621724,0.7716814159292036,0.4014652014652015,0.5592544078826904,-0.0031152647975077,-0.0031152647975077,quick,True,True,False,,-0.0031152647975077,False,False,False,False,False,False,False,False,True,False,False,-3.0,2,very_low
quick_mean_alltasks,seagate_kqi,time-series-2,mean,6,44,S3_HYBRID,ig_clean,1.0,0.25,0.25,positive_only,ig_clean/mode=positive_only/ratio=1.0/keep=0.25,0.1532417119316498,0.049624295554164,0.1074766355140186,0.1040791077948103,0.0791658977671157,0.0653266331658291,1.0,0.0713023822719453,S1/smote,0.194154497398952,0.0092360676268002,,0.1066568647639362,,-0.0409127854673022,0.0403882279273637,-0.0025777569691258,True,,,,,,,0.2,-0.0185840507968506,0.0,cautious_profile,not low-risk enough and not a task10-like opportunity profile,0.1682356787942021,0.1246105919003114,0.0100946857621724,0.7716814159292036,0.4014652014652015,0.5592544078826904,-0.0171339563862927,-0.0171339563862927,quick,False,False,False,,-0.0171339563862927,False,False,False,False,False,False,False,False,True,True,False,-1.0,2,very_low
quick_mean_alltasks,seagate_kqi,time-series-2,mean,7,44,S3_HYBRID,s1_plus_ig,1.0,0.75,0.75,positive_only,s1_plus_ig/mode=positive_only/ratio=1.0/keep=0.75,0.1361184409015618,0.0094456313954795,0.1855203619909502,0.1184616685173475,0.0217714672075726,0.2,1.0,0.0421758264026923,S1/random_over,0.1689249513717332,0.006859327561003,,0.1384591263957411,,-0.0328065104701713,0.0025863038344764,-0.0199974578783935,True,,,,,,,0.0,-0.0375150729206106,0.2,blocked_profile,"weak baseline signal, unstable importance, or extreme class overlap",0.1611452083315187,0.1972850678733031,0.0072624948837472,0.8536741214057508,0.3669413919413919,0.6858634948730469,-0.0117647058823529,-0.0117647058823529,quick,False,False,True,,-0.0117647058823529,False,False,False,True,False,False,False,False,True,True,False,1.0,1,low
quick_mean_alltasks,seagate_kqi,time-series-2,mean,7,44,S3_HYBRID,ig_smote,1.0,0.25,0.25,conditional_mixed,ig_smote/mode=conditional_mixed/ratio=1.0/keep=0.25,0.1348369922765904,0.0112447992803328,0.1628959276018099,0.1130953874628974,0.0463826910074374,0.2391304347826087,1.0,0.0275134343411012,S1/random_over,0.1689249513717332,0.006859327561003,,0.1384591263957411,,-0.0340879590951427,0.0043854717193298,-0.0253637389328436,True,,,,,,,0.0,-0.0340879590951427,0.2,blocked_profile,"weak baseline signal, unstable importance, or extreme class overlap",0.1611452083315187,0.1972850678733031,0.0072624948837472,0.8536741214057508,0.3669413919413919,0.6858634948730469,-0.0343891402714932,-0.0343891402714932,quick,False,False,True,,-0.0343891402714932,False,False,False,True,False,False,False,False,False,False,False,-3.0,2,very_low
quick_mean_alltasks,seagate_kqi,time-series-2,mean,7,44,S3_HYBRID,ig_clean,1.0,0.25,0.25,positive_only,ig_clean/mode=positive_only/ratio=1.0/keep=0.25,0.1314681327847848,0.0095580793882829,0.1583710407239819,0.1425724278485654,0.0311020960108181,0.208695652173913,0.9982763573685725,0.0488559087811281,S1/random_over,0.1689249513717332,0.006859327561003,,0.1384591263957411,,-0.0374568185869483,0.0026987518272798,0.0041133014528242,False,,,,,,,0.0,-0.027629014829927,0.2,blocked_profile,"weak baseline signal, unstable importance, or extreme class overlap",0.1611452083315187,0.1972850678733031,0.0072624948837472,0.8536741214057508,0.3669413919413919,0.6858634948730469,-0.0389140271493212,-0.0389140271493212,quick,True,False,False,,-0.0389140271493212,False,False,False,True,False,False,False,False,True,True,True,2.0,1,low
quick_mean_alltasks,seagate_kqi,time-series-2,mean,9,44,S3_HYBRID,ig_clean,0.5,0.25,0.25,positive_only,ig_clean/mode=positive_only/ratio=0.5/keep=0.25,0.0279303075450373,0.0494195688225539,0.0285714285714285,0.0249170864245903,0.0494601184256356,0.0,,0.011393972202935,S1/random_under_20to1,0.0307593362518294,0.0145936981757877,,0.0239155394517855,,-0.002829028706792,0.0348258706467662,0.0010015469728047,False,,,,,,,0.4,-0.00032191485178,0.4,blocked_profile,"weak baseline signal, unstable importance, or extreme class overlap",0.0212200203034733,0.0,0.004780393366422,0.9791666666666666,0.2475957049486461,0.5748549103736877,0.0285714285714285,0.0285714285714285,quick,True,False,False,,0.0285714285714285,False,False,False,False,True,True,False,False,False,True,True,0.5,1,low
quick_mean_alltasks,seagate_kqi,time-series-2,mean,9,44,S3_HYBRID,ig_smote,1.0,0.25,0.25,positive_only,ig_smote/mode=positive_only/ratio=1.0/keep=0.25,0.021446026207161,0.5495854063018242,0.0,0.0207665000436347,0.6032741205154998,0.0,0.8761904761904762,0.0109347867748086,S1/random_under_20to1,0.0307593362518294,0.0145936981757877,,0.0239155394517855,,-0.0093133100446684,0.5349917081260365,-0.0031490394081508,True,,,,,,,0.2,-0.0009861481756499,0.4,blocked_profile,"weak baseline signal, unstable importance, or extreme class overlap",0.0212200203034733,0.0,0.004780393366422,0.9791666666666666,0.2475957049486461,0.5748549103736877,0.0,0.0,quick,False,False,False,,0.0,False,False,False,False,True,False,False,False,False,True,True,-0.5,1,very_low
quick_mean_alltasks,seagate_kqi,time-series-2,mean,9,44,S3_HYBRID,s1_plus_ig,1.0,0.25,0.25,positive_only,s1_plus_ig/mode=positive_only/ratio=1.0/keep=0.25,0.020134281055491,0.0981757877280265,0.0285714285714285,0.021207263375225,0.3347265761058864,0.0232558139534883,0.8761904761904762,0.0110928961748633,S1/random_under_20to1,0.0307593362518294,0.0145936981757877,,0.0239155394517855,,-0.0106250551963383,0.0835820895522388,-0.0027082760765605,True,,,,,,,0.2,-0.0017217105708717,0.8,blocked_profile,"weak baseline signal, unstable importance, or extreme class overlap",0.0212200203034733,0.0,0.004780393366422,0.9791666666666666,0.2475957049486461,0.5748549103736877,0.0285714285714285,0.0285714285714285,quick,False,False,False,,0.0285714285714285,False,False,False,False,True,True,False,True,False,True,True,1.5,1,low
quick_mean_alltasks,seagate_kqi,time-series-2,mean,10,44,S3_HYBRID,ig_smote,1.0,0.75,0.75,conditional_mixed,ig_smote/mode=conditional_mixed/ratio=1.0/keep=0.75,0.1730250093505213,0.0166632464600861,0.3326732673267327,0.1480404525576636,0.0200635583171275,0.2842535787321063,0.9999546485260772,0.0129361949349161,S1/random_over,0.204395955346905,0.0045351939257131,,0.1240217475586032,,-0.0313709459963836,0.012128052534373,0.0240187049990604,False,,,,,,,0.4,-0.0278633177305203,0.2,opportunity_profile_s1plus,"enough positives and baseline signal, but overlap remains high",0.1495180069283229,0.2852805280528052,0.0378118864194125,0.8355968548963545,0.3945970695970696,0.5862177014350891,0.0473927392739275,0.0473927392739275,quick,True,True,False,,0.0473927392739275,False,False,False,False,True,True,False,False,False,False,False,-2.5,2,very_low
quick_mean_alltasks,seagate_kqi,time-series-2,mean,10,44,S3_HYBRID,s1_plus_ig,0.5,0.75,0.75,positive_only,s1_plus_ig/mode=positive_only/ratio=0.5/keep=0.75,0.1552019288679818,0.0110199056022983,0.2871287128712871,0.1566709014104871,0.008513968600294,0.2515337423312883,1.0,0.0271054335639006,S1/random_over,0.204395955346905,0.0045351939257131,,0.1240217475586032,,-0.0491940264789232,0.0064847116765852,0.0326491538518839,False,,,,,,,0.2,-0.0278169613379604,0.6,opportunity_profile_s1plus,"enough positives and baseline signal, but overlap remains high",0.1495180069283229,0.2852805280528052,0.0378118864194125,0.8355968548963545,0.3945970695970696,0.5862177014350891,0.0018481848184819,0.0018481848184819,quick,True,True,False,,0.0018481848184819,False,False,False,False,True,False,False,True,False,True,False,-0.5,1,very_low
quick_mean_alltasks,seagate_kqi,time-series-2,mean,10,44,S3_HYBRID,ig_clean,1.0,0.25,0.25,conditional_mixed,ig_clean/mode=conditional_mixed/ratio=1.0/keep=0.25,0.1135302115288937,0.0214652164990765,0.2099009900990099,0.1124384683664352,0.039486790304985,0.2085889570552147,1.0,0.0102852508110065,S1/random_over,0.204395955346905,0.0045351939257131,,0.1240217475586032,,-0.0908657438180113,0.0169300225733634,-0.0115832791921679,True,,,,,,,0.0,-0.0456362022322792,0.0,opportunity_profile_s1plus,"enough positives and baseline signal, but overlap remains high",0.1495180069283229,0.2852805280528052,0.0378118864194125,0.8355968548963545,0.3945970695970696,0.5862177014350891,-0.0753795379537952,-0.0753795379537952,quick,False,False,True,,-0.0753795379537952,False,False,False,False,False,False,False,False,False,False,False,-5.0,3,very_low
quick_mean_alltasks,seagate_kqi,time-series-2,mean,0,45,S3_HYBRID,s1_plus_ig,1.0,0.75,0.75,conditional_mixed,s1_plus_ig/mode=conditional_mixed/ratio=1.0/keep=0.75,0.2208020283229259,0.1636155606407322,0.0149253731343283,0.135133187043752,0.322289156626506,0.02,0.9991596638655462,0.6832485394393164,S1/random_under_10to1,0.2070838493847838,0.143020594965675,,0.144065570800917,,0.013718178938142,0.0205949656750571,-0.008932383757165,True,,,,,,,0.6,0.013718178938142,0.8,low_profile_open,"low overlap, stable importance, concentrated signal, S1 improves over S0",0.2013238663022727,0.035820895522388,0.0220297052659713,0.4635761589403973,0.4799450549450549,0.6111317276954651,-0.0208955223880597,-0.0208955223880597,quick,False,False,True,,-0.0208955223880597,True,True,False,False,False,False,True,True,True,False,False,2.0,2,low
quick_mean_alltasks,seagate_kqi,time-series-2,mean,0,45,S3_HYBRID,ig_smote,0.5,0.75,0.75,conditional_mixed,ig_smote/mode=conditional_mixed/ratio=0.5/keep=0.75,0.2030299157300628,0.1018306636155606,0.0298507462686567,0.1527848090767129,0.1877510040160642,0.04,0.9991596638655462,0.6946026131106563,S1/random_under_10to1,0.2070838493847838,0.143020594965675,,0.144065570800917,,-0.004053933654721,-0.0411899313501144,0.0087192382757959,False,,,,,,,0.2,-0.008525624451791,0.8,low_profile_open,"low overlap, stable importance, concentrated signal, S1 improves over S0",0.2013238663022727,0.035820895522388,0.0220297052659713,0.4635761589403973,0.4799450549450549,0.6111317276954651,-0.0059701492537313,-0.0059701492537313,quick,True,True,False,,-0.0059701492537313,False,False,True,True,False,False,False,True,True,False,False,1.0,1,low
quick_mean_alltasks,seagate_kqi,time-series-2,mean,0,45,S3_HYBRID,ig_clean,1.0,0.75,0.75,positive_only,ig_clean/mode=positive_only/ratio=1.0/keep=0.75,0.1883576498713741,0.2562929061784897,0.0149253731343283,0.1444604993935572,0.2720883534136546,0.02,0.8725490196078431,0.1835215716066174,S1/random_under_10to1,0.2070838493847838,0.143020594965675,,0.144065570800917,,-0.0187261995134097,0.1132723112128147,0.0003949285926402,False,,,,,,,0.4,-0.0186653428737924,0.6,low_profile_open,"low overlap, stable importance, concentrated signal, S1 improves over S0",0.2013238663022727,0.035820895522388,0.0220297052659713,0.4635761589403973,0.4799450549450549,0.6111317276954651,-0.0208955223880597,-0.0208955223880597,quick,True,False,False,,-0.0208955223880597,False,False,False,False,False,False,False,True,True,True,True,1.0,1,low
quick_mean_alltasks,seagate_kqi,time-series-2,mean,1,45,S3_HYBRID,s1_plus_ig,1.0,0.75,0.75,conditional_mixed,s1_plus_ig/mode=conditional_mixed/ratio=1.0/keep=0.75,0.2111486634303895,0.0125217391304347,0.2368421052631578,0.1276255494884245,0.0215359609914668,0.0973451327433628,1.0,0.0617851868986643,S1/smote,0.1715883550296318,0.0393043478260869,,0.1622757880429485,,0.0395603084007576,-0.0267826086956521,-0.034650238554524,True,,,,,,,0.6,0.0099927727403986,0.6,cautious_profile,not low-risk enough and not a task10-like opportunity profile,0.1814252445223225,0.1552631578947367,0.0146760299841192,0.7345890410958904,0.3026323349852762,0.5888000726699829,0.0815789473684211,0.0815789473684211,quick,False,False,True,,0.0815789473684211,True,True,True,True,True,True,True,True,True,False,False,7.5,1,very_high
quick_mean_alltasks,seagate_kqi,time-series-2,mean,1,45,S3_HYBRID,ig_smote,0.5,0.25,0.25,conditional_mixed,ig_smote/mode=conditional_mixed/ratio=0.5/keep=0.25,0.1972034654392034,0.0118260869565217,0.2236842105263158,0.1526431429895421,0.0146281999187322,0.1150442477876106,1.0,0.0546199680293883,S1/smote,0.1715883550296318,0.0393043478260869,,0.1622757880429485,,0.0256151104095715,-0.0274782608695651,-0.0096326450534064,True,,,,,,,0.4,-0.0054811291035555,0.8,cautious_profile,not low-risk enough and not a task10-like opportunity profile,0.1814252445223225,0.1552631578947367,0.0146760299841192,0.7345890410958904,0.3026323349852762,0.5888000726699829,0.0684210526315791,0.0684210526315791,quick,False,False,True,,0.0684210526315791,True,True,True,True,True,True,False,True,True,False,False,6.5,1,high
quick_mean_alltasks,seagate_kqi,time-series-2,mean,1,45,S3_HYBRID,ig_clean,1.0,0.25,0.25,conditional_mixed,ig_clean/mode=conditional_mixed/ratio=1.0/keep=0.25,0.1943839374478406,0.033391304347826,0.1842105263157894,0.1367981315030657,0.0158472165786265,0.1061946902654867,0.944214876033058,0.0528453607951441,S1/smote,0.1715883550296318,0.0393043478260869,,0.1622757880429485,,0.0227955824182088,-0.0059130434782608,-0.0254776565398828,True,,,,,,,0.6,0.0023733212343542,0.8,cautious_profile,not low-risk enough and not a task10-like opportunity profile,0.1814252445223225,0.1552631578947367,0.0146760299841192,0.7345890410958904,0.3026323349852762,0.5888000726699829,0.0289473684210527,0.0289473684210527,quick,False,False,True,,0.0289473684210527,True,True,True,True,True,True,True,True,True,False,True,8.5,1,very_high
quick_mean_alltasks,seagate_kqi,time-series-2,mean,2,45,S3_HYBRID,s1_plus_ig,0.5,0.75,0.75,positive_only,s1_plus_ig/mode=positive_only/ratio=0.5/keep=0.75,0.0696647894129729,0.0032296447390787,0.1276595744680851,0.0322520307953672,0.0281877213695395,0.0347826086956521,1.0,0.0434708632436852,S1/smote,0.0596288998839231,0.0023797382287948,,0.0333084291834993,,0.0100358895290497,0.0008499065102838,-0.0010563983881321,True,,,,,,,1.0,0.0232173667925579,0.6,blocked_profile,"weak baseline signal, unstable importance, or extreme class overlap",0.0295084640255766,0.0319148936170212,0.0056438684426514,0.8980747451868629,0.3417313079077784,0.5111117362976074,0.0957446808510639,0.0957446808510639,quick,False,False,False,,0.0957446808510639,True,True,False,True,True,True,True,True,True,True,False,8.5,0,very_high
quick_mean_alltasks,seagate_kqi,time-series-2,mean,2,45,S3_HYBRID,ig_smote,1.0,0.25,0.25,positive_only,ig_smote/mode=positive_only/ratio=1.0/keep=0.25,0.052933159630897,0.0229474757776644,0.0957446808510638,0.037302076816948,0.0134297520661157,0.0521739130434782,1.0,0.0294374204472839,S1/smote,0.0596288998839231,0.0023797382287948,,0.0333084291834993,,-0.006695740253026,0.0205677375488695,0.0039936476334486,False,,,,,,,0.8,0.0151442521294892,0.8,blocked_profile,"weak baseline signal, unstable importance, or extreme class overlap",0.0295084640255766,0.0319148936170212,0.0056438684426514,0.8980747451868629,0.3417313079077784,0.5111117362976074,0.0638297872340426,0.0638297872340426,quick,True,False,False,,0.0638297872340426,False,False,False,False,True,True,True,True,False,True,False,1.5,1,low
quick_mean_alltasks,seagate_kqi,time-series-2,mean,2,45,S3_HYBRID,ig_clean,0.5,0.75,0.75,positive_only,ig_clean/mode=positive_only/ratio=0.5/keep=0.75,0.0515788607957047,0.0550739418663946,0.0851063829787234,0.0257964439242448,0.0523907910271546,0.017391304347826,0.9999494962248427,0.0487068198955783,S1/smote,0.0596288998839231,0.0023797382287948,,0.0333084291834993,,-0.0080500390882184,0.0526942036375998,-0.0075119852592544,True,,,,,,,0.8,0.0175091879028959,0.8,blocked_profile,"weak baseline signal, unstable importance, or extreme class overlap",0.0295084640255766,0.0319148936170212,0.0056438684426514,0.8980747451868629,0.3417313079077784,0.5111117362976074,0.0531914893617022,0.0531914893617022,quick,False,False,True,,0.0531914893617022,False,False,False,False,True,True,True,True,True,True,False,3.5,1,medium
quick_mean_alltasks,seagate_kqi,time-series-2,mean,3,45,S3_HYBRID,ig_smote,0.5,0.75,0.75,conditional_mixed,ig_smote/mode=conditional_mixed/ratio=0.5/keep=0.75,0.1593006399201358,0.0171503957783641,0.1868131868131868,0.1207539666632705,0.0156043374768579,0.0833333333333333,1.0,0.0359748530495693,S1/random_under_10to1,0.1509269978303256,0.0173702726473175,,0.1359684500230253,,0.0083736420898102,-0.0002198768689533,-0.0152144833597547,True,,,,,,,0.8,0.0019007185944148,0.2,cautious_profile,not low-risk enough and not a task10-like opportunity profile,0.159927129220961,0.2087912087912087,0.0336526933288829,0.7806788511749347,0.3574175824175824,0.6984987854957581,-0.0219780219780219,-0.0219780219780219,quick,False,False,True,,-0.0219780219780219,True,True,True,True,False,False,True,False,False,False,False,2.0,1,low
quick_mean_alltasks,seagate_kqi,time-series-2,mean,3,45,S3_HYBRID,ig_clean,1.0,0.75,0.75,conditional_mixed,ig_clean/mode=conditional_mixed/ratio=1.0/keep=0.75,0.1565552892178695,0.0219876868953386,0.1538461538461538,0.0948060132607013,0.0267125099180111,0.0833333333333333,0.9994714587737844,0.0498658553974074,S1/random_under_10to1,0.1509269978303256,0.0173702726473175,,0.1359684500230253,,0.0056282913875438,0.0046174142480211,-0.0411624367623239,True,,,,,,,1.0,0.0056282913875438,0.0,cautious_profile,not low-risk enough and not a task10-like opportunity profile,0.159927129220961,0.2087912087912087,0.0336526933288829,0.7806788511749347,0.3574175824175824,0.6984987854957581,-0.0549450549450548,-0.0549450549450548,quick,False,False,True,,-0.0549450549450548,True,True,False,True,False,False,True,False,True,False,False,3.0,2,low
quick_mean_alltasks,seagate_kqi,time-series-2,mean,3,45,S3_HYBRID,s1_plus_ig,0.5,0.75,0.75,positive_only,s1_plus_ig/mode=positive_only/ratio=0.5/keep=0.75,0.150344717084791,0.0079155672823219,0.2087912087912088,0.1415880044128052,0.0050251256281407,0.074074074074074,0.999866345896819,0.047759589064092,S1/random_under_10to1,0.1509269978303256,0.0173702726473175,,0.1359684500230253,,-0.0005822807455345,-0.0094547053649956,0.0056195543897799,False,,,,,,,0.4,-0.0005822807455345,0.4,cautious_profile,not low-risk enough and not a task10-like opportunity profile,0.159927129220961,0.2087912087912087,0.0336526933288829,0.7806788511749347,0.3574175824175824,0.6984987854957581,1.1102230246251563e-16,1.1102230246251563e-16,quick,True,True,False,,1.1102230246251563e-16,False,False,True,True,True,False,False,False,True,True,False,3.5,0,medium
quick_mean_alltasks,seagate_kqi,time-series-2,mean,5,45,S3_HYBRID,s1_plus_ig,1.0,0.75,0.75,positive_only,s1_plus_ig/mode=positive_only/ratio=1.0/keep=0.75,0.1809025768997914,0.0012631578947368,0.1587301587301587,0.0654914189583474,0.0078212290502793,0.0219780219780219,1.0,0.1397806636822399,S1/smote,0.1198279098433389,0.0,,0.1004465815304773,,0.0610746670564524,0.0012631578947368,-0.0349551625721299,True,,,,,,,1.0,0.0610746670564524,0.2,blocked_profile,"weak baseline signal, unstable importance, or extreme class overlap",0.0835382226411846,0.0708994708994708,0.0368886999313402,0.7780821917808219,0.2373428858722976,0.5868821144104004,0.0878306878306879,0.0878306878306879,quick,False,False,True,,0.0878306878306879,True,True,False,True,True,True,True,False,True,True,False,7.5,0,very_high
quick_mean_alltasks,seagate_kqi,time-series-2,mean,5,45,S3_HYBRID,ig_smote,1.0,0.75,0.75,positive_only,ig_smote/mode=positive_only/ratio=1.0/keep=0.75,0.1737459411943755,0.0008421052631578,0.1904761904761904,0.0703985877312857,0.0096834264432029,0.1318681318681318,1.0,0.1674658396997194,S1/smote,0.1198279098433389,0.0,,0.1004465815304773,,0.0539180313510366,0.0008421052631578,-0.0300479937991915,True,,,,,,,1.0,0.0539180313510366,0.2,blocked_profile,"weak baseline signal, unstable importance, or extreme class overlap",0.0835382226411846,0.0708994708994708,0.0368886999313402,0.7780821917808219,0.2373428858722976,0.5868821144104004,0.1195767195767196,0.1195767195767196,quick,False,False,True,,0.1195767195767196,True,True,False,True,True,True,True,False,True,True,False,7.5,0,very_high
quick_mean_alltasks,seagate_kqi,time-series-2,mean,5,45,S3_HYBRID,ig_clean,0.5,0.75,0.75,positive_only,ig_clean/mode=positive_only/ratio=0.5/keep=0.75,0.1581045316686766,0.0004210526315789,0.1428571428571428,0.073113072969931,0.0052141527001862,0.0659340659340659,0.9994122832794592,0.1421931130138229,S1/smote,0.1198279098433389,0.0,,0.1004465815304773,,0.0382766218253377,0.0004210526315789,-0.0273335085605462,True,,,,,,,1.0,0.0382766218253377,0.2,blocked_profile,"weak baseline signal, unstable importance, or extreme class overlap",0.0835382226411846,0.0708994708994708,0.0368886999313402,0.7780821917808219,0.2373428858722976,0.5868821144104004,0.071957671957672,0.071957671957672,quick,False,False,True,,0.071957671957672,True,True,False,True,True,True,True,False,True,True,False,7.5,0,very_high
quick_mean_alltasks,seagate_kqi,time-series-2,mean,6,45,S3_HYBRID,s1_plus_ig,0.5,0.25,0.25,conditional_mixed,s1_plus_ig/mode=conditional_mixed/ratio=0.5/keep=0.25,0.1762185413809846,0.0043832185347526,0.1448598130841121,0.1072960664721683,0.0064587562280863,0.0452261306532663,1.0,0.0423340300599731,S1/smote,0.1784829677304271,0.0197244834063869,,0.132566402949586,,-0.0022644263494424,-0.0153412648716343,-0.0252703364774176,True,,,,,,,0.0,-0.0143662540864002,0.4,cautious_profile,not low-risk enough and not a task10-like opportunity profile,0.1682356787942021,0.1246105919003114,0.0100946857621724,0.7716814159292036,0.4014652014652015,0.5592544078826904,0.0202492211838007,0.0202492211838007,quick,False,False,True,,0.0202492211838007,False,False,True,True,True,False,False,False,True,False,False,1.5,1,low
quick_mean_alltasks,seagate_kqi,time-series-2,mean,6,45,S3_HYBRID,ig_smote,1.0,0.75,0.75,positive_only,ig_smote/mode=positive_only/ratio=1.0/keep=0.75,0.1626860008532508,0.060738885410144,0.1308411214953271,0.1117374984072233,0.1157040044288614,0.0653266331658291,1.0,0.0559270396893358,S1/smote,0.1784829677304271,0.0197244834063869,,0.132566402949586,,-0.0157969668771763,0.0410144020037571,-0.0208289045423626,True,,,,,,,0.2,-0.0157969668771763,0.4,cautious_profile,not low-risk enough and not a task10-like opportunity profile,0.1682356787942021,0.1246105919003114,0.0100946857621724,0.7716814159292036,0.4014652014652015,0.5592544078826904,0.0062305295950156,0.0062305295950156,quick,False,False,True,,0.0062305295950156,False,False,False,False,True,False,False,False,True,True,False,0.5,1,low
quick_mean_alltasks,seagate_kqi,time-series-2,mean,6,45,S3_HYBRID,ig_clean,0.5,0.75,0.75,conditional_mixed,ig_clean/mode=conditional_mixed/ratio=0.5/keep=0.75,0.1598989169335765,0.0701314965560425,0.0887850467289719,0.0974521715416362,0.1385864550655102,0.050251256281407,1.0,0.0458830900749951,S1/smote,0.1784829677304271,0.0197244834063869,,0.132566402949586,,-0.0185840507968506,0.0504070131496556,-0.0351142314079497,True,,,,,,,0.2,-0.0185840507968506,0.0,cautious_profile,not low-risk enough and not a task10-like opportunity profile,0.1682356787942021,0.1246105919003114,0.0100946857621724,0.7716814159292036,0.4014652014652015,0.5592544078826904,-0.0358255451713395,-0.0358255451713395,quick,False,False,True,,-0.0358255451713395,False,False,False,False,False,False,False,False,True,False,False,-3.0,2,very_low
quick_mean_alltasks,seagate_kqi,time-series-2,mean,7,45,S3_HYBRID,ig_clean,0.5,0.25,0.25,conditional_mixed,ig_clean/mode=conditional_mixed/ratio=0.5/keep=0.25,0.1394108220770121,0.0102327673451028,0.1764705882352941,0.1259428524468536,0.0270453008789722,0.1782608695652174,1.0,0.0314448758356859,S1/random_under_20to1,0.1670398369069392,0.0037107837625098,,0.1616906220555242,,-0.027629014829927,0.006521983582593,-0.0357477696086706,True,,,,,,,0.0,-0.027629014829927,0.2,blocked_profile,"weak baseline signal, unstable importance, or extreme class overlap",0.1611452083315187,0.1972850678733031,0.0072624948837472,0.8536741214057508,0.3669413919413919,0.6858634948730469,-0.020814479638009,-0.020814479638009,quick,False,False,True,,-0.020814479638009,False,False,False,False,False,False,False,False,False,False,False,-5.0,1,very_low
quick_mean_alltasks,seagate_kqi,time-series-2,mean,7,45,S3_HYBRID,ig_smote,0.5,0.25,0.25,conditional_mixed,ig_smote/mode=conditional_mixed/ratio=0.5/keep=0.25,0.1332597474604356,0.0084335994602496,0.1855203619909502,0.1201076868730608,0.0231237322515212,0.2217391304347826,1.0,0.0222860722877514,S1/random_under_20to1,0.1670398369069392,0.0037107837625098,,0.1616906220555242,,-0.0337800894465036,0.0047228156977398,-0.0415829351824634,True,,,,,,,0.0,-0.0340879590951427,0.2,blocked_profile,"weak baseline signal, unstable importance, or extreme class overlap",0.1611452083315187,0.1972850678733031,0.0072624948837472,0.8536741214057508,0.3669413919413919,0.6858634948730469,-0.0117647058823529,-0.0117647058823529,quick,False,False,True,,-0.0117647058823529,False,False,False,True,False,False,False,False,False,False,False,-3.0,2,very_low
quick_mean_alltasks,seagate_kqi,time-series-2,mean,7,45,S3_HYBRID,s1_plus_ig,0.5,0.75,0.75,conditional_mixed,s1_plus_ig/mode=conditional_mixed/ratio=0.5/keep=0.75,0.1295247639863286,0.0113572472731361,0.171945701357466,0.1020222097456584,0.0396213657876943,0.2,1.0,0.0249189484971936,S1/random_under_20to1,0.1670398369069392,0.0037107837625098,,0.1616906220555242,,-0.0375150729206106,0.0076464635106262,-0.0596684123098658,True,,,,,,,0.0,-0.0375150729206106,0.2,blocked_profile,"weak baseline signal, unstable importance, or extreme class overlap",0.1611452083315187,0.1972850678733031,0.0072624948837472,0.8536741214057508,0.3669413919413919,0.6858634948730469,-0.025339366515837,-0.025339366515837,quick,False,False,True,,-0.025339366515837,False,False,False,False,False,False,False,False,False,False,False,-5.0,2,very_low
quick_mean_alltasks,seagate_kqi,time-series-2,mean,9,45,S3_HYBRID,s1_plus_ig,1.0,0.25,0.25,positive_only,s1_plus_ig/mode=positive_only/ratio=1.0/keep=0.25,0.0233460625883747,0.0069651741293532,0.0857142857142857,0.024855152484417,0.0031347962382445,0.0,0.8285714285714285,0.0111217370567625,S1/smote,0.0239466083587575,0.0262023217247097,,0.0232967988952652,,-0.0006005457703828,-0.0192371475953565,0.0015583535891518,False,,,,,,,0.2,-0.0017217105708717,0.8,blocked_profile,"weak baseline signal, unstable importance, or extreme class overlap",0.0212200203034733,0.0,0.004780393366422,0.9791666666666666,0.2475957049486461,0.5748549103736877,0.0857142857142857,0.0857142857142857,quick,True,False,False,,0.0857142857142857,False,False,True,True,True,True,False,True,False,True,True,4.5,0,medium
quick_mean_alltasks,seagate_kqi,time-series-2,mean,9,45,S3_HYBRID,ig_smote,1.0,0.75,0.75,conditional_mixed,ig_smote/mode=conditional_mixed/ratio=1.0/keep=0.75,0.0222993533027511,0.0374792703150912,0.0285714285714285,0.0256398270632418,0.0571229536746778,0.0,0.985200845665962,0.0112279226000879,S1/smote,0.0239466083587575,0.0262023217247097,,0.0232967988952652,,-0.0016472550560064,0.0112769485903814,0.0023430281679766,False,,,,,,,0.2,-0.0009861481756499,0.4,blocked_profile,"weak baseline signal, unstable importance, or extreme class overlap",0.0212200203034733,0.0,0.004780393366422,0.9791666666666666,0.2475957049486461,0.5748549103736877,0.0285714285714285,0.0285714285714285,quick,True,False,False,,0.0285714285714285,False,False,False,False,True,True,False,False,False,False,True,-1.5,1,very_low
quick_mean_alltasks,seagate_kqi,time-series-2,mean,9,45,S3_HYBRID,ig_clean,1.0,0.75,0.75,conditional_mixed,ig_clean/mode=conditional_mixed/ratio=1.0/keep=0.75,0.021610260791654,0.5213930348258706,0.0285714285714285,0.0227329593366738,0.5134099616858238,0.0,0.9586776859504132,0.0115797523677764,S1/smote,0.0239466083587575,0.0262023217247097,,0.0232967988952652,,-0.0023363475671035,0.4951907131011609,-0.0005638395585913,True,,,,,,,0.4,-0.00032191485178,0.4,blocked_profile,"weak baseline signal, unstable importance, or extreme class overlap",0.0212200203034733,0.0,0.004780393366422,0.9791666666666666,0.2475957049486461,0.5748549103736877,0.0285714285714285,0.0285714285714285,quick,False,False,False,,0.0285714285714285,False,False,False,False,True,True,False,False,False,False,True,-1.5,2,very_low
quick_mean_alltasks,seagate_kqi,time-series-2,mean,10,45,S3_HYBRID,ig_smote,0.5,0.75,0.75,positive_only,ig_smote/mode=positive_only/ratio=0.5/keep=0.75,0.1604144344985315,0.0146932074697311,0.295049504950495,0.1327729492795777,0.0239529478726936,0.2842535787321063,1.0,0.0252042545268607,S1/random_over,0.1533608808769529,0.005458649702442,,0.1289427606799365,,0.0070535536215785,0.0092345577672891,0.0038301885996411,False,,,,,,,0.4,-0.0278633177305203,0.2,opportunity_profile_s1plus,"enough positives and baseline signal, but overlap remains high",0.1495180069283229,0.2852805280528052,0.0378118864194125,0.8355968548963545,0.3945970695970696,0.5862177014350891,0.0097689768976897,0.0097689768976897,quick,True,False,False,,0.0097689768976897,True,True,False,False,True,False,False,False,False,True,False,1.5,0,low
quick_mean_alltasks,seagate_kqi,time-series-2,mean,10,45,S3_HYBRID,ig_clean,1.0,0.25,0.25,positive_only,ig_clean/mode=positive_only/ratio=1.0/keep=0.25,0.1414844953879867,0.0182844243792325,0.2752475247524752,0.1446726072080057,0.0307593795949343,0.2085889570552147,0.9992743764172336,0.0127086494144953,S1/random_over,0.1533608808769529,0.005458649702442,,0.1289427606799365,,-0.0118763854889662,0.0128257746767905,0.0157298465280691,False,,,,,,,0.0,-0.0456362022322792,0.0,opportunity_profile_s1plus,"enough positives and baseline signal, but overlap remains high",0.1495180069283229,0.2852805280528052,0.0378118864194125,0.8355968548963545,0.3945970695970696,0.5862177014350891,-0.0100330033003299,-0.0100330033003299,quick,True,True,False,,-0.0100330033003299,False,False,False,False,False,False,False,False,False,True,False,-3.0,0,very_low
quick_mean_alltasks,seagate_kqi,time-series-2,mean,10,45,S3_HYBRID,s1_plus_ig,0.5,0.75,0.75,positive_only,s1_plus_ig/mode=positive_only/ratio=0.5/keep=0.75,0.1187876475045575,0.0180792119844038,0.2158415841584158,0.1330624401359344,0.0206564530664516,0.2515337423312883,1.0,0.0256639756523085,S1/random_over,0.1533608808769529,0.005458649702442,,0.1289427606799365,,-0.0345732333723954,0.0126205622819618,0.0041196794559978,False,,,,,,,0.2,-0.0278169613379604,0.6,opportunity_profile_s1plus,"enough positives and baseline signal, but overlap remains high",0.1495180069283229,0.2852805280528052,0.0378118864194125,0.8355968548963545,0.3945970695970696,0.5862177014350891,-0.0694389438943893,-0.0694389438943893,quick,True,False,False,,-0.0694389438943893,False,False,False,False,False,False,False,True,False,True,False,-2.0,2,very_low
quick_mean_alltasks,seagate_kqi,time-series-2,mean,0,46,S3_HYBRID,ig_smote,0.5,0.75,0.75,positive_only,ig_smote/mode=positive_only/ratio=0.5/keep=0.75,0.2155043191541262,0.1567505720823798,0.0,0.152722311609097,0.2339357429718875,0.0,0.9747899159663864,0.215893301172155,S1/random_under_20to1,0.2353960399946659,0.1533180778032036,,0.1596297859969812,,-0.0198917208405396,0.0034324942791761,-0.0069074743878841,True,,,,,,,0.2,-0.008525624451791,0.8,low_profile_open,"low overlap, stable importance, concentrated signal, S1 improves over S0",0.2013238663022727,0.035820895522388,0.0220297052659713,0.4635761589403973,0.4799450549450549,0.6111317276954651,-0.035820895522388,-0.035820895522388,quick,False,False,True,,-0.035820895522388,False,False,False,True,False,False,False,True,True,True,True,3.0,0,low
quick_mean_alltasks,seagate_kqi,time-series-2,mean,0,46,S3_HYBRID,s1_plus_ig,1.0,0.75,0.75,positive_only,s1_plus_ig/mode=positive_only/ratio=1.0/keep=0.75,0.20510251806201,0.1189931350114416,0.0,0.1608193799322788,0.1987951807228915,0.02,0.9739495798319326,0.2189568965852211,S1/random_under_20to1,0.2353960399946659,0.1533180778032036,,0.1596297859969812,,-0.0302935219326559,-0.034324942791762,0.0011895939352976,False,,,,,,,0.6,0.013718178938142,0.8,low_profile_open,"low overlap, stable importance, concentrated signal, S1 improves over S0",0.2013238663022727,0.035820895522388,0.0220297052659713,0.4635761589403973,0.4799450549450549,0.6111317276954651,-0.035820895522388,-0.035820895522388,quick,True,False,False,,-0.035820895522388,False,False,True,True,False,False,True,True,True,True,True,5.0,1,medium
quick_mean_alltasks,seagate_kqi,time-series-2,mean,0,46,S3_HYBRID,ig_clean,1.0,0.75,0.75,positive_only,ig_clean/mode=positive_only/ratio=1.0/keep=0.75,0.2046661087030912,0.205949656750572,0.0,0.1546319037129324,0.2439759036144578,0.02,0.9477124183006536,0.3294933765232902,S1/random_under_20to1,0.2353960399946659,0.1533180778032036,,0.1596297859969812,,-0.0307299312915746,0.0526315789473683,-0.0049978822840487,True,,,,,,,0.4,-0.0186653428737924,0.6,low_profile_open,"low overlap, stable importance, concentrated signal, S1 improves over S0",0.2013238663022727,0.035820895522388,0.0220297052659713,0.4635761589403973,0.4799450549450549,0.6111317276954651,-0.035820895522388,-0.035820895522388,quick,False,False,False,,-0.035820895522388,False,False,False,False,False,False,False,True,True,True,True,1.0,2,low
quick_mean_alltasks,seagate_kqi,time-series-2,mean,1,46,S3_HYBRID,ig_clean,1.0,0.25,0.25,positive_only,ig_clean/mode=positive_only/ratio=1.0/keep=0.25,0.1947236012767317,0.033391304347826,0.1578947368421052,0.1530280204918871,0.0349451442503047,0.0884955752212389,0.987603305785124,0.0693548284276016,S1/random_over,0.2119187271275455,0.0076521739130434,,0.1410251073844746,,-0.0171951258508138,0.0257391304347826,0.0120029131074125,False,,,,,,,0.6,0.0023733212343542,0.8,cautious_profile,not low-risk enough and not a task10-like opportunity profile,0.1814252445223225,0.1552631578947367,0.0146760299841192,0.7345890410958904,0.3026323349852762,0.5888000726699829,0.0026315789473685,0.0026315789473685,quick,True,True,False,,0.0026315789473685,False,False,False,False,True,False,True,True,True,True,True,3.5,1,medium
quick_mean_alltasks,seagate_kqi,time-series-2,mean,1,46,S3_HYBRID,ig_smote,0.5,0.75,0.75,conditional_mixed,ig_smote/mode=conditional_mixed/ratio=0.5/keep=0.75,0.1914648532700497,0.0393043478260869,0.1578947368421052,0.1516469648659112,0.0763917106867127,0.0884955752212389,1.0,0.0524290337014287,S1/random_over,0.2119187271275455,0.0076521739130434,,0.1410251073844746,,-0.0204538738574958,0.0316521739130434,0.0106218574814365,False,,,,,,,0.4,-0.0054811291035555,0.8,cautious_profile,not low-risk enough and not a task10-like opportunity profile,0.1814252445223225,0.1552631578947367,0.0146760299841192,0.7345890410958904,0.3026323349852762,0.5888000726699829,0.0026315789473685,0.0026315789473685,quick,True,True,False,,0.0026315789473685,False,False,False,False,True,False,False,True,True,False,False,-0.5,2,very_low
quick_mean_alltasks,seagate_kqi,time-series-2,mean,1,46,S3_HYBRID,s1_plus_ig,1.0,0.75,0.75,positive_only,s1_plus_ig/mode=positive_only/ratio=1.0/keep=0.75,0.1877793504300862,0.0344347826086956,0.1842105263157894,0.1500093521829583,0.0686712718407151,0.1238938053097345,1.0,0.0954895076286531,S1/random_over,0.2119187271275455,0.0076521739130434,,0.1410251073844746,,-0.0241393766974593,0.0267826086956522,0.0089842447984836,False,,,,,,,0.6,0.0099927727403986,0.6,cautious_profile,not low-risk enough and not a task10-like opportunity profile,0.1814252445223225,0.1552631578947367,0.0146760299841192,0.7345890410958904,0.3026323349852762,0.5888000726699829,0.0289473684210527,0.0289473684210527,quick,True,True,False,,0.0289473684210527,False,False,False,False,True,True,True,True,True,True,False,3.5,1,medium
quick_mean_alltasks,seagate_kqi,time-series-2,mean,2,46,S3_HYBRID,ig_clean,1.0,0.25,0.25,positive_only,ig_clean/mode=positive_only/ratio=1.0/keep=0.25,0.0483835667403461,0.0161482236953935,0.0904255319148936,0.0260704187682056,0.0153482880755608,0.008695652173913,0.9997738579828132,0.0199949919867866,S1/smote,0.0341370343287577,0.1055583885772565,,0.0332617837833607,,0.0142465324115884,-0.089410164881863,-0.007191365015155,True,,,,,,,0.8,0.0175091879028959,0.8,blocked_profile,"weak baseline signal, unstable importance, or extreme class overlap",0.0295084640255766,0.0319148936170212,0.0056438684426514,0.8980747451868629,0.3417313079077784,0.5111117362976074,0.0585106382978724,0.0585106382978724,quick,False,False,True,,0.0585106382978724,True,True,True,True,True,True,True,True,False,True,False,7.5,0,very_high
quick_mean_alltasks,seagate_kqi,time-series-2,mean,2,46,S3_HYBRID,ig_smote,0.5,0.75,0.75,conditional_mixed,ig_smote/mode=conditional_mixed/ratio=0.5/keep=0.75,0.0476677668784676,0.0275369709331973,0.0585106382978723,0.0347366852536221,0.0168240850059031,0.0260869565217391,1.0,0.0251100095600234,S1/smote,0.0341370343287577,0.1055583885772565,,0.0332617837833607,,0.0135307325497099,-0.0780214176440591,0.0014749014702614,False,,,,,,,0.8,0.0151442521294892,0.8,blocked_profile,"weak baseline signal, unstable importance, or extreme class overlap",0.0295084640255766,0.0319148936170212,0.0056438684426514,0.8980747451868629,0.3417313079077784,0.5111117362976074,0.0265957446808511,0.0265957446808511,quick,True,False,False,,0.0265957446808511,True,True,True,True,True,True,True,True,False,False,False,5.5,1,high
quick_mean_alltasks,seagate_kqi,time-series-2,mean,2,46,S3_HYBRID,s1_plus_ig,0.5,0.25,0.25,positive_only,s1_plus_ig/mode=positive_only/ratio=0.5/keep=0.25,0.041254943252623,0.0348461669216386,0.0478723404255319,0.0319797015311924,0.0270070838252656,0.0260869565217391,1.0,0.0224523405311712,S1/smote,0.0341370343287577,0.1055583885772565,,0.0332617837833607,,0.0071179089238653,-0.0707122216556179,-0.0012820822521682,True,,,,,,,1.0,0.0232173667925579,0.6,blocked_profile,"weak baseline signal, unstable importance, or extreme class overlap",0.0295084640255766,0.0319148936170212,0.0056438684426514,0.8980747451868629,0.3417313079077784,0.5111117362976074,0.0159574468085107,0.0159574468085107,quick,False,False,False,,0.0159574468085107,True,True,True,True,True,False,True,True,False,True,False,6.5,0,high
quick_mean_alltasks,seagate_kqi,time-series-2,mean,3,46,S3_HYBRID,ig_clean,0.5,0.25,0.25,conditional_mixed,ig_clean/mode=conditional_mixed/ratio=0.5/keep=0.25,0.1762569634971493,0.012532981530343,0.2417582417582417,0.1257438015575981,0.0039672044432689,0.0925925925925925,0.8428571428571427,0.0194150349615537,S1/random_under_10to1,0.1724193569988295,0.0112137203166226,,0.1888430746638481,,0.0038376064983198,0.0013192612137204,-0.0630992731062499,True,,,,,,,1.0,0.0056282913875438,0.0,cautious_profile,not low-risk enough and not a task10-like opportunity profile,0.159927129220961,0.2087912087912087,0.0336526933288829,0.7806788511749347,0.3574175824175824,0.6984987854957581,0.032967032967033,0.032967032967033,quick,False,False,True,,0.032967032967033,True,False,False,True,True,True,True,False,False,False,True,3.5,1,medium
quick_mean_alltasks,seagate_kqi,time-series-2,mean,3,46,S3_HYBRID,s1_plus_ig,0.5,0.25,0.25,conditional_mixed,s1_plus_ig/mode=conditional_mixed/ratio=0.5/keep=0.25,0.1604329858226826,0.0120932277924362,0.2417582417582417,0.1382361277738903,0.0156043374768579,0.1203703703703703,0.9797859690844232,0.026878490458728,S1/random_under_10to1,0.1724193569988295,0.0112137203166226,,0.1888430746638481,,-0.0119863711761468,0.0008795074758136,-0.0506069468899577,True,,,,,,,0.4,-0.0005822807455345,0.4,cautious_profile,not low-risk enough and not a task10-like opportunity profile,0.159927129220961,0.2087912087912087,0.0336526933288829,0.7806788511749347,0.3574175824175824,0.6984987854957581,0.032967032967033,0.032967032967033,quick,False,False,True,,0.032967032967033,False,False,False,True,True,True,False,False,False,False,True,0.5,1,low
quick_mean_alltasks,seagate_kqi,time-series-2,mean,3,46,S3_HYBRID,ig_smote,1.0,0.75,0.75,positive_only,ig_smote/mode=positive_only/ratio=1.0/keep=0.75,0.1583481988651524,0.011433597185576,0.1978021978021978,0.152452643715255,0.0301507537688442,0.1296296296296296,0.999866345896819,0.0933162806081544,S1/random_under_10to1,0.1724193569988295,0.0112137203166226,,0.1888430746638481,,-0.014071158133677,0.0002198768689533,-0.036390430948593,True,,,,,,,0.8,0.0019007185944148,0.2,cautious_profile,not low-risk enough and not a task10-like opportunity profile,0.159927129220961,0.2087912087912087,0.0336526933288829,0.7806788511749347,0.3574175824175824,0.6984987854957581,-0.0109890109890108,-0.0109890109890108,quick,False,False,True,,-0.0109890109890108,False,False,False,True,False,False,True,False,True,True,False,2.0,0,low
quick_mean_alltasks,seagate_kqi,time-series-2,mean,5,46,S3_HYBRID,s1_plus_ig,0.5,0.75,0.75,conditional_mixed,s1_plus_ig/mode=conditional_mixed/ratio=0.5/keep=0.75,0.1777504048784716,0.0008421052631578,0.1587301587301587,0.0952266818019146,0.0070763500931098,0.0109890109890109,0.9978566149297856,0.0503495714570739,S1/smote,0.1308707436989642,0.0,,0.0757513003209781,,0.0468796611795074,0.0008421052631578,0.0194753814809365,False,,,,,,,1.0,0.0610746670564524,0.2,blocked_profile,"weak baseline signal, unstable importance, or extreme class overlap",0.0835382226411846,0.0708994708994708,0.0368886999313402,0.7780821917808219,0.2373428858722976,0.5868821144104004,0.0878306878306879,0.0878306878306879,quick,True,True,False,,0.0878306878306879,True,True,False,True,True,True,True,False,True,False,True,6.5,1,high
quick_mean_alltasks,seagate_kqi,time-series-2,mean,5,46,S3_HYBRID,ig_smote,1.0,0.75,0.75,positive_only,ig_smote/mode=positive_only/ratio=1.0/keep=0.75,0.1531201308495522,0.0008421052631578,0.1746031746031746,0.0811979196409261,0.0093109869646182,0.0769230769230769,0.9995565410199556,0.1522986208740186,S1/smote,0.1308707436989642,0.0,,0.0757513003209781,,0.0222493871505879,0.0008421052631578,0.0054466193199479,False,,,,,,,1.0,0.0539180313510366,0.2,blocked_profile,"weak baseline signal, unstable importance, or extreme class overlap",0.0835382226411846,0.0708994708994708,0.0368886999313402,0.7780821917808219,0.2373428858722976,0.5868821144104004,0.1037037037037038,0.1037037037037038,quick,True,True,False,,0.1037037037037038,True,True,False,True,True,True,True,False,True,True,False,7.5,0,very_high
quick_mean_alltasks,seagate_kqi,time-series-2,mean,5,46,S3_HYBRID,ig_clean,1.0,0.75,0.75,positive_only,ig_clean/mode=positive_only/ratio=1.0/keep=0.75,0.137870288499395,0.0021052631578947,0.1269841269841269,0.0961956906158437,0.0078212290502793,0.0219780219780219,1.0,0.051332065330697,S1/smote,0.1308707436989642,0.0,,0.0757513003209781,,0.0069995448004308,0.0021052631578947,0.0204443902948655,False,,,,,,,1.0,0.0382766218253377,0.2,blocked_profile,"weak baseline signal, unstable importance, or extreme class overlap",0.0835382226411846,0.0708994708994708,0.0368886999313402,0.7780821917808219,0.2373428858722976,0.5868821144104004,0.0560846560846561,0.0560846560846561,quick,True,True,False,,0.0560846560846561,True,True,False,True,True,True,True,False,True,True,False,7.5,0,very_high
quick_mean_alltasks,seagate_kqi,time-series-2,mean,6,46,S3_HYBRID,ig_clean,0.5,0.75,0.75,conditional_mixed,ig_clean/mode=conditional_mixed/ratio=0.5/keep=0.75,0.1731344483425702,0.2013149655604258,0.1214953271028037,0.0857766264573282,0.0110721535338623,0.0452261306532663,1.0,0.0413833260479671,S1/smote,0.1749124950491458,0.0499373825923606,,0.1217074692381721,,-0.0017780467065756,0.1513775829680652,-0.0359308427808439,True,,,,,,,0.2,-0.0185840507968506,0.0,cautious_profile,not low-risk enough and not a task10-like opportunity profile,0.1682356787942021,0.1246105919003114,0.0100946857621724,0.7716814159292036,0.4014652014652015,0.5592544078826904,-0.0031152647975077,-0.0031152647975077,quick,False,False,True,,-0.0031152647975077,False,False,False,False,False,False,False,False,True,False,False,-3.0,2,very_low
quick_mean_alltasks,seagate_kqi,time-series-2,mean,6,46,S3_HYBRID,ig_smote,1.0,0.25,0.25,positive_only,ig_smote/mode=positive_only/ratio=1.0/keep=0.25,0.1693401496534282,0.0421102066374452,0.1355140186915887,0.1171718570815959,0.071230854401181,0.0452261306532663,0.9999384842519684,0.0663727625078276,S1/smote,0.1749124950491458,0.0499373825923606,,0.1217074692381721,,-0.0055723453957176,-0.0078271759549154,-0.0045356121565762,True,,,,,,,0.2,-0.0157969668771763,0.4,cautious_profile,not low-risk enough and not a task10-like opportunity profile,0.1682356787942021,0.1246105919003114,0.0100946857621724,0.7716814159292036,0.4014652014652015,0.5592544078826904,0.0109034267912772,0.0109034267912772,quick,False,False,False,,0.0109034267912772,False,False,True,True,True,False,False,False,True,True,False,3.5,0,medium
quick_mean_alltasks,seagate_kqi,time-series-2,mean,6,46,S3_HYBRID,s1_plus_ig,0.5,0.75,0.75,conditional_mixed,s1_plus_ig/mode=conditional_mixed/ratio=0.5/keep=0.75,0.1605462409627455,0.0403882279273638,0.0981308411214953,0.1048460117432971,0.0776896106292674,0.0552763819095477,1.0,0.0488895990488807,S1/smote,0.1749124950491458,0.0499373825923606,,0.1217074692381721,,-0.0143662540864002,-0.0095491546649967,-0.016861457494875,True,,,,,,,0.0,-0.0143662540864002,0.4,cautious_profile,not low-risk enough and not a task10-like opportunity profile,0.1682356787942021,0.1246105919003114,0.0100946857621724,0.7716814159292036,0.4014652014652015,0.5592544078826904,-0.0264797507788161,-0.0264797507788161,quick,False,False,True,,-0.0264797507788161,False,False,True,True,False,False,False,False,True,False,False,0.0,1,very_low
quick_mean_alltasks,seagate_kqi,time-series-2,mean,7,46,S3_HYBRID,ig_clean,0.5,0.25,0.25,conditional_mixed,ig_clean/mode=conditional_mixed/ratio=0.5/keep=0.25,0.1606259041528806,0.0035983357697065,0.1855203619909502,0.1104941090514449,0.0343475321162947,0.2260869565217391,0.9997127262280954,0.0470385758124028,S1/random_under_10to1,0.1796759889723774,0.0033734397840998,,0.1878858167752028,,-0.0190500848194968,0.0002248959856067,-0.0773917077237579,True,,,,,,,0.0,-0.027629014829927,0.2,blocked_profile,"weak baseline signal, unstable importance, or extreme class overlap",0.1611452083315187,0.1972850678733031,0.0072624948837472,0.8536741214057508,0.3669413919413919,0.6858634948730469,-0.0117647058823529,-0.0117647058823529,quick,False,False,True,,-0.0117647058823529,False,False,False,True,False,False,False,False,True,False,False,-1.0,1,very_low
quick_mean_alltasks,seagate_kqi,time-series-2,mean,7,46,S3_HYBRID,ig_smote,1.0,0.75,0.75,positive_only,ig_smote/mode=positive_only/ratio=1.0/keep=0.75,0.1436937308217425,0.0091082874170696,0.2036199095022624,0.1084023115738626,0.0251521298174442,0.1782608695652174,1.0,0.0396107544530154,S1/random_under_10to1,0.1796759889723774,0.0033734397840998,,0.1878858167752028,,-0.0359822581506349,0.0057348476329698,-0.0794835052013402,True,,,,,,,0.0,-0.0340879590951427,0.2,blocked_profile,"weak baseline signal, unstable importance, or extreme class overlap",0.1611452083315187,0.1972850678733031,0.0072624948837472,0.8536741214057508,0.3669413919413919,0.6858634948730469,0.0063348416289592,0.0063348416289592,quick,False,False,True,,0.0063348416289592,False,False,False,False,True,False,False,False,False,True,False,-1.5,1,very_low
quick_mean_alltasks,seagate_kqi,time-series-2,mean,7,46,S3_HYBRID,s1_plus_ig,0.5,0.25,0.25,positive_only,s1_plus_ig/mode=positive_only/ratio=0.5/keep=0.25,0.1306580171997263,0.0098954233666929,0.171945701357466,0.1447585902838291,0.0096010818120351,0.2217391304347826,1.0,0.0324318102216325,S1/random_under_10to1,0.1796759889723774,0.0033734397840998,,0.1878858167752028,,-0.0490179717726511,0.0065219835825931,-0.0431272264913737,True,,,,,,,0.0,-0.0375150729206106,0.2,blocked_profile,"weak baseline signal, unstable importance, or extreme class overlap",0.1611452083315187,0.1972850678733031,0.0072624948837472,0.8536741214057508,0.3669413919413919,0.6858634948730469,-0.025339366515837,-0.025339366515837,quick,False,False,True,,-0.025339366515837,False,False,False,False,False,False,False,False,False,True,False,-3.0,1,very_low
quick_mean_alltasks,seagate_kqi,time-series-2,mean,9,46,S3_HYBRID,ig_smote,1.0,0.75,0.75,conditional_mixed,ig_smote/mode=conditional_mixed/ratio=1.0/keep=0.75,0.023120099651433,0.0620232172470978,0.0285714285714285,0.0261717266650523,0.0794148380355277,0.0,0.9968287526427062,0.0213807542805154,S1/random_under_10to1,0.0232279968607035,0.1893864013266998,,0.0274841754800568,,-0.0001078972092704,-0.1273631840796019,-0.0013124488150044,True,,,,,,,0.2,-0.0009861481756499,0.4,blocked_profile,"weak baseline signal, unstable importance, or extreme class overlap",0.0212200203034733,0.0,0.004780393366422,0.9791666666666666,0.2475957049486461,0.5748549103736877,0.0285714285714285,0.0285714285714285,quick,False,False,False,,0.0285714285714285,False,False,True,True,True,True,False,False,False,False,True,1.5,1,low
quick_mean_alltasks,seagate_kqi,time-series-2,mean,9,46,S3_HYBRID,ig_clean,0.5,0.75,0.75,conditional_mixed,ig_clean/mode=conditional_mixed/ratio=0.5/keep=0.75,0.0229060820089234,0.081592039800995,0.0571428571428571,0.0236951565982804,0.0118425635667014,0.0,0.9917355371900828,0.0132807464702611,S1/random_under_10to1,0.0232279968607035,0.1893864013266998,,0.0274841754800568,,-0.00032191485178,-0.1077943615257047,-0.0037890188817764,True,,,,,,,0.4,-0.00032191485178,0.4,blocked_profile,"weak baseline signal, unstable importance, or extreme class overlap",0.0212200203034733,0.0,0.004780393366422,0.9791666666666666,0.2475957049486461,0.5748549103736877,0.0571428571428571,0.0571428571428571,quick,False,False,False,,0.0571428571428571,False,False,True,True,True,True,False,False,False,False,True,1.5,1,low
quick_mean_alltasks,seagate_kqi,time-series-2,mean,9,46,S3_HYBRID,s1_plus_ig,0.5,0.25,0.25,conditional_mixed,s1_plus_ig/mode=conditional_mixed/ratio=0.5/keep=0.25,0.0215062862898317,0.1273631840796019,0.0,0.0192224077600197,0.1243469174503657,0.0,0.8999999999999999,0.0196044173915779,S1/random_under_10to1,0.0232279968607035,0.1893864013266998,,0.0274841754800568,,-0.0017217105708717,-0.0620232172470978,-0.008261767720037,True,,,,,,,0.2,-0.0017217105708717,0.8,blocked_profile,"weak baseline signal, unstable importance, or extreme class overlap",0.0212200203034733,0.0,0.004780393366422,0.9791666666666666,0.2475957049486461,0.5748549103736877,0.0,0.0,quick,False,False,True,,0.0,False,False,True,True,True,False,False,True,False,False,True,1.5,1,low
quick_mean_alltasks,seagate_kqi,time-series-2,mean,10,46,S3_HYBRID,s1_plus_ig,1.0,0.25,0.25,conditional_mixed,s1_plus_ig/mode=conditional_mixed/ratio=1.0/keep=0.25,0.2110497961832428,0.0035912169095013,0.3623762376237623,0.1729329003146325,0.0057392211734572,0.2862985685071574,0.9999773242630384,0.0094648204425763,S1/random_over,0.1798842381960887,0.0113482454340242,,0.1342510479909878,,0.031165557987154,-0.0077570285245229,0.0386818523236446,False,,,,,,,0.2,-0.0278169613379604,0.6,opportunity_profile_s1plus,"enough positives and baseline signal, but overlap remains high",0.1495180069283229,0.2852805280528052,0.0378118864194125,0.8355968548963545,0.3945970695970696,0.5862177014350891,0.0770957095709571,0.0770957095709571,quick,True,True,False,,0.0770957095709571,True,True,True,True,True,True,False,True,False,False,False,4.5,1,medium
quick_mean_alltasks,seagate_kqi,time-series-2,mean,10,46,S3_HYBRID,ig_smote,0.5,0.25,0.25,conditional_mixed,ig_smote/mode=conditional_mixed/ratio=0.5/keep=0.25,0.1897435440410682,0.0051918735891647,0.3386138613861386,0.167755293650828,0.0052886211639709,0.2903885480572597,0.9999773242630384,0.0102569310449883,S1/random_over,0.1798842381960887,0.0113482454340242,,0.1342510479909878,,0.0098593058449794,-0.0061563718448595,0.0335042456598402,False,,,,,,,0.4,-0.0278633177305203,0.2,opportunity_profile_s1plus,"enough positives and baseline signal, but overlap remains high",0.1495180069283229,0.2852805280528052,0.0378118864194125,0.8355968548963545,0.3945970695970696,0.5862177014350891,0.0533333333333334,0.0533333333333334,quick,True,True,False,,0.0533333333333334,True,True,True,True,True,True,False,False,False,False,False,3.5,1,medium
quick_mean_alltasks,seagate_kqi,time-series-2,mean,10,46,S3_HYBRID,ig_clean,1.0,0.25,0.25,positive_only,ig_clean/mode=positive_only/ratio=1.0/keep=0.25,0.1342480359638095,0.0276421095834188,0.2158415841584158,0.1303503840238455,0.0383958639662287,0.2188139059304703,0.9999092970521544,0.0095877506069261,S1/random_over,0.1798842381960887,0.0113482454340242,,0.1342510479909878,,-0.0456362022322792,0.0162938641493946,-0.0039006639671423,True,,,,,,,0.0,-0.0456362022322792,0.0,opportunity_profile_s1plus,"enough positives and baseline signal, but overlap remains high",0.1495180069283229,0.2852805280528052,0.0378118864194125,0.8355968548963545,0.3945970695970696,0.5862177014350891,-0.0694389438943893,-0.0694389438943893,quick,False,False,False,,-0.0694389438943893,False,False,False,False,False,False,False,False,False,True,False,-3.0,2,very_low
full_mean_task0,seagate_kqi,time-series-2,mean,0,42,S3_HYBRID,s1_plus_ig,,,,,s1_plus_ig/mode=/ratio=/keep=,0.2140297547908846,0.1521739130434782,,0.156357621721726,0.2680722891566265,,,,S1/random_under_10to1,0.1974574773293341,0.1796338672768878,,0.1415437708005449,,0.0165722774615504,-0.0274599542334096,0.014813850921181,False,,,,,,,0.4,-0.0205808443516745,0.8,low_profile_open,"low overlap, stable importance, concentrated signal, S1 improves over S0",0.2013238663022727,0.035820895522388,0.0220297052659713,0.4635761589403973,0.4799450549450549,0.6111317276954651,,,full,True,True,False,,0.0,True,True,True,True,True,False,False,True,False,False,True,4.5,2,medium
full_mean_task0,seagate_kqi,time-series-2,mean,0,42,S3_HYBRID,ig_clean,,,,,ig_clean/mode=/ratio=/keep=,0.2021354767426489,0.1327231121281464,,0.1474305899273167,0.2279116465863453,,,,S1/random_under_10to1,0.1974574773293341,0.1796338672768878,,0.1415437708005449,,0.0046779994133147,-0.0469107551487414,0.0058868191267718,False,,,,,,,0.6,0.0046779994133147,0.6,low_profile_open,"low overlap, stable importance, concentrated signal, S1 improves over S0",0.2013238663022727,0.035820895522388,0.0220297052659713,0.4635761589403973,0.4799450549450549,0.6111317276954651,,,full,True,True,False,,0.0,True,False,True,True,True,False,True,True,False,False,True,4.5,2,medium
full_mean_task0,seagate_kqi,time-series-2,mean,0,43,S3_HYBRID,ig_clean,,,,,ig_clean/mode=/ratio=/keep=,0.2137211386975712,0.2105263157894736,,0.1432297504472448,0.2620481927710843,,,,S1/random_under_20to1,0.2253651404709607,0.2082379862700228,,0.1321591144502605,,-0.0116440017733895,0.0022883295194507,0.0110706359969843,False,,,,,,,0.6,0.0046779994133147,0.6,low_profile_open,"low overlap, stable importance, concentrated signal, S1 improves over S0",0.2013238663022727,0.035820895522388,0.0220297052659713,0.4635761589403973,0.4799450549450549,0.6111317276954651,,,full,True,True,False,,0.0,False,False,False,True,True,False,True,True,False,False,True,1.5,2,low
full_mean_task0,seagate_kqi,time-series-2,mean,0,43,S3_HYBRID,s1_plus_ig,,,,,s1_plus_ig/mode=/ratio=/keep=,0.2047842961192862,0.1224256292906178,,0.1372987181617008,0.1977911646586345,,,,S1/random_under_20to1,0.2253651404709607,0.2082379862700228,,0.1321591144502605,,-0.0205808443516745,-0.085812356979405,0.0051396037114403,False,,,,,,,0.4,-0.0205808443516745,0.8,low_profile_open,"low overlap, stable importance, concentrated signal, S1 improves over S0",0.2013238663022727,0.035820895522388,0.0220297052659713,0.4635761589403973,0.4799450549450549,0.6111317276954651,,,full,True,True,False,,0.0,False,False,True,True,True,False,False,True,False,False,True,1.5,2,low
full_mean_task0,seagate_kqi,time-series-2,mean,0,44,S3_HYBRID,ig_clean,,,,,ig_clean/mode=/ratio=/keep=,0.2103014055466949,0.1796338672768878,,0.1568554893206349,0.2931726907630522,,,,S1/random_under_20to1,0.1896670481903697,0.2151029748283753,,0.1465196007758235,,0.0206343573563252,-0.0354691075514874,0.0103358885448114,False,,,,,,,0.6,0.0046779994133147,0.6,low_profile_open,"low overlap, stable importance, concentrated signal, S1 improves over S0",0.2013238663022727,0.035820895522388,0.0220297052659713,0.4635761589403973,0.4799450549450549,0.6111317276954651,,,full,True,True,False,,0.0,True,True,True,True,True,False,True,True,False,False,True,5.5,2,high
full_mean_task0,seagate_kqi,time-series-2,mean,0,44,S3_HYBRID,s1_plus_ig,,,,,s1_plus_ig/mode=/ratio=/keep=,0.2057876018525123,0.097254004576659,,0.1448773885849758,0.1847389558232931,,,,S1/random_under_20to1,0.1896670481903697,0.2151029748283753,,0.1465196007758235,,0.0161205536621426,-0.1178489702517162,-0.0016422121908476,True,,,,,,,0.4,-0.0205808443516745,0.8,low_profile_open,"low overlap, stable importance, concentrated signal, S1 improves over S0",0.2013238663022727,0.035820895522388,0.0220297052659713,0.4635761589403973,0.4799450549450549,0.6111317276954651,,,full,False,False,False,,0.0,True,True,True,True,True,False,False,True,False,False,True,4.5,2,medium
full_mean_task0,seagate_kqi,time-series-2,mean,0,45,S3_HYBRID,ig_clean,,,,,ig_clean/mode=/ratio=/keep=,0.2167140201935174,0.097254004576659,,0.1637115258513702,0.180722891566265,,,,S1/random_under_10to1,0.2070838493847838,0.143020594965675,,0.144065570800917,,0.0096301708087336,-0.045766590389016,0.0196459550504531,False,,,,,,,0.6,0.0046779994133147,0.6,low_profile_open,"low overlap, stable importance, concentrated signal, S1 improves over S0",0.2013238663022727,0.035820895522388,0.0220297052659713,0.4635761589403973,0.4799450549450549,0.6111317276954651,,,full,True,True,False,,0.0,True,True,True,True,True,False,True,True,False,False,True,5.5,2,high
full_mean_task0,seagate_kqi,time-series-2,mean,0,45,S3_HYBRID,s1_plus_ig,,,,,s1_plus_ig/mode=/ratio=/keep=,0.1840362511153975,0.1521739130434782,,0.1549486464350812,0.2138554216867469,,,,S1/random_under_10to1,0.2070838493847838,0.143020594965675,,0.144065570800917,,-0.0230475982693862,0.0091533180778031,0.0108830756341641,False,,,,,,,0.4,-0.0205808443516745,0.8,low_profile_open,"low overlap, stable importance, concentrated signal, S1 improves over S0",0.2013238663022727,0.035820895522388,0.0220297052659713,0.4635761589403973,0.4799450549450549,0.6111317276954651,,,full,True,True,False,,0.0,False,False,False,False,True,False,False,True,False,False,True,-1.5,2,very_low
full_mean_task0,seagate_kqi,time-series-2,mean,0,46,S3_HYBRID,s1_plus_ig,,,,,s1_plus_ig/mode=/ratio=/keep=,0.2053409287249631,0.1361556064073226,,0.1520713661048603,0.2128514056224899,,,,S1/random_under_20to1,0.2353960399946659,0.1533180778032036,,0.1596297859969812,,-0.0300551112697028,-0.017162471395881,-0.0075584198921208,True,,,,,,,0.4,-0.0205808443516745,0.8,low_profile_open,"low overlap, stable importance, concentrated signal, S1 improves over S0",0.2013238663022727,0.035820895522388,0.0220297052659713,0.4635761589403973,0.4799450549450549,0.6111317276954651,,,full,False,False,True,,0.0,False,False,True,True,True,False,False,True,False,False,True,1.5,3,low
full_mean_task0,seagate_kqi,time-series-2,mean,0,46,S3_HYBRID,ig_clean,,,,,ig_clean/mode=/ratio=/keep=,0.1883895990079614,0.2070938215102974,,0.1464269605279933,0.3032128514056225,,,,S1/random_under_20to1,0.2353960399946659,0.1533180778032036,,0.1596297859969812,,-0.0470064409867045,0.0537757437070937,-0.0132028254689878,True,,,,,,,0.6,0.0046779994133147,0.6,low_profile_open,"low overlap, stable importance, concentrated signal, S1 improves over S0",0.2013238663022727,0.035820895522388,0.0220297052659713,0.4635761589403973,0.4799450549450549,0.6111317276954651,,,full,False,False,True,,0.0,False,False,False,False,True,False,True,True,False,False,True,-0.5,4,very_low
full_mean_task2,seagate_kqi,time-series-2,mean,2,42,S3_HYBRID,ig_smote,1.0,0.25,0.25,positive_only,ig_smote/ratio=1.0/keep=0.25,0.0616070930471913,0.0122386537480877,0.1063829787234042,0.0377976447351185,0.0019185360094451,0.0260869565217391,0.9998304030753576,0.0282677310009613,S1/smote,0.0314994581135584,0.4325174230834608,,0.0295253444491119,,0.0301076349336329,-0.4202787693353731,0.0082723002860066,False,,,,,,,1.0,0.0218980571573205,1.0,blocked_profile,"weak baseline signal, unstable importance, or extreme class overlap",0.0295084640255766,0.0319148936170212,0.0056438684426514,0.8980747451868629,0.3417313079077784,0.5111117362976074,0.074468085106383,0.074468085106383,full,True,True,False,,0.074468085106383,True,True,True,True,True,True,True,True,False,True,False,7.5,0,very_high
full_mean_task2,seagate_kqi,time-series-2,mean,2,42,S3_HYBRID,s1_plus_ig,0.5,0.25,0.25,conditional_mixed,s1_plus_ig/ratio=0.5/keep=0.25,0.0563465898667987,0.0079891211966683,0.1223404255319148,0.0504107103654546,0.0010330578512396,0.0260869565217391,1.0,0.0186905840385846,S1/smote,0.0314994581135584,0.4325174230834608,,0.0295253444491119,,0.0248471317532402,-0.4245283018867925,0.0208853659163427,False,,,,,,,1.0,0.0235394116617122,0.6,blocked_profile,"weak baseline signal, unstable importance, or extreme class overlap",0.0295084640255766,0.0319148936170212,0.0056438684426514,0.8980747451868629,0.3417313079077784,0.5111117362976074,0.0904255319148936,0.0904255319148936,full,True,True,False,,0.0904255319148936,True,True,True,True,True,True,True,True,False,False,False,5.5,1,high
full_mean_task2,seagate_kqi,time-series-2,mean,2,43,S3_HYBRID,ig_smote,0.5,0.25,0.25,positive_only,ig_smote/ratio=0.5/keep=0.25,0.0655824421521924,0.0070542240353561,0.1223404255319148,0.0336327094319812,0.0081168831168831,0.0521739130434782,0.9993781446096444,0.0329406298512169,S1/random_over,0.038563502637647,0.0210776814550399,,0.0389995963417688,,0.0270189395145454,-0.0140234574196837,-0.0053668869097876,True,,,,,,,1.0,0.0218980571573205,1.0,blocked_profile,"weak baseline signal, unstable importance, or extreme class overlap",0.0295084640255766,0.0319148936170212,0.0056438684426514,0.8980747451868629,0.3417313079077784,0.5111117362976074,0.0904255319148936,0.0904255319148936,full,False,False,True,,0.0904255319148936,True,True,True,True,True,True,True,True,False,True,False,7.5,0,very_high
full_mean_task2,seagate_kqi,time-series-2,mean,2,43,S3_HYBRID,s1_plus_ig,1.0,0.25,0.25,positive_only,s1_plus_ig/ratio=1.0/keep=0.25,0.0543361075885966,0.0469148393676695,0.0904255319148936,0.0433262688504818,0.0398465171192443,0.0521739130434782,0.9990389507603596,0.0343449439932481,S1/random_over,0.038563502637647,0.0210776814550399,,0.0389995963417688,,0.0157726049509496,0.0258371579126296,0.0043266725087129,False,,,,,,,1.0,0.0235394116617122,0.6,blocked_profile,"weak baseline signal, unstable importance, or extreme class overlap",0.0295084640255766,0.0319148936170212,0.0056438684426514,0.8980747451868629,0.3417313079077784,0.5111117362976074,0.0585106382978724,0.0585106382978724,full,True,False,False,,0.0585106382978724,True,True,False,False,True,True,True,True,False,True,False,4.5,1,medium
full_mean_task2,seagate_kqi,time-series-2,mean,2,44,S3_HYBRID,ig_smote,1.0,0.25,0.25,positive_only,ig_smote/ratio=1.0/keep=0.25,0.0502146658022944,0.037565867754547,0.0904255319148936,0.0292546251464244,0.0398465171192443,0.017391304347826,1.0,0.0541911322542918,S1/random_under_20to1,0.0291537051776978,0.0379908210096889,,0.0238235559269686,,0.0210609606245966,-0.0004249532551419,0.0054310692194558,False,,,,,,,1.0,0.0218980571573205,1.0,blocked_profile,"weak baseline signal, unstable importance, or extreme class overlap",0.0295084640255766,0.0319148936170212,0.0056438684426514,0.8980747451868629,0.3417313079077784,0.5111117362976074,0.0585106382978724,0.0585106382978724,full,True,True,False,,0.0585106382978724,True,True,True,True,True,True,True,True,True,True,False,9.5,0,very_high
full_mean_task2,seagate_kqi,time-series-2,mean,2,44,S3_HYBRID,s1_plus_ig,1.0,0.25,0.25,positive_only,s1_plus_ig/ratio=1.0/keep=0.25,0.05269311683941,0.0297467278599354,0.0585106382978723,0.031883803383437,0.025383707201889,0.008695652173913,1.0,0.0538876466720083,S1/random_under_20to1,0.0291537051776978,0.0379908210096889,,0.0238235559269686,,0.0235394116617122,-0.0082440931497535,0.0080602474564684,False,,,,,,,1.0,0.0235394116617122,0.6,blocked_profile,"weak baseline signal, unstable importance, or extreme class overlap",0.0295084640255766,0.0319148936170212,0.0056438684426514,0.8980747451868629,0.3417313079077784,0.5111117362976074,0.0265957446808511,0.0265957446808511,full,True,True,False,,0.0265957446808511,True,True,True,True,True,True,True,True,True,True,False,9.5,0,very_high
full_mean_task2,seagate_kqi,time-series-2,mean,2,45,S3_HYBRID,ig_smote,1.0,0.25,0.25,positive_only,ig_smote/ratio=1.0/keep=0.25,0.0815269570412436,0.0005099439061703,0.0797872340425532,0.0371528700217871,0.0008854781582054,0.017391304347826,0.9998869353835717,0.0516498812135526,S1/smote,0.0596288998839231,0.0023797382287948,,0.0333084291834993,,0.0218980571573205,-0.0018697943226245,0.0038444408382877,False,,,,,,,1.0,0.0218980571573205,1.0,blocked_profile,"weak baseline signal, unstable importance, or extreme class overlap",0.0295084640255766,0.0319148936170212,0.0056438684426514,0.8980747451868629,0.3417313079077784,0.5111117362976074,0.047872340425532,0.047872340425532,full,True,False,False,,0.047872340425532,True,True,True,True,True,True,True,True,True,True,False,9.5,0,very_high
full_mean_task2,seagate_kqi,time-series-2,mean,2,45,S3_HYBRID,s1_plus_ig,1.0,0.75,0.75,positive_only,s1_plus_ig/ratio=1.0/keep=0.75,0.088201972932107,0.0090939996600373,0.1489361702127659,0.0479281125202147,0.0010330578512396,0.0521739130434782,0.9999873422528258,0.0628465067488966,S1/smote,0.0596288998839231,0.0023797382287948,,0.0333084291834993,,0.0285730730481839,0.0067142614312424,0.0146196833367154,False,,,,,,,1.0,0.0235394116617122,0.6,blocked_profile,"weak baseline signal, unstable importance, or extreme class overlap",0.0295084640255766,0.0319148936170212,0.0056438684426514,0.8980747451868629,0.3417313079077784,0.5111117362976074,0.1170212765957447,0.1170212765957447,full,True,True,False,,0.1170212765957447,True,True,False,False,True,True,True,True,True,True,False,6.5,0,high
full_mean_task2,seagate_kqi,time-series-2,mean,2,46,S3_HYBRID,ig_smote,0.5,0.75,0.75,positive_only,ig_smote/ratio=0.5/keep=0.75,0.0541551854722601,0.0121536630970593,0.1170212765957446,0.0331249687424996,0.0103305785123966,0.0608695652173913,1.0,0.0609694716870983,S1/smote,0.0341370343287577,0.1055583885772565,,0.0332617837833607,,0.0200181511435024,-0.0934047254801972,-0.000136815040861,True,,,,,,,1.0,0.0218980571573205,1.0,blocked_profile,"weak baseline signal, unstable importance, or extreme class overlap",0.0295084640255766,0.0319148936170212,0.0056438684426514,0.8980747451868629,0.3417313079077784,0.5111117362976074,0.0851063829787234,0.0851063829787234,full,False,False,False,,0.0851063829787234,True,True,True,True,True,True,True,True,True,True,False,9.5,0,very_high
full_mean_task2,seagate_kqi,time-series-2,mean,2,46,S3_HYBRID,s1_plus_ig,0.5,0.25,0.25,positive_only,s1_plus_ig/ratio=0.5/keep=0.25,0.0418879302497262,0.0667176610572837,0.0372340425531914,0.0298651639632342,0.0497343565525383,0.0260869565217391,1.0,0.0230191360498453,S1/smote,0.0341370343287577,0.1055583885772565,,0.0332617837833607,,0.0077508959209685,-0.0388407275199727,-0.0033966198201264,True,,,,,,,1.0,0.0235394116617122,0.6,blocked_profile,"weak baseline signal, unstable importance, or extreme class overlap",0.0295084640255766,0.0319148936170212,0.0056438684426514,0.8980747451868629,0.3417313079077784,0.5111117362976074,0.0053191489361702,0.0053191489361702,full,False,False,False,,0.0053191489361702,True,True,True,True,True,False,True,True,False,True,False,6.5,0,high
full_mean_task10,seagate_kqi,time-series-2,mean,10,42,S3,tabddpm_cond_y1,1.0,1.0,1.0,conditional_mixed,S3/tabddpm_cond_y1/ratio=1.0/keep=1.0,0.1145741533318114,0.033839523907244,0.201980198019802,0.0958487867345222,0.0407200113835791,0.1799591002044989,1.0,0.0131865260105895,S1/smote,0.1744161121375588,0.0191873589164785,,0.1500503155352734,,-0.0598419588057474,0.0146521649907655,-0.0542015288007512,True,,,,,,,0.2,-0.0538158552552241,0.3,opportunity_profile_s1plus,"enough positives and baseline signal, but overlap remains high",0.1495180069283229,0.2852805280528052,0.0378118864194125,0.8355968548963545,0.3945970695970696,0.5862177014350891,-0.0833003300330031,-0.0833003300330031,full,False,False,True,,-0.0833003300330031,False,False,False,False,False,False,False,False,False,False,False,-5.0,3,very_low
full_mean_task10,seagate_kqi,time-series-2,mean,10,42,S3_HYBRID,ig_clean,1.0,0.75,0.75,positive_only,S3_HYBRID/ig_clean/ratio=1.0/keep=0.75,0.1315377463958289,0.0250769546480607,0.2336633663366336,0.137884554537626,0.0295261585163401,0.2351738241308793,1.0,0.0618087987553917,S1/smote,0.1744161121375588,0.0191873589164785,,0.1500503155352734,,-0.0428783657417299,0.0058895957315822,-0.0121657609976474,True,,,,,,,0.2,-0.0453049966630718,0.2,opportunity_profile_s1plus,"enough positives and baseline signal, but overlap remains high",0.1495180069283229,0.2852805280528052,0.0378118864194125,0.8355968548963545,0.3945970695970696,0.5862177014350891,-0.0516171617161715,-0.0516171617161715,full,False,False,True,,-0.0516171617161715,False,False,False,False,False,False,False,False,True,True,False,-1.0,2,very_low
full_mean_task10,seagate_kqi,time-series-2,mean,10,42,S3_HYBRID,s1_plus_ig,0.5,0.25,0.25,positive_only,S3_HYBRID/s1_plus_ig/ratio=0.5/keep=0.25,0.1552789235432838,0.0214652164990765,0.2871287128712871,0.1718086080031831,0.0207038846463975,0.2965235173824131,1.0,0.0103746132349512,S1/smote,0.1744161121375588,0.0191873589164785,,0.1500503155352734,,-0.019137188594275,0.002277857582598,0.0217582924679096,False,,,,,,,0.2,-0.0368949839984734,0.2,opportunity_profile_s1plus,"enough positives and baseline signal, but overlap remains high",0.1495180069283229,0.2852805280528052,0.0378118864194125,0.8355968548963545,0.3945970695970696,0.5862177014350891,0.0018481848184819,0.0018481848184819,full,True,True,False,,0.0018481848184819,False,False,False,True,True,False,False,False,False,True,False,0.5,0,low
full_mean_task10,seagate_kqi,time-series-2,mean,10,42,S3_IG,tabddpm_cond_y1,0.5,0.25,0.25,positive_only,S3_IG/tabddpm_cond_y1/ratio=0.5/keep=0.25,0.126626360432858,0.0178739995895752,0.2198019801980198,0.107022795610291,0.0234074847033154,0.1860940695296523,1.0,0.0102402403965128,S1/smote,0.1744161121375588,0.0191873589164785,,0.1500503155352734,,-0.0477897517047008,-0.0013133593269032,-0.0430275199249823,True,,,,,,,0.2,-0.0538158552552241,0.3,opportunity_profile_s1plus,"enough positives and baseline signal, but overlap remains high",0.1495180069283229,0.2852805280528052,0.0378118864194125,0.8355968548963545,0.3945970695970696,0.5862177014350891,-0.0654785478547853,-0.0654785478547853,full,False,False,True,,-0.0654785478547853,False,False,True,True,False,False,False,False,False,True,False,0.0,2,very_low
full_mean_task10,seagate_kqi,time-series-2,mean,10,43,S3,tabddpm_cond_y1,0.5,1.0,1.0,conditional_mixed,S3/tabddpm_cond_y1/ratio=0.5/keep=1.0,0.217518846642455,0.0063000205212394,0.3702970297029703,0.1740361812607136,0.0108381160176445,0.2556237218813906,1.0,0.0126836366763746,S1/random_over,0.1930151236371068,0.0102195772624666,,0.1836017381754084,,0.0245037230053482,-0.0039195567412272,-0.0095655569146947,True,,,,,,,0.2,-0.0538158552552241,0.3,opportunity_profile_s1plus,"enough positives and baseline signal, but overlap remains high",0.1495180069283229,0.2852805280528052,0.0378118864194125,0.8355968548963545,0.3945970695970696,0.5862177014350891,0.0850165016501651,0.0850165016501651,full,False,False,True,,0.0850165016501651,True,True,True,True,True,True,False,False,False,False,False,3.5,1,medium
full_mean_task10,seagate_kqi,time-series-2,mean,10,43,S3_HYBRID,ig_clean,1.0,0.25,0.25,conditional_mixed,S3_HYBRID/ig_clean/ratio=1.0/keep=0.25,0.21403501839429,0.0057459470552021,0.3386138613861386,0.1525528874911552,0.0069250106721054,0.2515337423312883,0.9985487528344672,0.0101537860141356,S1/random_over,0.1930151236371068,0.0102195772624666,,0.1836017381754084,,0.0210198947571832,-0.0044736302072644,-0.0310488506842532,True,,,,,,,0.2,-0.0453049966630718,0.2,opportunity_profile_s1plus,"enough positives and baseline signal, but overlap remains high",0.1495180069283229,0.2852805280528052,0.0378118864194125,0.8355968548963545,0.3945970695970696,0.5862177014350891,0.0533333333333334,0.0533333333333334,full,False,False,True,,0.0533333333333334,True,True,True,True,True,True,False,False,False,False,True,4.5,1,medium
full_mean_task10,seagate_kqi,time-series-2,mean,10,43,S3_HYBRID,s1_plus_ig,0.5,0.25,0.25,conditional_mixed,S3_HYBRID/s1_plus_ig/ratio=0.5/keep=0.25,0.1561201396386334,0.0109583418838497,0.295049504950495,0.1444121047632527,0.0213204951856946,0.2678936605316973,1.0,0.0104285973031431,S1/random_over,0.1930151236371068,0.0102195772624666,,0.1836017381754084,,-0.0368949839984734,0.0007387646213831,-0.0391896334121557,True,,,,,,,0.2,-0.0368949839984734,0.2,opportunity_profile_s1plus,"enough positives and baseline signal, but overlap remains high",0.1495180069283229,0.2852805280528052,0.0378118864194125,0.8355968548963545,0.3945970695970696,0.5862177014350891,0.0097689768976897,0.0097689768976897,full,False,False,True,,0.0097689768976897,False,False,False,True,True,False,False,False,False,False,False,-1.5,2,very_low
full_mean_task10,seagate_kqi,time-series-2,mean,10,43,S3_IG,tabddpm_cond_y1,1.0,0.25,0.25,conditional_mixed,S3_IG/tabddpm_cond_y1/ratio=1.0/keep=0.25,0.2092273850259546,0.0102195772624666,0.3326732673267327,0.1377805812279018,0.0209410425461272,0.2290388548057259,1.0,0.0105640474468406,S1/random_over,0.1930151236371068,0.0102195772624666,,0.1836017381754084,,0.0162122613888477,0.0,-0.0458211569475066,True,,,,,,,0.2,-0.0538158552552241,0.3,opportunity_profile_s1plus,"enough positives and baseline signal, but overlap remains high",0.1495180069283229,0.2852805280528052,0.0378118864194125,0.8355968548963545,0.3945970695970696,0.5862177014350891,0.0473927392739275,0.0473927392739275,full,False,False,True,,0.0473927392739275,True,True,True,True,True,True,False,False,False,False,False,3.5,1,medium
full_mean_task10,seagate_kqi,time-series-2,mean,10,44,S3,tabddpm_cond_y1,1.0,1.0,1.0,conditional_mixed,S3/tabddpm_cond_y1/ratio=1.0/keep=1.0,0.1111996033294152,0.0213010465832136,0.2217821782178217,0.1080973372919572,0.0232414741735047,0.2229038854805726,1.0,0.015152911060356,S1/random_over,0.204395955346905,0.0045351939257131,,0.1240217475586032,,-0.0931963520174898,0.0167658526575005,-0.0159244102666459,True,,,,,,,0.2,-0.0538158552552241,0.3,opportunity_profile_s1plus,"enough positives and baseline signal, but overlap remains high",0.1495180069283229,0.2852805280528052,0.0378118864194125,0.8355968548963545,0.3945970695970696,0.5862177014350891,-0.0634983498349834,-0.0634983498349834,full,False,False,True,,-0.0634983498349834,False,False,False,False,False,False,False,False,False,False,False,-5.0,3,very_low
full_mean_task10,seagate_kqi,time-series-2,mean,10,44,S3_HYBRID,ig_clean,0.5,0.75,0.75,conditional_mixed,S3_HYBRID/ig_clean/ratio=0.5/keep=0.75,0.1185720377545,0.0172173199261235,0.2415841584158415,0.1113794906303104,0.0178817056396148,0.2413087934560327,1.0,0.0185629007552641,S1/random_over,0.204395955346905,0.0045351939257131,,0.1240217475586032,,-0.085823917592405,0.0126821260004104,-0.0126422569282927,True,,,,,,,0.2,-0.0453049966630718,0.2,opportunity_profile_s1plus,"enough positives and baseline signal, but overlap remains high",0.1495180069283229,0.2852805280528052,0.0378118864194125,0.8355968548963545,0.3945970695970696,0.5862177014350891,-0.0436963696369636,-0.0436963696369636,full,False,False,True,,-0.0436963696369636,False,False,False,False,False,False,False,False,False,False,False,-5.0,2,very_low
full_mean_task10,seagate_kqi,time-series-2,mean,10,44,S3_HYBRID,s1_plus_ig,1.0,0.75,0.75,positive_only,S3_HYBRID/s1_plus_ig/ratio=1.0/keep=0.75,0.153102605298212,0.0110609480812641,0.3029702970297029,0.1648808247952266,0.0126405160555898,0.2678936605316973,1.0,0.0205412150000485,S1/random_over,0.204395955346905,0.0045351939257131,,0.1240217475586032,,-0.0512933500486929,0.006525754155551,0.0408590772366233,False,,,,,,,0.2,-0.0368949839984734,0.2,opportunity_profile_s1plus,"enough positives and baseline signal, but overlap remains high",0.1495180069283229,0.2852805280528052,0.0378118864194125,0.8355968548963545,0.3945970695970696,0.5862177014350891,0.0176897689768977,0.0176897689768977,full,True,True,False,,0.0176897689768977,False,False,False,False,True,False,False,False,False,True,False,-1.5,1,very_low
full_mean_task10,seagate_kqi,time-series-2,mean,10,44,S3_IG,tabddpm_cond_y1,0.5,0.75,0.75,positive_only,S3_IG/tabddpm_cond_y1/ratio=0.5/keep=0.75,0.1080644847653204,0.0268417812435871,0.194059405940594,0.0967119612393634,0.0292652848266375,0.16359918200409,1.0,0.0181280132964323,S1/random_over,0.204395955346905,0.0045351939257131,,0.1240217475586032,,-0.0963314705815845,0.022306587317874,-0.0273097863192397,True,,,,,,,0.2,-0.0538158552552241,0.3,opportunity_profile_s1plus,"enough positives and baseline signal, but overlap remains high",0.1495180069283229,0.2852805280528052,0.0378118864194125,0.8355968548963545,0.3945970695970696,0.5862177014350891,-0.0912211221122111,-0.0912211221122111,full,False,False,True,,-0.0912211221122111,False,False,False,False,False,False,False,False,False,True,False,-3.0,3,very_low
full_mean_task10,seagate_kqi,time-series-2,mean,10,45,S3,tabddpm_cond_y1,0.5,1.0,1.0,positive_only,S3/tabddpm_cond_y1/ratio=0.5/keep=1.0,0.1261602806821791,0.0252821670428893,0.2158415841584158,0.1366395055240362,0.0364037376084997,0.2269938650306748,1.0,0.0204104607460874,S1/random_over,0.1533608808769529,0.005458649702442,,0.1289427606799365,,-0.0272006001947738,0.0198235173404473,0.0076967448440996,False,,,,,,,0.2,-0.0538158552552241,0.3,opportunity_profile_s1plus,"enough positives and baseline signal, but overlap remains high",0.1495180069283229,0.2852805280528052,0.0378118864194125,0.8355968548963545,0.3945970695970696,0.5862177014350891,-0.0694389438943893,-0.0694389438943893,full,True,True,False,,-0.0694389438943893,False,False,False,False,False,False,False,False,False,True,False,-3.0,1,very_low
full_mean_task10,seagate_kqi,time-series-2,mean,10,45,S3_HYBRID,ig_clean,1.0,0.25,0.25,conditional_mixed,S3_HYBRID/ig_clean/ratio=1.0/keep=0.25,0.1080558842138811,0.0349271495998358,0.1702970297029703,0.1108239320551933,0.041455200872741,0.2106339468302658,0.9974603174603176,,S1/random_over,0.1533608808769529,0.005458649702442,,0.1289427606799365,,-0.0453049966630718,0.0294684998973937,-0.0181188286247432,True,,,,,,,0.2,-0.0453049966630718,0.2,opportunity_profile_s1plus,"enough positives and baseline signal, but overlap remains high",0.1495180069283229,0.2852805280528052,0.0378118864194125,0.8355968548963545,0.3945970695970696,0.5862177014350891,-0.1149834983498348,-0.1149834983498348,full,False,False,True,,-0.1149834983498348,False,False,False,False,False,False,False,False,False,False,True,-4.0,5,very_low
full_mean_task10,seagate_kqi,time-series-2,mean,10,45,S3_HYBRID,s1_plus_ig,1.0,0.75,0.75,positive_only,S3_HYBRID/s1_plus_ig/ratio=1.0/keep=0.75,0.1116549727804885,0.0238251590396059,0.196039603960396,0.1305606985345218,0.0288146848171512,0.2331288343558282,1.0,0.0311727671325692,S1/random_over,0.1533608808769529,0.005458649702442,,0.1289427606799365,,-0.0417059080964644,0.0183665093371639,0.0016179378545852,False,,,,,,,0.2,-0.0368949839984734,0.2,opportunity_profile_s1plus,"enough positives and baseline signal, but overlap remains high",0.1495180069283229,0.2852805280528052,0.0378118864194125,0.8355968548963545,0.3945970695970696,0.5862177014350891,-0.0892409240924091,-0.0892409240924091,full,True,False,False,,-0.0892409240924091,False,False,False,False,False,False,False,False,False,True,False,-3.0,2,very_low
full_mean_task10,seagate_kqi,time-series-2,mean,10,45,S3_IG,tabddpm_cond_y1,1.0,0.75,0.75,positive_only,S3_IG/tabddpm_cond_y1/ratio=1.0/keep=0.75,0.130454898672998,0.0258978042273753,0.2356435643564356,0.1184968266131803,0.028269221647773,0.2249488752556237,1.0,0.0313484488748551,S1/random_over,0.1533608808769529,0.005458649702442,,0.1289427606799365,,-0.0229059822039549,0.0204391545249333,-0.0104459340667562,True,,,,,,,0.2,-0.0538158552552241,0.3,opportunity_profile_s1plus,"enough positives and baseline signal, but overlap remains high",0.1495180069283229,0.2852805280528052,0.0378118864194125,0.8355968548963545,0.3945970695970696,0.5862177014350891,-0.0496369636963695,-0.0496369636963695,full,False,False,True,,-0.0496369636963695,False,False,False,False,False,False,False,False,False,True,False,-3.0,1,very_low
full_mean_task10,seagate_kqi,time-series-2,mean,10,46,S3,tabddpm_cond_y1,1.0,1.0,1.0,conditional_mixed,S3/tabddpm_cond_y1/ratio=1.0/keep=1.0,0.1189110048932325,0.0207674943566591,0.2415841584158415,0.1193055015778065,0.030949105914718,0.261758691206544,1.0,0.016530357903175,S1/random_over,0.1798842381960887,0.0113482454340242,,0.1342510479909878,,-0.0609732333028562,0.0094192489226348,-0.0149455464131812,True,,,,,,,0.2,-0.0538158552552241,0.3,opportunity_profile_s1plus,"enough positives and baseline signal, but overlap remains high",0.1495180069283229,0.2852805280528052,0.0378118864194125,0.8355968548963545,0.3945970695970696,0.5862177014350891,-0.0436963696369636,-0.0436963696369636,full,False,False,True,,-0.0436963696369636,False,False,False,False,False,False,False,False,False,False,False,-5.0,2,very_low
full_mean_task10,seagate_kqi,time-series-2,mean,10,46,S3_HYBRID,ig_clean,0.5,0.25,0.25,positive_only,S3_HYBRID/ig_clean/ratio=0.5/keep=0.25,0.1148048557942347,0.0263492714959983,0.2118811881188118,0.1365410341431433,0.0315420006640421,0.2126789366053169,0.9998185941043084,0.0114351793965355,S1/random_over,0.1798842381960887,0.0113482454340242,,0.1342510479909878,,-0.065079382401854,0.015001026061974,0.0022899861521555,False,,,,,,,0.2,-0.0453049966630718,0.2,opportunity_profile_s1plus,"enough positives and baseline signal, but overlap remains high",0.1495180069283229,0.2852805280528052,0.0378118864194125,0.8355968548963545,0.3945970695970696,0.5862177014350891,-0.0733993399339933,-0.0733993399339933,full,True,False,False,,-0.0733993399339933,False,False,False,False,False,False,False,False,False,True,False,-3.0,2,very_low
full_mean_task10,seagate_kqi,time-series-2,mean,10,46,S3_HYBRID,s1_plus_ig,1.0,0.25,0.25,positive_only,S3_HYBRID/s1_plus_ig/ratio=1.0/keep=0.25,0.1848268548935509,0.0049045762364046,0.3207920792079208,0.1651638469901881,0.0041502632452687,0.263803680981595,1.0,0.010401616357556,S1/random_over,0.1798842381960887,0.0113482454340242,,0.1342510479909878,,0.0049426166974622,-0.0064436691976196,0.0309127989992002,False,,,,,,,0.2,-0.0368949839984734,0.2,opportunity_profile_s1plus,"enough positives and baseline signal, but overlap remains high",0.1495180069283229,0.2852805280528052,0.0378118864194125,0.8355968548963545,0.3945970695970696,0.5862177014350891,0.0355115511551156,0.0355115511551156,full,True,True,False,,0.0355115511551156,True,False,True,True,True,True,False,False,False,True,False,4.5,0,medium
full_mean_task10,seagate_kqi,time-series-2,mean,10,46,S3_IG,tabddpm_cond_y1,0.5,0.75,0.75,positive_only,S3_IG/tabddpm_cond_y1/ratio=0.5/keep=0.75,0.1077075396573288,0.0196593474245844,0.201980198019802,0.1213226043805748,0.0245932742019636,0.2085889570552147,1.0,0.0179749462640898,S1/random_over,0.1798842381960887,0.0113482454340242,,0.1342510479909878,,-0.0721766985387599,0.0083111019905602,-0.012928443610413,True,,,,,,,0.2,-0.0538158552552241,0.3,opportunity_profile_s1plus,"enough positives and baseline signal, but overlap remains high",0.1495180069283229,0.2852805280528052,0.0378118864194125,0.8355968548963545,0.3945970695970696,0.5862177014350891,-0.0833003300330031,-0.0833003300330031,full,False,False,True,,-0.0833003300330031,False,False,False,False,False,False,False,False,False,True,False,-3.0,2,very_low
full_summarystats_task10,seagate_kqi,time-series-2,summary_stats,10,42,S3_HYBRID,s1_plus_ig,0.5,0.25,0.25,positive_only,s1_plus_ig/mode=positive_only/ratio=0.5/keep=0.25,0.1544051691195513,0.0214652164990765,0.2871287128712871,0.1788044259248126,0.011834179196509,0.2985685071574642,1.0,0.0118002847560534,smote,0.1788316642218401,0.0169710650523291,0.295049504950495,0.1500211430723034,0.0133994213347246,-0.0244264951022888,0.0044941514467474,0.0287832828525091,False,-0.0079207920792078,,,,,,0.0,-0.0244264951022888,0.2,opportunity_profile_s1plus,"enough positives and baseline signal, but overlap remains high",0.1495180069283229,0.2852805280528052,0.0378118864194125,0.8355968548963545,0.3945970695970696,0.5862177014350891,0.0018481848184819,-0.0079207920792078,full,True,True,False,,-0.0079207920792078,False,False,False,True,False,False,False,False,False,True,False,-1.0,0,very_low
full_summarystats_task10,seagate_kqi,time-series-2,summary_stats,10,43,S3_HYBRID,s1_plus_ig,0.5,0.25,0.25,conditional_mixed,s1_plus_ig/mode=conditional_mixed/ratio=0.5/keep=0.25,0.1590970919109581,0.0166427252206033,0.293069306930693,0.1459267649973695,0.0115258739268605,0.280163599182004,1.0,0.011850822482464,random_over,0.1601806355945326,0.0122101374923045,0.2851485148514851,0.1592651184874525,0.0162927477114262,-0.0010835436835744,0.0044325877282988,-0.013338353490083,True,0.0079207920792078,,,,,,0.0,-0.0244264951022888,0.2,opportunity_profile_s1plus,"enough positives and baseline signal, but overlap remains high",0.1495180069283229,0.2852805280528052,0.0378118864194125,0.8355968548963545,0.3945970695970696,0.5862177014350891,0.0077887788778878,0.0079207920792078,full,False,False,True,,0.0079207920792078,False,False,False,True,True,False,False,False,False,False,False,-1.5,1,very_low
full_summarystats_task10,seagate_kqi,time-series-2,summary_stats,10,44,S3_HYBRID,s1_plus_ig,0.5,0.75,0.75,positive_only,s1_plus_ig/mode=positive_only/ratio=0.5/keep=0.75,0.1613466177627295,0.0127026472398932,0.3089108910891089,0.1868200134347235,0.021723663615235,0.3292433537832311,1.0,0.0204159136623254,random_over,0.1869454780166929,0.0138107941719679,0.3069306930693069,0.1243017034508053,0.0138974529241569,-0.0255988602539634,-0.0011081469320746,0.0625183099839181,False,0.0019801980198019,,,,,,0.0,-0.0244264951022888,0.2,opportunity_profile_s1plus,"enough positives and baseline signal, but overlap remains high",0.1495180069283229,0.2852805280528052,0.0378118864194125,0.8355968548963545,0.3945970695970696,0.5862177014350891,0.0236303630363037,0.0019801980198019,full,True,True,False,,0.0019801980198019,False,False,True,True,True,False,False,False,False,True,False,1.5,0,low
full_summarystats_task10,seagate_kqi,time-series-2,summary_stats,10,45,S3_HYBRID,s1_plus_ig,0.5,0.75,0.75,conditional_mixed,s1_plus_ig/mode=conditional_mixed/ratio=0.5/keep=0.75,0.117085471980298,0.0340857787810383,0.2178217821782178,0.1232757088035171,0.0406251482236873,0.2004089979550102,1.0,0.0136860730392617,random_over,0.1532277981683592,0.0075312948902113,0.291089108910891,0.1285201230847601,0.0045297158848361,-0.0361423261880612,0.026554483890827,-0.005244414281243,True,-0.0732673267326732,,,,,,0.0,-0.0244264951022888,0.2,opportunity_profile_s1plus,"enough positives and baseline signal, but overlap remains high",0.1495180069283229,0.2852805280528052,0.0378118864194125,0.8355968548963545,0.3945970695970696,0.5862177014350891,-0.0674587458745873,-0.0732673267326732,full,False,False,True,,-0.0732673267326732,False,False,False,False,False,False,False,False,False,False,False,-5.0,4,very_low
full_summarystats_task10,seagate_kqi,time-series-2,summary_stats,10,46,S3_HYBRID,s1_plus_ig,1.0,0.75,0.75,positive_only,s1_plus_ig/mode=positive_only/ratio=1.0/keep=0.75,0.1787358764338857,0.0119638826185101,0.3445544554455445,0.1963349827825391,0.0063321159227813,0.2903885480572597,1.0,0.0183253887826033,random_over,0.1799525001168694,0.0113482454340242,0.3267326732673267,0.1317067679331474,0.0067352843523217,-0.0012166236829836,0.0006156371844858,0.0646282148493917,False,0.0178217821782178,,,,,,0.0,-0.0244264951022888,0.2,opportunity_profile_s1plus,"enough positives and baseline signal, but overlap remains high",0.1495180069283229,0.2852805280528052,0.0378118864194125,0.8355968548963545,0.3945970695970696,0.5862177014350891,0.0592739273927393,0.0178217821782178,full,True,True,False,,0.0178217821782178,False,False,False,True,True,False,False,False,False,True,False,0.5,0,low
full_summarystats_task0_task2,seagate_kqi,time-series-2,summary_stats,0,42,S3_HYBRID,ig_smote,0.5,0.25,0.25,positive_only,ig_smote/mode=positive_only/ratio=0.5/keep=0.25,0.2460305441673675,0.1899313501144164,0.0149253731343283,0.1688271268191355,0.321285140562249,0.02,0.6893939393939394,0.2721177486494838,S1/random_under_10to1,0.2174634869519462,0.1681922196796338,0.0,0.1449514329563074,0.2238955823293172,0.0285670572154213,0.0217391304347825,0.023875693862828,False,0.0149253731343283,0.4247554237843007,0.2502430439310619,0.4173994763942635,0.3397835988459913,0.0,0.6,0.0285670572154213,0.8,low_profile_open,"low overlap, stable importance, concentrated signal, S1 improves over S0",0.2013238663022727,0.035820895522388,0.0220297052659713,0.4635761589403973,0.4799450549450549,0.6111317276954651,-0.0208955223880597,0.0149253731343283,full,True,True,False,,0.0149253731343283,True,True,False,False,True,False,True,True,True,True,True,6.5,1,high
full_summarystats_task0_task2,seagate_kqi,time-series-2,summary_stats,0,42,S3_HYBRID,s1_plus_ig,1.0,0.25,0.25,positive_only,s1_plus_ig/mode=positive_only/ratio=1.0/keep=0.25,0.2158925453638409,0.1739130434782608,0.0298507462686567,0.1569889777155205,0.2359437751004016,0.02,0.6893939393939394,0.2711668163031195,S1/random_under_10to1,0.2174634869519462,0.1681922196796338,0.0,0.1449514329563074,0.2238955823293172,-0.0015709415881053,0.005720823798627,0.012037544759213,False,0.0298507462686567,0.3497596890819334,0.2920713655117678,0.4173994763942635,0.3397835988459913,0.0,0.2,-0.0159516280230924,0.8,low_profile_open,"low overlap, stable importance, concentrated signal, S1 improves over S0",0.2013238663022727,0.035820895522388,0.0220297052659713,0.4635761589403973,0.4799450549450549,0.6111317276954651,-0.0059701492537313,0.0298507462686567,full,True,True,False,,0.0298507462686567,False,False,False,False,True,True,False,True,True,True,True,3.5,0,medium
full_summarystats_task0_task2,seagate_kqi,time-series-2,summary_stats,0,42,S3_HYBRID,ig_clean,1.0,0.25,0.25,positive_only,ig_clean/mode=positive_only/ratio=1.0/keep=0.25,0.2001066349401475,0.1407322654462242,0.0,0.1471449853501552,0.2329317269076305,0.02,,0.6091123785072999,S1/random_under_10to1,0.2174634869519462,0.1681922196796338,0.0,0.1449514329563074,0.2238955823293172,-0.0173568520117987,-0.0274599542334096,0.0021935523938477,False,0.0,0.3839150170616025,0.3039036830405874,0.4173994763942635,0.3397835988459913,0.0,0.4,-0.0168133505525602,0.6,low_profile_open,"low overlap, stable importance, concentrated signal, S1 improves over S0",0.2013238663022727,0.035820895522388,0.0220297052659713,0.4635761589403973,0.4799450549450549,0.6111317276954651,-0.035820895522388,0.0,full,True,False,False,,0.0,False,False,True,True,True,False,False,True,True,True,True,5.5,0,high
full_summarystats_task0_task2,seagate_kqi,time-series-2,summary_stats,2,42,S3_HYBRID,ig_clean,0.5,0.25,0.25,conditional_mixed,ig_clean/mode=conditional_mixed/ratio=0.5/keep=0.25,0.0647312946683722,0.0038245792962774,0.0957446808510638,0.0327027605224167,0.0014757969303423,0.0260869565217391,1.0,0.0156778570104408,S1/random_under_10to1,0.0316629350281809,0.1860445351011388,0.0159574468085106,0.021744202138695,0.2074970484061393,0.0330683596401913,-0.1822199558048614,0.0109585583837216,False,0.0797872340425532,0.1579517266906438,0.048899321194792,0.0726310146426397,0.0195712516784372,0.0,1.0,0.0471748673413158,1.0,blocked_profile,"weak baseline signal, unstable importance, or extreme class overlap",0.0295084640255766,0.0319148936170212,0.0056438684426514,0.8980747451868629,0.3417313079077784,0.5111117362976074,0.0638297872340426,0.0797872340425532,full,True,True,False,,0.0797872340425532,True,True,True,True,True,True,True,True,False,False,False,5.5,1,high
full_summarystats_task0_task2,seagate_kqi,time-series-2,summary_stats,2,42,S3_HYBRID,ig_smote,1.0,0.25,0.25,positive_only,ig_smote/mode=positive_only/ratio=1.0/keep=0.25,0.061519808997277,0.0078191398946115,0.1063829787234042,0.0378890224497932,0.0019185360094451,0.0260869565217391,0.9998304030753576,0.030937392069721,S1/random_under_10to1,0.0316629350281809,0.1860445351011388,0.0159574468085106,0.021744202138695,0.2074970484061393,0.0298568739690961,-0.1782253952065273,0.0161448203110981,False,0.0904255319148936,0.1272885727350055,0.0643261479075071,0.0726310146426397,0.0195712516784372,0.0,1.0,0.021797604767918,1.0,blocked_profile,"weak baseline signal, unstable importance, or extreme class overlap",0.0295084640255766,0.0319148936170212,0.0056438684426514,0.8980747451868629,0.3417313079077784,0.5111117362976074,0.074468085106383,0.0904255319148936,full,True,True,False,,0.0904255319148936,True,True,True,True,True,True,True,True,False,True,False,7.5,0,very_high
full_summarystats_task0_task2,seagate_kqi,time-series-2,summary_stats,2,42,S3_HYBRID,s1_plus_ig,0.5,0.25,0.25,conditional_mixed,s1_plus_ig/mode=conditional_mixed/ratio=0.5/keep=0.25,0.0564749050961515,0.0079891211966683,0.1223404255319148,0.0511046308050404,0.0010330578512396,0.0260869565217391,1.0,0.0185805767358673,S1/random_under_10to1,0.0316629350281809,0.1860445351011388,0.0159574468085106,0.021744202138695,0.2074970484061393,0.0248119700679706,-0.1780554139044705,0.0293604286663454,False,0.1063829787234042,0.1383820569320515,0.0843111778429154,0.0726310146426397,0.0195712516784372,0.0,1.0,0.0248119700679706,1.0,blocked_profile,"weak baseline signal, unstable importance, or extreme class overlap",0.0295084640255766,0.0319148936170212,0.0056438684426514,0.8980747451868629,0.3417313079077784,0.5111117362976074,0.0904255319148936,0.1063829787234042,full,True,True,False,,0.1063829787234042,True,True,True,True,True,True,True,True,False,False,False,5.5,1,high
full_summarystats_task0_task2,seagate_kqi,time-series-2,summary_stats,0,43,S3_HYBRID,ig_smote,0.5,0.75,0.75,positive_only,ig_smote/mode=positive_only/ratio=0.5/keep=0.75,0.2055649244528508,0.1235697940503432,0.0149253731343283,0.1566892117185175,0.2751004016064257,0.02,0.992436974789916,0.3066478406499561,S1/random_under_20to1,0.2146461931612718,0.2162471395881006,0.044776119402985,0.133069907212365,0.2771084337349397,-0.0090812687084209,-0.0926773455377574,0.0236193045061524,False,-0.0298507462686567,0.3535758707415272,0.2805554553510424,0.3795714823693591,0.2791326126299744,0.02,0.6,0.0285670572154213,0.8,low_profile_open,"low overlap, stable importance, concentrated signal, S1 improves over S0",0.2013238663022727,0.035820895522388,0.0220297052659713,0.4635761589403973,0.4799450549450549,0.6111317276954651,-0.0208955223880597,-0.0298507462686567,full,True,True,False,,-0.0298507462686567,False,False,True,True,False,False,True,True,True,True,True,5.0,0,medium
full_summarystats_task0_task2,seagate_kqi,time-series-2,summary_stats,0,43,S3_HYBRID,s1_plus_ig,1.0,0.25,0.25,positive_only,s1_plus_ig/mode=positive_only/ratio=1.0/keep=0.25,0.1986945651381793,0.1384439359267734,0.0,0.1397807708078329,0.2128514056224899,0.0,0.6666666666666666,0.2541058889236646,S1/random_under_20to1,0.2146461931612718,0.2162471395881006,0.044776119402985,0.133069907212365,0.2771084337349397,-0.0159516280230924,-0.0778032036613272,0.0067108635954679,False,-0.044776119402985,0.3504922627831784,0.340533835961307,0.3795714823693591,0.2791326126299744,0.02,0.2,-0.0159516280230924,0.8,low_profile_open,"low overlap, stable importance, concentrated signal, S1 improves over S0",0.2013238663022727,0.035820895522388,0.0220297052659713,0.4635761589403973,0.4799450549450549,0.6111317276954651,-0.035820895522388,-0.044776119402985,full,True,True,False,,-0.044776119402985,False,False,True,True,False,False,False,True,True,True,True,4.0,0,medium
full_summarystats_task0_task2,seagate_kqi,time-series-2,summary_stats,0,43,S3_HYBRID,ig_clean,1.0,0.25,0.25,positive_only,ig_clean/mode=positive_only/ratio=1.0/keep=0.25,0.1978328426087115,0.2139588100686499,0.0149253731343283,0.1313869993677309,0.2610441767068273,0.0,,0.3379425900241833,S1/random_under_20to1,0.2146461931612718,0.2162471395881006,0.044776119402985,0.133069907212365,0.2771084337349397,-0.0168133505525602,-0.0022883295194507,-0.001682907844634,True,-0.0298507462686567,0.3487912661401945,0.2999345392707619,0.3795714823693591,0.2791326126299744,0.02,0.4,-0.0168133505525602,0.6,low_profile_open,"low overlap, stable importance, concentrated signal, S1 improves over S0",0.2013238663022727,0.035820895522388,0.0220297052659713,0.4635761589403973,0.4799450549450549,0.6111317276954651,-0.0208955223880597,-0.0298507462686567,full,False,False,False,,-0.0298507462686567,False,False,True,True,False,False,False,True,True,True,True,4.0,0,medium
full_summarystats_task0_task2,seagate_kqi,time-series-2,summary_stats,2,43,S3_HYBRID,ig_clean,1.0,0.75,0.75,positive_only,ig_clean/mode=positive_only/ratio=1.0/keep=0.75,0.0969030172322701,0.0016998130205677,0.1170212765957446,0.0453333816592665,0.0010330578512396,0.0434782608695652,1.0,0.0507500658080862,S1/random_over,0.0287587758464809,0.1500934897161312,0.0212765957446808,0.0266686804053714,0.0554899645808736,0.0681442413857892,-0.1483936766955635,0.0186647012538951,False,0.0957446808510638,0.198727762058298,0.1082961592512785,0.0712323876599554,0.0462578861041242,0.017391304347826,1.0,0.0471748673413158,1.0,blocked_profile,"weak baseline signal, unstable importance, or extreme class overlap",0.0295084640255766,0.0319148936170212,0.0056438684426514,0.8980747451868629,0.3417313079077784,0.5111117362976074,0.0851063829787234,0.0957446808510638,full,True,True,False,,0.0957446808510638,True,True,True,True,True,True,True,True,True,True,False,9.5,0,very_high
full_summarystats_task0_task2,seagate_kqi,time-series-2,summary_stats,2,43,S3_HYBRID,ig_smote,0.5,0.25,0.25,positive_only,ig_smote/mode=positive_only/ratio=0.5/keep=0.25,0.0615596584921752,0.0079041305456399,0.1223404255319148,0.0333094033053399,0.0082644628099173,0.0521739130434782,0.9990389507603596,0.0339245089307291,S1/random_over,0.0287587758464809,0.1500934897161312,0.0212765957446808,0.0266686804053714,0.0554899645808736,0.0328008826456943,-0.1421893591704913,0.0066407228999685,False,0.101063829787234,0.1452409138379547,0.0595688501848584,0.0712323876599554,0.0462578861041242,0.017391304347826,1.0,0.021797604767918,1.0,blocked_profile,"weak baseline signal, unstable importance, or extreme class overlap",0.0295084640255766,0.0319148936170212,0.0056438684426514,0.8980747451868629,0.3417313079077784,0.5111117362976074,0.0904255319148936,0.101063829787234,full,True,True,False,,0.101063829787234,True,True,True,True,True,True,True,True,False,True,False,7.5,0,very_high
full_summarystats_task0_task2,seagate_kqi,time-series-2,summary_stats,2,43,S3_HYBRID,s1_plus_ig,1.0,0.25,0.25,positive_only,s1_plus_ig/mode=positive_only/ratio=1.0/keep=0.25,0.054364442440225,0.0469998300186979,0.0904255319148936,0.0432495409192165,0.0398465171192443,0.0521739130434782,0.999152015376788,0.0334946051374906,S1/random_over,0.0287587758464809,0.1500934897161312,0.0212765957446808,0.0266686804053714,0.0554899645808736,0.0256056665937441,-0.1030936596974333,0.016580860513845,False,0.0691489361702128,0.1244737249225423,0.0692361214705077,0.0712323876599554,0.0462578861041242,0.017391304347826,1.0,0.0248119700679706,1.0,blocked_profile,"weak baseline signal, unstable importance, or extreme class overlap",0.0295084640255766,0.0319148936170212,0.0056438684426514,0.8980747451868629,0.3417313079077784,0.5111117362976074,0.0585106382978724,0.0691489361702128,full,True,True,False,,0.0691489361702128,True,True,True,True,True,True,True,True,False,True,False,7.5,0,very_high
full_summarystats_task0_task2,seagate_kqi,time-series-2,summary_stats,0,44,S3_HYBRID,ig_smote,1.0,0.75,0.75,conditional_mixed,ig_smote/mode=conditional_mixed/ratio=1.0/keep=0.75,0.225480443288027,0.0949656750572082,0.0149253731343283,0.1365989563429397,0.1937751004016064,0.02,0.9831932773109244,0.485964295512976,S1/random_over,0.1864428406369629,0.1556064073226544,0.044776119402985,0.1547220990938277,0.2439759036144578,0.039037602651064,-0.0606407322654462,-0.018123142750888,True,-0.0298507462686567,0.3930433677771229,0.3497298566734278,0.3456996655856091,0.3133311815509336,0.02,0.6,0.0285670572154213,0.8,low_profile_open,"low overlap, stable importance, concentrated signal, S1 improves over S0",0.2013238663022727,0.035820895522388,0.0220297052659713,0.4635761589403973,0.4799450549450549,0.6111317276954651,-0.0208955223880597,-0.0298507462686567,full,False,False,True,,-0.0298507462686567,True,True,True,True,False,False,True,True,True,False,True,6.0,1,high
full_summarystats_task0_task2,seagate_kqi,time-series-2,summary_stats,0,44,S3_HYBRID,ig_clean,1.0,0.25,0.25,positive_only,ig_clean/mode=positive_only/ratio=1.0/keep=0.25,0.211691579497034,0.1784897025171624,0.0298507462686567,0.1558953588118496,0.2961847389558233,0.06,,0.1820627188176399,S1/random_over,0.1864428406369629,0.1556064073226544,0.044776119402985,0.1547220990938277,0.2439759036144578,0.025248738860071,0.0228832951945079,0.0011732597180219,False,-0.0149253731343283,0.3960955166694935,0.2839219169313856,0.3456996655856091,0.3133311815509336,0.02,0.4,-0.0168133505525602,0.6,low_profile_open,"low overlap, stable importance, concentrated signal, S1 improves over S0",0.2013238663022727,0.035820895522388,0.0220297052659713,0.4635761589403973,0.4799450549450549,0.6111317276954651,-0.0059701492537313,-0.0149253731343283,full,True,False,False,,-0.0149253731343283,True,True,False,False,False,False,False,True,True,True,True,4.0,1,medium
full_summarystats_task0_task2,seagate_kqi,time-series-2,summary_stats,0,44,S3_HYBRID,s1_plus_ig,0.5,0.75,0.75,positive_only,s1_plus_ig/mode=positive_only/ratio=0.5/keep=0.75,0.2047976507146257,0.1441647597254004,0.0149253731343283,0.1564690668924626,0.2108433734939759,0.02,0.961344537815126,0.5156403586621451,S1/random_over,0.1864428406369629,0.1556064073226544,0.044776119402985,0.1547220990938277,0.2439759036144578,0.0183548100776627,-0.0114416475972539,0.0017469677986348,False,-0.0298507462686567,0.3790609127780322,0.3519032748668014,0.3456996655856091,0.3133311815509336,0.02,0.2,-0.0159516280230924,0.8,low_profile_open,"low overlap, stable importance, concentrated signal, S1 improves over S0",0.2013238663022727,0.035820895522388,0.0220297052659713,0.4635761589403973,0.4799450549450549,0.6111317276954651,-0.0208955223880597,-0.0298507462686567,full,True,False,False,,-0.0298507462686567,True,True,True,True,False,False,False,True,True,True,True,7.0,0,high
full_summarystats_task0_task2,seagate_kqi,time-series-2,summary_stats,2,44,S3_HYBRID,ig_clean,0.5,0.25,0.25,positive_only,ig_clean/mode=positive_only/ratio=0.5/keep=0.25,0.0767822473998743,0.0016148223695393,0.0904255319148936,0.0459798058086362,0.0005903187721369,0.0347826086956521,0.9993215739484396,0.0279963928146329,S1/random_under_20to1,0.0296073800585585,0.0379908210096889,0.0372340425531914,0.0237616039357574,0.0326151121605667,0.0471748673413158,-0.0363759986401496,0.0222182018728787,False,0.0531914893617022,0.1626173966225325,0.0729697368912832,0.0673449273602761,0.0325538532783302,0.008695652173913,1.0,0.0471748673413158,1.0,blocked_profile,"weak baseline signal, unstable importance, or extreme class overlap",0.0295084640255766,0.0319148936170212,0.0056438684426514,0.8980747451868629,0.3417313079077784,0.5111117362976074,0.0585106382978724,0.0531914893617022,full,True,True,False,,0.0531914893617022,True,True,True,True,True,True,True,True,False,True,False,7.5,0,very_high
full_summarystats_task0_task2,seagate_kqi,time-series-2,summary_stats,2,44,S3_HYBRID,s1_plus_ig,1.0,0.25,0.25,positive_only,s1_plus_ig/mode=positive_only/ratio=1.0/keep=0.25,0.052702962132457,0.0297467278599354,0.0585106382978723,0.0318866278540692,0.025383707201889,0.008695652173913,1.0,0.0547145428064572,S1/random_under_20to1,0.0296073800585585,0.0379908210096889,0.0372340425531914,0.0237616039357574,0.0326151121605667,0.0230955820738985,-0.0082440931497535,0.0081250239183117,False,0.0212765957446809,0.1388358243350509,0.0354851220651594,0.0673449273602761,0.0325538532783302,0.008695652173913,1.0,0.0248119700679706,1.0,blocked_profile,"weak baseline signal, unstable importance, or extreme class overlap",0.0295084640255766,0.0319148936170212,0.0056438684426514,0.8980747451868629,0.3417313079077784,0.5111117362976074,0.0265957446808511,0.0212765957446809,full,True,True,False,,0.0212765957446809,True,True,True,True,True,False,True,True,True,True,False,8.5,0,very_high
full_summarystats_task0_task2,seagate_kqi,time-series-2,summary_stats,2,44,S3_HYBRID,ig_smote,0.5,0.25,0.25,positive_only,ig_smote/mode=positive_only/ratio=0.5/keep=0.25,0.0495697671635786,0.0192928777834438,0.0585106382978723,0.0270271676638708,0.0557851239669421,0.0347826086956521,1.0,0.0542345951177933,S1/random_under_20to1,0.0296073800585585,0.0379908210096889,0.0372340425531914,0.0237616039357574,0.0326151121605667,0.0199623871050201,-0.0186979432262451,0.0032655637281133,False,0.0212765957446809,0.1159926528393571,0.0364762765195066,0.0673449273602761,0.0325538532783302,0.008695652173913,1.0,0.021797604767918,1.0,blocked_profile,"weak baseline signal, unstable importance, or extreme class overlap",0.0295084640255766,0.0319148936170212,0.0056438684426514,0.8980747451868629,0.3417313079077784,0.5111117362976074,0.0265957446808511,0.0212765957446809,full,True,False,False,,0.0212765957446809,True,True,True,True,True,False,True,True,True,True,False,8.5,0,very_high
full_summarystats_task0_task2,seagate_kqi,time-series-2,summary_stats,0,45,S3_HYBRID,ig_smote,0.5,0.75,0.75,conditional_mixed,ig_smote/mode=conditional_mixed/ratio=0.5/keep=0.75,0.2389610480579651,0.1006864988558352,0.0298507462686567,0.1819821229498031,0.1877510040160642,0.02,0.9932773109243698,0.1177203053454126,S1/random_under_20to1,0.2053837427153089,0.1945080091533181,0.044776119402985,0.1530717165592872,0.28714859437751,0.0335773053426561,-0.0938215102974829,0.0289104063905158,False,-0.0149253731343283,0.3822581878304069,0.3560346050443863,0.3181202083881459,0.2721742558440506,0.0,0.6,0.0285670572154213,0.8,low_profile_open,"low overlap, stable importance, concentrated signal, S1 improves over S0",0.2013238663022727,0.035820895522388,0.0220297052659713,0.4635761589403973,0.4799450549450549,0.6111317276954651,-0.0059701492537313,-0.0149253731343283,full,True,True,False,,-0.0149253731343283,True,True,True,True,False,False,True,True,True,False,True,6.0,1,high
full_summarystats_task0_task2,seagate_kqi,time-series-2,summary_stats,0,45,S3_HYBRID,ig_clean,0.5,0.75,0.75,conditional_mixed,ig_clean/mode=conditional_mixed/ratio=0.5/keep=0.75,0.2168578585560597,0.1155606407322654,0.0298507462686567,0.1627763579960739,0.1726907630522088,0.02,0.9411764705882352,0.5946326247410554,S1/random_under_20to1,0.2053837427153089,0.1945080091533181,0.044776119402985,0.1530717165592872,0.28714859437751,0.0114741158407508,-0.0789473684210527,0.0097046414367867,False,-0.0149253731343283,0.3758881612542689,0.3429368649361815,0.3181202083881459,0.2721742558440506,0.0,0.4,-0.0168133505525602,0.6,low_profile_open,"low overlap, stable importance, concentrated signal, S1 improves over S0",0.2013238663022727,0.035820895522388,0.0220297052659713,0.4635761589403973,0.4799450549450549,0.6111317276954651,-0.0059701492537313,-0.0149253731343283,full,True,True,False,,-0.0149253731343283,True,True,True,True,False,False,False,True,True,False,True,5.0,1,medium
full_summarystats_task0_task2,seagate_kqi,time-series-2,summary_stats,0,45,S3_HYBRID,s1_plus_ig,1.0,0.25,0.25,positive_only,s1_plus_ig/mode=positive_only/ratio=1.0/keep=0.25,0.1866316504974358,0.1407322654462242,0.0149253731343283,0.1491059505740015,0.2178714859437751,0.02,0.7954545454545454,0.4040848570843813,S1/random_under_20to1,0.2053837427153089,0.1945080091533181,0.044776119402985,0.1530717165592872,0.28714859437751,-0.0187520922178731,-0.0537757437070939,-0.0039657659852856,True,-0.0298507462686567,0.3656810157765596,0.3075087868879281,0.3181202083881459,0.2721742558440506,0.0,0.2,-0.0159516280230924,0.8,low_profile_open,"low overlap, stable importance, concentrated signal, S1 improves over S0",0.2013238663022727,0.035820895522388,0.0220297052659713,0.4635761589403973,0.4799450549450549,0.6111317276954651,-0.0208955223880597,-0.0298507462686567,full,False,False,False,,-0.0298507462686567,False,False,True,True,False,False,False,True,True,True,True,4.0,0,medium
full_summarystats_task0_task2,seagate_kqi,time-series-2,summary_stats,2,45,S3_HYBRID,ig_clean,0.5,0.25,0.25,positive_only,ig_clean/mode=positive_only/ratio=0.5/keep=0.25,0.1087751695967891,0.0001699813020567,0.1542553191489361,0.0416683099915973,0.0,0.0608695652173913,0.9997738579828132,0.0523883514852174,S1/smote,0.0597384567127714,0.0023797382287948,0.0904255319148936,0.0334910754909121,0.0022136953955135,0.0490367128840176,-0.0022097569267381,0.0081772345006852,False,0.0638297872340424,0.1823947347437021,0.0,0.1224661390134997,0.0391931124343203,0.0521739130434782,1.0,0.0471748673413158,1.0,blocked_profile,"weak baseline signal, unstable importance, or extreme class overlap",0.0295084640255766,0.0319148936170212,0.0056438684426514,0.8980747451868629,0.3417313079077784,0.5111117362976074,0.1223404255319148,0.0638297872340424,full,True,True,False,,0.0638297872340424,True,True,True,True,True,True,True,True,True,True,False,9.5,0,very_high
full_summarystats_task0_task2,seagate_kqi,time-series-2,summary_stats,2,45,S3_HYBRID,s1_plus_ig,1.0,0.75,0.75,positive_only,s1_plus_ig/mode=positive_only/ratio=1.0/keep=0.75,0.1055697804614817,0.0004249532551419,0.1329787234042553,0.0421878969896388,0.0079693034238488,0.0521739130434782,0.9999873422528258,0.0647575068419525,S1/smote,0.0597384567127714,0.0023797382287948,0.0904255319148936,0.0334910754909121,0.0022136953955135,0.0458313237487103,-0.0019547849736529,0.0086968214987267,False,0.0425531914893616,0.1725994737148402,0.0609516421142254,0.1224661390134997,0.0391931124343203,0.0521739130434782,1.0,0.0248119700679706,1.0,blocked_profile,"weak baseline signal, unstable importance, or extreme class overlap",0.0295084640255766,0.0319148936170212,0.0056438684426514,0.8980747451868629,0.3417313079077784,0.5111117362976074,0.101063829787234,0.0425531914893616,full,True,True,False,,0.0425531914893616,True,True,True,True,True,True,True,True,True,True,False,9.5,0,very_high
full_summarystats_task0_task2,seagate_kqi,time-series-2,summary_stats,2,45,S3_HYBRID,ig_smote,1.0,0.25,0.25,positive_only,ig_smote/mode=positive_only/ratio=1.0/keep=0.25,0.0815360614806895,0.0005099439061703,0.0797872340425532,0.0370580058094156,0.0008854781582054,0.017391304347826,0.9998869353835717,0.0456700844556252,S1/smote,0.0597384567127714,0.0023797382287948,0.0904255319148936,0.0334910754909121,0.0022136953955135,0.021797604767918,-0.0018697943226245,0.0035669303185035,False,-0.0106382978723404,0.1529408222219271,0.0314070306498796,0.1224661390134997,0.0391931124343203,0.0521739130434782,1.0,0.021797604767918,1.0,blocked_profile,"weak baseline signal, unstable importance, or extreme class overlap",0.0295084640255766,0.0319148936170212,0.0056438684426514,0.8980747451868629,0.3417313079077784,0.5111117362976074,0.047872340425532,-0.0106382978723404,full,True,False,False,,-0.0106382978723404,True,True,True,True,False,False,True,True,True,True,False,7.0,0,high
full_summarystats_task0_task2,seagate_kqi,time-series-2,summary_stats,0,46,S3_HYBRID,s1_plus_ig,0.5,0.25,0.25,positive_only,s1_plus_ig/mode=positive_only/ratio=0.5/keep=0.25,0.2062629374792332,0.1361556064073226,0.0149253731343283,0.1529904817198142,0.2128514056224899,0.02,0.5909090909090909,0.4012462474670747,S1/random_under_20to1,0.2235463524787712,0.1704805491990846,0.044776119402985,0.1616441699501166,0.2459839357429719,-0.017283414999538,-0.0343249427917619,-0.0086536882303024,True,-0.0298507462686567,0.3814130772083979,0.3215587647135712,0.4059147385527935,0.3024949105775982,0.02,0.2,-0.0159516280230924,0.8,low_profile_open,"low overlap, stable importance, concentrated signal, S1 improves over S0",0.2013238663022727,0.035820895522388,0.0220297052659713,0.4635761589403973,0.4799450549450549,0.6111317276954651,-0.0208955223880597,-0.0298507462686567,full,False,False,True,,-0.0298507462686567,False,False,True,True,False,False,False,True,True,True,True,4.0,0,medium
full_summarystats_task0_task2,seagate_kqi,time-series-2,summary_stats,0,46,S3_HYBRID,ig_smote,0.5,0.75,0.75,positive_only,ig_smote/mode=positive_only/ratio=0.5/keep=0.75,0.2038053488483338,0.1453089244851258,0.0,0.1508620785574224,0.2419678714859438,0.0,0.9857142857142858,0.2549996868312327,S1/random_under_20to1,0.2235463524787712,0.1704805491990846,0.044776119402985,0.1616441699501166,0.2459839357429719,-0.0197410036304374,-0.0251716247139587,-0.0107820913926942,True,-0.044776119402985,0.3593304132421234,0.2964756761786493,0.4059147385527935,0.3024949105775982,0.02,0.6,0.0285670572154213,0.8,low_profile_open,"low overlap, stable importance, concentrated signal, S1 improves over S0",0.2013238663022727,0.035820895522388,0.0220297052659713,0.4635761589403973,0.4799450549450549,0.6111317276954651,-0.035820895522388,-0.044776119402985,full,False,False,True,,-0.044776119402985,False,False,True,True,False,False,True,True,True,True,True,5.0,0,medium
full_summarystats_task0_task2,seagate_kqi,time-series-2,summary_stats,0,46,S3_HYBRID,ig_clean,1.0,0.75,0.75,conditional_mixed,ig_clean/mode=conditional_mixed/ratio=1.0/keep=0.75,0.1818160535971681,0.2745995423340961,0.0149253731343283,0.1460207890263362,0.2570281124497992,0.02,0.9803921568627452,0.3005898867516268,S1/random_under_20to1,0.2235463524787712,0.1704805491990846,0.044776119402985,0.1616441699501166,0.2459839357429719,-0.041730298881603,0.1041189931350115,-0.0156233809237804,True,-0.0298507462686567,0.3505688645097514,0.303001844352337,0.4059147385527935,0.3024949105775982,0.02,0.4,-0.0168133505525602,0.6,low_profile_open,"low overlap, stable importance, concentrated signal, S1 improves over S0",0.2013238663022727,0.035820895522388,0.0220297052659713,0.4635761589403973,0.4799450549450549,0.6111317276954651,-0.0208955223880597,-0.0298507462686567,full,False,False,True,,-0.0298507462686567,False,False,False,False,False,False,False,True,True,False,True,-1.0,3,very_low
full_summarystats_task0_task2,seagate_kqi,time-series-2,summary_stats,2,46,S3_HYBRID,ig_smote,0.5,0.75,0.75,positive_only,ig_smote/mode=positive_only/ratio=0.5/keep=0.75,0.0539933541841783,0.0121536630970593,0.1117021276595744,0.0331350466580597,0.0103305785123966,0.0608695652173913,1.0,0.0577384421860315,S1/smote,0.0340916933280484,0.3670746217916029,0.0319148936170212,0.0310327302123356,0.0289256198347107,0.0199016608561298,-0.3549209586945436,0.0021023164457241,False,0.0797872340425532,0.1433170672202986,0.0615907825061322,0.0780381561158065,0.0628343963968708,0.0260869565217391,1.0,0.021797604767918,1.0,blocked_profile,"weak baseline signal, unstable importance, or extreme class overlap",0.0295084640255766,0.0319148936170212,0.0056438684426514,0.8980747451868629,0.3417313079077784,0.5111117362976074,0.0797872340425532,0.0797872340425532,full,True,False,False,,0.0797872340425532,True,True,True,True,True,True,True,True,True,True,False,9.5,0,very_high
full_summarystats_task0_task2,seagate_kqi,time-series-2,summary_stats,2,46,S3_HYBRID,ig_clean,0.5,0.25,0.25,positive_only,ig_clean/mode=positive_only/ratio=0.5/keep=0.25,0.048256442518889,0.0434302226755057,0.0904255319148936,0.0343185885601688,0.0450118063754427,0.0782608695652174,0.9997738579828132,0.0189494833016497,S1/smote,0.0340916933280484,0.3670746217916029,0.0319148936170212,0.0310327302123356,0.0289256198347107,0.0141647491908405,-0.3236443991160972,0.0032858583478331,False,0.0585106382978724,0.1096593019664874,0.0415385551866993,0.0780381561158065,0.0628343963968708,0.0260869565217391,1.0,0.0471748673413158,1.0,blocked_profile,"weak baseline signal, unstable importance, or extreme class overlap",0.0295084640255766,0.0319148936170212,0.0056438684426514,0.8980747451868629,0.3417313079077784,0.5111117362976074,0.0585106382978724,0.0585106382978724,full,True,False,False,,0.0585106382978724,True,True,True,True,True,True,True,True,False,True,False,7.5,0,very_high
full_summarystats_task0_task2,seagate_kqi,time-series-2,summary_stats,2,46,S3_HYBRID,s1_plus_ig,0.5,0.25,0.25,positive_only,s1_plus_ig/mode=positive_only/ratio=0.5/keep=0.25,0.0421327609098342,0.0674825769165391,0.0372340425531914,0.0298132579705381,0.0497343565525383,0.0260869565217391,1.0,0.0239738084384897,S1/smote,0.0340916933280484,0.3670746217916029,0.0319148936170212,0.0310327302123356,0.0289256198347107,0.0080410675817857,-0.2995920448750638,-0.0012194722417974,True,0.0053191489361702,0.0862537518639277,0.041952174585534,0.0780381561158065,0.0628343963968708,0.0260869565217391,1.0,0.0248119700679706,1.0,blocked_profile,"weak baseline signal, unstable importance, or extreme class overlap",0.0295084640255766,0.0319148936170212,0.0056438684426514,0.8980747451868629,0.3417313079077784,0.5111117362976074,0.0053191489361702,0.0053191489361702,full,False,False,False,,0.0053191489361702,True,True,True,True,True,False,True,True,False,True,False,6.5,0,high
full_summarystats_task3_task6_validation,seagate_kqi,time-series-2,summary_stats,3,42,S3_HYBRID,ig_clean,1.0,0.75,0.75,positive_only,ig_clean/mode=positive_only/ratio=1.0/keep=0.75,0.1538057659151037,0.0120932277924362,0.1648351648351648,0.1281454813378365,0.0097857709600634,0.0925925925925925,0.9947145877378436,0.082369940712814,S1/random_under_10to1,0.1668188399572782,0.0074758135444151,0.2197802197802197,0.1435831296530943,0.0055540862205765,-0.0130130740421745,0.004617414248021,-0.0154376483152578,True,-0.0549450549450548,0.2595653496377395,0.1612931067847645,0.2744880121252978,0.1460766951292356,0.0833333333333333,0.4,-0.0003268474042386,0.6,cautious_profile,not low-risk enough and not a task10-like opportunity profile,0.159927129220961,0.2087912087912087,0.0336526933288829,0.7806788511749347,0.3574175824175824,0.6984987854957581,-0.0439560439560438,-0.0549450549450548,full,False,False,True,,-0.0549450549450548,False,False,False,True,False,False,False,True,True,True,True,3.0,1,low
full_summarystats_task3_task6_validation,seagate_kqi,time-series-2,summary_stats,3,42,S3_HYBRID,ig_smote,0.5,0.75,0.75,conditional_mixed,ig_smote/mode=conditional_mixed/ratio=0.5/keep=0.75,0.1519818219664388,0.0109938434476693,0.2197802197802197,0.1315833780728423,0.0148108965882041,0.0925925925925925,0.999866345896819,,S1/random_under_10to1,0.1668188399572782,0.0074758135444151,0.2197802197802197,0.1435831296530943,0.0055540862205765,-0.0148370179908393,0.0035180299032542,-0.011999751580252,True,0.0,0.2588916110382779,0.0989506173742449,0.2744880121252978,0.1460766951292356,0.0833333333333333,0.2,-0.0148370179908393,0.6,cautious_profile,not low-risk enough and not a task10-like opportunity profile,0.159927129220961,0.2087912087912087,0.0336526933288829,0.7806788511749347,0.3574175824175824,0.6984987854957581,0.010989010989011,0.0,full,False,False,True,,0.0,False,False,False,True,True,False,False,True,False,False,False,-0.5,2,very_low
full_summarystats_task3_task6_validation,seagate_kqi,time-series-2,summary_stats,3,42,S3_HYBRID,s1_plus_ig,1.0,0.75,0.75,conditional_mixed,s1_plus_ig/mode=conditional_mixed/ratio=1.0/keep=0.75,0.1471469975377367,0.0070360598065083,0.2197802197802197,0.1243291228137945,0.0066120074054482,0.0555555555555555,0.999866345896819,,S1/random_under_10to1,0.1668188399572782,0.0074758135444151,0.2197802197802197,0.1435831296530943,0.0055540862205765,-0.0196718424195415,-0.0004397537379068,-0.0192540068392998,True,0.0,0.2683235299246219,0.0904375332384265,0.2744880121252978,0.1460766951292356,0.0833333333333333,0.0,-0.0196718424195415,0.6,cautious_profile,not low-risk enough and not a task10-like opportunity profile,0.159927129220961,0.2087912087912087,0.0336526933288829,0.7806788511749347,0.3574175824175824,0.6984987854957581,0.010989010989011,0.0,full,False,False,True,,0.0,False,False,True,True,True,False,False,True,False,False,False,0.5,2,low
full_summarystats_task3_task6_validation,seagate_kqi,time-series-2,summary_stats,6,42,S3_HYBRID,ig_smote,0.5,0.25,0.25,conditional_mixed,ig_smote/mode=conditional_mixed/ratio=0.5/keep=0.25,0.1936125301064247,0.0594865372573575,0.1401869158878504,0.1207315503699038,0.0889463000553607,0.0753768844221105,1.0,,S1/random_under_20to1,0.184380362639742,0.0571383844708829,0.1261682242990654,0.1153869731030703,0.071230854401181,0.0092321674666827,0.0023481527864746,0.0053445772668334,False,0.0140186915887849,0.2457003257632475,0.1691720557978828,0.2236988537344258,0.1866617752520762,0.0703517587939698,0.8,0.0092321674666827,0.0,cautious_profile,not low-risk enough and not a task10-like opportunity profile,0.1682356787942021,0.1246105919003114,0.0100946857621724,0.7716814159292036,0.4014652014652015,0.5592544078826904,0.0155763239875389,0.0140186915887849,full,True,True,False,,0.0140186915887849,True,True,False,True,True,False,True,False,False,False,False,2.5,2,low
full_summarystats_task3_task6_validation,seagate_kqi,time-series-2,summary_stats,6,42,S3_HYBRID,ig_clean,1.0,0.75,0.75,conditional_mixed,ig_clean/mode=conditional_mixed/ratio=1.0/keep=0.75,0.1834958656875377,0.0522855353788353,0.1214953271028037,0.10534583477802,0.1681121978224764,0.0552763819095477,1.0,,S1/random_under_20to1,0.184380362639742,0.0571383844708829,0.1261682242990654,0.1153869731030703,0.071230854401181,-0.0008844969522043,-0.0048528490920476,-0.0100411383250503,True,-0.0046728971962617,0.2317340111734853,0.1325063263800271,0.2236988537344258,0.1866617752520762,0.0703517587939698,0.2,-0.0087680633612561,0.2,cautious_profile,not low-risk enough and not a task10-like opportunity profile,0.1682356787942021,0.1246105919003114,0.0100946857621724,0.7716814159292036,0.4014652014652015,0.5592544078826904,-0.0031152647975077,-0.0046728971962617,full,False,False,True,,-0.0046728971962617,False,False,True,True,False,False,False,False,False,False,False,-2.0,2,very_low
full_summarystats_task3_task6_validation,seagate_kqi,time-series-2,summary_stats,6,42,S3_HYBRID,s1_plus_ig,1.0,0.75,0.75,positive_only,s1_plus_ig/mode=positive_only/ratio=1.0/keep=0.75,0.175945821713074,0.0189417658108954,0.1214953271028037,0.102341660371213,0.109060712308544,0.0452261306532663,1.0,0.0467171399957057,S1/random_under_20to1,0.184380362639742,0.0571383844708829,0.1261682242990654,0.1153869731030703,0.071230854401181,-0.008434540926668,-0.0381966186599875,-0.0130453127318573,True,-0.0046728971962617,0.2348408270426168,0.1224190417209409,0.2236988537344258,0.1866617752520762,0.0703517587939698,0.4,-0.0031140901259174,0.4,cautious_profile,not low-risk enough and not a task10-like opportunity profile,0.1682356787942021,0.1246105919003114,0.0100946857621724,0.7716814159292036,0.4014652014652015,0.5592544078826904,-0.0031152647975077,-0.0046728971962617,full,False,False,True,,-0.0046728971962617,False,False,True,True,False,False,False,False,True,True,False,2.0,0,low
full_summarystats_task3_task6_validation,seagate_kqi,time-series-2,summary_stats,3,43,S3_HYBRID,ig_clean,1.0,0.75,0.75,conditional_mixed,ig_clean/mode=conditional_mixed/ratio=1.0/keep=0.75,0.1710156170168388,0.0090149516270888,0.2527472527472527,0.1486144945026555,0.0063475271092303,0.0555555555555555,0.9904862579281184,0.0239467416487293,S1/random_under_10to1,0.1713424644210774,0.0074758135444151,0.2197802197802197,0.1081409408457232,0.0068764877016662,-0.0003268474042386,0.0015391380826736,0.0404735536569322,False,0.0329670329670329,0.2897733734501922,0.0924172762799301,0.2744880121252978,0.103790041423759,0.0648148148148148,0.4,-0.0003268474042386,0.6,cautious_profile,not low-risk enough and not a task10-like opportunity profile,0.159927129220961,0.2087912087912087,0.0336526933288829,0.7806788511749347,0.3574175824175824,0.6984987854957581,0.0439560439560439,0.0329670329670329,full,True,True,False,,0.0329670329670329,False,False,False,True,True,True,False,True,False,False,True,1.5,1,low
full_summarystats_task3_task6_validation,seagate_kqi,time-series-2,summary_stats,3,43,S3_HYBRID,ig_smote,1.0,0.75,0.75,conditional_mixed,ig_smote/mode=conditional_mixed/ratio=1.0/keep=0.75,0.1468150868001046,0.0,0.1648351648351648,0.1135432246730928,0.0,0.0833333333333333,0.9981288425554664,,S1/random_under_10to1,0.1713424644210774,0.0074758135444151,0.2197802197802197,0.1081409408457232,0.0068764877016662,-0.0245273776209727,-0.0074758135444151,0.0054022838273695,False,-0.0549450549450548,0.207679991942674,0.0,0.2744880121252978,0.103790041423759,0.0648148148148148,0.2,-0.0148370179908393,0.6,cautious_profile,not low-risk enough and not a task10-like opportunity profile,0.159927129220961,0.2087912087912087,0.0336526933288829,0.7806788511749347,0.3574175824175824,0.6984987854957581,-0.0439560439560438,-0.0549450549450548,full,True,True,False,,-0.0549450549450548,False,False,True,True,False,False,False,True,False,False,True,0.0,3,very_low
full_summarystats_task3_task6_validation,seagate_kqi,time-series-2,summary_stats,3,43,S3_HYBRID,s1_plus_ig,0.5,0.75,0.75,positive_only,s1_plus_ig/mode=positive_only/ratio=0.5/keep=0.75,0.1418204532984196,0.0081354441512752,0.1868131868131868,0.1449533184612398,0.0248611478444855,0.0833333333333333,1.0,0.0698071320582901,S1/random_under_10to1,0.1713424644210774,0.0074758135444151,0.2197802197802197,0.1081409408457232,0.0068764877016662,-0.0295220111226577,0.00065963060686,0.0368123776155165,False,-0.0329670329670329,0.2310121549706786,0.1809378518292952,0.2744880121252978,0.103790041423759,0.0648148148148148,0.0,-0.0196718424195415,0.6,cautious_profile,not low-risk enough and not a task10-like opportunity profile,0.159927129220961,0.2087912087912087,0.0336526933288829,0.7806788511749347,0.3574175824175824,0.6984987854957581,-0.0219780219780219,-0.0329670329670329,full,True,True,False,,-0.0329670329670329,False,False,False,True,False,False,False,True,True,True,False,2.0,0,low
full_summarystats_task3_task6_validation,seagate_kqi,time-series-2,summary_stats,6,43,S3_HYBRID,ig_clean,0.5,0.75,0.75,positive_only,ig_clean/mode=positive_only/ratio=0.5/keep=0.75,0.1713970007425481,0.0940826549780839,0.1121495327102803,0.1034250671789205,0.1815833179553423,0.0452261306532663,1.0,,S1/smote,0.1858698670164787,0.0375704445835942,0.1495327102803738,0.0981456668984005,0.0424432552131389,-0.0144728662739306,0.0565122103944896,0.00527940028052,False,-0.0373831775700934,0.2247258280044098,0.1480261789263724,0.2423880727422078,0.1037583237440455,0.050251256281407,0.2,-0.0087680633612561,0.2,cautious_profile,not low-risk enough and not a task10-like opportunity profile,0.1682356787942021,0.1246105919003114,0.0100946857621724,0.7716814159292036,0.4014652014652015,0.5592544078826904,-0.012461059190031,-0.0373831775700934,full,True,True,False,,-0.0373831775700934,False,False,False,False,False,False,False,False,False,True,False,-3.0,2,very_low
full_summarystats_task3_task6_validation,seagate_kqi,time-series-2,summary_stats,6,43,S3_HYBRID,s1_plus_ig,1.0,0.75,0.75,positive_only,s1_plus_ig/mode=positive_only/ratio=1.0/keep=0.75,0.1700941679986684,0.0568252974326862,0.116822429906542,0.1096399865183113,0.0924524820077505,0.0351758793969849,1.0,,S1/smote,0.1858698670164787,0.0375704445835942,0.1495327102803738,0.0981456668984005,0.0424432552131389,-0.0157756990178103,0.019254852849092,0.0114943196199108,False,-0.0327102803738317,0.2487764366328837,0.1850020757500968,0.2423880727422078,0.1037583237440455,0.050251256281407,0.4,-0.0031140901259174,0.4,cautious_profile,not low-risk enough and not a task10-like opportunity profile,0.1682356787942021,0.1246105919003114,0.0100946857621724,0.7716814159292036,0.4014652014652015,0.5592544078826904,-0.0077881619937694,-0.0327102803738317,full,True,True,False,,-0.0327102803738317,False,False,False,False,False,False,False,False,False,True,False,-3.0,1,very_low
full_summarystats_task3_task6_validation,seagate_kqi,time-series-2,summary_stats,6,43,S3_HYBRID,ig_smote,0.5,0.75,0.75,conditional_mixed,ig_smote/mode=conditional_mixed/ratio=0.5/keep=0.75,0.166730930368518,0.0443018159048215,0.1074766355140186,0.0904709327680512,0.0715999261856431,0.050251256281407,1.0,0.0368064954445182,S1/smote,0.1858698670164787,0.0375704445835942,0.1495327102803738,0.0981456668984005,0.0424432552131389,-0.0191389366479607,0.0067313713212272,-0.0076747341303493,True,-0.0420560747663551,0.2226269043869176,0.130515234418893,0.2423880727422078,0.1037583237440455,0.050251256281407,0.8,0.0092321674666827,0.0,cautious_profile,not low-risk enough and not a task10-like opportunity profile,0.1682356787942021,0.1246105919003114,0.0100946857621724,0.7716814159292036,0.4014652014652015,0.5592544078826904,-0.0171339563862927,-0.0420560747663551,full,False,False,True,,-0.0420560747663551,False,False,False,False,False,False,True,False,False,False,False,-4.0,1,very_low
full_summarystats_task3_task6_validation,seagate_kqi,time-series-2,summary_stats,3,44,S3_HYBRID,ig_clean,0.5,0.25,0.25,conditional_mixed,ig_clean/mode=conditional_mixed/ratio=0.5/keep=0.25,0.1448206439688985,0.0024186455584872,0.1648351648351648,0.0683917670380816,0.0015868817773075,0.037037037037037,0.9952380952380953,0.0196162966156499,S1/random_under_10to1,0.1392630910449154,0.0026385224274406,0.1868131868131868,0.1601144113043507,0.0013224014810896,0.005557552923983,-0.0002198768689534,-0.0917226442662691,True,-0.0219780219780219,0.2391184667973869,0.0614040962705441,0.2334536805399447,0.1221305524774689,0.0648148148148148,0.4,-0.0003268474042386,0.6,cautious_profile,not low-risk enough and not a task10-like opportunity profile,0.159927129220961,0.2087912087912087,0.0336526933288829,0.7806788511749347,0.3574175824175824,0.6984987854957581,-0.0439560439560438,-0.0219780219780219,full,False,False,True,,-0.0219780219780219,True,True,True,True,False,False,False,True,False,False,True,3.0,1,low
full_summarystats_task3_task6_validation,seagate_kqi,time-series-2,summary_stats,3,44,S3_HYBRID,ig_smote,1.0,0.25,0.25,conditional_mixed,ig_smote/mode=conditional_mixed/ratio=1.0/keep=0.25,0.1359233796850388,0.0083553210202286,0.2197802197802197,0.0915615235069865,0.0105792118487172,0.0555555555555555,1.0,0.0447695245179531,S1/random_under_10to1,0.1392630910449154,0.0026385224274406,0.1868131868131868,0.1601144113043507,0.0013224014810896,-0.0033397113598766,0.005716798592788,-0.0685528877973642,True,0.0329670329670329,0.2523140518597859,0.0815590352625509,0.2334536805399447,0.1221305524774689,0.0648148148148148,0.2,-0.0148370179908393,0.6,cautious_profile,not low-risk enough and not a task10-like opportunity profile,0.159927129220961,0.2087912087912087,0.0336526933288829,0.7806788511749347,0.3574175824175824,0.6984987854957581,0.010989010989011,0.0329670329670329,full,False,False,True,,0.0329670329670329,False,False,False,False,True,True,False,True,True,False,False,0.5,1,low
full_summarystats_task3_task6_validation,seagate_kqi,time-series-2,summary_stats,3,44,S3_HYBRID,s1_plus_ig,1.0,0.75,0.75,positive_only,s1_plus_ig/mode=positive_only/ratio=1.0/keep=0.75,0.1337216844935001,0.015391380826737,0.1538461538461538,0.1702142493595574,0.0089923300714096,0.074074074074074,1.0,0.0608803146080755,S1/random_under_10to1,0.1392630910449154,0.0026385224274406,0.1868131868131868,0.1601144113043507,0.0013224014810896,-0.0055414065514153,0.0127528583992964,0.0100998380552067,False,-0.0329670329670329,0.225157999754688,0.1034638560503122,0.2334536805399447,0.1221305524774689,0.0648148148148148,0.0,-0.0196718424195415,0.6,cautious_profile,not low-risk enough and not a task10-like opportunity profile,0.159927129220961,0.2087912087912087,0.0336526933288829,0.7806788511749347,0.3574175824175824,0.6984987854957581,-0.0549450549450548,-0.0329670329670329,full,True,True,False,,-0.0329670329670329,False,False,False,False,False,False,False,True,True,True,False,0.0,0,very_low
full_summarystats_task3_task6_validation,seagate_kqi,time-series-2,summary_stats,6,44,S3_HYBRID,ig_smote,0.5,0.25,0.25,conditional_mixed,ig_smote/mode=conditional_mixed/ratio=0.5/keep=0.25,0.1946307735728286,0.0198810269254852,0.1214953271028037,0.1009960234056685,0.0435504705665251,0.0603015075376884,1.0,,S1/smote,0.1943275109939625,0.0092360676268002,0.1682242990654205,0.1069547157350472,0.0090422587193209,0.000303262578866,0.0106449592986849,-0.0059586923293786,True,-0.0467289719626168,0.2343691091220701,0.1141566367706963,0.2364297444118712,0.0574714578151131,0.0402010050251256,0.8,0.0092321674666827,0.0,cautious_profile,not low-risk enough and not a task10-like opportunity profile,0.1682356787942021,0.1246105919003114,0.0100946857621724,0.7716814159292036,0.4014652014652015,0.5592544078826904,-0.0031152647975077,-0.0467289719626168,full,False,False,True,,-0.0467289719626168,True,False,False,False,False,False,True,False,False,False,False,-2.0,2,very_low
full_summarystats_task3_task6_validation,seagate_kqi,time-series-2,summary_stats,6,44,S3_HYBRID,s1_plus_ig,0.5,0.25,0.25,positive_only,s1_plus_ig/mode=positive_only/ratio=0.5/keep=0.25,0.1912134208680451,0.0400751408891671,0.1214953271028037,0.0950856691521831,0.0736298210001845,0.0402010050251256,1.0,0.0607922920405369,S1/smote,0.1943275109939625,0.0092360676268002,0.1682242990654205,0.1069547157350472,0.0090422587193209,-0.0031140901259174,0.0308390732623669,-0.011869046582864,True,-0.0467289719626168,0.2450118672420041,0.1210785855226786,0.2364297444118712,0.0574714578151131,0.0402010050251256,0.4,-0.0031140901259174,0.4,cautious_profile,not low-risk enough and not a task10-like opportunity profile,0.1682356787942021,0.1246105919003114,0.0100946857621724,0.7716814159292036,0.4014652014652015,0.5592544078826904,-0.0031152647975077,-0.0467289719626168,full,False,False,True,,-0.0467289719626168,False,False,False,False,False,False,False,False,True,True,False,-1.0,1,very_low
full_summarystats_task3_task6_validation,seagate_kqi,time-series-2,summary_stats,6,44,S3_HYBRID,ig_clean,1.0,0.25,0.25,positive_only,ig_clean/mode=positive_only/ratio=1.0/keep=0.25,0.1729972281306186,0.0472761427676894,0.1214953271028037,0.1193754705869198,0.0786122900904225,0.0854271356783919,0.999755859375,0.0463767803309067,S1/smote,0.1943275109939625,0.0092360676268002,0.1682242990654205,0.1069547157350472,0.0090422587193209,-0.0213302828633439,0.0380400751408891,0.0124207548518726,False,-0.0467289719626168,0.2573833480565227,0.1996109476697561,0.2364297444118712,0.0574714578151131,0.0402010050251256,0.2,-0.0087680633612561,0.2,cautious_profile,not low-risk enough and not a task10-like opportunity profile,0.1682356787942021,0.1246105919003114,0.0100946857621724,0.7716814159292036,0.4014652014652015,0.5592544078826904,-0.0031152647975077,-0.0467289719626168,full,True,True,False,,-0.0467289719626168,False,False,False,False,False,False,False,False,True,True,False,-1.0,1,very_low
full_summarystats_task3_task6_validation,seagate_kqi,time-series-2,summary_stats,3,45,S3_HYBRID,ig_clean,0.5,0.75,0.75,positive_only,ig_clean/mode=positive_only/ratio=0.5/keep=0.75,0.1718612740254125,0.0107739665787159,0.2857142857142857,0.1487970490535219,0.0124305739222427,0.0833333333333333,1.0,0.0785288405902056,S1/random_under_10to1,0.1501055972688306,0.0202286719437115,0.1758241758241758,0.136219070375811,0.0145464162919862,0.0217556767565819,-0.0094547053649956,0.0125779786777109,False,0.1098901098901098,0.3123615724591948,0.097794612635014,0.2338372308370166,0.0888413920666479,0.0833333333333333,0.4,-0.0003268474042386,0.6,cautious_profile,not low-risk enough and not a task10-like opportunity profile,0.159927129220961,0.2087912087912087,0.0336526933288829,0.7806788511749347,0.3574175824175824,0.6984987854957581,0.076923076923077,0.1098901098901098,full,True,True,False,,0.1098901098901098,True,True,True,True,True,True,False,True,True,True,False,8.5,0,very_high
full_summarystats_task3_task6_validation,seagate_kqi,time-series-2,summary_stats,3,45,S3_HYBRID,ig_smote,0.5,0.75,0.75,positive_only,ig_smote/mode=positive_only/ratio=0.5/keep=0.75,0.160769530704403,0.0065963060686015,0.2417582417582417,0.1346360202582891,0.0060830468130124,0.1111111111111111,1.0,0.0761571336798217,S1/random_under_10to1,0.1501055972688306,0.0202286719437115,0.1758241758241758,0.136219070375811,0.0145464162919862,0.0106639334355723,-0.01363236587511,-0.0015830501175218,True,0.0659340659340659,0.2981379695730128,0.0944901414371297,0.2338372308370166,0.0888413920666479,0.0833333333333333,0.2,-0.0148370179908393,0.6,cautious_profile,not low-risk enough and not a task10-like opportunity profile,0.159927129220961,0.2087912087912087,0.0336526933288829,0.7806788511749347,0.3574175824175824,0.6984987854957581,0.032967032967033,0.0659340659340659,full,False,False,False,,0.0659340659340659,True,True,True,True,True,True,False,True,True,True,False,8.5,0,very_high
full_summarystats_task3_task6_validation,seagate_kqi,time-series-2,summary_stats,3,45,S3_HYBRID,s1_plus_ig,0.5,0.75,0.75,positive_only,s1_plus_ig/mode=positive_only/ratio=0.5/keep=0.75,0.1383789589968612,0.0156112576956904,0.1428571428571428,0.1347339622407143,0.0174556995503834,0.0833333333333333,1.0,0.0786485539210021,S1/random_under_10to1,0.1501055972688306,0.0202286719437115,0.1758241758241758,0.136219070375811,0.0145464162919862,-0.0117266382719694,-0.0046174142480211,-0.0014851081350966,True,-0.032967032967033,0.2041689620845293,0.1397209850056561,0.2338372308370166,0.0888413920666479,0.0833333333333333,0.0,-0.0196718424195415,0.6,cautious_profile,not low-risk enough and not a task10-like opportunity profile,0.159927129220961,0.2087912087912087,0.0336526933288829,0.7806788511749347,0.3574175824175824,0.6984987854957581,-0.0659340659340659,-0.032967032967033,full,False,False,False,,-0.032967032967033,False,False,True,True,False,False,False,True,True,True,False,3.0,0,low
full_summarystats_task3_task6_validation,seagate_kqi,time-series-2,summary_stats,6,45,S3_HYBRID,s1_plus_ig,1.0,0.75,0.75,conditional_mixed,s1_plus_ig/mode=conditional_mixed/ratio=1.0/keep=0.75,0.1922115243090711,0.0361615529117094,0.1308411214953271,0.1063561339415388,0.0597896290828566,0.0653266331658291,1.0,,S1/smote,0.178318855651963,0.0195679398872886,0.1542056074766355,0.1328935865000733,0.023989665990035,0.013892668657108,0.0165936130244208,-0.0265374525585345,True,-0.0233644859813084,0.228989147480359,0.095085964669035,0.2493983080196722,0.1146998376924408,0.0452261306532663,0.4,-0.0031140901259174,0.4,cautious_profile,not low-risk enough and not a task10-like opportunity profile,0.1682356787942021,0.1246105919003114,0.0100946857621724,0.7716814159292036,0.4014652014652015,0.5592544078826904,0.0062305295950156,-0.0233644859813084,full,False,False,True,,-0.0233644859813084,True,True,False,False,False,False,False,False,False,False,False,-2.0,2,very_low
full_summarystats_task3_task6_validation,seagate_kqi,time-series-2,summary_stats,6,45,S3_HYBRID,ig_smote,1.0,0.25,0.25,positive_only,ig_smote/mode=positive_only/ratio=1.0/keep=0.25,0.1906256384847306,0.0372573575453976,0.1542056074766355,0.1016556699072455,0.0627422033585532,0.0603015075376884,1.0,0.0722619886189665,S1/smote,0.178318855651963,0.0195679398872886,0.1542056074766355,0.1328935865000733,0.023989665990035,0.0123067828327675,0.017689417658109,-0.0312379165928277,True,0.0,0.229122113907885,0.1405854692274714,0.2493983080196722,0.1146998376924408,0.0452261306532663,0.8,0.0092321674666827,0.0,cautious_profile,not low-risk enough and not a task10-like opportunity profile,0.1682356787942021,0.1246105919003114,0.0100946857621724,0.7716814159292036,0.4014652014652015,0.5592544078826904,0.0295950155763241,0.0,full,False,False,True,,0.0,True,True,False,False,True,False,True,False,True,True,False,4.5,0,medium
full_summarystats_task3_task6_validation,seagate_kqi,time-series-2,summary_stats,6,45,S3_HYBRID,ig_clean,1.0,0.25,0.25,conditional_mixed,ig_clean/mode=conditional_mixed/ratio=1.0/keep=0.25,0.1816657645744671,0.0768628678772698,0.1214953271028037,0.0994918970088338,0.1219782247647167,0.0804020100502512,0.9990234375,0.0456170464212771,S1/smote,0.178318855651963,0.0195679398872886,0.1542056074766355,0.1328935865000733,0.023989665990035,0.003346908922504,0.0572949279899812,-0.0334016894912394,True,-0.0327102803738318,0.2503174985019191,0.1529706187754792,0.2493983080196722,0.1146998376924408,0.0452261306532663,0.2,-0.0087680633612561,0.2,cautious_profile,not low-risk enough and not a task10-like opportunity profile,0.1682356787942021,0.1246105919003114,0.0100946857621724,0.7716814159292036,0.4014652014652015,0.5592544078826904,-0.0031152647975077,-0.0327102803738318,full,False,False,True,,-0.0327102803738318,True,False,False,False,False,False,False,False,True,False,False,-1.0,2,very_low
full_summarystats_task3_task6_validation,seagate_kqi,time-series-2,summary_stats,3,46,S3_HYBRID,ig_smote,1.0,0.75,0.75,conditional_mixed,ig_smote/mode=conditional_mixed/ratio=1.0/keep=0.75,0.148495495741876,0.0074758135444151,0.2087912087912088,0.0890691600714581,0.0087278497751917,0.074074074074074,0.999732691793638,,S1/random_under_10to1,0.1704354694692693,0.0127528583992963,0.2857142857142857,0.1905936955676416,0.0327955567310235,-0.0219399737273932,-0.0052770448548811,-0.1015245354961835,True,-0.0769230769230769,0.2626956929002122,0.1051299010171317,0.322167963858707,0.2759943493059967,0.2129629629629629,0.2,-0.0148370179908393,0.6,cautious_profile,not low-risk enough and not a task10-like opportunity profile,0.159927129220961,0.2087912087912087,0.0336526933288829,0.7806788511749347,0.3574175824175824,0.6984987854957581,1.1102230246251563e-16,-0.0769230769230769,full,False,False,True,,-0.0769230769230769,False,False,True,True,False,False,False,True,False,False,False,-1.0,3,very_low
full_summarystats_task3_task6_validation,seagate_kqi,time-series-2,summary_stats,3,46,S3_HYBRID,ig_clean,0.5,0.75,0.75,conditional_mixed,ig_clean/mode=conditional_mixed/ratio=0.5/keep=0.75,0.1465256143118493,0.0070360598065083,0.2197802197802197,0.0956405745504502,0.0034382438508331,0.0555555555555555,0.9984143763213532,0.0714500171770277,S1/random_under_10to1,0.1704354694692693,0.0127528583992963,0.2857142857142857,0.1905936955676416,0.0327955567310235,-0.02390985515742,-0.005716798592788,-0.0949531210171914,True,-0.065934065934066,0.2802350992364205,0.1228188253526624,0.322167963858707,0.2759943493059967,0.2129629629629629,0.4,-0.0003268474042386,0.6,cautious_profile,not low-risk enough and not a task10-like opportunity profile,0.159927129220961,0.2087912087912087,0.0336526933288829,0.7806788511749347,0.3574175824175824,0.6984987854957581,0.010989010989011,-0.065934065934066,full,False,False,True,,-0.065934065934066,False,False,True,True,False,False,False,True,True,False,True,2.0,2,low
full_summarystats_task3_task6_validation,seagate_kqi,time-series-2,summary_stats,3,46,S3_HYBRID,s1_plus_ig,0.5,0.75,0.75,conditional_mixed,s1_plus_ig/mode=conditional_mixed/ratio=0.5/keep=0.75,0.1331794598899317,0.0105540897097625,0.1758241758241758,0.0898396194351278,0.0079344088865379,0.074074074074074,0.999732691793638,,S1/random_under_10to1,0.1704354694692693,0.0127528583992963,0.2857142857142857,0.1905936955676416,0.0327955567310235,-0.0372560095793375,-0.0021987686895338,-0.1007540761325138,True,-0.1098901098901098,0.2304227681045194,0.1104838121780101,0.322167963858707,0.2759943493059967,0.2129629629629629,0.0,-0.0196718424195415,0.6,cautious_profile,not low-risk enough and not a task10-like opportunity profile,0.159927129220961,0.2087912087912087,0.0336526933288829,0.7806788511749347,0.3574175824175824,0.6984987854957581,-0.0329670329670328,-0.1098901098901098,full,False,False,True,,-0.1098901098901098,False,False,True,True,False,False,False,True,False,False,False,-1.0,4,very_low
full_summarystats_task3_task6_validation,seagate_kqi,time-series-2,summary_stats,6,46,S3_HYBRID,ig_smote,1.0,0.25,0.25,conditional_mixed,ig_smote/mode=conditional_mixed/ratio=1.0/keep=0.25,0.1906671071990948,0.0655917345021916,0.1308411214953271,0.1061436722368616,0.033400996493818,0.0603015075376884,0.9999384842519684,,S1/smote,0.1749060006716185,0.0500939261114589,0.1214953271028037,0.1230158880995989,0.0612659162207049,0.0157611065274763,0.0154978083907327,-0.0168722158627373,True,0.0093457943925233,0.2327778117632104,0.1048007536669048,0.2371270529347579,0.1880028923176148,0.0402010050251256,0.8,0.0092321674666827,0.0,cautious_profile,not low-risk enough and not a task10-like opportunity profile,0.1682356787942021,0.1246105919003114,0.0100946857621724,0.7716814159292036,0.4014652014652015,0.5592544078826904,0.0062305295950156,0.0093457943925233,full,False,False,True,,0.0093457943925233,True,True,False,False,True,False,True,False,False,False,False,0.5,2,low
full_summarystats_task3_task6_validation,seagate_kqi,time-series-2,summary_stats,6,46,S3_HYBRID,s1_plus_ig,1.0,0.25,0.25,conditional_mixed,s1_plus_ig/mode=conditional_mixed/ratio=1.0/keep=0.25,0.1832464509531105,0.0145585472761427,0.1355140186915887,0.0891301830843244,0.0289721350802731,0.0150753768844221,0.9999384842519684,,S1/smote,0.1749060006716185,0.0500939261114589,0.1214953271028037,0.1230158880995989,0.0612659162207049,0.008340450281492,-0.0355353788353162,-0.0338857050152745,True,0.0140186915887849,0.2323764419596973,0.0497903871171063,0.2371270529347579,0.1880028923176148,0.0402010050251256,0.4,-0.0031140901259174,0.4,cautious_profile,not low-risk enough and not a task10-like opportunity profile,0.1682356787942021,0.1246105919003114,0.0100946857621724,0.7716814159292036,0.4014652014652015,0.5592544078826904,0.0109034267912772,0.0140186915887849,full,False,False,True,,0.0140186915887849,True,True,True,True,True,False,False,False,False,False,False,2.5,2,low
full_summarystats_task3_task6_validation,seagate_kqi,time-series-2,summary_stats,6,46,S3_HYBRID,ig_clean,0.5,0.75,0.75,conditional_mixed,ig_clean/mode=conditional_mixed/ratio=0.5/keep=0.75,0.1661379373103624,0.0594865372573575,0.0981308411214953,0.0929352490798435,0.1112751430153164,0.0351758793969849,1.0,,S1/smote,0.1749060006716185,0.0500939261114589,0.1214953271028037,0.1230158880995989,0.0612659162207049,-0.0087680633612561,0.0093926111458986,-0.0300806390197553,True,-0.0233644859813084,0.2277222536231645,0.1644482900705935,0.2371270529347579,0.1880028923176148,0.0402010050251256,0.2,-0.0087680633612561,0.2,cautious_profile,not low-risk enough and not a task10-like opportunity profile,0.1682356787942021,0.1246105919003114,0.0100946857621724,0.7716814159292036,0.4014652014652015,0.5592544078826904,-0.0264797507788161,-0.0233644859813084,full,False,False,True,,-0.0233644859813084,False,False,False,False,False,False,False,False,False,False,False,-5.0,2,very_low
full_summarystats_task1_v8_validation,seagate_kqi,time-series-2,summary_stats,1,42,S3_HYBRID,ig_clean,0.5,0.25,0.25,positive_only,ig_clean/mode=positive_only/ratio=0.5/keep=0.25,0.2271215730673062,0.0288695652173913,0.1710526315789473,0.1420812964504376,0.0353514831369362,0.1061946902654867,0.975206611570248,0.0619505292455629,S1/smote,0.1845527962841527,0.008695652173913,0.2105263157894736,0.1627699274902551,0.0056887444128403,0.0425687767831535,0.0201739130434783,-0.0206886310398174,True,-0.0394736842105263,0.3019978640668413,0.1703625837696644,0.2731331704854433,0.1914709299630036,0.0973451327433628,0.4,-0.0090891225907322,0.4,cautious_profile,not low-risk enough and not a task10-like opportunity profile,0.1814252445223225,0.1552631578947367,0.0146760299841192,0.7345890410958904,0.3026323349852762,0.5888000726699829,0.0157894736842106,-0.0394736842105263,full,False,False,True,,-0.0394736842105263,True,True,False,False,False,False,False,False,True,True,True,3.0,1,low
full_summarystats_task1_v8_validation,seagate_kqi,time-series-2,summary_stats,1,42,S3_HYBRID,s1_plus_ig,0.5,0.25,0.25,positive_only,s1_plus_ig/mode=positive_only/ratio=0.5/keep=0.25,0.2185149908193604,0.0118260869565217,0.1842105263157894,0.1476828384392028,0.0195042665583096,0.1327433628318584,0.9989669421487604,0.0866043890891646,S1/smote,0.1845527962841527,0.008695652173913,0.2105263157894736,0.1627699274902551,0.0056887444128403,0.0339621945352077,0.0031304347826086,-0.0150870890510523,True,-0.0263157894736841,0.2970311852326775,0.1912530391082701,0.2731331704854433,0.1914709299630036,0.0973451327433628,0.8,0.0087074305928155,0.6,cautious_profile,not low-risk enough and not a task10-like opportunity profile,0.1814252445223225,0.1552631578947367,0.0146760299841192,0.7345890410958904,0.3026323349852762,0.5888000726699829,0.0289473684210527,-0.0263157894736841,full,False,False,True,,-0.0263157894736841,True,True,False,True,False,False,True,True,True,True,True,7.0,0,high
full_summarystats_task1_v8_validation,seagate_kqi,time-series-2,summary_stats,1,42,S3_HYBRID,ig_smote,1.0,0.25,0.25,positive_only,ig_smote/mode=positive_only/ratio=1.0/keep=0.25,0.1949813137128548,0.0215652173913043,0.1710526315789473,0.1407981105928149,0.0377895164567249,0.0973451327433628,0.9989669421487604,0.0872742367953447,S1/smote,0.1845527962841527,0.008695652173913,0.2105263157894736,0.1627699274902551,0.0056887444128403,0.0104285174287021,0.0128695652173912,-0.0219718168974401,True,-0.0394736842105263,0.2985080209469822,0.1636927463039299,0.2731331704854433,0.1914709299630036,0.0973451327433628,0.4,-0.0020503431683022,0.6,cautious_profile,not low-risk enough and not a task10-like opportunity profile,0.1814252445223225,0.1552631578947367,0.0146760299841192,0.7345890410958904,0.3026323349852762,0.5888000726699829,0.0157894736842106,-0.0394736842105263,full,False,False,True,,-0.0394736842105263,True,True,False,False,False,False,False,True,True,True,True,4.0,0,medium
full_summarystats_task1_v8_validation,seagate_kqi,time-series-2,summary_stats,1,43,S3_HYBRID,s1_plus_ig,0.5,0.25,0.25,positive_only,s1_plus_ig/mode=positive_only/ratio=0.5/keep=0.25,0.2021575201407794,0.0132173913043478,0.1842105263157894,0.1597570545719371,0.0731409995936611,0.1238938053097345,1.0,0.0797578066364119,S1/random_under_20to1,0.1988667268487943,0.0605217391304347,0.1710526315789473,0.1516970873730797,0.0804550995530272,0.003290793291985,-0.0473043478260869,0.0080599671988574,False,0.0131578947368421,0.3100546359540869,0.2358113227938061,0.2770565605978841,0.1816205538908857,0.1150442477876106,0.8,0.0087074305928155,0.6,cautious_profile,not low-risk enough and not a task10-like opportunity profile,0.1814252445223225,0.1552631578947367,0.0146760299841192,0.7345890410958904,0.3026323349852762,0.5888000726699829,0.0289473684210527,0.0131578947368421,full,True,True,False,,0.0131578947368421,True,False,True,True,True,False,True,True,True,True,False,7.5,0,very_high
full_summarystats_task1_v8_validation,seagate_kqi,time-series-2,summary_stats,1,43,S3_HYBRID,ig_smote,0.5,0.25,0.25,conditional_mixed,ig_smote/mode=conditional_mixed/ratio=0.5/keep=0.25,0.1924873209966844,0.0257391304347826,0.1710526315789473,0.1591418543070042,0.0365704997968305,0.1238938053097345,1.0,0.0634383740140664,S1/random_under_20to1,0.1988667268487943,0.0605217391304347,0.1710526315789473,0.1516970873730797,0.0804550995530272,-0.0063794058521099,-0.0347826086956521,0.0074447669339245,False,0.0,0.3364908813871748,0.1831300105460477,0.2770565605978841,0.1816205538908857,0.1150442477876106,0.4,-0.0020503431683022,0.6,cautious_profile,not low-risk enough and not a task10-like opportunity profile,0.1814252445223225,0.1552631578947367,0.0146760299841192,0.7345890410958904,0.3026323349852762,0.5888000726699829,0.0157894736842106,0.0,full,True,True,False,,0.0,False,False,True,True,True,False,False,True,True,False,False,2.5,1,low
full_summarystats_task1_v8_validation,seagate_kqi,time-series-2,summary_stats,1,43,S3_HYBRID,ig_clean,1.0,0.75,0.75,conditional_mixed,ig_clean/mode=conditional_mixed/ratio=1.0/keep=0.75,0.1897776042580621,0.0233043478260869,0.1973684210526315,0.1404224399178223,0.0312880942706217,0.1150442477876106,1.0,0.0507174926556448,S1/random_under_20to1,0.1988667268487943,0.0605217391304347,0.1710526315789473,0.1516970873730797,0.0804550995530272,-0.0090891225907322,-0.0372173913043478,-0.0112746474552573,True,0.0263157894736842,0.3097068403815316,0.15675262398692,0.2770565605978841,0.1816205538908857,0.1150442477876106,0.4,-0.0090891225907322,0.4,cautious_profile,not low-risk enough and not a task10-like opportunity profile,0.1814252445223225,0.1552631578947367,0.0146760299841192,0.7345890410958904,0.3026323349852762,0.5888000726699829,0.0421052631578948,0.0263157894736842,full,False,False,True,,0.0263157894736842,False,False,True,True,True,True,False,False,True,False,False,2.5,1,low
full_summarystats_task1_v8_validation,seagate_kqi,time-series-2,summary_stats,1,44,S3_HYBRID,s1_plus_ig,1.0,0.25,0.25,conditional_mixed,s1_plus_ig/mode=conditional_mixed/ratio=1.0/keep=0.25,0.2196367013047561,0.016695652173913,0.2236842105263158,0.1598466234292931,0.0195042665583096,0.1238938053097345,0.996900826446281,0.0763153092256443,S1/random_under_10to1,0.1728573298920619,0.1036521739130434,0.1578947368421052,0.1686360519933825,0.0097521332791548,0.0467793714126942,-0.0869565217391304,-0.0087894285640894,True,0.0657894736842105,0.3296630751926341,0.1606362236546961,0.2599306512788106,0.1812298705995495,0.0973451327433628,0.8,0.0087074305928155,0.6,cautious_profile,not low-risk enough and not a task10-like opportunity profile,0.1814252445223225,0.1552631578947367,0.0146760299841192,0.7345890410958904,0.3026323349852762,0.5888000726699829,0.0684210526315791,0.0657894736842105,full,False,False,True,,0.0657894736842105,True,True,True,True,True,True,True,True,True,False,True,8.5,1,very_high
full_summarystats_task1_v8_validation,seagate_kqi,time-series-2,summary_stats,1,44,S3_HYBRID,ig_smote,0.5,0.75,0.75,positive_only,ig_smote/mode=positive_only/ratio=0.5/keep=0.75,0.2101492655351621,0.032695652173913,0.1842105263157894,0.1469731458240656,0.0446972775294595,0.0973451327433628,1.0,0.1316142897797057,S1/random_under_10to1,0.1728573298920619,0.1036521739130434,0.1578947368421052,0.1686360519933825,0.0097521332791548,0.0372919356431002,-0.0709565217391304,-0.0216629061693169,True,0.0263157894736842,0.2671243830443376,0.1772749550308608,0.2599306512788106,0.1812298705995495,0.0973451327433628,0.4,-0.0020503431683022,0.6,cautious_profile,not low-risk enough and not a task10-like opportunity profile,0.1814252445223225,0.1552631578947367,0.0146760299841192,0.7345890410958904,0.3026323349852762,0.5888000726699829,0.0289473684210527,0.0263157894736842,full,False,False,True,,0.0263157894736842,True,True,True,True,True,True,False,True,True,True,False,8.5,0,very_high
full_summarystats_task1_v8_validation,seagate_kqi,time-series-2,summary_stats,1,44,S3_HYBRID,ig_clean,0.5,0.25,0.25,positive_only,ig_clean/mode=positive_only/ratio=0.5/keep=0.25,0.1868548890124693,0.0594782608695652,0.1578947368421052,0.1266365293893533,0.0597318163348232,0.1150442477876106,0.93801652892562,0.0606974791066008,S1/random_under_10to1,0.1728573298920619,0.1036521739130434,0.1578947368421052,0.1686360519933825,0.0097521332791548,0.0139975591204073,-0.0441739130434782,-0.0419995226040292,True,0.0,0.2795186816581793,0.1732927437036122,0.2599306512788106,0.1812298705995495,0.0973451327433628,0.4,-0.0090891225907322,0.4,cautious_profile,not low-risk enough and not a task10-like opportunity profile,0.1814252445223225,0.1552631578947367,0.0146760299841192,0.7345890410958904,0.3026323349852762,0.5888000726699829,0.0026315789473685,0.0,full,False,False,True,,0.0,True,True,True,True,True,False,False,False,True,True,True,7.5,0,very_high
full_summarystats_task1_v8_validation,seagate_kqi,time-series-2,summary_stats,1,45,S3_HYBRID,ig_smote,1.0,0.75,0.75,conditional_mixed,ig_smote/mode=conditional_mixed/ratio=1.0/keep=0.75,0.1914628529487783,0.016,0.1973684210526315,0.1343323421264801,0.0174725721251523,0.079646017699115,1.0,0.0713334961256675,S0/none,0.1935131961170806,0.0347826086956521,0.1973684210526315,0.1698371244702431,0.0597318163348232,-0.0020503431683022,-0.018782608695652,-0.035504782343763,True,0.0,0.3234980046982301,0.1370240865771008,0.2594426572329513,0.1530550274212982,0.1150442477876106,0.4,-0.0020503431683022,0.6,cautious_profile,not low-risk enough and not a task10-like opportunity profile,0.1814252445223225,0.1552631578947367,0.0146760299841192,0.7345890410958904,0.3026323349852762,0.5888000726699829,0.0421052631578948,0.0,full,False,False,True,,0.0,False,False,True,True,True,False,False,True,True,False,False,2.5,1,low
full_summarystats_task1_v8_validation,seagate_kqi,time-series-2,summary_stats,1,45,S3_HYBRID,s1_plus_ig,1.0,0.75,0.75,positive_only,s1_plus_ig/mode=positive_only/ratio=1.0/keep=0.75,0.1824218005476733,0.0351304347826086,0.1578947368421052,0.1412456768692526,0.0471353108492482,0.0619469026548672,1.0,0.0883570132615718,S0/none,0.1935131961170806,0.0347826086956521,0.1973684210526315,0.1698371244702431,0.0597318163348232,-0.0110913955694073,0.0003478260869565,-0.0285914476009905,True,-0.0394736842105263,0.3036267011939843,0.1933972390550125,0.2594426572329513,0.1530550274212982,0.1150442477876106,0.8,0.0087074305928155,0.6,cautious_profile,not low-risk enough and not a task10-like opportunity profile,0.1814252445223225,0.1552631578947367,0.0146760299841192,0.7345890410958904,0.3026323349852762,0.5888000726699829,0.0026315789473685,-0.0394736842105263,full,False,False,True,,-0.0394736842105263,False,False,False,True,False,False,True,True,True,True,False,3.0,0,low
full_summarystats_task1_v8_validation,seagate_kqi,time-series-2,summary_stats,1,45,S3_HYBRID,ig_clean,1.0,0.25,0.25,conditional_mixed,ig_clean/mode=conditional_mixed/ratio=1.0/keep=0.25,0.180438941079265,0.0417391304347826,0.1842105263157894,0.1516371262625821,0.0869565217391304,0.1061946902654867,0.9772727272727272,0.0677522832504768,S0/none,0.1935131961170806,0.0347826086956521,0.1973684210526315,0.1698371244702431,0.0597318163348232,-0.0130742550378155,0.0069565217391305,-0.0181999982076609,True,-0.013157894736842,0.2803910585006332,0.1891853227487615,0.2594426572329513,0.1530550274212982,0.1150442477876106,0.4,-0.0090891225907322,0.4,cautious_profile,not low-risk enough and not a task10-like opportunity profile,0.1814252445223225,0.1552631578947367,0.0146760299841192,0.7345890410958904,0.3026323349852762,0.5888000726699829,0.0289473684210527,-0.013157894736842,full,False,False,True,,-0.013157894736842,False,False,False,False,False,False,False,False,True,False,True,-2.0,1,very_low
full_summarystats_task1_v8_validation,seagate_kqi,time-series-2,summary_stats,1,46,S3_HYBRID,s1_plus_ig,1.0,0.75,0.75,conditional_mixed,s1_plus_ig/mode=conditional_mixed/ratio=1.0/keep=0.75,0.218521449974432,0.0048695652173913,0.1842105263157894,0.1374931629089889,0.0056887444128403,0.0884955752212389,0.9996530187369882,0.0434521411461693,S1/random_over,0.2098140193816165,0.0100869565217391,0.2105263157894736,0.1425523156465405,0.0089394555058919,0.0087074305928155,-0.0052173913043478,-0.0050591527375516,True,-0.0263157894736841,0.2764661232149156,0.144902477844178,0.3004245671910373,0.2130925588221676,0.1238938053097345,0.8,0.0087074305928155,0.6,cautious_profile,not low-risk enough and not a task10-like opportunity profile,0.1814252445223225,0.1552631578947367,0.0146760299841192,0.7345890410958904,0.3026323349852762,0.5888000726699829,0.0289473684210527,-0.0263157894736841,full,False,False,True,,-0.0263157894736841,True,True,True,True,False,False,True,True,True,False,False,5.0,1,medium
full_summarystats_task1_v8_validation,seagate_kqi,time-series-2,summary_stats,1,46,S3_HYBRID,ig_smote,0.5,0.75,0.75,conditional_mixed,ig_smote/mode=conditional_mixed/ratio=0.5/keep=0.75,0.1979808131846393,0.0608695652173913,0.1710526315789473,0.1481205769690348,0.0190979276716781,0.1061946902654867,0.9996530187369882,0.0456085521365798,S1/random_over,0.2098140193816165,0.0100869565217391,0.2105263157894736,0.1425523156465405,0.0089394555058919,-0.0118332061969771,0.0507826086956522,0.0055682613224943,False,-0.0394736842105263,0.2836729700708879,0.1302762021425701,0.3004245671910373,0.2130925588221676,0.1238938053097345,0.4,-0.0020503431683022,0.6,cautious_profile,not low-risk enough and not a task10-like opportunity profile,0.1814252445223225,0.1552631578947367,0.0146760299841192,0.7345890410958904,0.3026323349852762,0.5888000726699829,0.0157894736842106,-0.0394736842105263,full,True,True,False,,-0.0394736842105263,False,False,False,False,False,False,False,True,True,False,False,-2.0,2,very_low
full_summarystats_task1_v8_validation,seagate_kqi,time-series-2,summary_stats,1,46,S3_HYBRID,ig_clean,1.0,0.75,0.75,positive_only,ig_clean/mode=positive_only/ratio=1.0/keep=0.75,0.1830273585706263,0.0577391304347826,0.1578947368421052,0.1417294038604729,0.0930516050386022,0.1238938053097345,0.997245179063361,0.0911097537753669,S1/random_over,0.2098140193816165,0.0100869565217391,0.2105263157894736,0.1425523156465405,0.0089394555058919,-0.0267866608109902,0.0476521739130435,-0.0008229117860676,True,-0.0526315789473683,0.2609147658885009,0.21379787768024,0.3004245671910373,0.2130925588221676,0.1238938053097345,0.4,-0.0090891225907322,0.4,cautious_profile,not low-risk enough and not a task10-like opportunity profile,0.1814252445223225,0.1552631578947367,0.0146760299841192,0.7345890410958904,0.3026323349852762,0.5888000726699829,0.0026315789473685,-0.0526315789473683,full,False,False,False,,-0.0526315789473683,False,False,False,False,False,False,False,False,True,True,True,0.0,2,very_low
