task_id,seed,classifier,method,ratio,s3_ig_keep_rate,ddpm_train_mode,candidate_key,val_PR_AUC,val_FPR,val_MCC,val_Recall_at_FPR010,test_PR_AUC,real_vs_synth_auc,tstr_pr_auc,safe_baseline_method,safe_baseline_val_PR_AUC,safe_baseline_val_FPR,safe_baseline_val_MCC,safe_baseline_val_Recall_at_FPR010,safe_baseline_test_PR_AUC,safe_baseline_test_FPR,safe_baseline_test_MCC,safe_baseline_test_Recall_at_FPR010,val_gain,val_fpr_excess,val_recall_fpr010_gain,delta_vs_safe_baseline_test
0,42,lgbm,s1_plus_ig,0.25,0.25,positive_only,s1_plus_ig/mode=positive_only/ratio=0.25/keep=0.25,0.1900687993188554,0.1167048054919908,0.3740100047762711,0.0149253731343283,0.146328023723835,0.9603024574669188,0.2178746222293201,S1/random_over,0.2061617979711835,0.1727688787185354,0.3598425230818751,0.044776119402985,0.1534216806624743,0.251004016064257,0.3076987303495937,0.02,-0.016092998652328105,-0.05606407322654461,-0.029850746268656702,-0.007093656938639309
0,42,lgbm,s1_plus_ig,0.5,0.25,positive_only,s1_plus_ig/mode=positive_only/ratio=0.5/keep=0.25,0.1955314058269738,0.131578947368421,0.3974164278468404,0.0298507462686567,0.1482257081464925,0.9603024574669188,0.2178746222293201,S1/random_over,0.2061617979711835,0.1727688787185354,0.3598425230818751,0.044776119402985,0.1534216806624743,0.251004016064257,0.3076987303495937,0.02,-0.010630392144209716,-0.04118993135011442,-0.014925373134328304,-0.005195972515981806
0,42,lgbm,s1_plus_ig,0.75,0.25,positive_only,s1_plus_ig/mode=positive_only/ratio=0.75/keep=0.25,0.186944830479428,0.1132723112128146,0.3988452120243658,0.0149253731343283,0.1323241401320889,0.9603024574669188,0.2178746222293201,S1/random_over,0.2061617979711835,0.1727688787185354,0.3598425230818751,0.044776119402985,0.1534216806624743,0.251004016064257,0.3076987303495937,0.02,-0.0192169674917555,-0.05949656750572081,-0.029850746268656702,-0.0210975405303854
0,42,lgbm,s1_plus_ig,1.0,0.25,positive_only,s1_plus_ig/mode=positive_only/ratio=1.0/keep=0.25,0.1964121299376302,0.1247139588100686,0.3801678752229711,0.0298507462686567,0.1392164494769912,0.9603024574669188,0.2178746222293201,S1/random_over,0.2061617979711835,0.1727688787185354,0.3598425230818751,0.044776119402985,0.1534216806624743,0.251004016064257,0.3076987303495937,0.02,-0.009749668033553316,-0.04805491990846682,-0.014925373134328304,-0.014205231185483114
0,42,lgbm,s1_plus_ig,1.5,0.25,positive_only,s1_plus_ig/mode=positive_only/ratio=1.5/keep=0.25,0.1914650430503616,0.1247139588100686,0.4081217402172502,0.0149253731343283,0.1340765000416598,0.9603024574669188,0.2178746222293201,S1/random_over,0.2061617979711835,0.1727688787185354,0.3598425230818751,0.044776119402985,0.1534216806624743,0.251004016064257,0.3076987303495937,0.02,-0.014696754920821897,-0.04805491990846682,-0.029850746268656702,-0.0193451806208145
0,42,lgbm,s1_plus_ig,2.0,0.25,positive_only,s1_plus_ig/mode=positive_only/ratio=2.0/keep=0.25,0.1941285395221393,0.1064073226544622,0.4108889286319,0.0149253731343283,0.1319979431398362,0.9603024574669188,0.2178746222293201,S1/random_over,0.2061617979711835,0.1727688787185354,0.3598425230818751,0.044776119402985,0.1534216806624743,0.251004016064257,0.3076987303495937,0.02,-0.01203325844904421,-0.06636155606407321,-0.029850746268656702,-0.021423737522638098
0,42,lgbm,s1_plus_ig,0.25,0.5,positive_only,s1_plus_ig/mode=positive_only/ratio=0.25/keep=0.5,0.1900687993188554,0.1167048054919908,0.3740100047762711,0.0149253731343283,0.146328023723835,0.9927536231884058,0.2576844866252016,S1/random_over,0.2061617979711835,0.1727688787185354,0.3598425230818751,0.044776119402985,0.1534216806624743,0.251004016064257,0.3076987303495937,0.02,-0.016092998652328105,-0.05606407322654461,-0.029850746268656702,-0.007093656938639309
0,42,lgbm,s1_plus_ig,0.5,0.5,positive_only,s1_plus_ig/mode=positive_only/ratio=0.5/keep=0.5,0.1856020659276671,0.1567505720823798,0.35320520886426,0.0298507462686567,0.1500486472958124,0.9927536231884058,0.2576844866252016,S1/random_over,0.2061617979711835,0.1727688787185354,0.3598425230818751,0.044776119402985,0.1534216806624743,0.251004016064257,0.3076987303495937,0.02,-0.02055973204351641,-0.01601830663615561,-0.014925373134328304,-0.003373033366661893
0,42,lgbm,s1_plus_ig,0.75,0.5,positive_only,s1_plus_ig/mode=positive_only/ratio=0.75/keep=0.5,0.1820296438964779,0.1784897025171624,0.3357133474522276,0.0298507462686567,0.1224528894973883,0.9927536231884058,0.2576844866252016,S1/random_over,0.2061617979711835,0.1727688787185354,0.3598425230818751,0.044776119402985,0.1534216806624743,0.251004016064257,0.3076987303495937,0.02,-0.024132154074705592,0.005720823798626984,-0.014925373134328304,-0.030968791165085996
0,42,lgbm,s1_plus_ig,1.0,0.5,positive_only,s1_plus_ig/mode=positive_only/ratio=1.0/keep=0.5,0.1939333138461826,0.1350114416475972,0.3460604796414823,0.044776119402985,0.1489097247515167,0.9927536231884058,0.2576844866252016,S1/random_over,0.2061617979711835,0.1727688787185354,0.3598425230818751,0.044776119402985,0.1534216806624743,0.251004016064257,0.3076987303495937,0.02,-0.01222848412500091,-0.037757437070938205,0.0,-0.004511955910957599
0,42,lgbm,s1_plus_ig,1.5,0.5,positive_only,s1_plus_ig/mode=positive_only/ratio=1.5/keep=0.5,0.1972076161908262,0.2116704805491991,0.3677264253081596,0.0298507462686567,0.141106692605527,0.9927536231884058,0.2576844866252016,S1/random_over,0.2061617979711835,0.1727688787185354,0.3598425230818751,0.044776119402985,0.1534216806624743,0.251004016064257,0.3076987303495937,0.02,-0.008954181780357312,0.038901601830663685,-0.014925373134328304,-0.012314988056947307
0,42,lgbm,s1_plus_ig,2.0,0.5,positive_only,s1_plus_ig/mode=positive_only/ratio=2.0/keep=0.5,0.2009171458950542,0.1121281464530892,0.4008061116329178,0.0149253731343283,0.1402489576942746,0.9927536231884058,0.2576844866252016,S1/random_over,0.2061617979711835,0.1727688787185354,0.3598425230818751,0.044776119402985,0.1534216806624743,0.251004016064257,0.3076987303495937,0.02,-0.005244652076129314,-0.06064073226544621,-0.029850746268656702,-0.013172722968199713
0,42,lgbm,s1_plus_ig,0.25,0.75,positive_only,s1_plus_ig/mode=positive_only/ratio=0.25/keep=0.75,0.1900687993188554,0.1167048054919908,0.3740100047762711,0.0149253731343283,0.146328023723835,0.9932367149758454,0.2397184818191053,S1/random_over,0.2061617979711835,0.1727688787185354,0.3598425230818751,0.044776119402985,0.1534216806624743,0.251004016064257,0.3076987303495937,0.02,-0.016092998652328105,-0.05606407322654461,-0.029850746268656702,-0.007093656938639309
0,42,lgbm,s1_plus_ig,0.5,0.75,positive_only,s1_plus_ig/mode=positive_only/ratio=0.5/keep=0.75,0.1856020659276671,0.1567505720823798,0.35320520886426,0.0298507462686567,0.1500486472958124,0.9932367149758454,0.2397184818191053,S1/random_over,0.2061617979711835,0.1727688787185354,0.3598425230818751,0.044776119402985,0.1534216806624743,0.251004016064257,0.3076987303495937,0.02,-0.02055973204351641,-0.01601830663615561,-0.014925373134328304,-0.003373033366661893
0,42,lgbm,s1_plus_ig,0.75,0.75,positive_only,s1_plus_ig/mode=positive_only/ratio=0.75/keep=0.75,0.2019413118438041,0.1075514874141876,0.3798008287908946,0.044776119402985,0.1403663460386147,0.9932367149758454,0.2397184818191053,S1/random_over,0.2061617979711835,0.1727688787185354,0.3598425230818751,0.044776119402985,0.1534216806624743,0.251004016064257,0.3076987303495937,0.02,-0.004220486127379408,-0.06521739130434781,0.0,-0.013055334623859605
0,42,lgbm,s1_plus_ig,1.0,0.75,positive_only,s1_plus_ig/mode=positive_only/ratio=1.0/keep=0.75,0.1964449424691491,0.1075514874141876,0.3798008287908946,0.0149253731343283,0.1534110347980233,0.9932367149758454,0.2397184818191053,S1/random_over,0.2061617979711835,0.1727688787185354,0.3598425230818751,0.044776119402985,0.1534216806624743,0.251004016064257,0.3076987303495937,0.02,-0.00971685550203441,-0.06521739130434781,-0.029850746268656702,-1.0645864451014342e-05
0,42,lgbm,s1_plus_ig,1.5,0.75,positive_only,s1_plus_ig/mode=positive_only/ratio=1.5/keep=0.75,0.2051801804735121,0.120137299771167,0.3874434292073025,0.0,0.13009149421306,0.9932367149758454,0.2397184818191053,S1/random_over,0.2061617979711835,0.1727688787185354,0.3598425230818751,0.044776119402985,0.1534216806624743,0.251004016064257,0.3076987303495937,0.02,-0.0009816174976713943,-0.05263157894736842,-0.044776119402985,-0.023330186449414314
0,42,lgbm,s1_plus_ig,2.0,0.75,positive_only,s1_plus_ig/mode=positive_only/ratio=2.0/keep=0.75,0.222797474103389,0.1098398169336384,0.404782593607777,0.044776119402985,0.1336910857556543,0.9932367149758454,0.2397184818191053,S1/random_over,0.2061617979711835,0.1727688787185354,0.3598425230818751,0.044776119402985,0.1534216806624743,0.251004016064257,0.3076987303495937,0.02,0.016635676132205485,-0.06292906178489702,0.0,-0.019730594906819998
0,42,lgbm,s1_plus_ig,0.25,1.0,positive_only,s1_plus_ig/mode=positive_only/ratio=0.25/keep=1.0,0.1900687993188554,0.1167048054919908,0.3740100047762711,0.0149253731343283,0.146328023723835,0.9985507246376812,0.2642149104421918,S1/random_over,0.2061617979711835,0.1727688787185354,0.3598425230818751,0.044776119402985,0.1534216806624743,0.251004016064257,0.3076987303495937,0.02,-0.016092998652328105,-0.05606407322654461,-0.029850746268656702,-0.007093656938639309
0,42,lgbm,s1_plus_ig,0.5,1.0,positive_only,s1_plus_ig/mode=positive_only/ratio=0.5/keep=1.0,0.1856020659276671,0.1567505720823798,0.35320520886426,0.0298507462686567,0.1500486472958124,0.9985507246376812,0.2642149104421918,S1/random_over,0.2061617979711835,0.1727688787185354,0.3598425230818751,0.044776119402985,0.1534216806624743,0.251004016064257,0.3076987303495937,0.02,-0.02055973204351641,-0.01601830663615561,-0.014925373134328304,-0.003373033366661893
0,42,lgbm,s1_plus_ig,0.75,1.0,positive_only,s1_plus_ig/mode=positive_only/ratio=0.75/keep=1.0,0.2019413118438041,0.1075514874141876,0.3798008287908946,0.044776119402985,0.1403663460386147,0.9985507246376812,0.2642149104421918,S1/random_over,0.2061617979711835,0.1727688787185354,0.3598425230818751,0.044776119402985,0.1534216806624743,0.251004016064257,0.3076987303495937,0.02,-0.004220486127379408,-0.06521739130434781,0.0,-0.013055334623859605
0,42,lgbm,s1_plus_ig,1.0,1.0,positive_only,s1_plus_ig/mode=positive_only/ratio=1.0/keep=1.0,0.1964449424691491,0.1075514874141876,0.3798008287908946,0.0149253731343283,0.1534110347980233,0.9985507246376812,0.2642149104421918,S1/random_over,0.2061617979711835,0.1727688787185354,0.3598425230818751,0.044776119402985,0.1534216806624743,0.251004016064257,0.3076987303495937,0.02,-0.00971685550203441,-0.06521739130434781,-0.029850746268656702,-1.0645864451014342e-05
0,42,lgbm,s1_plus_ig,1.5,1.0,positive_only,s1_plus_ig/mode=positive_only/ratio=1.5/keep=1.0,0.1957087560345975,0.1155606407322654,0.3662719994018188,0.0149253731343283,0.1377209700669021,0.9985507246376812,0.2642149104421918,S1/random_over,0.2061617979711835,0.1727688787185354,0.3598425230818751,0.044776119402985,0.1534216806624743,0.251004016064257,0.3076987303495937,0.02,-0.010453041936586,-0.05720823798627002,-0.029850746268656702,-0.01570071059557221
0,42,lgbm,s1_plus_ig,2.0,1.0,positive_only,s1_plus_ig/mode=positive_only/ratio=2.0/keep=1.0,0.2092872048025996,0.1018306636155606,0.3900346785043908,0.0149253731343283,0.1366244599086201,0.9985507246376812,0.2642149104421918,S1/random_over,0.2061617979711835,0.1727688787185354,0.3598425230818751,0.044776119402985,0.1534216806624743,0.251004016064257,0.3076987303495937,0.02,0.0031254068314161,-0.07093821510297481,-0.029850746268656702,-0.016797220753854203
0,43,lgbm,s1_plus_ig,0.25,0.25,positive_only,s1_plus_ig/mode=positive_only/ratio=0.25/keep=0.25,0.1963047693605976,0.1178489702517162,0.3721486096300099,0.0298507462686567,0.1344918947571215,0.8241965973534972,0.2087357897431697,S1/random_under_20to1,0.2243041241859044,0.1681922196796338,0.3828390148556331,0.044776119402985,0.1326305030225088,0.2309236947791164,0.2868472752427258,0.02,-0.0279993548253068,-0.0503432494279176,-0.014925373134328304,0.001861391734612694
0,43,lgbm,s1_plus_ig,0.5,0.25,positive_only,s1_plus_ig/mode=positive_only/ratio=0.5/keep=0.25,0.2072875901385434,0.1453089244851258,0.3864818875629483,0.0149253731343283,0.1424042585042256,0.8241965973534972,0.2087357897431697,S1/random_under_20to1,0.2243041241859044,0.1681922196796338,0.3828390148556331,0.044776119402985,0.1326305030225088,0.2309236947791164,0.2868472752427258,0.02,-0.017016534047361004,-0.02288329519450799,-0.029850746268656702,0.0097737554817168
0,43,lgbm,s1_plus_ig,0.75,0.25,positive_only,s1_plus_ig/mode=positive_only/ratio=0.75/keep=0.25,0.1822871150764173,0.1155606407322654,0.3566067267515965,0.0149253731343283,0.1357104250128275,0.8241965973534972,0.2087357897431697,S1/random_under_20to1,0.2243041241859044,0.1681922196796338,0.3828390148556331,0.044776119402985,0.1326305030225088,0.2309236947791164,0.2868472752427258,0.02,-0.04201700910948711,-0.052631578947368404,-0.029850746268656702,0.0030799219903187014
0,43,lgbm,s1_plus_ig,1.0,0.25,positive_only,s1_plus_ig/mode=positive_only/ratio=1.0/keep=0.25,0.1817948848030522,0.1739130434782608,0.358476887525062,0.0149253731343283,0.1366523190653151,0.8241965973534972,0.2087357897431697,S1/random_under_20to1,0.2243041241859044,0.1681922196796338,0.3828390148556331,0.044776119402985,0.1326305030225088,0.2309236947791164,0.2868472752427258,0.02,-0.0425092393828522,0.005720823798627012,-0.029850746268656702,0.004021816042806298
0,43,lgbm,s1_plus_ig,1.5,0.25,positive_only,s1_plus_ig/mode=positive_only/ratio=1.5/keep=0.25,0.1696655524371702,0.148741418764302,0.318131371798763,0.0,0.1312383493625853,0.8241965973534972,0.2087357897431697,S1/random_under_20to1,0.2243041241859044,0.1681922196796338,0.3828390148556331,0.044776119402985,0.1326305030225088,0.2309236947791164,0.2868472752427258,0.02,-0.05463857174873421,-0.0194508009153318,-0.044776119402985,-0.0013921536599235118
0,43,lgbm,s1_plus_ig,2.0,0.25,positive_only,s1_plus_ig/mode=positive_only/ratio=2.0/keep=0.25,0.1914929813769026,0.1395881006864988,0.3764467710512755,0.0,0.131118706603859,0.8241965973534972,0.2087357897431697,S1/random_under_20to1,0.2243041241859044,0.1681922196796338,0.3828390148556331,0.044776119402985,0.1326305030225088,0.2309236947791164,0.2868472752427258,0.02,-0.0328111428090018,-0.028604118993135003,-0.044776119402985,-0.001511796418649819
0,43,lgbm,s1_plus_ig,0.25,0.5,positive_only,s1_plus_ig/mode=positive_only/ratio=0.25/keep=0.5,0.1963047693605976,0.1178489702517162,0.3721486096300099,0.0298507462686567,0.1344918947571215,0.9217391304347826,0.2211101439122724,S1/random_under_20to1,0.2243041241859044,0.1681922196796338,0.3828390148556331,0.044776119402985,0.1326305030225088,0.2309236947791164,0.2868472752427258,0.02,-0.0279993548253068,-0.0503432494279176,-0.014925373134328304,0.001861391734612694
0,43,lgbm,s1_plus_ig,0.5,0.5,positive_only,s1_plus_ig/mode=positive_only/ratio=0.5/keep=0.5,0.1901801170974057,0.154462242562929,0.3740438622102124,0.0,0.1330187201030582,0.9217391304347826,0.2211101439122724,S1/random_under_20to1,0.2243041241859044,0.1681922196796338,0.3828390148556331,0.044776119402985,0.1326305030225088,0.2309236947791164,0.2868472752427258,0.02,-0.03412400708849869,-0.013729977116704789,-0.044776119402985,0.00038821708054939674
0,43,lgbm,s1_plus_ig,0.75,0.5,positive_only,s1_plus_ig/mode=positive_only/ratio=0.75/keep=0.5,0.2322669533121277,0.1636155606407322,0.4660873594961356,0.0149253731343283,0.1384808507953953,0.9217391304347826,0.2211101439122724,S1/random_under_20to1,0.2243041241859044,0.1681922196796338,0.3828390148556331,0.044776119402985,0.1326305030225088,0.2309236947791164,0.2868472752427258,0.02,0.007962829126223314,-0.004576659038901587,-0.029850746268656702,0.005850347772886483
0,43,lgbm,s1_plus_ig,1.0,0.5,positive_only,s1_plus_ig/mode=positive_only/ratio=1.0/keep=0.5,0.18800471939222,0.1510297482837528,0.3516500360022566,0.0149253731343283,0.1374792797071191,0.9217391304347826,0.2211101439122724,S1/random_under_20to1,0.2243041241859044,0.1681922196796338,0.3828390148556331,0.044776119402985,0.1326305030225088,0.2309236947791164,0.2868472752427258,0.02,-0.0362994047936844,-0.017162471395881007,-0.029850746268656702,0.004848776684610284
0,43,lgbm,s1_plus_ig,1.5,0.5,positive_only,s1_plus_ig/mode=positive_only/ratio=1.5/keep=0.5,0.2318350242993008,0.1556064073226544,0.4340577075683255,0.0149253731343283,0.1537223369404336,0.9217391304347826,0.2211101439122724,S1/random_under_20to1,0.2243041241859044,0.1681922196796338,0.3828390148556331,0.044776119402985,0.1326305030225088,0.2309236947791164,0.2868472752427258,0.02,0.00753090011339641,-0.012585812356979392,-0.029850746268656702,0.021091833917924796
0,43,lgbm,s1_plus_ig,2.0,0.5,positive_only,s1_plus_ig/mode=positive_only/ratio=2.0/keep=0.5,0.1918611505181259,0.1910755148741418,0.3560335364755845,0.0,0.1341253282296476,0.9217391304347826,0.2211101439122724,S1/random_under_20to1,0.2243041241859044,0.1681922196796338,0.3828390148556331,0.044776119402985,0.1326305030225088,0.2309236947791164,0.2868472752427258,0.02,-0.032442973667778485,0.02288329519450799,-0.044776119402985,0.0014948252071387835
0,43,lgbm,s1_plus_ig,0.25,0.75,positive_only,s1_plus_ig/mode=positive_only/ratio=0.25/keep=0.75,0.1963047693605976,0.1178489702517162,0.3721486096300099,0.0298507462686567,0.1344918947571215,0.9536231884057972,0.241291512035845,S1/random_under_20to1,0.2243041241859044,0.1681922196796338,0.3828390148556331,0.044776119402985,0.1326305030225088,0.2309236947791164,0.2868472752427258,0.02,-0.0279993548253068,-0.0503432494279176,-0.014925373134328304,0.001861391734612694
0,43,lgbm,s1_plus_ig,0.5,0.75,positive_only,s1_plus_ig/mode=positive_only/ratio=0.5/keep=0.75,0.1901801170974057,0.154462242562929,0.3740438622102124,0.0,0.1330187201030582,0.9536231884057972,0.241291512035845,S1/random_under_20to1,0.2243041241859044,0.1681922196796338,0.3828390148556331,0.044776119402985,0.1326305030225088,0.2309236947791164,0.2868472752427258,0.02,-0.03412400708849869,-0.013729977116704789,-0.044776119402985,0.00038821708054939674
0,43,lgbm,s1_plus_ig,0.75,0.75,positive_only,s1_plus_ig/mode=positive_only/ratio=0.75/keep=0.75,0.1925011018309143,0.125858123569794,0.3877336992321142,0.0149253731343283,0.1333476978350934,0.9536231884057972,0.241291512035845,S1/random_under_20to1,0.2243041241859044,0.1681922196796338,0.3828390148556331,0.044776119402985,0.1326305030225088,0.2309236947791164,0.2868472752427258,0.02,-0.03180302235499011,-0.04233409610983979,-0.029850746268656702,0.0007171948125845873
0,43,lgbm,s1_plus_ig,1.0,0.75,positive_only,s1_plus_ig/mode=positive_only/ratio=1.0/keep=0.75,0.1913375944258823,0.1521739130434782,0.3681408254083308,0.0,0.1362041716745415,0.9536231884057972,0.241291512035845,S1/random_under_20to1,0.2243041241859044,0.1681922196796338,0.3828390148556331,0.044776119402985,0.1326305030225088,0.2309236947791164,0.2868472752427258,0.02,-0.032966529760022095,-0.01601830663615561,-0.044776119402985,0.00357366865203268
0,43,lgbm,s1_plus_ig,1.5,0.75,positive_only,s1_plus_ig/mode=positive_only/ratio=1.5/keep=0.75,0.1986197541802604,0.1281464530892448,0.3841892515793941,0.0,0.1345864071292521,0.9536231884057972,0.241291512035845,S1/random_under_20to1,0.2243041241859044,0.1681922196796338,0.3828390148556331,0.044776119402985,0.1326305030225088,0.2309236947791164,0.2868472752427258,0.02,-0.025684370005643997,-0.040045766590389,-0.044776119402985,0.001955904106743289
0,43,lgbm,s1_plus_ig,2.0,0.75,positive_only,s1_plus_ig/mode=positive_only/ratio=2.0/keep=0.75,0.1737060183868513,0.1739130434782608,0.3322404709387884,0.0,0.1443823244772524,0.9536231884057972,0.241291512035845,S1/random_under_20to1,0.2243041241859044,0.1681922196796338,0.3828390148556331,0.044776119402985,0.1326305030225088,0.2309236947791164,0.2868472752427258,0.02,-0.050598105799053106,0.005720823798627012,-0.044776119402985,0.0117518214547436
0,43,lgbm,s1_plus_ig,0.25,1.0,positive_only,s1_plus_ig/mode=positive_only/ratio=0.25/keep=1.0,0.1963047693605976,0.1178489702517162,0.3721486096300099,0.0298507462686567,0.1344918947571215,0.9570048309178744,0.2379303303820727,S1/random_under_20to1,0.2243041241859044,0.1681922196796338,0.3828390148556331,0.044776119402985,0.1326305030225088,0.2309236947791164,0.2868472752427258,0.02,-0.0279993548253068,-0.0503432494279176,-0.014925373134328304,0.001861391734612694
0,43,lgbm,s1_plus_ig,0.5,1.0,positive_only,s1_plus_ig/mode=positive_only/ratio=0.5/keep=1.0,0.1901801170974057,0.154462242562929,0.3740438622102124,0.0,0.1330187201030582,0.9570048309178744,0.2379303303820727,S1/random_under_20to1,0.2243041241859044,0.1681922196796338,0.3828390148556331,0.044776119402985,0.1326305030225088,0.2309236947791164,0.2868472752427258,0.02,-0.03412400708849869,-0.013729977116704789,-0.044776119402985,0.00038821708054939674
0,43,lgbm,s1_plus_ig,0.75,1.0,positive_only,s1_plus_ig/mode=positive_only/ratio=0.75/keep=1.0,0.1925011018309143,0.125858123569794,0.3877336992321142,0.0149253731343283,0.1333476978350934,0.9570048309178744,0.2379303303820727,S1/random_under_20to1,0.2243041241859044,0.1681922196796338,0.3828390148556331,0.044776119402985,0.1326305030225088,0.2309236947791164,0.2868472752427258,0.02,-0.03180302235499011,-0.04233409610983979,-0.029850746268656702,0.0007171948125845873
0,43,lgbm,s1_plus_ig,1.0,1.0,positive_only,s1_plus_ig/mode=positive_only/ratio=1.0/keep=1.0,0.1913375944258823,0.1521739130434782,0.3681408254083308,0.0,0.1362041716745415,0.9570048309178744,0.2379303303820727,S1/random_under_20to1,0.2243041241859044,0.1681922196796338,0.3828390148556331,0.044776119402985,0.1326305030225088,0.2309236947791164,0.2868472752427258,0.02,-0.032966529760022095,-0.01601830663615561,-0.044776119402985,0.00357366865203268
0,43,lgbm,s1_plus_ig,1.5,1.0,positive_only,s1_plus_ig/mode=positive_only/ratio=1.5/keep=1.0,0.1855061679385702,0.1281464530892448,0.356105527780528,0.0149253731343283,0.1332365719002702,0.9570048309178744,0.2379303303820727,S1/random_under_20to1,0.2243041241859044,0.1681922196796338,0.3828390148556331,0.044776119402985,0.1326305030225088,0.2309236947791164,0.2868472752427258,0.02,-0.0387979562473342,-0.040045766590389,-0.029850746268656702,0.0006060688777613787
0,43,lgbm,s1_plus_ig,2.0,1.0,positive_only,s1_plus_ig/mode=positive_only/ratio=2.0/keep=1.0,0.1975354841635644,0.1109839816933638,0.354379613118747,0.0149253731343283,0.1397082916224594,0.9570048309178744,0.2379303303820727,S1/random_under_20to1,0.2243041241859044,0.1681922196796338,0.3828390148556331,0.044776119402985,0.1326305030225088,0.2309236947791164,0.2868472752427258,0.02,-0.02676864002234,-0.05720823798626999,-0.029850746268656702,0.007077788599950591
0,44,lgbm,s1_plus_ig,0.25,0.25,positive_only,s1_plus_ig/mode=positive_only/ratio=0.25/keep=0.25,0.2039224330997346,0.1338672768878718,0.3847887785692234,0.0298507462686567,0.1568620939651075,0.7448015122873346,0.1547712601338914,S0/none,0.2086934711725052,0.137299771167048,0.3888802596781361,0.0298507462686567,0.149361772750562,0.2138554216867469,0.320634941065351,0.02,-0.0047710380727706,-0.0034324942791761903,0.0,0.007500321214545497
0,44,lgbm,s1_plus_ig,0.5,0.25,positive_only,s1_plus_ig/mode=positive_only/ratio=0.5/keep=0.25,0.183209439376462,0.1418764302059496,0.3364807589466872,0.0298507462686567,0.1520142141561572,0.7448015122873346,0.1547712601338914,S0/none,0.2086934711725052,0.137299771167048,0.3888802596781361,0.0298507462686567,0.149361772750562,0.2138554216867469,0.320634941065351,0.02,-0.025484031796043194,0.004576659038901587,0.0,0.0026524414055952017
0,44,lgbm,s1_plus_ig,0.75,0.25,positive_only,s1_plus_ig/mode=positive_only/ratio=0.75/keep=0.25,0.1769861831255809,0.1327231121281464,0.3399663664740474,0.0298507462686567,0.1530503526090448,0.7448015122873346,0.1547712601338914,S0/none,0.2086934711725052,0.137299771167048,0.3888802596781361,0.0298507462686567,0.149361772750562,0.2138554216867469,0.320634941065351,0.02,-0.0317072880469243,-0.004576659038901615,0.0,0.0036885798584827822
0,44,lgbm,s1_plus_ig,1.0,0.25,positive_only,s1_plus_ig/mode=positive_only/ratio=1.0/keep=0.25,0.1915403827858476,0.1247139588100686,0.3613167662865143,0.0298507462686567,0.1557471903828975,0.7448015122873346,0.1547712601338914,S0/none,0.2086934711725052,0.137299771167048,0.3888802596781361,0.0298507462686567,0.149361772750562,0.2138554216867469,0.320634941065351,0.02,-0.017153088386657606,-0.012585812356979406,0.0,0.006385417632335494
0,44,lgbm,s1_plus_ig,1.5,0.25,positive_only,s1_plus_ig/mode=positive_only/ratio=1.5/keep=0.25,0.1745040717543125,0.1533180778032036,0.3396176047880734,0.0298507462686567,0.138954180039498,0.7448015122873346,0.1547712601338914,S0/none,0.2086934711725052,0.137299771167048,0.3888802596781361,0.0298507462686567,0.149361772750562,0.2138554216867469,0.320634941065351,0.02,-0.034189399418192684,0.01601830663615561,0.0,-0.010407592711064007
0,44,lgbm,s1_plus_ig,2.0,0.25,positive_only,s1_plus_ig/mode=positive_only/ratio=2.0/keep=0.25,0.1921672084728033,0.1510297482837528,0.3875500946755433,0.0298507462686567,0.1353788772717931,0.7448015122873346,0.1547712601338914,S0/none,0.2086934711725052,0.137299771167048,0.3888802596781361,0.0298507462686567,0.149361772750562,0.2138554216867469,0.320634941065351,0.02,-0.016526262699701894,0.013729977116704789,0.0,-0.013982895478768909
0,44,lgbm,s1_plus_ig,0.25,0.5,positive_only,s1_plus_ig/mode=positive_only/ratio=0.25/keep=0.5,0.2039224330997346,0.1338672768878718,0.3847887785692234,0.0298507462686567,0.1568620939651075,0.9743961352657003,0.1803723418726733,S0/none,0.2086934711725052,0.137299771167048,0.3888802596781361,0.0298507462686567,0.149361772750562,0.2138554216867469,0.320634941065351,0.02,-0.0047710380727706,-0.0034324942791761903,0.0,0.007500321214545497
0,44,lgbm,s1_plus_ig,0.5,0.5,positive_only,s1_plus_ig/mode=positive_only/ratio=0.5/keep=0.5,0.185919390081899,0.1281464530892448,0.3371666669089548,0.0298507462686567,0.1448946834293186,0.9743961352657003,0.1803723418726733,S0/none,0.2086934711725052,0.137299771167048,0.3888802596781361,0.0298507462686567,0.149361772750562,0.2138554216867469,0.320634941065351,0.02,-0.02277408109060619,-0.009153318077803202,0.0,-0.0044670893212434
0,44,lgbm,s1_plus_ig,0.75,0.5,positive_only,s1_plus_ig/mode=positive_only/ratio=0.75/keep=0.5,0.1876813249544984,0.1533180778032036,0.3396176047880734,0.0149253731343283,0.1519852383087538,0.9743961352657003,0.1803723418726733,S0/none,0.2086934711725052,0.137299771167048,0.3888802596781361,0.0298507462686567,0.149361772750562,0.2138554216867469,0.320634941065351,0.02,-0.02101214621800679,0.01601830663615561,-0.014925373134328398,0.00262346555819179
0,44,lgbm,s1_plus_ig,1.0,0.5,positive_only,s1_plus_ig/mode=positive_only/ratio=1.0/keep=0.5,0.1914002487378751,0.1441647597254004,0.3517655082020343,0.0298507462686567,0.1464243629959667,0.9743961352657003,0.1803723418726733,S0/none,0.2086934711725052,0.137299771167048,0.3888802596781361,0.0298507462686567,0.149361772750562,0.2138554216867469,0.320634941065351,0.02,-0.017293222434630107,0.006864988558352408,0.0,-0.002937409754595305
0,44,lgbm,s1_plus_ig,1.5,0.5,positive_only,s1_plus_ig/mode=positive_only/ratio=1.5/keep=0.5,0.1906596258449116,0.1212814645308924,0.366662183189842,0.0298507462686567,0.1454115423322503,0.9743961352657003,0.1803723418726733,S0/none,0.2086934711725052,0.137299771167048,0.3888802596781361,0.0298507462686567,0.149361772750562,0.2138554216867469,0.320634941065351,0.02,-0.018033845327593584,-0.016018306636155596,0.0,-0.003950230418311718
0,44,lgbm,s1_plus_ig,2.0,0.5,positive_only,s1_plus_ig/mode=positive_only/ratio=2.0/keep=0.5,0.1974288586732631,0.143020594965675,0.3624820111552237,0.0,0.1554043103033236,0.9743961352657003,0.1803723418726733,S0/none,0.2086934711725052,0.137299771167048,0.3888802596781361,0.0298507462686567,0.149361772750562,0.2138554216867469,0.320634941065351,0.02,-0.0112646124992421,0.005720823798627012,-0.0298507462686567,0.006042537552761601
0,44,lgbm,s1_plus_ig,0.25,0.75,positive_only,s1_plus_ig/mode=positive_only/ratio=0.25/keep=0.75,0.2039224330997346,0.1338672768878718,0.3847887785692234,0.0298507462686567,0.1568620939651075,0.9830917874396136,0.2018239042514437,S0/none,0.2086934711725052,0.137299771167048,0.3888802596781361,0.0298507462686567,0.149361772750562,0.2138554216867469,0.320634941065351,0.02,-0.0047710380727706,-0.0034324942791761903,0.0,0.007500321214545497
0,44,lgbm,s1_plus_ig,0.5,0.75,positive_only,s1_plus_ig/mode=positive_only/ratio=0.5/keep=0.75,0.185919390081899,0.1281464530892448,0.3371666669089548,0.0298507462686567,0.1448946834293186,0.9830917874396136,0.2018239042514437,S0/none,0.2086934711725052,0.137299771167048,0.3888802596781361,0.0298507462686567,0.149361772750562,0.2138554216867469,0.320634941065351,0.02,-0.02277408109060619,-0.009153318077803202,0.0,-0.0044670893212434
0,44,lgbm,s1_plus_ig,0.75,0.75,positive_only,s1_plus_ig/mode=positive_only/ratio=0.75/keep=0.75,0.1997810709707669,0.1590389016018306,0.3680813186621061,0.0149253731343283,0.1435017703616744,0.9830917874396136,0.2018239042514437,S0/none,0.2086934711725052,0.137299771167048,0.3888802596781361,0.0298507462686567,0.149361772750562,0.2138554216867469,0.320634941065351,0.02,-0.008912400201738307,0.021739130434782594,-0.014925373134328398,-0.005860002388887592
0,44,lgbm,s1_plus_ig,1.0,0.75,positive_only,s1_plus_ig/mode=positive_only/ratio=1.0/keep=0.75,0.2122485352921321,0.1167048054919908,0.3930681636635846,0.0149253731343283,0.1468604039891464,0.9830917874396136,0.2018239042514437,S0/none,0.2086934711725052,0.137299771167048,0.3888802596781361,0.0298507462686567,0.149361772750562,0.2138554216867469,0.320634941065351,0.02,0.003555064119626916,-0.020594965675057197,-0.014925373134328398,-0.002501368761415601
0,44,lgbm,s1_plus_ig,1.5,0.75,positive_only,s1_plus_ig/mode=positive_only/ratio=1.5/keep=0.75,0.2103489287293381,0.1384439359267734,0.3872125263259913,0.0149253731343283,0.1617361790941631,0.9830917874396136,0.2018239042514437,S0/none,0.2086934711725052,0.137299771167048,0.3888802596781361,0.0298507462686567,0.149361772750562,0.2138554216867469,0.320634941065351,0.02,0.0016554575568329122,0.0011441647597253968,-0.014925373134328398,0.012374406343601096
0,44,lgbm,s1_plus_ig,2.0,0.75,positive_only,s1_plus_ig/mode=positive_only/ratio=2.0/keep=0.75,0.2070683202225307,0.1064073226544622,0.3915532977120466,0.0149253731343283,0.1433924107542246,0.9830917874396136,0.2018239042514437,S0/none,0.2086934711725052,0.137299771167048,0.3888802596781361,0.0298507462686567,0.149361772750562,0.2138554216867469,0.320634941065351,0.02,-0.0016251509499745076,-0.030892448512585796,-0.014925373134328398,-0.005969361996337408
0,44,lgbm,s1_plus_ig,0.25,1.0,positive_only,s1_plus_ig/mode=positive_only/ratio=0.25/keep=1.0,0.2039224330997346,0.1338672768878718,0.3847887785692234,0.0298507462686567,0.1568620939651075,0.9280193236714976,0.2459038450200416,S0/none,0.2086934711725052,0.137299771167048,0.3888802596781361,0.0298507462686567,0.149361772750562,0.2138554216867469,0.320634941065351,0.02,-0.0047710380727706,-0.0034324942791761903,0.0,0.007500321214545497
0,44,lgbm,s1_plus_ig,0.5,1.0,positive_only,s1_plus_ig/mode=positive_only/ratio=0.5/keep=1.0,0.185919390081899,0.1281464530892448,0.3371666669089548,0.0298507462686567,0.1448946834293186,0.9280193236714976,0.2459038450200416,S0/none,0.2086934711725052,0.137299771167048,0.3888802596781361,0.0298507462686567,0.149361772750562,0.2138554216867469,0.320634941065351,0.02,-0.02277408109060619,-0.009153318077803202,0.0,-0.0044670893212434
0,44,lgbm,s1_plus_ig,0.75,1.0,positive_only,s1_plus_ig/mode=positive_only/ratio=0.75/keep=1.0,0.1997810709707669,0.1590389016018306,0.3680813186621061,0.0149253731343283,0.1435017703616744,0.9280193236714976,0.2459038450200416,S0/none,0.2086934711725052,0.137299771167048,0.3888802596781361,0.0298507462686567,0.149361772750562,0.2138554216867469,0.320634941065351,0.02,-0.008912400201738307,0.021739130434782594,-0.014925373134328398,-0.005860002388887592
0,44,lgbm,s1_plus_ig,1.0,1.0,positive_only,s1_plus_ig/mode=positive_only/ratio=1.0/keep=1.0,0.2122485352921321,0.1167048054919908,0.3930681636635846,0.0149253731343283,0.1468604039891464,0.9280193236714976,0.2459038450200416,S0/none,0.2086934711725052,0.137299771167048,0.3888802596781361,0.0298507462686567,0.149361772750562,0.2138554216867469,0.320634941065351,0.02,0.003555064119626916,-0.020594965675057197,-0.014925373134328398,-0.002501368761415601
0,44,lgbm,s1_plus_ig,1.5,1.0,positive_only,s1_plus_ig/mode=positive_only/ratio=1.5/keep=1.0,0.1940624878388565,0.120137299771167,0.3684749731535585,0.0298507462686567,0.1546770024036611,0.9280193236714976,0.2459038450200416,S0/none,0.2086934711725052,0.137299771167048,0.3888802596781361,0.0298507462686567,0.149361772750562,0.2138554216867469,0.320634941065351,0.02,-0.014630983333648706,-0.017162471395881007,0.0,0.005315229653099107
0,44,lgbm,s1_plus_ig,2.0,1.0,positive_only,s1_plus_ig/mode=positive_only/ratio=2.0/keep=1.0,0.1946767973836845,0.1121281464530892,0.3816261451559004,0.0149253731343283,0.1612735310798614,0.9280193236714976,0.2459038450200416,S0/none,0.2086934711725052,0.137299771167048,0.3888802596781361,0.0298507462686567,0.149361772750562,0.2138554216867469,0.320634941065351,0.02,-0.014016673788820683,-0.0251716247139588,-0.014925373134328398,0.011911758329299388
0,45,lgbm,s1_plus_ig,0.25,0.25,positive_only,s1_plus_ig/mode=positive_only/ratio=0.25/keep=0.25,0.2111459366350236,0.1864988558352402,0.4035933636479473,0.0298507462686567,0.1543384300047944,0.7353497164461248,0.1829731923003877,S1/random_under_20to1,0.2055383914004614,0.1819221967963386,0.3318212093002226,0.044776119402985,0.1496568217949229,0.2781124497991968,0.2603763495345894,0.02,0.0056075452345621946,0.004576659038901615,-0.014925373134328304,0.004681608209871513
0,45,lgbm,s1_plus_ig,0.5,0.25,positive_only,s1_plus_ig/mode=positive_only/ratio=0.5/keep=0.25,0.1936108415860681,0.1521739130434782,0.3681408254083308,0.044776119402985,0.1503868187846801,0.7353497164461248,0.1829731923003877,S1/random_under_20to1,0.2055383914004614,0.1819221967963386,0.3318212093002226,0.044776119402985,0.1496568217949229,0.2781124497991968,0.2603763495345894,0.02,-0.011927549814393312,-0.0297482837528604,0.0,0.0007299969897572034
0,45,lgbm,s1_plus_ig,0.75,0.25,positive_only,s1_plus_ig/mode=positive_only/ratio=0.75/keep=0.25,0.198731612058506,0.1796338672768878,0.3690322753176263,0.0298507462686567,0.1365899196381541,0.7353497164461248,0.1829731923003877,S1/random_under_20to1,0.2055383914004614,0.1819221967963386,0.3318212093002226,0.044776119402985,0.1496568217949229,0.2781124497991968,0.2603763495345894,0.02,-0.0068067793419553935,-0.0022883295194507935,-0.014925373134328304,-0.013066902156768812
0,45,lgbm,s1_plus_ig,1.0,0.25,positive_only,s1_plus_ig/mode=positive_only/ratio=1.0/keep=0.25,0.2066378584757777,0.1178489702517162,0.3721486096300099,0.0298507462686567,0.1475839020629543,0.7353497164461248,0.1829731923003877,S1/random_under_20to1,0.2055383914004614,0.1819221967963386,0.3318212093002226,0.044776119402985,0.1496568217949229,0.2781124497991968,0.2603763495345894,0.02,0.0010994670753163016,-0.06407322654462239,-0.014925373134328304,-0.0020729197319686032
0,45,lgbm,s1_plus_ig,1.5,0.25,positive_only,s1_plus_ig/mode=positive_only/ratio=1.5/keep=0.25,0.2028377040127044,0.11441647597254,0.3584696967040238,0.0298507462686567,0.1399102872531554,0.7353497164461248,0.1829731923003877,S1/random_under_20to1,0.2055383914004614,0.1819221967963386,0.3318212093002226,0.044776119402985,0.1496568217949229,0.2781124497991968,0.2603763495345894,0.02,-0.0027006873877570003,-0.06750572082379859,-0.014925373134328304,-0.009746534541767493
0,45,lgbm,s1_plus_ig,2.0,0.25,positive_only,s1_plus_ig/mode=positive_only/ratio=2.0/keep=0.25,0.1953850969827517,0.1247139588100686,0.3895281591032367,0.0149253731343283,0.1316230851305397,0.7353497164461248,0.1829731923003877,S1/random_under_20to1,0.2055383914004614,0.1819221967963386,0.3318212093002226,0.044776119402985,0.1496568217949229,0.2781124497991968,0.2603763495345894,0.02,-0.010153294417709707,-0.05720823798626999,-0.029850746268656702,-0.01803373666438321
0,45,lgbm,s1_plus_ig,0.25,0.5,positive_only,s1_plus_ig/mode=positive_only/ratio=0.25/keep=0.5,0.2111459366350236,0.1864988558352402,0.4035933636479473,0.0298507462686567,0.1543384300047944,0.8429951690821256,0.2224659262666611,S1/random_under_20to1,0.2055383914004614,0.1819221967963386,0.3318212093002226,0.044776119402985,0.1496568217949229,0.2781124497991968,0.2603763495345894,0.02,0.0056075452345621946,0.004576659038901615,-0.014925373134328304,0.004681608209871513
0,45,lgbm,s1_plus_ig,0.5,0.5,positive_only,s1_plus_ig/mode=positive_only/ratio=0.5/keep=0.5,0.2198638312217052,0.205949656750572,0.3985680071724742,0.0298507462686567,0.138239019921792,0.8429951690821256,0.2224659262666611,S1/random_under_20to1,0.2055383914004614,0.1819221967963386,0.3318212093002226,0.044776119402985,0.1496568217949229,0.2781124497991968,0.2603763495345894,0.02,0.01432543982124379,0.024027459954233416,-0.014925373134328304,-0.011417801873130906
0,45,lgbm,s1_plus_ig,0.75,0.5,positive_only,s1_plus_ig/mode=positive_only/ratio=0.75/keep=0.5,0.2180133646824938,0.1750572082379862,0.442741897917929,0.0149253731343283,0.1347892517028497,0.8429951690821256,0.2224659262666611,S1/random_under_20to1,0.2055383914004614,0.1819221967963386,0.3318212093002226,0.044776119402985,0.1496568217949229,0.2781124497991968,0.2603763495345894,0.02,0.012474973282032398,-0.006864988558352381,-0.029850746268656702,-0.014867570092073207
0,45,lgbm,s1_plus_ig,1.0,0.5,positive_only,s1_plus_ig/mode=positive_only/ratio=1.0/keep=0.5,0.2179798133644614,0.2093821510297482,0.419578290157431,0.044776119402985,0.1375660104982748,0.8429951690821256,0.2224659262666611,S1/random_under_20to1,0.2055383914004614,0.1819221967963386,0.3318212093002226,0.044776119402985,0.1496568217949229,0.2781124497991968,0.2603763495345894,0.02,0.012441421963999999,0.027459954233409606,0.0,-0.012090811296648102
0,45,lgbm,s1_plus_ig,1.5,0.5,positive_only,s1_plus_ig/mode=positive_only/ratio=1.5/keep=0.5,0.2070456328253481,0.1979405034324942,0.3822738867029359,0.0298507462686567,0.1516838673812681,0.8429951690821256,0.2224659262666611,S1/random_under_20to1,0.2055383914004614,0.1819221967963386,0.3318212093002226,0.044776119402985,0.1496568217949229,0.2781124497991968,0.2603763495345894,0.02,0.0015072414248867017,0.01601830663615561,-0.014925373134328304,0.0020270455863451997
0,45,lgbm,s1_plus_ig,2.0,0.5,positive_only,s1_plus_ig/mode=positive_only/ratio=2.0/keep=0.5,0.2101045262914888,0.1578947368421052,0.3960433062146353,0.0149253731343283,0.1362474555148696,0.8429951690821256,0.2224659262666611,S1/random_under_20to1,0.2055383914004614,0.1819221967963386,0.3318212093002226,0.044776119402985,0.1496568217949229,0.2781124497991968,0.2603763495345894,0.02,0.00456613489102739,-0.024027459954233388,-0.029850746268656702,-0.013409366280053292
0,45,lgbm,s1_plus_ig,0.25,0.75,positive_only,s1_plus_ig/mode=positive_only/ratio=0.25/keep=0.75,0.2111459366350236,0.1864988558352402,0.4035933636479473,0.0298507462686567,0.1543384300047944,0.9304347826086956,0.2516475341205458,S1/random_under_20to1,0.2055383914004614,0.1819221967963386,0.3318212093002226,0.044776119402985,0.1496568217949229,0.2781124497991968,0.2603763495345894,0.02,0.0056075452345621946,0.004576659038901615,-0.014925373134328304,0.004681608209871513
0,45,lgbm,s1_plus_ig,0.5,0.75,positive_only,s1_plus_ig/mode=positive_only/ratio=0.5/keep=0.75,0.2198638312217052,0.205949656750572,0.3985680071724742,0.0298507462686567,0.138239019921792,0.9304347826086956,0.2516475341205458,S1/random_under_20to1,0.2055383914004614,0.1819221967963386,0.3318212093002226,0.044776119402985,0.1496568217949229,0.2781124497991968,0.2603763495345894,0.02,0.01432543982124379,0.024027459954233416,-0.014925373134328304,-0.011417801873130906
0,45,lgbm,s1_plus_ig,0.75,0.75,positive_only,s1_plus_ig/mode=positive_only/ratio=0.75/keep=0.75,0.205550368684088,0.120137299771167,0.3684749731535585,0.0298507462686567,0.1349173310976884,0.9304347826086956,0.2516475341205458,S1/random_under_20to1,0.2055383914004614,0.1819221967963386,0.3318212093002226,0.044776119402985,0.1496568217949229,0.2781124497991968,0.2603763495345894,0.02,1.1977283626590784e-05,-0.06178489702517159,-0.014925373134328304,-0.014739490697234514
0,45,lgbm,s1_plus_ig,1.0,0.75,positive_only,s1_plus_ig/mode=positive_only/ratio=1.0/keep=0.75,0.1985389039126218,0.137299771167048,0.3705715213813899,0.0149253731343283,0.1428056220592211,0.9304347826086956,0.2516475341205458,S1/random_under_20to1,0.2055383914004614,0.1819221967963386,0.3318212093002226,0.044776119402985,0.1496568217949229,0.2781124497991968,0.2603763495345894,0.02,-0.006999487487839601,-0.044622425629290585,-0.029850746268656702,-0.006851199735701807
0,45,lgbm,s1_plus_ig,1.5,0.75,positive_only,s1_plus_ig/mode=positive_only/ratio=1.5/keep=0.75,0.2114499747441952,0.1578947368421052,0.378416547405013,0.0298507462686567,0.1529422658727578,0.9304347826086956,0.2516475341205458,S1/random_under_20to1,0.2055383914004614,0.1819221967963386,0.3318212093002226,0.044776119402985,0.1496568217949229,0.2781124497991968,0.2603763495345894,0.02,0.0059115833437337895,-0.024027459954233388,-0.014925373134328304,0.0032854440778349037
0,45,lgbm,s1_plus_ig,2.0,0.75,positive_only,s1_plus_ig/mode=positive_only/ratio=2.0/keep=0.75,0.2217302965266695,0.1418764302059496,0.3640755005469054,0.044776119402985,0.1319872948737299,0.9304347826086956,0.2516475341205458,S1/random_under_20to1,0.2055383914004614,0.1819221967963386,0.3318212093002226,0.044776119402985,0.1496568217949229,0.2781124497991968,0.2603763495345894,0.02,0.016191905126208106,-0.040045766590389,0.0,-0.017669526921193
0,45,lgbm,s1_plus_ig,0.25,1.0,positive_only,s1_plus_ig/mode=positive_only/ratio=0.25/keep=1.0,0.2111459366350236,0.1864988558352402,0.4035933636479473,0.0298507462686567,0.1543384300047944,0.846376811594203,0.2804351544949779,S1/random_under_20to1,0.2055383914004614,0.1819221967963386,0.3318212093002226,0.044776119402985,0.1496568217949229,0.2781124497991968,0.2603763495345894,0.02,0.0056075452345621946,0.004576659038901615,-0.014925373134328304,0.004681608209871513
0,45,lgbm,s1_plus_ig,0.5,1.0,positive_only,s1_plus_ig/mode=positive_only/ratio=0.5/keep=1.0,0.2198638312217052,0.205949656750572,0.3985680071724742,0.0298507462686567,0.138239019921792,0.846376811594203,0.2804351544949779,S1/random_under_20to1,0.2055383914004614,0.1819221967963386,0.3318212093002226,0.044776119402985,0.1496568217949229,0.2781124497991968,0.2603763495345894,0.02,0.01432543982124379,0.024027459954233416,-0.014925373134328304,-0.011417801873130906
0,45,lgbm,s1_plus_ig,0.75,1.0,positive_only,s1_plus_ig/mode=positive_only/ratio=0.75/keep=1.0,0.205550368684088,0.120137299771167,0.3684749731535585,0.0298507462686567,0.1349173310976884,0.846376811594203,0.2804351544949779,S1/random_under_20to1,0.2055383914004614,0.1819221967963386,0.3318212093002226,0.044776119402985,0.1496568217949229,0.2781124497991968,0.2603763495345894,0.02,1.1977283626590784e-05,-0.06178489702517159,-0.014925373134328304,-0.014739490697234514
0,45,lgbm,s1_plus_ig,1.0,1.0,positive_only,s1_plus_ig/mode=positive_only/ratio=1.0/keep=1.0,0.1985389039126218,0.137299771167048,0.3705715213813899,0.0149253731343283,0.1428056220592211,0.846376811594203,0.2804351544949779,S1/random_under_20to1,0.2055383914004614,0.1819221967963386,0.3318212093002226,0.044776119402985,0.1496568217949229,0.2781124497991968,0.2603763495345894,0.02,-0.006999487487839601,-0.044622425629290585,-0.029850746268656702,-0.006851199735701807
0,45,lgbm,s1_plus_ig,1.5,1.0,positive_only,s1_plus_ig/mode=positive_only/ratio=1.5/keep=1.0,0.2091634408923059,0.1361556064073226,0.3814130772083979,0.0298507462686567,0.137353531328002,0.846376811594203,0.2804351544949779,S1/random_under_20to1,0.2055383914004614,0.1819221967963386,0.3318212093002226,0.044776119402985,0.1496568217949229,0.2781124497991968,0.2603763495345894,0.02,0.003625049491844501,-0.04576659038901598,-0.014925373134328304,-0.012303290466920913
0,45,lgbm,s1_plus_ig,2.0,1.0,positive_only,s1_plus_ig/mode=positive_only/ratio=2.0/keep=1.0,0.1979833854028352,0.1121281464530892,0.3622474562037275,0.0,0.1390678765576973,0.846376811594203,0.2804351544949779,S1/random_under_20to1,0.2055383914004614,0.1819221967963386,0.3318212093002226,0.044776119402985,0.1496568217949229,0.2781124497991968,0.2603763495345894,0.02,-0.007555005997626207,-0.06979405034324938,-0.044776119402985,-0.010588945237225589
0,46,lgbm,s1_plus_ig,0.25,0.25,positive_only,s1_plus_ig/mode=positive_only/ratio=0.25/keep=0.25,0.1819975098861169,0.1132723112128146,0.3603498376605308,0.0298507462686567,0.147868664075387,0.7996219281663516,0.2193255117202165,S1/random_under_20to1,0.2137896741810036,0.1556064073226544,0.3725378491708658,0.044776119402985,0.1468228474335393,0.2309236947791164,0.2774421439362772,0.02,-0.03179216429488671,-0.042334096109839806,-0.014925373134328304,0.0010458166418477188
0,46,lgbm,s1_plus_ig,0.5,0.25,positive_only,s1_plus_ig/mode=positive_only/ratio=0.5/keep=0.25,0.1824792933851816,0.1247139588100686,0.3422866845862687,0.044776119402985,0.1677349669059812,0.7996219281663516,0.2193255117202165,S1/random_under_20to1,0.2137896741810036,0.1556064073226544,0.3725378491708658,0.044776119402985,0.1468228474335393,0.2309236947791164,0.2774421439362772,0.02,-0.03131038079582202,-0.03089244851258581,0.0,0.020912119472441898
0,46,lgbm,s1_plus_ig,0.75,0.25,positive_only,s1_plus_ig/mode=positive_only/ratio=0.75/keep=0.25,0.1946890667298764,0.102974828375286,0.358228195529758,0.044776119402985,0.1587841878105972,0.7996219281663516,0.2193255117202165,S1/random_under_20to1,0.2137896741810036,0.1556064073226544,0.3725378491708658,0.044776119402985,0.1468228474335393,0.2309236947791164,0.2774421439362772,0.02,-0.01910060745112721,-0.052631578947368404,0.0,0.0119613403770579
0,46,lgbm,s1_plus_ig,1.0,0.25,positive_only,s1_plus_ig/mode=positive_only/ratio=1.0/keep=0.25,0.1922079685896496,0.1178489702517162,0.3625639460246622,0.044776119402985,0.1571249891182088,0.7996219281663516,0.2193255117202165,S1/random_under_20to1,0.2137896741810036,0.1556064073226544,0.3725378491708658,0.044776119402985,0.1468228474335393,0.2309236947791164,0.2774421439362772,0.02,-0.021581705591354,-0.037757437070938205,0.0,0.010302141684669502
0,46,lgbm,s1_plus_ig,1.5,0.25,positive_only,s1_plus_ig/mode=positive_only/ratio=1.5/keep=0.25,0.1783395625862036,0.120137299771167,0.310428321016811,0.0149253731343283,0.1279153437835403,0.7996219281663516,0.2193255117202165,S1/random_under_20to1,0.2137896741810036,0.1556064073226544,0.3725378491708658,0.044776119402985,0.1468228474335393,0.2309236947791164,0.2774421439362772,0.02,-0.03545011159480002,-0.03546910755148741,-0.029850746268656702,-0.01890750364999899
0,46,lgbm,s1_plus_ig,2.0,0.25,positive_only,s1_plus_ig/mode=positive_only/ratio=2.0/keep=0.25,0.1858062519884728,0.1189931350114416,0.3607346452330919,0.0149253731343283,0.1540522778931453,0.7996219281663516,0.2193255117202165,S1/random_under_20to1,0.2137896741810036,0.1556064073226544,0.3725378491708658,0.044776119402985,0.1468228474335393,0.2309236947791164,0.2774421439362772,0.02,-0.027983422192530805,-0.03661327231121281,-0.029850746268656702,0.007229430459606001
0,46,lgbm,s1_plus_ig,0.25,0.5,positive_only,s1_plus_ig/mode=positive_only/ratio=0.25/keep=0.5,0.1819975098861169,0.1132723112128146,0.3603498376605308,0.0298507462686567,0.147868664075387,0.919806763285024,0.250116280684926,S1/random_under_20to1,0.2137896741810036,0.1556064073226544,0.3725378491708658,0.044776119402985,0.1468228474335393,0.2309236947791164,0.2774421439362772,0.02,-0.03179216429488671,-0.042334096109839806,-0.014925373134328304,0.0010458166418477188
0,46,lgbm,s1_plus_ig,0.5,0.5,positive_only,s1_plus_ig/mode=positive_only/ratio=0.5/keep=0.5,0.1836386480562909,0.1304347826086956,0.3432849679197649,0.044776119402985,0.1697244520837237,0.919806763285024,0.250116280684926,S1/random_under_20to1,0.2137896741810036,0.1556064073226544,0.3725378491708658,0.044776119402985,0.1468228474335393,0.2309236947791164,0.2774421439362772,0.02,-0.03015102612471271,-0.025171624713958812,0.0,0.0229016046501844
0,46,lgbm,s1_plus_ig,0.75,0.5,positive_only,s1_plus_ig/mode=positive_only/ratio=0.75/keep=0.5,0.2051699793498264,0.1109839816933638,0.3641628665946641,0.0298507462686567,0.1572202287604607,0.919806763285024,0.250116280684926,S1/random_under_20to1,0.2137896741810036,0.1556064073226544,0.3725378491708658,0.044776119402985,0.1468228474335393,0.2309236947791164,0.2774421439362772,0.02,-0.008619694831177221,-0.0446224256292906,-0.014925373134328304,0.010397381326921418
0,46,lgbm,s1_plus_ig,1.0,0.5,positive_only,s1_plus_ig/mode=positive_only/ratio=1.0/keep=0.5,0.2207017786490117,0.1304347826086956,0.3899535799707228,0.0298507462686567,0.158653084322495,0.919806763285024,0.250116280684926,S1/random_under_20to1,0.2137896741810036,0.1556064073226544,0.3725378491708658,0.044776119402985,0.1468228474335393,0.2309236947791164,0.2774421439362772,0.02,0.006912104468008079,-0.025171624713958812,-0.014925373134328304,0.011830236888955709
0,46,lgbm,s1_plus_ig,1.5,0.5,positive_only,s1_plus_ig/mode=positive_only/ratio=1.5/keep=0.5,0.1963363005104195,0.148741418764302,0.3817341264150604,0.0,0.1505748401062639,0.919806763285024,0.250116280684926,S1/random_under_20to1,0.2137896741810036,0.1556064073226544,0.3725378491708658,0.044776119402985,0.1468228474335393,0.2309236947791164,0.2774421439362772,0.02,-0.01745337367058411,-0.006864988558352408,-0.044776119402985,0.003751992672724608
0,46,lgbm,s1_plus_ig,2.0,0.5,positive_only,s1_plus_ig/mode=positive_only/ratio=2.0/keep=0.5,0.2185948088323576,0.1418764302059496,0.4003498604906033,0.0298507462686567,0.1608984482114045,0.919806763285024,0.250116280684926,S1/random_under_20to1,0.2137896741810036,0.1556064073226544,0.3725378491708658,0.044776119402985,0.1468228474335393,0.2309236947791164,0.2774421439362772,0.02,0.004805134651353987,-0.013729977116704817,-0.014925373134328304,0.01407560077786521
0,46,lgbm,s1_plus_ig,0.25,0.75,positive_only,s1_plus_ig/mode=positive_only/ratio=0.25/keep=0.75,0.1819975098861169,0.1132723112128146,0.3603498376605308,0.0298507462686567,0.147868664075387,0.9318840579710144,0.2512913537688957,S1/random_under_20to1,0.2137896741810036,0.1556064073226544,0.3725378491708658,0.044776119402985,0.1468228474335393,0.2309236947791164,0.2774421439362772,0.02,-0.03179216429488671,-0.042334096109839806,-0.014925373134328304,0.0010458166418477188
0,46,lgbm,s1_plus_ig,0.5,0.75,positive_only,s1_plus_ig/mode=positive_only/ratio=0.5/keep=0.75,0.1836386480562909,0.1304347826086956,0.3432849679197649,0.044776119402985,0.1697244520837237,0.9318840579710144,0.2512913537688957,S1/random_under_20to1,0.2137896741810036,0.1556064073226544,0.3725378491708658,0.044776119402985,0.1468228474335393,0.2309236947791164,0.2774421439362772,0.02,-0.03015102612471271,-0.025171624713958812,0.0,0.0229016046501844
0,46,lgbm,s1_plus_ig,0.75,0.75,positive_only,s1_plus_ig/mode=positive_only/ratio=0.75/keep=0.75,0.1975805991546921,0.11441647597254,0.3584696967040238,0.0149253731343283,0.1441942348537008,0.9318840579710144,0.2512913537688957,S1/random_under_20to1,0.2137896741810036,0.1556064073226544,0.3725378491708658,0.044776119402985,0.1468228474335393,0.2309236947791164,0.2774421439362772,0.02,-0.016209075026311526,-0.04118993135011441,-0.029850746268656702,-0.002628612579838485
0,46,lgbm,s1_plus_ig,1.0,0.75,positive_only,s1_plus_ig/mode=positive_only/ratio=1.0/keep=0.75,0.1786828349231413,0.1212814645308924,0.3571241056465202,0.0,0.1535615065787569,0.9318840579710144,0.2512913537688957,S1/random_under_20to1,0.2137896741810036,0.1556064073226544,0.3725378491708658,0.044776119402985,0.1468228474335393,0.2309236947791164,0.2774421439362772,0.02,-0.035106839257862316,-0.034324942791762,-0.044776119402985,0.006738659145217596
0,46,lgbm,s1_plus_ig,1.5,0.75,positive_only,s1_plus_ig/mode=positive_only/ratio=1.5/keep=0.75,0.2234792809981996,0.1327231121281464,0.4320433080807224,0.0149253731343283,0.1466028534146396,0.9318840579710144,0.2512913537688957,S1/random_under_20to1,0.2137896741810036,0.1556064073226544,0.3725378491708658,0.044776119402985,0.1468228474335393,0.2309236947791164,0.2774421439362772,0.02,0.009689606817195995,-0.02288329519450802,-0.029850746268656702,-0.0002199940188996885
0,46,lgbm,s1_plus_ig,2.0,0.75,positive_only,s1_plus_ig/mode=positive_only/ratio=2.0/keep=0.75,0.2155416816206875,0.2185354691075514,0.4018225287237801,0.0298507462686567,0.1443652293861643,0.9318840579710144,0.2512913537688957,S1/random_under_20to1,0.2137896741810036,0.1556064073226544,0.3725378491708658,0.044776119402985,0.1468228474335393,0.2309236947791164,0.2774421439362772,0.02,0.0017520074396838725,0.06292906178489699,-0.014925373134328304,-0.0024576180473749876
0,46,lgbm,s1_plus_ig,0.25,1.0,positive_only,s1_plus_ig/mode=positive_only/ratio=0.25/keep=1.0,0.1819975098861169,0.1132723112128146,0.3603498376605308,0.0298507462686567,0.147868664075387,0.9062801932367148,0.2269371718091002,S1/random_under_20to1,0.2137896741810036,0.1556064073226544,0.3725378491708658,0.044776119402985,0.1468228474335393,0.2309236947791164,0.2774421439362772,0.02,-0.03179216429488671,-0.042334096109839806,-0.014925373134328304,0.0010458166418477188
0,46,lgbm,s1_plus_ig,0.5,1.0,positive_only,s1_plus_ig/mode=positive_only/ratio=0.5/keep=1.0,0.1836386480562909,0.1304347826086956,0.3432849679197649,0.044776119402985,0.1697244520837237,0.9062801932367148,0.2269371718091002,S1/random_under_20to1,0.2137896741810036,0.1556064073226544,0.3725378491708658,0.044776119402985,0.1468228474335393,0.2309236947791164,0.2774421439362772,0.02,-0.03015102612471271,-0.025171624713958812,0.0,0.0229016046501844
0,46,lgbm,s1_plus_ig,0.75,1.0,positive_only,s1_plus_ig/mode=positive_only/ratio=0.75/keep=1.0,0.1975805991546921,0.11441647597254,0.3584696967040238,0.0149253731343283,0.1441942348537008,0.9062801932367148,0.2269371718091002,S1/random_under_20to1,0.2137896741810036,0.1556064073226544,0.3725378491708658,0.044776119402985,0.1468228474335393,0.2309236947791164,0.2774421439362772,0.02,-0.016209075026311526,-0.04118993135011441,-0.029850746268656702,-0.002628612579838485
0,46,lgbm,s1_plus_ig,1.0,1.0,positive_only,s1_plus_ig/mode=positive_only/ratio=1.0/keep=1.0,0.1786828349231413,0.1212814645308924,0.3571241056465202,0.0,0.1535615065787569,0.9062801932367148,0.2269371718091002,S1/random_under_20to1,0.2137896741810036,0.1556064073226544,0.3725378491708658,0.044776119402985,0.1468228474335393,0.2309236947791164,0.2774421439362772,0.02,-0.035106839257862316,-0.034324942791762,-0.044776119402985,0.006738659145217596
0,46,lgbm,s1_plus_ig,1.5,1.0,positive_only,s1_plus_ig/mode=positive_only/ratio=1.5/keep=1.0,0.2001608666910207,0.120137299771167,0.3874434292073025,0.0,0.1551548051267419,0.9062801932367148,0.2269371718091002,S1/random_under_20to1,0.2137896741810036,0.1556064073226544,0.3725378491708658,0.044776119402985,0.1468228474335393,0.2309236947791164,0.2774421439362772,0.02,-0.013628807489982908,-0.03546910755148741,-0.044776119402985,0.008331957693202607
0,46,lgbm,s1_plus_ig,2.0,1.0,positive_only,s1_plus_ig/mode=positive_only/ratio=2.0/keep=1.0,0.1994523250936085,0.1247139588100686,0.3895281591032367,0.0,0.1595569508741952,0.9062801932367148,0.2269371718091002,S1/random_under_20to1,0.2137896741810036,0.1556064073226544,0.3725378491708658,0.044776119402985,0.1468228474335393,0.2309236947791164,0.2774421439362772,0.02,-0.014337349087395118,-0.03089244851258581,-0.044776119402985,0.012734103440655897
1,42,lgbm,s1_plus_ig,0.25,0.25,positive_only,s1_plus_ig/mode=positive_only/ratio=0.25/keep=0.25,0.1720025860443256,0.0100869565217391,0.2447775949810275,0.1710526315789473,0.1539708774743777,0.946668388429752,0.1269147153071589,S1/random_over,0.1987340354039131,0.0194782608695652,0.2890095654481832,0.2105263157894736,0.1542496017072351,0.016253555465258,0.1760194428293442,0.1238938053097345,-0.02673144935958749,-0.0093913043478261,-0.0394736842105263,-0.00027872423285738024
1,42,lgbm,s1_plus_ig,0.5,0.25,positive_only,s1_plus_ig/mode=positive_only/ratio=0.5/keep=0.25,0.1718478549974393,0.0215652173913043,0.2878446970958933,0.1710526315789473,0.1502587895334674,0.946668388429752,0.1269147153071589,S1/random_over,0.1987340354039131,0.0194782608695652,0.2890095654481832,0.2105263157894736,0.1542496017072351,0.016253555465258,0.1760194428293442,0.1238938053097345,-0.02688618040647381,0.0020869565217391008,-0.0394736842105263,-0.003990812173767677
1,42,lgbm,s1_plus_ig,0.75,0.25,positive_only,s1_plus_ig/mode=positive_only/ratio=0.75/keep=0.25,0.1455181867243546,0.0233043478260869,0.2356209332364147,0.1447368421052631,0.1504474309427995,0.946668388429752,0.1269147153071589,S1/random_over,0.1987340354039131,0.0194782608695652,0.2890095654481832,0.2105263157894736,0.1542496017072351,0.016253555465258,0.1760194428293442,0.1238938053097345,-0.0532158486795585,0.0038260869565217015,-0.06578947368421048,-0.0038021707644355918
1,42,lgbm,s1_plus_ig,1.0,0.25,positive_only,s1_plus_ig/mode=positive_only/ratio=1.0/keep=0.25,0.1625702837022841,0.0824347826086956,0.2478317882803651,0.0921052631578947,0.14230100828059,0.946668388429752,0.1269147153071589,S1/random_over,0.1987340354039131,0.0194782608695652,0.2890095654481832,0.2105263157894736,0.1542496017072351,0.016253555465258,0.1760194428293442,0.1238938053097345,-0.036163751701629,0.06295652173913041,-0.11842105263157889,-0.011948593426645088
1,42,lgbm,s1_plus_ig,1.5,0.25,positive_only,s1_plus_ig/mode=positive_only/ratio=1.5/keep=0.25,0.1469625528593642,0.0187826086956521,0.2475695418270357,0.1052631578947368,0.1676277835975417,0.946668388429752,0.1269147153071589,S1/random_over,0.1987340354039131,0.0194782608695652,0.2890095654481832,0.2105263157894736,0.1542496017072351,0.016253555465258,0.1760194428293442,0.1238938053097345,-0.051771482544548914,-0.0006956521739130972,-0.1052631578947368,0.013378181890306623
1,42,lgbm,s1_plus_ig,2.0,0.25,positive_only,s1_plus_ig/mode=positive_only/ratio=2.0/keep=0.25,0.1608552991951249,0.0351304347826086,0.2582114218867691,0.1710526315789473,0.1630397042344944,0.946668388429752,0.1269147153071589,S1/random_over,0.1987340354039131,0.0194782608695652,0.2890095654481832,0.2105263157894736,0.1542496017072351,0.016253555465258,0.1760194428293442,0.1238938053097345,-0.037878736208788205,0.0156521739130434,-0.0394736842105263,0.008790102527259314
1,42,lgbm,s1_plus_ig,0.25,0.5,positive_only,s1_plus_ig/mode=positive_only/ratio=0.25/keep=0.5,0.1720025860443256,0.0100869565217391,0.2447775949810275,0.1710526315789473,0.1539708774743777,0.9825,0.1531274404179846,S1/random_over,0.1987340354039131,0.0194782608695652,0.2890095654481832,0.2105263157894736,0.1542496017072351,0.016253555465258,0.1760194428293442,0.1238938053097345,-0.02673144935958749,-0.0093913043478261,-0.0394736842105263,-0.00027872423285738024
1,42,lgbm,s1_plus_ig,0.5,0.5,positive_only,s1_plus_ig/mode=positive_only/ratio=0.5/keep=0.5,0.1565623738645786,0.0139130434782608,0.2414264363027144,0.1447368421052631,0.1593202234501648,0.9825,0.1531274404179846,S1/random_over,0.1987340354039131,0.0194782608695652,0.2890095654481832,0.2105263157894736,0.1542496017072351,0.016253555465258,0.1760194428293442,0.1238938053097345,-0.04217166153933449,-0.005565217391304398,-0.06578947368421048,0.005070621742929715
1,42,lgbm,s1_plus_ig,0.75,0.5,positive_only,s1_plus_ig/mode=positive_only/ratio=0.75/keep=0.5,0.1516251567294396,0.024695652173913,0.2506982845255103,0.1842105263157894,0.1436405956369608,0.9825,0.1531274404179846,S1/random_over,0.1987340354039131,0.0194782608695652,0.2890095654481832,0.2105263157894736,0.1542496017072351,0.016253555465258,0.1760194428293442,0.1238938053097345,-0.0471088786744735,0.005217391304347802,-0.02631578947368418,-0.01060900607027429
1,42,lgbm,s1_plus_ig,1.0,0.5,positive_only,s1_plus_ig/mode=positive_only/ratio=1.0/keep=0.5,0.157929122349568,0.0274782608695652,0.2790105285707934,0.1447368421052631,0.1304556006319762,0.9825,0.1531274404179846,S1/random_over,0.1987340354039131,0.0194782608695652,0.2890095654481832,0.2105263157894736,0.1542496017072351,0.016253555465258,0.1760194428293442,0.1238938053097345,-0.04080491305434511,0.008,-0.06578947368421048,-0.02379400107525889
1,42,lgbm,s1_plus_ig,1.5,0.5,positive_only,s1_plus_ig/mode=positive_only/ratio=1.5/keep=0.5,0.1473648550160341,0.0309565217391304,0.2739434998978446,0.131578947368421,0.1445951655980451,0.9825,0.1531274404179846,S1/random_over,0.1987340354039131,0.0194782608695652,0.2890095654481832,0.2105263157894736,0.1542496017072351,0.016253555465258,0.1760194428293442,0.1238938053097345,-0.05136918038787899,0.011478260869565202,-0.0789473684210526,-0.009654436109189979
1,42,lgbm,s1_plus_ig,2.0,0.5,positive_only,s1_plus_ig/mode=positive_only/ratio=2.0/keep=0.5,0.1498876522822504,0.0292173913043478,0.2616269573908086,0.1052631578947368,0.1369478860600964,0.9825,0.1531274404179846,S1/random_over,0.1987340354039131,0.0194782608695652,0.2890095654481832,0.2105263157894736,0.1542496017072351,0.016253555465258,0.1760194428293442,0.1238938053097345,-0.0488463831216627,0.009739130434782601,-0.1052631578947368,-0.0173017156471387
1,42,lgbm,s1_plus_ig,0.25,0.75,positive_only,s1_plus_ig/mode=positive_only/ratio=0.25/keep=0.75,0.1720025860443256,0.0100869565217391,0.2447775949810275,0.1710526315789473,0.1539708774743777,0.989025974025974,0.1561085829454825,S1/random_over,0.1987340354039131,0.0194782608695652,0.2890095654481832,0.2105263157894736,0.1542496017072351,0.016253555465258,0.1760194428293442,0.1238938053097345,-0.02673144935958749,-0.0093913043478261,-0.0394736842105263,-0.00027872423285738024
1,42,lgbm,s1_plus_ig,0.5,0.75,positive_only,s1_plus_ig/mode=positive_only/ratio=0.5/keep=0.75,0.1565623738645786,0.0139130434782608,0.2414264363027144,0.1447368421052631,0.1593202234501648,0.989025974025974,0.1561085829454825,S1/random_over,0.1987340354039131,0.0194782608695652,0.2890095654481832,0.2105263157894736,0.1542496017072351,0.016253555465258,0.1760194428293442,0.1238938053097345,-0.04217166153933449,-0.005565217391304398,-0.06578947368421048,0.005070621742929715
1,42,lgbm,s1_plus_ig,0.75,0.75,positive_only,s1_plus_ig/mode=positive_only/ratio=0.75/keep=0.75,0.1745049615827005,0.0219130434782608,0.2643536257398683,0.1710526315789473,0.1515206086867102,0.989025974025974,0.1561085829454825,S1/random_over,0.1987340354039131,0.0194782608695652,0.2890095654481832,0.2105263157894736,0.1542496017072351,0.016253555465258,0.1760194428293442,0.1238938053097345,-0.024229073821212588,0.002434782608695601,-0.0394736842105263,-0.0027289930205249002
1,42,lgbm,s1_plus_ig,1.0,0.75,positive_only,s1_plus_ig/mode=positive_only/ratio=1.0/keep=0.75,0.1738513523730545,0.033391304347826,0.2551035271386838,0.1578947368421052,0.1609139763645298,0.989025974025974,0.1561085829454825,S1/random_over,0.1987340354039131,0.0194782608695652,0.2890095654481832,0.2105263157894736,0.1542496017072351,0.016253555465258,0.1760194428293442,0.1238938053097345,-0.02488268303085861,0.013913043478260802,-0.05263157894736839,0.006664374657294719
1,42,lgbm,s1_plus_ig,1.5,0.75,positive_only,s1_plus_ig/mode=positive_only/ratio=1.5/keep=0.75,0.1426610340155517,0.0424347826086956,0.2350838775171516,0.1052631578947368,0.1578514112917286,0.989025974025974,0.1561085829454825,S1/random_over,0.1987340354039131,0.0194782608695652,0.2890095654481832,0.2105263157894736,0.1542496017072351,0.016253555465258,0.1760194428293442,0.1238938053097345,-0.05607300138836141,0.0229565217391304,-0.1052631578947368,0.0036018095844935205
1,42,lgbm,s1_plus_ig,2.0,0.75,positive_only,s1_plus_ig/mode=positive_only/ratio=2.0/keep=0.75,0.1502990958752781,0.0751304347826087,0.232936564104672,0.1184210526315789,0.1329533913337807,0.989025974025974,0.1561085829454825,S1/random_over,0.1987340354039131,0.0194782608695652,0.2890095654481832,0.2105263157894736,0.1542496017072351,0.016253555465258,0.1760194428293442,0.1238938053097345,-0.04843493952863501,0.0556521739130435,-0.09210526315789469,-0.02129621037345439
1,42,lgbm,s1_plus_ig,0.25,1.0,positive_only,s1_plus_ig/mode=positive_only/ratio=0.25/keep=1.0,0.1720025860443256,0.0100869565217391,0.2447775949810275,0.1710526315789473,0.1539708774743777,0.9912987012987012,0.192808848185973,S1/random_over,0.1987340354039131,0.0194782608695652,0.2890095654481832,0.2105263157894736,0.1542496017072351,0.016253555465258,0.1760194428293442,0.1238938053097345,-0.02673144935958749,-0.0093913043478261,-0.0394736842105263,-0.00027872423285738024
1,42,lgbm,s1_plus_ig,0.5,1.0,positive_only,s1_plus_ig/mode=positive_only/ratio=0.5/keep=1.0,0.1565623738645786,0.0139130434782608,0.2414264363027144,0.1447368421052631,0.1593202234501648,0.9912987012987012,0.192808848185973,S1/random_over,0.1987340354039131,0.0194782608695652,0.2890095654481832,0.2105263157894736,0.1542496017072351,0.016253555465258,0.1760194428293442,0.1238938053097345,-0.04217166153933449,-0.005565217391304398,-0.06578947368421048,0.005070621742929715
1,42,lgbm,s1_plus_ig,0.75,1.0,positive_only,s1_plus_ig/mode=positive_only/ratio=0.75/keep=1.0,0.1745049615827005,0.0219130434782608,0.2643536257398683,0.1710526315789473,0.1515206086867102,0.9912987012987012,0.192808848185973,S1/random_over,0.1987340354039131,0.0194782608695652,0.2890095654481832,0.2105263157894736,0.1542496017072351,0.016253555465258,0.1760194428293442,0.1238938053097345,-0.024229073821212588,0.002434782608695601,-0.0394736842105263,-0.0027289930205249002
1,42,lgbm,s1_plus_ig,1.0,1.0,positive_only,s1_plus_ig/mode=positive_only/ratio=1.0/keep=1.0,0.1738513523730545,0.033391304347826,0.2551035271386838,0.1578947368421052,0.1609139763645298,0.9912987012987012,0.192808848185973,S1/random_over,0.1987340354039131,0.0194782608695652,0.2890095654481832,0.2105263157894736,0.1542496017072351,0.016253555465258,0.1760194428293442,0.1238938053097345,-0.02488268303085861,0.013913043478260802,-0.05263157894736839,0.006664374657294719
1,42,lgbm,s1_plus_ig,1.5,1.0,positive_only,s1_plus_ig/mode=positive_only/ratio=1.5/keep=1.0,0.1828333619720911,0.0111304347826086,0.2634800884981908,0.2105263157894736,0.1541077829715892,0.9912987012987012,0.192808848185973,S1/random_over,0.1987340354039131,0.0194782608695652,0.2890095654481832,0.2105263157894736,0.1542496017072351,0.016253555465258,0.1760194428293442,0.1238938053097345,-0.015900673431822,-0.008347826086956599,0.0,-0.0001418187356458933
1,42,lgbm,s1_plus_ig,2.0,1.0,positive_only,s1_plus_ig/mode=positive_only/ratio=2.0/keep=1.0,0.148973198235271,0.081391304347826,0.2496088079008954,0.131578947368421,0.1531246746912914,0.9912987012987012,0.192808848185973,S1/random_over,0.1987340354039131,0.0194782608695652,0.2890095654481832,0.2105263157894736,0.1542496017072351,0.016253555465258,0.1760194428293442,0.1238938053097345,-0.0497608371686421,0.06191304347826081,-0.0789473684210526,-0.0011249270159436886
1,43,lgbm,s1_plus_ig,0.25,0.25,positive_only,s1_plus_ig/mode=positive_only/ratio=0.25/keep=0.25,0.1620226692076689,0.0855652173913043,0.262535307504079,0.1447368421052631,0.1532077266126662,0.9488636363636364,0.1217917690276647,S1/random_over,0.1948259013059969,0.016,0.3004541611014315,0.2105263157894736,0.1726500973791103,0.0154408776919951,0.2230146581629211,0.1150442477876106,-0.032803232098328,0.0695652173913043,-0.06578947368421048,-0.01944237076644409
1,43,lgbm,s1_plus_ig,0.5,0.25,positive_only,s1_plus_ig/mode=positive_only/ratio=0.5/keep=0.25,0.161176885415306,0.0622608695652173,0.2582147081303528,0.131578947368421,0.1465895903169586,0.9488636363636364,0.1217917690276647,S1/random_over,0.1948259013059969,0.016,0.3004541611014315,0.2105263157894736,0.1726500973791103,0.0154408776919951,0.2230146581629211,0.1150442477876106,-0.033649015890690886,0.0462608695652173,-0.0789473684210526,-0.02606050706215171
1,43,lgbm,s1_plus_ig,0.75,0.25,positive_only,s1_plus_ig/mode=positive_only/ratio=0.75/keep=0.25,0.153578218522941,0.0361739130434782,0.2818119480951699,0.1052631578947368,0.1335950777893967,0.9488636363636364,0.1217917690276647,S1/random_over,0.1948259013059969,0.016,0.3004541611014315,0.2105263157894736,0.1726500973791103,0.0154408776919951,0.2230146581629211,0.1150442477876106,-0.04124768278305588,0.020173913043478202,-0.1052631578947368,-0.03905501958971361
1,43,lgbm,s1_plus_ig,1.0,0.25,positive_only,s1_plus_ig/mode=positive_only/ratio=1.0/keep=0.25,0.1593697697758491,0.048,0.2781558553763331,0.1052631578947368,0.1539927346327023,0.9488636363636364,0.1217917690276647,S1/random_over,0.1948259013059969,0.016,0.3004541611014315,0.2105263157894736,0.1726500973791103,0.0154408776919951,0.2230146581629211,0.1150442477876106,-0.03545613153014779,0.032,-0.1052631578947368,-0.018657362746408
1,43,lgbm,s1_plus_ig,1.5,0.25,positive_only,s1_plus_ig/mode=positive_only/ratio=1.5/keep=0.25,0.1686266320120337,0.0410434782608695,0.2653924320603871,0.1052631578947368,0.137145988301579,0.9488636363636364,0.1217917690276647,S1/random_over,0.1948259013059969,0.016,0.3004541611014315,0.2105263157894736,0.1726500973791103,0.0154408776919951,0.2230146581629211,0.1150442477876106,-0.026199269293963184,0.0250434782608695,-0.1052631578947368,-0.03550410907753129
1,43,lgbm,s1_plus_ig,2.0,0.25,positive_only,s1_plus_ig/mode=positive_only/ratio=2.0/keep=0.25,0.1712392529884036,0.0354782608695652,0.2752950278415181,0.1447368421052631,0.1266497476755664,0.9488636363636364,0.1217917690276647,S1/random_over,0.1948259013059969,0.016,0.3004541611014315,0.2105263157894736,0.1726500973791103,0.0154408776919951,0.2230146581629211,0.1150442477876106,-0.0235866483175933,0.019478260869565202,-0.06578947368421048,-0.046000349703543914
1,43,lgbm,s1_plus_ig,0.25,0.5,positive_only,s1_plus_ig/mode=positive_only/ratio=0.25/keep=0.5,0.1620226692076689,0.0855652173913043,0.262535307504079,0.1447368421052631,0.1532077266126662,0.9836363636363636,0.1559564205025872,S1/random_over,0.1948259013059969,0.016,0.3004541611014315,0.2105263157894736,0.1726500973791103,0.0154408776919951,0.2230146581629211,0.1150442477876106,-0.032803232098328,0.0695652173913043,-0.06578947368421048,-0.01944237076644409
1,43,lgbm,s1_plus_ig,0.5,0.5,positive_only,s1_plus_ig/mode=positive_only/ratio=0.5/keep=0.5,0.1725767965554622,0.0386086956521739,0.2644656693705501,0.1578947368421052,0.1362999699440417,0.9836363636363636,0.1559564205025872,S1/random_over,0.1948259013059969,0.016,0.3004541611014315,0.2105263157894736,0.1726500973791103,0.0154408776919951,0.2230146581629211,0.1150442477876106,-0.02224910475053468,0.022608695652173896,-0.05263157894736839,-0.0363501274350686
1,43,lgbm,s1_plus_ig,0.75,0.5,positive_only,s1_plus_ig/mode=positive_only/ratio=0.75/keep=0.5,0.1523333773374836,0.0549565217391304,0.2520237238434057,0.1578947368421052,0.1614268832199473,0.9836363636363636,0.1559564205025872,S1/random_over,0.1948259013059969,0.016,0.3004541611014315,0.2105263157894736,0.1726500973791103,0.0154408776919951,0.2230146581629211,0.1150442477876106,-0.0424925239685133,0.0389565217391304,-0.05263157894736839,-0.011223214159162997
1,43,lgbm,s1_plus_ig,1.0,0.5,positive_only,s1_plus_ig/mode=positive_only/ratio=1.0/keep=0.5,0.1796504783676906,0.0198260869565217,0.2758366501566104,0.1578947368421052,0.1606766293214044,0.9836363636363636,0.1559564205025872,S1/random_over,0.1948259013059969,0.016,0.3004541611014315,0.2105263157894736,0.1726500973791103,0.0154408776919951,0.2230146581629211,0.1150442477876106,-0.015175422938306288,0.003826086956521698,-0.05263157894736839,-0.01197346805770591
1,43,lgbm,s1_plus_ig,1.5,0.5,positive_only,s1_plus_ig/mode=positive_only/ratio=1.5/keep=0.5,0.1856428437830283,0.065391304347826,0.2806840493335439,0.1710526315789473,0.1485443288044156,0.9836363636363636,0.1559564205025872,S1/random_over,0.1948259013059969,0.016,0.3004541611014315,0.2105263157894736,0.1726500973791103,0.0154408776919951,0.2230146581629211,0.1150442477876106,-0.00918305752296858,0.049391304347826,-0.0394736842105263,-0.024105768574694708
1,43,lgbm,s1_plus_ig,2.0,0.5,positive_only,s1_plus_ig/mode=positive_only/ratio=2.0/keep=0.5,0.1497466344729494,0.0459130434782608,0.259375057001344,0.131578947368421,0.1378779036316883,0.9836363636363636,0.1559564205025872,S1/random_over,0.1948259013059969,0.016,0.3004541611014315,0.2105263157894736,0.1726500973791103,0.0154408776919951,0.2230146581629211,0.1150442477876106,-0.0450792668330475,0.0299130434782608,-0.0789473684210526,-0.03477219374742199
1,43,lgbm,s1_plus_ig,0.25,0.75,positive_only,s1_plus_ig/mode=positive_only/ratio=0.25/keep=0.75,0.1620226692076689,0.0855652173913043,0.262535307504079,0.1447368421052631,0.1532077266126662,0.98237012987013,0.1752010452601169,S1/random_over,0.1948259013059969,0.016,0.3004541611014315,0.2105263157894736,0.1726500973791103,0.0154408776919951,0.2230146581629211,0.1150442477876106,-0.032803232098328,0.0695652173913043,-0.06578947368421048,-0.01944237076644409
1,43,lgbm,s1_plus_ig,0.5,0.75,positive_only,s1_plus_ig/mode=positive_only/ratio=0.5/keep=0.75,0.1725767965554622,0.0386086956521739,0.2644656693705501,0.1578947368421052,0.1362999699440417,0.98237012987013,0.1752010452601169,S1/random_over,0.1948259013059969,0.016,0.3004541611014315,0.2105263157894736,0.1726500973791103,0.0154408776919951,0.2230146581629211,0.1150442477876106,-0.02224910475053468,0.022608695652173896,-0.05263157894736839,-0.0363501274350686
1,43,lgbm,s1_plus_ig,0.75,0.75,positive_only,s1_plus_ig/mode=positive_only/ratio=0.75/keep=0.75,0.1455109639377891,0.0208695652173913,0.2588607401176567,0.1052631578947368,0.136613233137653,0.98237012987013,0.1752010452601169,S1/random_over,0.1948259013059969,0.016,0.3004541611014315,0.2105263157894736,0.1726500973791103,0.0154408776919951,0.2230146581629211,0.1150442477876106,-0.0493149373682078,0.004869565217391299,-0.1052631578947368,-0.0360368642414573
1,43,lgbm,s1_plus_ig,1.0,0.75,positive_only,s1_plus_ig/mode=positive_only/ratio=1.0/keep=0.75,0.1481591065488763,0.0657391304347826,0.2508283130007431,0.1184210526315789,0.1312566413863437,0.98237012987013,0.1752010452601169,S1/random_over,0.1948259013059969,0.016,0.3004541611014315,0.2105263157894736,0.1726500973791103,0.0154408776919951,0.2230146581629211,0.1150442477876106,-0.0466667947571206,0.049739130434782605,-0.09210526315789469,-0.041393455992766615
1,43,lgbm,s1_plus_ig,1.5,0.75,positive_only,s1_plus_ig/mode=positive_only/ratio=1.5/keep=0.75,0.171172494604083,0.0208695652173913,0.2699476452439431,0.1842105263157894,0.1518065320786094,0.98237012987013,0.1752010452601169,S1/random_over,0.1948259013059969,0.016,0.3004541611014315,0.2105263157894736,0.1726500973791103,0.0154408776919951,0.2230146581629211,0.1150442477876106,-0.023653406701913904,0.004869565217391299,-0.02631578947368418,-0.02084356530050091
1,43,lgbm,s1_plus_ig,2.0,0.75,positive_only,s1_plus_ig/mode=positive_only/ratio=2.0/keep=0.75,0.1742856513379901,0.0507826086956521,0.2624873501979808,0.1447368421052631,0.1416526237590475,0.98237012987013,0.1752010452601169,S1/random_over,0.1948259013059969,0.016,0.3004541611014315,0.2105263157894736,0.1726500973791103,0.0154408776919951,0.2230146581629211,0.1150442477876106,-0.020540249968006796,0.0347826086956521,-0.06578947368421048,-0.030997473620062804
1,43,lgbm,s1_plus_ig,0.25,1.0,positive_only,s1_plus_ig/mode=positive_only/ratio=0.25/keep=1.0,0.1620226692076689,0.0855652173913043,0.262535307504079,0.1447368421052631,0.1532077266126662,0.9883116883116884,0.182479845978404,S1/random_over,0.1948259013059969,0.016,0.3004541611014315,0.2105263157894736,0.1726500973791103,0.0154408776919951,0.2230146581629211,0.1150442477876106,-0.032803232098328,0.0695652173913043,-0.06578947368421048,-0.01944237076644409
1,43,lgbm,s1_plus_ig,0.5,1.0,positive_only,s1_plus_ig/mode=positive_only/ratio=0.5/keep=1.0,0.1725767965554622,0.0386086956521739,0.2644656693705501,0.1578947368421052,0.1362999699440417,0.9883116883116884,0.182479845978404,S1/random_over,0.1948259013059969,0.016,0.3004541611014315,0.2105263157894736,0.1726500973791103,0.0154408776919951,0.2230146581629211,0.1150442477876106,-0.02224910475053468,0.022608695652173896,-0.05263157894736839,-0.0363501274350686
1,43,lgbm,s1_plus_ig,0.75,1.0,positive_only,s1_plus_ig/mode=positive_only/ratio=0.75/keep=1.0,0.1455109639377891,0.0208695652173913,0.2588607401176567,0.1052631578947368,0.136613233137653,0.9883116883116884,0.182479845978404,S1/random_over,0.1948259013059969,0.016,0.3004541611014315,0.2105263157894736,0.1726500973791103,0.0154408776919951,0.2230146581629211,0.1150442477876106,-0.0493149373682078,0.004869565217391299,-0.1052631578947368,-0.0360368642414573
1,43,lgbm,s1_plus_ig,1.0,1.0,positive_only,s1_plus_ig/mode=positive_only/ratio=1.0/keep=1.0,0.1481591065488763,0.0657391304347826,0.2508283130007431,0.1184210526315789,0.1312566413863437,0.9883116883116884,0.182479845978404,S1/random_over,0.1948259013059969,0.016,0.3004541611014315,0.2105263157894736,0.1726500973791103,0.0154408776919951,0.2230146581629211,0.1150442477876106,-0.0466667947571206,0.049739130434782605,-0.09210526315789469,-0.041393455992766615
1,43,lgbm,s1_plus_ig,1.5,1.0,positive_only,s1_plus_ig/mode=positive_only/ratio=1.5/keep=1.0,0.1628408549809295,0.0476521739130434,0.2872624146052354,0.131578947368421,0.1448039380905625,0.9883116883116884,0.182479845978404,S1/random_over,0.1948259013059969,0.016,0.3004541611014315,0.2105263157894736,0.1726500973791103,0.0154408776919951,0.2230146581629211,0.1150442477876106,-0.03198504632506738,0.0316521739130434,-0.0789473684210526,-0.027846159288547806
1,43,lgbm,s1_plus_ig,2.0,1.0,positive_only,s1_plus_ig/mode=positive_only/ratio=2.0/keep=1.0,0.1744462295879359,0.0118260869565217,0.2709027269095397,0.1973684210526315,0.1603509303861199,0.9883116883116884,0.182479845978404,S1/random_over,0.1948259013059969,0.016,0.3004541611014315,0.2105263157894736,0.1726500973791103,0.0154408776919951,0.2230146581629211,0.1150442477876106,-0.020379671718060988,-0.0041739130434783,-0.01315789473684209,-0.012299166992990412
1,44,lgbm,s1_plus_ig,0.25,0.25,positive_only,s1_plus_ig/mode=positive_only/ratio=0.25/keep=0.25,0.184468334204349,0.008695652173913,0.3015838027976174,0.2368421052631578,0.1442711581040915,0.9260072314049588,0.1274923926078988,S1/random_over,0.2023158863943266,0.04,0.2860958320063139,0.1973684210526315,0.1579394910802407,0.0394148720032507,0.1831308188237109,0.1150442477876106,-0.017847552189977606,-0.031304347826087,0.0394736842105263,-0.013668332976149195
1,44,lgbm,s1_plus_ig,0.5,0.25,positive_only,s1_plus_ig/mode=positive_only/ratio=0.5/keep=0.25,0.1763223204511978,0.0114782608695652,0.2604500290525385,0.1710526315789473,0.1298847623705525,0.9260072314049588,0.1274923926078988,S1/random_over,0.2023158863943266,0.04,0.2860958320063139,0.1973684210526315,0.1579394910802407,0.0394148720032507,0.1831308188237109,0.1150442477876106,-0.025993565943128794,-0.0285217391304348,-0.02631578947368421,-0.028054728709688198
1,44,lgbm,s1_plus_ig,0.75,0.25,positive_only,s1_plus_ig/mode=positive_only/ratio=0.75/keep=0.25,0.1581661915705497,0.0608695652173913,0.2537840406858845,0.1447368421052631,0.128354755514501,0.9260072314049588,0.1274923926078988,S1/random_over,0.2023158863943266,0.04,0.2860958320063139,0.1973684210526315,0.1579394910802407,0.0394148720032507,0.1831308188237109,0.1150442477876106,-0.0441496948237769,0.0208695652173913,-0.05263157894736839,-0.029584735565739678
1,44,lgbm,s1_plus_ig,1.0,0.25,positive_only,s1_plus_ig/mode=positive_only/ratio=1.0/keep=0.25,0.1813237787204346,0.0111304347826086,0.2634800884981908,0.1710526315789473,0.1264648203633359,0.9260072314049588,0.1274923926078988,S1/random_over,0.2023158863943266,0.04,0.2860958320063139,0.1973684210526315,0.1579394910802407,0.0394148720032507,0.1831308188237109,0.1150442477876106,-0.020992107673892008,-0.028869565217391403,-0.02631578947368421,-0.031474670716904796
1,44,lgbm,s1_plus_ig,1.5,0.25,positive_only,s1_plus_ig/mode=positive_only/ratio=1.5/keep=0.25,0.1634307841550014,0.0535652173913043,0.2395323363667164,0.1578947368421052,0.1361553379817505,0.9260072314049588,0.1274923926078988,S1/random_over,0.2023158863943266,0.04,0.2860958320063139,0.1973684210526315,0.1579394910802407,0.0394148720032507,0.1831308188237109,0.1150442477876106,-0.0388851022393252,0.013565217391304299,-0.0394736842105263,-0.02178415309849019
1,44,lgbm,s1_plus_ig,2.0,0.25,positive_only,s1_plus_ig/mode=positive_only/ratio=2.0/keep=0.25,0.1519500376031239,0.008,0.2508487453948902,0.1842105263157894,0.1295444330285365,0.9260072314049588,0.1274923926078988,S1/random_over,0.2023158863943266,0.04,0.2860958320063139,0.1973684210526315,0.1579394910802407,0.0394148720032507,0.1831308188237109,0.1150442477876106,-0.050365848791202705,-0.032,-0.01315789473684209,-0.028395058051704197
1,44,lgbm,s1_plus_ig,0.25,0.5,positive_only,s1_plus_ig/mode=positive_only/ratio=0.25/keep=0.5,0.184468334204349,0.008695652173913,0.3015838027976174,0.2368421052631578,0.1442711581040915,0.9947402597402596,0.1482491029713167,S1/random_over,0.2023158863943266,0.04,0.2860958320063139,0.1973684210526315,0.1579394910802407,0.0394148720032507,0.1831308188237109,0.1150442477876106,-0.017847552189977606,-0.031304347826087,0.0394736842105263,-0.013668332976149195
1,44,lgbm,s1_plus_ig,0.5,0.5,positive_only,s1_plus_ig/mode=positive_only/ratio=0.5/keep=0.5,0.1822907227415364,0.0107826086956521,0.3067527450714886,0.2368421052631578,0.1584996223311694,0.9947402597402596,0.1482491029713167,S1/random_over,0.2023158863943266,0.04,0.2860958320063139,0.1973684210526315,0.1579394910802407,0.0394148720032507,0.1831308188237109,0.1150442477876106,-0.020025163652790196,-0.029217391304347903,0.0394736842105263,0.0005601312509287137
1,44,lgbm,s1_plus_ig,0.75,0.5,positive_only,s1_plus_ig/mode=positive_only/ratio=0.75/keep=0.5,0.1655757174003444,0.0674782608695652,0.2400179996463816,0.1447368421052631,0.1378146578360334,0.9947402597402596,0.1482491029713167,S1/random_over,0.2023158863943266,0.04,0.2860958320063139,0.1973684210526315,0.1579394910802407,0.0394148720032507,0.1831308188237109,0.1150442477876106,-0.03674016899398219,0.027478260869565195,-0.05263157894736839,-0.020124833244207302
1,44,lgbm,s1_plus_ig,1.0,0.5,positive_only,s1_plus_ig/mode=positive_only/ratio=1.0/keep=0.5,0.1909861296471064,0.0132173913043478,0.2852161723613016,0.1973684210526315,0.1315275128042723,0.9947402597402596,0.1482491029713167,S1/random_over,0.2023158863943266,0.04,0.2860958320063139,0.1973684210526315,0.1579394910802407,0.0394148720032507,0.1831308188237109,0.1150442477876106,-0.011329756747220199,-0.026782608695652202,0.0,-0.02641197827596839
1,44,lgbm,s1_plus_ig,1.5,0.5,positive_only,s1_plus_ig/mode=positive_only/ratio=1.5/keep=0.5,0.1711871296610647,0.0584347826086956,0.2744832152055027,0.1578947368421052,0.1242225075336509,0.9947402597402596,0.1482491029713167,S1/random_over,0.2023158863943266,0.04,0.2860958320063139,0.1973684210526315,0.1579394910802407,0.0394148720032507,0.1831308188237109,0.1150442477876106,-0.031128756733261903,0.018434782608695598,-0.0394736842105263,-0.03371698354658979
1,44,lgbm,s1_plus_ig,2.0,0.5,positive_only,s1_plus_ig/mode=positive_only/ratio=2.0/keep=0.5,0.1733880996373102,0.0643478260869565,0.2830068286853979,0.1973684210526315,0.1396029864578143,0.9947402597402596,0.1482491029713167,S1/random_over,0.2023158863943266,0.04,0.2860958320063139,0.1973684210526315,0.1579394910802407,0.0394148720032507,0.1831308188237109,0.1150442477876106,-0.028927786757016405,0.024347826086956494,0.0,-0.01833650462242639
1,44,lgbm,s1_plus_ig,0.25,0.75,positive_only,s1_plus_ig/mode=positive_only/ratio=0.25/keep=0.75,0.184468334204349,0.008695652173913,0.3015838027976174,0.2368421052631578,0.1442711581040915,0.9991233766233768,0.167755440973252,S1/random_over,0.2023158863943266,0.04,0.2860958320063139,0.1973684210526315,0.1579394910802407,0.0394148720032507,0.1831308188237109,0.1150442477876106,-0.017847552189977606,-0.031304347826087,0.0394736842105263,-0.013668332976149195
1,44,lgbm,s1_plus_ig,0.5,0.75,positive_only,s1_plus_ig/mode=positive_only/ratio=0.5/keep=0.75,0.1822907227415364,0.0107826086956521,0.3067527450714886,0.2368421052631578,0.1584996223311694,0.9991233766233768,0.167755440973252,S1/random_over,0.2023158863943266,0.04,0.2860958320063139,0.1973684210526315,0.1579394910802407,0.0394148720032507,0.1831308188237109,0.1150442477876106,-0.020025163652790196,-0.029217391304347903,0.0394736842105263,0.0005601312509287137
1,44,lgbm,s1_plus_ig,0.75,0.75,positive_only,s1_plus_ig/mode=positive_only/ratio=0.75/keep=0.75,0.1835015529241626,0.0107826086956521,0.3067527450714886,0.2236842105263158,0.1167154542212783,0.9991233766233768,0.167755440973252,S1/random_over,0.2023158863943266,0.04,0.2860958320063139,0.1973684210526315,0.1579394910802407,0.0394148720032507,0.1831308188237109,0.1150442477876106,-0.018814333470164007,-0.029217391304347903,0.026315789473684292,-0.04122403685896239
1,44,lgbm,s1_plus_ig,1.0,0.75,positive_only,s1_plus_ig/mode=positive_only/ratio=1.0/keep=0.75,0.1538463378789002,0.0713043478260869,0.2541353183700088,0.1447368421052631,0.1283433525667662,0.9991233766233768,0.167755440973252,S1/random_over,0.2023158863943266,0.04,0.2860958320063139,0.1973684210526315,0.1579394910802407,0.0394148720032507,0.1831308188237109,0.1150442477876106,-0.0484695485154264,0.0313043478260869,-0.05263157894736839,-0.02959613851347448
1,44,lgbm,s1_plus_ig,1.5,0.75,positive_only,s1_plus_ig/mode=positive_only/ratio=1.5/keep=0.75,0.2072147628049248,0.0031304347826086,0.2733919471287809,0.1973684210526315,0.1713946206158652,0.9991233766233768,0.167755440973252,S1/random_over,0.2023158863943266,0.04,0.2860958320063139,0.1973684210526315,0.1579394910802407,0.0394148720032507,0.1831308188237109,0.1150442477876106,0.004898876410598191,-0.0368695652173914,0.0,0.0134551295356245
1,44,lgbm,s1_plus_ig,2.0,0.75,positive_only,s1_plus_ig/mode=positive_only/ratio=2.0/keep=0.75,0.1794750746409835,0.0114782608695652,0.2871626208832217,0.1973684210526315,0.1325579484786676,0.9991233766233768,0.167755440973252,S1/random_over,0.2023158863943266,0.04,0.2860958320063139,0.1973684210526315,0.1579394910802407,0.0394148720032507,0.1831308188237109,0.1150442477876106,-0.0228408117533431,-0.0285217391304348,0.0,-0.025381542601573104
1,44,lgbm,s1_plus_ig,0.25,1.0,positive_only,s1_plus_ig/mode=positive_only/ratio=0.25/keep=1.0,0.184468334204349,0.008695652173913,0.3015838027976174,0.2368421052631578,0.1442711581040915,0.996396103896104,0.1838509981017542,S1/random_over,0.2023158863943266,0.04,0.2860958320063139,0.1973684210526315,0.1579394910802407,0.0394148720032507,0.1831308188237109,0.1150442477876106,-0.017847552189977606,-0.031304347826087,0.0394736842105263,-0.013668332976149195
1,44,lgbm,s1_plus_ig,0.5,1.0,positive_only,s1_plus_ig/mode=positive_only/ratio=0.5/keep=1.0,0.1822907227415364,0.0107826086956521,0.3067527450714886,0.2368421052631578,0.1584996223311694,0.996396103896104,0.1838509981017542,S1/random_over,0.2023158863943266,0.04,0.2860958320063139,0.1973684210526315,0.1579394910802407,0.0394148720032507,0.1831308188237109,0.1150442477876106,-0.020025163652790196,-0.029217391304347903,0.0394736842105263,0.0005601312509287137
1,44,lgbm,s1_plus_ig,0.75,1.0,positive_only,s1_plus_ig/mode=positive_only/ratio=0.75/keep=1.0,0.1835015529241626,0.0107826086956521,0.3067527450714886,0.2236842105263158,0.1167154542212783,0.996396103896104,0.1838509981017542,S1/random_over,0.2023158863943266,0.04,0.2860958320063139,0.1973684210526315,0.1579394910802407,0.0394148720032507,0.1831308188237109,0.1150442477876106,-0.018814333470164007,-0.029217391304347903,0.026315789473684292,-0.04122403685896239
1,44,lgbm,s1_plus_ig,1.0,1.0,positive_only,s1_plus_ig/mode=positive_only/ratio=1.0/keep=1.0,0.1538463378789002,0.0713043478260869,0.2541353183700088,0.1447368421052631,0.1283433525667662,0.996396103896104,0.1838509981017542,S1/random_over,0.2023158863943266,0.04,0.2860958320063139,0.1973684210526315,0.1579394910802407,0.0394148720032507,0.1831308188237109,0.1150442477876106,-0.0484695485154264,0.0313043478260869,-0.05263157894736839,-0.02959613851347448
1,44,lgbm,s1_plus_ig,1.5,1.0,positive_only,s1_plus_ig/mode=positive_only/ratio=1.5/keep=1.0,0.1983681050141958,0.0156521739130434,0.3029700328321234,0.1842105263157894,0.1660480742876286,0.996396103896104,0.1838509981017542,S1/random_over,0.2023158863943266,0.04,0.2860958320063139,0.1973684210526315,0.1579394910802407,0.0394148720032507,0.1831308188237109,0.1150442477876106,-0.003947781380130799,-0.0243478260869566,-0.01315789473684209,0.008108583207387915
1,44,lgbm,s1_plus_ig,2.0,1.0,positive_only,s1_plus_ig/mode=positive_only/ratio=2.0/keep=1.0,0.2198078533665839,0.0107826086956521,0.3324004911886578,0.25,0.150012394222887,0.996396103896104,0.1838509981017542,S1/random_over,0.2023158863943266,0.04,0.2860958320063139,0.1973684210526315,0.1579394910802407,0.0394148720032507,0.1831308188237109,0.1150442477876106,0.0174919669722573,-0.029217391304347903,0.0526315789473685,-0.007927096857353683
1,45,lgbm,s1_plus_ig,0.25,0.25,positive_only,s1_plus_ig/mode=positive_only/ratio=0.25/keep=0.25,0.1595906529985569,0.0274782608695652,0.2589751735150747,0.1184210526315789,0.1504025542731597,0.928589876033058,0.1529763520629807,S1/smote,0.2028211230891053,0.0274782608695652,0.288902000266626,0.1710526315789473,0.1489711297317594,0.040633888663145,0.1485369698308564,0.1150442477876106,-0.043230470090548395,0.0,-0.05263157894736839,0.0014314245414003002
1,45,lgbm,s1_plus_ig,0.5,0.25,positive_only,s1_plus_ig/mode=positive_only/ratio=0.5/keep=0.25,0.1684050070978942,0.0365217391304347,0.2442472701727755,0.1447368421052631,0.1818661045471702,0.928589876033058,0.1529763520629807,S1/smote,0.2028211230891053,0.0274782608695652,0.288902000266626,0.1710526315789473,0.1489711297317594,0.040633888663145,0.1485369698308564,0.1150442477876106,-0.03441611599121111,0.009043478260869504,-0.02631578947368418,0.03289497481541079
1,45,lgbm,s1_plus_ig,0.75,0.25,positive_only,s1_plus_ig/mode=positive_only/ratio=0.75/keep=0.25,0.1675997678590792,0.0236521739130434,0.2556196004420774,0.1184210526315789,0.1644516342812182,0.928589876033058,0.1529763520629807,S1/smote,0.2028211230891053,0.0274782608695652,0.288902000266626,0.1710526315789473,0.1489711297317594,0.040633888663145,0.1485369698308564,0.1150442477876106,-0.03522135523002609,-0.0038260869565217986,-0.05263157894736839,0.01548050454945879
1,45,lgbm,s1_plus_ig,1.0,0.25,positive_only,s1_plus_ig/mode=positive_only/ratio=1.0/keep=0.25,0.1573003992097641,0.0212173913043478,0.2458449274734719,0.1052631578947368,0.164329253120581,0.928589876033058,0.1529763520629807,S1/smote,0.2028211230891053,0.0274782608695652,0.288902000266626,0.1710526315789473,0.1489711297317594,0.040633888663145,0.1485369698308564,0.1150442477876106,-0.045520723879341196,-0.006260869565217399,-0.0657894736842105,0.015358123388821587
1,45,lgbm,s1_plus_ig,1.5,0.25,positive_only,s1_plus_ig/mode=positive_only/ratio=1.5/keep=0.25,0.167979943608776,0.0427826086956521,0.2939487554117717,0.1184210526315789,0.168311662226832,0.928589876033058,0.1529763520629807,S1/smote,0.2028211230891053,0.0274782608695652,0.288902000266626,0.1710526315789473,0.1489711297317594,0.040633888663145,0.1485369698308564,0.1150442477876106,-0.034841179480329304,0.0153043478260869,-0.05263157894736839,0.019340532495072588
1,45,lgbm,s1_plus_ig,2.0,0.25,positive_only,s1_plus_ig/mode=positive_only/ratio=2.0/keep=0.25,0.1554458678392711,0.033391304347826,0.2551035271386838,0.1052631578947368,0.1618783157943824,0.928589876033058,0.1529763520629807,S1/smote,0.2028211230891053,0.0274782608695652,0.288902000266626,0.1710526315789473,0.1489711297317594,0.040633888663145,0.1485369698308564,0.1150442477876106,-0.047375255249834186,0.005913043478260802,-0.0657894736842105,0.012907186062622977
1,45,lgbm,s1_plus_ig,0.25,0.5,positive_only,s1_plus_ig/mode=positive_only/ratio=0.25/keep=0.5,0.1595906529985569,0.0274782608695652,0.2589751735150747,0.1184210526315789,0.1504025542731597,0.9771428571428572,0.1670080071601951,S1/smote,0.2028211230891053,0.0274782608695652,0.288902000266626,0.1710526315789473,0.1489711297317594,0.040633888663145,0.1485369698308564,0.1150442477876106,-0.043230470090548395,0.0,-0.05263157894736839,0.0014314245414003002
1,45,lgbm,s1_plus_ig,0.5,0.5,positive_only,s1_plus_ig/mode=positive_only/ratio=0.5/keep=0.5,0.213879154510849,0.0299130434782608,0.2878418585186524,0.1842105263157894,0.1933335162657269,0.9771428571428572,0.1670080071601951,S1/smote,0.2028211230891053,0.0274782608695652,0.288902000266626,0.1710526315789473,0.1489711297317594,0.040633888663145,0.1485369698308564,0.1150442477876106,0.011058031421743691,0.002434782608695601,0.013157894736842118,0.044362386533967485
1,45,lgbm,s1_plus_ig,0.75,0.5,positive_only,s1_plus_ig/mode=positive_only/ratio=0.75/keep=0.5,0.1736520519929654,0.0636521739130434,0.2699496003981564,0.1578947368421052,0.1423961274073987,0.9771428571428572,0.1670080071601951,S1/smote,0.2028211230891053,0.0274782608695652,0.288902000266626,0.1710526315789473,0.1489711297317594,0.040633888663145,0.1485369698308564,0.1150442477876106,-0.029169071096139892,0.036173913043478195,-0.01315789473684209,-0.006575002324360701
1,45,lgbm,s1_plus_ig,1.0,0.5,positive_only,s1_plus_ig/mode=positive_only/ratio=1.0/keep=0.5,0.1500672715969728,0.0845217391304347,0.257680078326974,0.1710526315789473,0.1450427654134103,0.9771428571428572,0.1670080071601951,S1/smote,0.2028211230891053,0.0274782608695652,0.288902000266626,0.1710526315789473,0.1489711297317594,0.040633888663145,0.1485369698308564,0.1150442477876106,-0.05275385149213249,0.0570434782608695,0.0,-0.003928364318349115
1,45,lgbm,s1_plus_ig,1.5,0.5,positive_only,s1_plus_ig/mode=positive_only/ratio=1.5/keep=0.5,0.1663058421867012,0.0469565217391304,0.2647344098926343,0.1447368421052631,0.1532563333427341,0.9771428571428572,0.1670080071601951,S1/smote,0.2028211230891053,0.0274782608695652,0.288902000266626,0.1710526315789473,0.1489711297317594,0.040633888663145,0.1485369698308564,0.1150442477876106,-0.03651528090240411,0.0194782608695652,-0.02631578947368418,0.004285203610974703
1,45,lgbm,s1_plus_ig,2.0,0.5,positive_only,s1_plus_ig/mode=positive_only/ratio=2.0/keep=0.5,0.158587234855885,0.0309565217391304,0.2546781789618436,0.131578947368421,0.1573951018566245,0.9771428571428572,0.1670080071601951,S1/smote,0.2028211230891053,0.0274782608695652,0.288902000266626,0.1710526315789473,0.1489711297317594,0.040633888663145,0.1485369698308564,0.1150442477876106,-0.0442338882332203,0.0034782608695652015,-0.0394736842105263,0.008423972124865092
1,45,lgbm,s1_plus_ig,0.25,0.75,positive_only,s1_plus_ig/mode=positive_only/ratio=0.25/keep=0.75,0.1595906529985569,0.0274782608695652,0.2589751735150747,0.1184210526315789,0.1504025542731597,0.9882467532467532,0.1336721946631227,S1/smote,0.2028211230891053,0.0274782608695652,0.288902000266626,0.1710526315789473,0.1489711297317594,0.040633888663145,0.1485369698308564,0.1150442477876106,-0.043230470090548395,0.0,-0.05263157894736839,0.0014314245414003002
1,45,lgbm,s1_plus_ig,0.5,0.75,positive_only,s1_plus_ig/mode=positive_only/ratio=0.5/keep=0.75,0.213879154510849,0.0299130434782608,0.2878418585186524,0.1842105263157894,0.1933335162657269,0.9882467532467532,0.1336721946631227,S1/smote,0.2028211230891053,0.0274782608695652,0.288902000266626,0.1710526315789473,0.1489711297317594,0.040633888663145,0.1485369698308564,0.1150442477876106,0.011058031421743691,0.002434782608695601,0.013157894736842118,0.044362386533967485
1,45,lgbm,s1_plus_ig,0.75,0.75,positive_only,s1_plus_ig/mode=positive_only/ratio=0.75/keep=0.75,0.1700669192579735,0.0090434782608695,0.2548561639978573,0.1973684210526315,0.1363874724076842,0.9882467532467532,0.1336721946631227,S1/smote,0.2028211230891053,0.0274782608695652,0.288902000266626,0.1710526315789473,0.1489711297317594,0.040633888663145,0.1485369698308564,0.1150442477876106,-0.03275420383113181,-0.018434782608695698,0.02631578947368421,-0.01258365732407521
1,45,lgbm,s1_plus_ig,1.0,0.75,positive_only,s1_plus_ig/mode=positive_only/ratio=1.0/keep=0.75,0.1503708337541818,0.0365217391304347,0.2534170084911305,0.1184210526315789,0.1385586027801802,0.9882467532467532,0.1336721946631227,S1/smote,0.2028211230891053,0.0274782608695652,0.288902000266626,0.1710526315789473,0.1489711297317594,0.040633888663145,0.1485369698308564,0.1150442477876106,-0.05245028933492349,0.009043478260869504,-0.05263157894736839,-0.01041252695157921
1,45,lgbm,s1_plus_ig,1.5,0.75,positive_only,s1_plus_ig/mode=positive_only/ratio=1.5/keep=0.75,0.195666842280638,0.0330434782608695,0.2844626005471409,0.1710526315789473,0.1519941077394374,0.9882467532467532,0.1336721946631227,S1/smote,0.2028211230891053,0.0274782608695652,0.288902000266626,0.1710526315789473,0.1489711297317594,0.040633888663145,0.1485369698308564,0.1150442477876106,-0.007154280808467306,0.005565217391304302,0.0,0.003022978007677979
1,45,lgbm,s1_plus_ig,2.0,0.75,positive_only,s1_plus_ig/mode=positive_only/ratio=2.0/keep=0.75,0.1597487401115472,0.0483478260869565,0.2690492961474309,0.1184210526315789,0.1397802340773627,0.9882467532467532,0.1336721946631227,S1/smote,0.2028211230891053,0.0274782608695652,0.288902000266626,0.1710526315789473,0.1489711297317594,0.040633888663145,0.1485369698308564,0.1150442477876106,-0.04307238297755811,0.020869565217391303,-0.05263157894736839,-0.009190895654396708
1,45,lgbm,s1_plus_ig,0.25,1.0,positive_only,s1_plus_ig/mode=positive_only/ratio=0.25/keep=1.0,0.1595906529985569,0.0274782608695652,0.2589751735150747,0.1184210526315789,0.1504025542731597,0.989090909090909,0.1481003447372335,S1/smote,0.2028211230891053,0.0274782608695652,0.288902000266626,0.1710526315789473,0.1489711297317594,0.040633888663145,0.1485369698308564,0.1150442477876106,-0.043230470090548395,0.0,-0.05263157894736839,0.0014314245414003002
1,45,lgbm,s1_plus_ig,0.5,1.0,positive_only,s1_plus_ig/mode=positive_only/ratio=0.5/keep=1.0,0.213879154510849,0.0299130434782608,0.2878418585186524,0.1842105263157894,0.1933335162657269,0.989090909090909,0.1481003447372335,S1/smote,0.2028211230891053,0.0274782608695652,0.288902000266626,0.1710526315789473,0.1489711297317594,0.040633888663145,0.1485369698308564,0.1150442477876106,0.011058031421743691,0.002434782608695601,0.013157894736842118,0.044362386533967485
1,45,lgbm,s1_plus_ig,0.75,1.0,positive_only,s1_plus_ig/mode=positive_only/ratio=0.75/keep=1.0,0.1700669192579735,0.0090434782608695,0.2548561639978573,0.1973684210526315,0.1363874724076842,0.989090909090909,0.1481003447372335,S1/smote,0.2028211230891053,0.0274782608695652,0.288902000266626,0.1710526315789473,0.1489711297317594,0.040633888663145,0.1485369698308564,0.1150442477876106,-0.03275420383113181,-0.018434782608695698,0.02631578947368421,-0.01258365732407521
1,45,lgbm,s1_plus_ig,1.0,1.0,positive_only,s1_plus_ig/mode=positive_only/ratio=1.0/keep=1.0,0.1503708337541818,0.0365217391304347,0.2534170084911305,0.1184210526315789,0.1385586027801802,0.989090909090909,0.1481003447372335,S1/smote,0.2028211230891053,0.0274782608695652,0.288902000266626,0.1710526315789473,0.1489711297317594,0.040633888663145,0.1485369698308564,0.1150442477876106,-0.05245028933492349,0.009043478260869504,-0.05263157894736839,-0.01041252695157921
1,45,lgbm,s1_plus_ig,1.5,1.0,positive_only,s1_plus_ig/mode=positive_only/ratio=1.5/keep=1.0,0.148202273095052,0.0688695652173913,0.2589473860690496,0.0921052631578947,0.1208108021145125,0.989090909090909,0.1481003447372335,S1/smote,0.2028211230891053,0.0274782608695652,0.288902000266626,0.1710526315789473,0.1489711297317594,0.040633888663145,0.1485369698308564,0.1150442477876106,-0.05461884999405331,0.04139130434782609,-0.07894736842105259,-0.028160327617246905
1,45,lgbm,s1_plus_ig,2.0,1.0,positive_only,s1_plus_ig/mode=positive_only/ratio=2.0/keep=1.0,0.169765292660223,0.0330434782608695,0.2751686511569638,0.1578947368421052,0.1194856545024924,0.989090909090909,0.1481003447372335,S1/smote,0.2028211230891053,0.0274782608695652,0.288902000266626,0.1710526315789473,0.1489711297317594,0.040633888663145,0.1485369698308564,0.1150442477876106,-0.0330558304288823,0.005565217391304302,-0.01315789473684209,-0.029485475229267005
1,46,lgbm,s1_plus_ig,0.25,0.25,positive_only,s1_plus_ig/mode=positive_only/ratio=0.25/keep=0.25,0.1834656946769135,0.0177391304347826,0.2999786003322272,0.1842105263157894,0.139017198025043,0.9501549586776858,0.184011062336122,S0/none,0.2153677457163523,0.0288695652173913,0.2826901644504098,0.1973684210526315,0.1566293781745764,0.0251930109711499,0.186313198950864,0.0973451327433628,-0.0319020510394388,-0.011130434782608698,-0.01315789473684209,-0.01761218014953339
1,46,lgbm,s1_plus_ig,0.5,0.25,positive_only,s1_plus_ig/mode=positive_only/ratio=0.5/keep=0.25,0.1894637966999375,0.0226086956521739,0.2821937322197576,0.1710526315789473,0.1447468431451115,0.9501549586776858,0.184011062336122,S0/none,0.2153677457163523,0.0288695652173913,0.2826901644504098,0.1973684210526315,0.1566293781745764,0.0251930109711499,0.186313198950864,0.0973451327433628,-0.025903949016414823,-0.006260869565217399,-0.02631578947368421,-0.011882535029464902
1,46,lgbm,s1_plus_ig,0.75,0.25,positive_only,s1_plus_ig/mode=positive_only/ratio=0.75/keep=0.25,0.1677926117883968,0.0059130434782608,0.2770120491799984,0.1973684210526315,0.1395679559522509,0.9501549586776858,0.184011062336122,S0/none,0.2153677457163523,0.0288695652173913,0.2826901644504098,0.1973684210526315,0.1566293781745764,0.0251930109711499,0.186313198950864,0.0973451327433628,-0.04757513392795551,-0.0229565217391305,0.0,-0.017061422222325484
1,46,lgbm,s1_plus_ig,1.0,0.25,positive_only,s1_plus_ig/mode=positive_only/ratio=1.0/keep=0.25,0.1597724720641352,0.0316521739130434,0.2711674557762101,0.131578947368421,0.1255745440006911,0.9501549586776858,0.184011062336122,S0/none,0.2153677457163523,0.0288695652173913,0.2826901644504098,0.1973684210526315,0.1566293781745764,0.0251930109711499,0.186313198950864,0.0973451327433628,-0.055595273652217114,0.0027826086956520973,-0.06578947368421051,-0.0310548341738853
1,46,lgbm,s1_plus_ig,1.5,0.25,positive_only,s1_plus_ig/mode=positive_only/ratio=1.5/keep=0.25,0.1828570858744319,0.0271304347826086,0.2905065991340697,0.2105263157894736,0.1278802400538352,0.9501549586776858,0.184011062336122,S0/none,0.2153677457163523,0.0288695652173913,0.2826901644504098,0.1973684210526315,0.1566293781745764,0.0251930109711499,0.186313198950864,0.0973451327433628,-0.03251065984192042,-0.0017391304347826979,0.01315789473684209,-0.028749138120741202
1,46,lgbm,s1_plus_ig,2.0,0.25,positive_only,s1_plus_ig/mode=positive_only/ratio=2.0/keep=0.25,0.1859088196829038,0.0420869565217391,0.2621533522956401,0.1842105263157894,0.1459993344052965,0.9501549586776858,0.184011062336122,S0/none,0.2153677457163523,0.0288695652173913,0.2826901644504098,0.1973684210526315,0.1566293781745764,0.0251930109711499,0.186313198950864,0.0973451327433628,-0.029458926033448518,0.013217391304347799,-0.01315789473684209,-0.010630043769279895
1,46,lgbm,s1_plus_ig,0.25,0.5,positive_only,s1_plus_ig/mode=positive_only/ratio=0.25/keep=0.5,0.1834656946769135,0.0177391304347826,0.2999786003322272,0.1842105263157894,0.139017198025043,0.9785389610389612,0.1789377619068434,S0/none,0.2153677457163523,0.0288695652173913,0.2826901644504098,0.1973684210526315,0.1566293781745764,0.0251930109711499,0.186313198950864,0.0973451327433628,-0.0319020510394388,-0.011130434782608698,-0.01315789473684209,-0.01761218014953339
1,46,lgbm,s1_plus_ig,0.5,0.5,positive_only,s1_plus_ig/mode=positive_only/ratio=0.5/keep=0.5,0.1696841227577269,0.0709565217391304,0.2476936311854898,0.1710526315789473,0.1277189779723674,0.9785389610389612,0.1789377619068434,S0/none,0.2153677457163523,0.0288695652173913,0.2826901644504098,0.1973684210526315,0.1566293781745764,0.0251930109711499,0.186313198950864,0.0973451327433628,-0.04568362295862541,0.042086956521739105,-0.02631578947368421,-0.028910400202209002
1,46,lgbm,s1_plus_ig,0.75,0.5,positive_only,s1_plus_ig/mode=positive_only/ratio=0.75/keep=0.5,0.1778619314226383,0.0104347826086956,0.2698151680001167,0.1973684210526315,0.1338650099347967,0.9785389610389612,0.1789377619068434,S0/none,0.2153677457163523,0.0288695652173913,0.2826901644504098,0.1973684210526315,0.1566293781745764,0.0251930109711499,0.186313198950864,0.0973451327433628,-0.037505814293714024,-0.0184347826086957,0.0,-0.022764368239779703
1,46,lgbm,s1_plus_ig,1.0,0.5,positive_only,s1_plus_ig/mode=positive_only/ratio=1.0/keep=0.5,0.1851544847629162,0.0222608695652173,0.26255012415752,0.1710526315789473,0.1677985349303183,0.9785389610389612,0.1789377619068434,S0/none,0.2153677457163523,0.0288695652173913,0.2826901644504098,0.1973684210526315,0.1566293781745764,0.0251930109711499,0.186313198950864,0.0973451327433628,-0.0302132609534361,-0.006608695652174,-0.02631578947368421,0.0111691567557419
1,46,lgbm,s1_plus_ig,1.5,0.5,positive_only,s1_plus_ig/mode=positive_only/ratio=1.5/keep=0.5,0.1721389242451275,0.0205217391304347,0.2718765527618415,0.1710526315789473,0.1369879517768218,0.9785389610389612,0.1789377619068434,S0/none,0.2153677457163523,0.0288695652173913,0.2826901644504098,0.1973684210526315,0.1566293781745764,0.0251930109711499,0.186313198950864,0.0973451327433628,-0.04322882147122481,-0.0083478260869566,-0.02631578947368421,-0.019641426397754597
1,46,lgbm,s1_plus_ig,2.0,0.5,positive_only,s1_plus_ig/mode=positive_only/ratio=2.0/keep=0.5,0.1667331902285226,0.0097391304347826,0.2765501909210788,0.2236842105263158,0.1403551706127089,0.9785389610389612,0.1789377619068434,S0/none,0.2153677457163523,0.0288695652173913,0.2826901644504098,0.1973684210526315,0.1566293781745764,0.0251930109711499,0.186313198950864,0.0973451327433628,-0.04863455548782972,-0.019130434782608702,0.026315789473684292,-0.016274207561867482
1,46,lgbm,s1_plus_ig,0.25,0.75,positive_only,s1_plus_ig/mode=positive_only/ratio=0.25/keep=0.75,0.1834656946769135,0.0177391304347826,0.2999786003322272,0.1842105263157894,0.139017198025043,0.9950324675324675,0.1850428010973515,S0/none,0.2153677457163523,0.0288695652173913,0.2826901644504098,0.1973684210526315,0.1566293781745764,0.0251930109711499,0.186313198950864,0.0973451327433628,-0.0319020510394388,-0.011130434782608698,-0.01315789473684209,-0.01761218014953339
1,46,lgbm,s1_plus_ig,0.5,0.75,positive_only,s1_plus_ig/mode=positive_only/ratio=0.5/keep=0.75,0.1696841227577269,0.0709565217391304,0.2476936311854898,0.1710526315789473,0.1277189779723674,0.9950324675324675,0.1850428010973515,S0/none,0.2153677457163523,0.0288695652173913,0.2826901644504098,0.1973684210526315,0.1566293781745764,0.0251930109711499,0.186313198950864,0.0973451327433628,-0.04568362295862541,0.042086956521739105,-0.02631578947368421,-0.028910400202209002
1,46,lgbm,s1_plus_ig,0.75,0.75,positive_only,s1_plus_ig/mode=positive_only/ratio=0.75/keep=0.75,0.1800847406013294,0.0163478260869565,0.3209423127332561,0.1842105263157894,0.1355898014087341,0.9950324675324675,0.1850428010973515,S0/none,0.2153677457163523,0.0288695652173913,0.2826901644504098,0.1973684210526315,0.1566293781745764,0.0251930109711499,0.186313198950864,0.0973451327433628,-0.035283005115022914,-0.012521739130434799,-0.01315789473684209,-0.021039576765842283
1,46,lgbm,s1_plus_ig,1.0,0.75,positive_only,s1_plus_ig/mode=positive_only/ratio=1.0/keep=0.75,0.1850296731472335,0.0069565217391304,0.2937436777070532,0.2105263157894736,0.1513871286955577,0.9950324675324675,0.1850428010973515,S0/none,0.2153677457163523,0.0288695652173913,0.2826901644504098,0.1973684210526315,0.1566293781745764,0.0251930109711499,0.186313198950864,0.0973451327433628,-0.0303380725691188,-0.0219130434782609,0.01315789473684209,-0.00524224947901869
1,46,lgbm,s1_plus_ig,1.5,0.75,positive_only,s1_plus_ig/mode=positive_only/ratio=1.5/keep=0.75,0.1831976492518722,0.0062608695652173,0.2721640999387597,0.1842105263157894,0.152142465604364,0.9950324675324675,0.1850428010973515,S0/none,0.2153677457163523,0.0288695652173913,0.2826901644504098,0.1973684210526315,0.1566293781745764,0.0251930109711499,0.186313198950864,0.0973451327433628,-0.0321700964644801,-0.022608695652174,-0.01315789473684209,-0.004486912570212387
1,46,lgbm,s1_plus_ig,2.0,0.75,positive_only,s1_plus_ig/mode=positive_only/ratio=2.0/keep=0.75,0.2154410190207351,0.0045217391304347,0.298934563346204,0.2236842105263158,0.1601931292723377,0.9950324675324675,0.1850428010973515,S0/none,0.2153677457163523,0.0288695652173913,0.2826901644504098,0.1973684210526315,0.1566293781745764,0.0251930109711499,0.186313198950864,0.0973451327433628,7.327330438278157e-05,-0.024347826086956598,0.026315789473684292,0.003563751097761303
1,46,lgbm,s1_plus_ig,0.25,1.0,positive_only,s1_plus_ig/mode=positive_only/ratio=0.25/keep=1.0,0.1834656946769135,0.0177391304347826,0.2999786003322272,0.1842105263157894,0.139017198025043,0.9967207792207792,0.1771106250506872,S0/none,0.2153677457163523,0.0288695652173913,0.2826901644504098,0.1973684210526315,0.1566293781745764,0.0251930109711499,0.186313198950864,0.0973451327433628,-0.0319020510394388,-0.011130434782608698,-0.01315789473684209,-0.01761218014953339
1,46,lgbm,s1_plus_ig,0.5,1.0,positive_only,s1_plus_ig/mode=positive_only/ratio=0.5/keep=1.0,0.1696841227577269,0.0709565217391304,0.2476936311854898,0.1710526315789473,0.1277189779723674,0.9967207792207792,0.1771106250506872,S0/none,0.2153677457163523,0.0288695652173913,0.2826901644504098,0.1973684210526315,0.1566293781745764,0.0251930109711499,0.186313198950864,0.0973451327433628,-0.04568362295862541,0.042086956521739105,-0.02631578947368421,-0.028910400202209002
1,46,lgbm,s1_plus_ig,0.75,1.0,positive_only,s1_plus_ig/mode=positive_only/ratio=0.75/keep=1.0,0.1800847406013294,0.0163478260869565,0.3209423127332561,0.1842105263157894,0.1355898014087341,0.9967207792207792,0.1771106250506872,S0/none,0.2153677457163523,0.0288695652173913,0.2826901644504098,0.1973684210526315,0.1566293781745764,0.0251930109711499,0.186313198950864,0.0973451327433628,-0.035283005115022914,-0.012521739130434799,-0.01315789473684209,-0.021039576765842283
1,46,lgbm,s1_plus_ig,1.0,1.0,positive_only,s1_plus_ig/mode=positive_only/ratio=1.0/keep=1.0,0.1850296731472335,0.0069565217391304,0.2937436777070532,0.2105263157894736,0.1513871286955577,0.9967207792207792,0.1771106250506872,S0/none,0.2153677457163523,0.0288695652173913,0.2826901644504098,0.1973684210526315,0.1566293781745764,0.0251930109711499,0.186313198950864,0.0973451327433628,-0.0303380725691188,-0.0219130434782609,0.01315789473684209,-0.00524224947901869
1,46,lgbm,s1_plus_ig,1.5,1.0,positive_only,s1_plus_ig/mode=positive_only/ratio=1.5/keep=1.0,0.2017356681190781,0.0090434782608695,0.3114657839391592,0.25,0.1606894983071464,0.9967207792207792,0.1771106250506872,S0/none,0.2153677457163523,0.0288695652173913,0.2826901644504098,0.1973684210526315,0.1566293781745764,0.0251930109711499,0.186313198950864,0.0973451327433628,-0.013632077597274223,-0.0198260869565218,0.0526315789473685,0.004060120132570011
1,46,lgbm,s1_plus_ig,2.0,1.0,positive_only,s1_plus_ig/mode=positive_only/ratio=2.0/keep=1.0,0.1974827188011613,0.0076521739130434,0.3139569900513787,0.2368421052631578,0.1563058824011323,0.9967207792207792,0.1771106250506872,S0/none,0.2153677457163523,0.0288695652173913,0.2826901644504098,0.1973684210526315,0.1566293781745764,0.0251930109711499,0.186313198950864,0.0973451327433628,-0.017885026915191005,-0.0212173913043479,0.0394736842105263,-0.0003234957734440935
2,42,lgbm,s1_plus_ig,0.25,0.25,positive_only,s1_plus_ig/mode=positive_only/ratio=0.25/keep=0.25,0.0240607629013186,0.488356280809111,0.061142551809638,0.0159574468085106,0.0222409401784944,0.9827981488074048,0.0170449258698598,S1/random_over,0.0319604632609388,0.036036036036036,0.0770308633450385,0.0425531914893617,0.0250637515424193,0.0337957497048406,0.031193050327818,0.008695652173913,-0.0078997003596202,0.452320244773075,-0.026595744680851102,-0.0028228113639248986
2,42,lgbm,s1_plus_ig,0.5,0.25,positive_only,s1_plus_ig/mode=positive_only/ratio=0.5/keep=0.25,0.0235684722340215,0.3307836138024817,0.0516599187099581,0.0159574468085106,0.0247844896149569,0.9827981488074048,0.0170449258698598,S1/random_over,0.0319604632609388,0.036036036036036,0.0770308633450385,0.0425531914893617,0.0250637515424193,0.0337957497048406,0.031193050327818,0.008695652173913,-0.0083919910269173,0.2947475777664457,-0.026595744680851102,-0.00027926192746239795
2,42,lgbm,s1_plus_ig,0.75,0.25,positive_only,s1_plus_ig/mode=positive_only/ratio=0.75/keep=0.25,0.0284320042988647,0.2072072072072072,0.0633878644721282,0.026595744680851,0.0269116217884526,0.9827981488074048,0.0170449258698598,S1/random_over,0.0319604632609388,0.036036036036036,0.0770308633450385,0.0425531914893617,0.0250637515424193,0.0337957497048406,0.031193050327818,0.008695652173913,-0.003528458962074099,0.1711711711711712,-0.0159574468085107,0.0018478702460332994
2,42,lgbm,s1_plus_ig,1.0,0.25,positive_only,s1_plus_ig/mode=positive_only/ratio=1.0/keep=0.25,0.0264752015246832,0.1877443481217066,0.0685076976132356,0.0212765957446808,0.0253224001418835,0.9827981488074048,0.0170449258698598,S1/random_over,0.0319604632609388,0.036036036036036,0.0770308633450385,0.0425531914893617,0.0250637515424193,0.0337957497048406,0.031193050327818,0.008695652173913,-0.0054852617362556,0.1517083120856706,-0.021276595744680903,0.0002586485994642007
2,42,lgbm,s1_plus_ig,1.5,0.25,positive_only,s1_plus_ig/mode=positive_only/ratio=1.5/keep=0.25,0.0249264767611848,0.3601053884072752,0.0568208076245534,0.0159574468085106,0.0249385017714766,0.9827981488074048,0.0170449258698598,S1/random_over,0.0319604632609388,0.036036036036036,0.0770308633450385,0.0425531914893617,0.0250637515424193,0.0337957497048406,0.031193050327818,0.008695652173913,-0.007033986499754001,0.3240693523712392,-0.026595744680851102,-0.00012524977094269946
2,42,lgbm,s1_plus_ig,2.0,0.25,positive_only,s1_plus_ig/mode=positive_only/ratio=2.0/keep=0.25,0.0289116078089257,0.1610572836987931,0.0744685509121675,0.0159574468085106,0.0240737520536526,0.9827981488074048,0.0170449258698598,S1/random_over,0.0319604632609388,0.036036036036036,0.0770308633450385,0.0425531914893617,0.0250637515424193,0.0337957497048406,0.031193050327818,0.008695652173913,-0.0030488554520131,0.1250212476627571,-0.026595744680851102,-0.000989999488766699
2,42,lgbm,s1_plus_ig,0.25,0.5,positive_only,s1_plus_ig/mode=positive_only/ratio=0.25/keep=0.5,0.0240607629013186,0.488356280809111,0.061142551809638,0.0159574468085106,0.0222409401784944,0.9975898896404416,0.0194555937682482,S1/random_over,0.0319604632609388,0.036036036036036,0.0770308633450385,0.0425531914893617,0.0250637515424193,0.0337957497048406,0.031193050327818,0.008695652173913,-0.0078997003596202,0.452320244773075,-0.026595744680851102,-0.0028228113639248986
2,42,lgbm,s1_plus_ig,0.5,0.5,positive_only,s1_plus_ig/mode=positive_only/ratio=0.5/keep=0.5,0.026890792749094,0.2125616182219955,0.059598817651443,0.0159574468085106,0.0253657548666651,0.9975898896404416,0.0194555937682482,S1/random_over,0.0319604632609388,0.036036036036036,0.0770308633450385,0.0425531914893617,0.0250637515424193,0.0337957497048406,0.031193050327818,0.008695652173913,-0.005069670511844801,0.1765255821859595,-0.026595744680851102,0.0003020033242458024
2,42,lgbm,s1_plus_ig,0.75,0.5,positive_only,s1_plus_ig/mode=positive_only/ratio=0.75/keep=0.5,0.0241820767293,0.259901410844807,0.0543276908782688,0.0372340425531914,0.0228663423163649,0.9975898896404416,0.0194555937682482,S1/random_over,0.0319604632609388,0.036036036036036,0.0770308633450385,0.0425531914893617,0.0250637515424193,0.0337957497048406,0.031193050327818,0.008695652173913,-0.007778386531638801,0.223865374808771,-0.005319148936170304,-0.0021974092260543983
2,42,lgbm,s1_plus_ig,1.0,0.5,positive_only,s1_plus_ig/mode=positive_only/ratio=1.0/keep=0.5,0.0242384552307922,0.5736868944416115,0.0537801482264557,0.0106382978723404,0.0268988417840635,0.9975898896404416,0.0194555937682482,S1/random_over,0.0319604632609388,0.036036036036036,0.0770308633450385,0.0425531914893617,0.0250637515424193,0.0337957497048406,0.031193050327818,0.008695652173913,-0.0077220080301465994,0.5376508584055755,-0.0319148936170213,0.0018350902416442022
2,42,lgbm,s1_plus_ig,1.5,0.5,positive_only,s1_plus_ig/mode=positive_only/ratio=1.5/keep=0.5,0.0249362835000207,0.2046574876763556,0.0612066175737678,0.0159574468085106,0.0285787282563582,0.9975898896404416,0.0194555937682482,S1/random_over,0.0319604632609388,0.036036036036036,0.0770308633450385,0.0425531914893617,0.0250637515424193,0.0337957497048406,0.031193050327818,0.008695652173913,-0.007024179760918101,0.1686214516403196,-0.026595744680851102,0.0035149767139389006
2,42,lgbm,s1_plus_ig,2.0,0.5,positive_only,s1_plus_ig/mode=positive_only/ratio=2.0/keep=0.5,0.0240451837292908,0.1974332823389427,0.0626054240347257,0.0212765957446808,0.0435067916053641,0.9975898896404416,0.0194555937682482,S1/random_over,0.0319604632609388,0.036036036036036,0.0770308633450385,0.0425531914893617,0.0250637515424193,0.0337957497048406,0.031193050327818,0.008695652173913,-0.007915279531648,0.1613972463029067,-0.021276595744680903,0.018443040062944803
2,42,lgbm,s1_plus_ig,0.25,0.75,positive_only,s1_plus_ig/mode=positive_only/ratio=0.25/keep=0.75,0.0240607629013186,0.488356280809111,0.061142551809638,0.0159574468085106,0.0222409401784944,0.9986507653969384,0.0185628994443494,S1/random_over,0.0319604632609388,0.036036036036036,0.0770308633450385,0.0425531914893617,0.0250637515424193,0.0337957497048406,0.031193050327818,0.008695652173913,-0.0078997003596202,0.452320244773075,-0.026595744680851102,-0.0028228113639248986
2,42,lgbm,s1_plus_ig,0.5,0.75,positive_only,s1_plus_ig/mode=positive_only/ratio=0.5/keep=0.75,0.026890792749094,0.2125616182219955,0.059598817651443,0.0159574468085106,0.0253657548666651,0.9986507653969384,0.0185628994443494,S1/random_over,0.0319604632609388,0.036036036036036,0.0770308633450385,0.0425531914893617,0.0250637515424193,0.0337957497048406,0.031193050327818,0.008695652173913,-0.005069670511844801,0.1765255821859595,-0.026595744680851102,0.0003020033242458024
2,42,lgbm,s1_plus_ig,0.75,0.75,positive_only,s1_plus_ig/mode=positive_only/ratio=0.75/keep=0.75,0.0222748944245963,0.3999660037395886,0.0577425155524188,0.0159574468085106,0.0240325623250317,0.9986507653969384,0.0185628994443494,S1/random_over,0.0319604632609388,0.036036036036036,0.0770308633450385,0.0425531914893617,0.0250637515424193,0.0337957497048406,0.031193050327818,0.008695652173913,-0.0096855688363425,0.3639299677035526,-0.026595744680851102,-0.0010311892173875993
2,42,lgbm,s1_plus_ig,1.0,0.75,positive_only,s1_plus_ig/mode=positive_only/ratio=1.0/keep=0.75,0.0273068264403202,0.1433792282848886,0.0619073006365184,0.0212765957446808,0.0252449278292251,0.9986507653969384,0.0185628994443494,S1/random_over,0.0319604632609388,0.036036036036036,0.0770308633450385,0.0425531914893617,0.0250637515424193,0.0337957497048406,0.031193050327818,0.008695652173913,-0.0046536368206186,0.10734319224885261,-0.021276595744680903,0.0001811762868057995
2,42,lgbm,s1_plus_ig,1.5,0.75,positive_only,s1_plus_ig/mode=positive_only/ratio=1.5/keep=0.75,0.0265003306800445,0.2191908890022097,0.0585629618916746,0.0319148936170212,0.0261972196309986,0.9986507653969384,0.0185628994443494,S1/random_over,0.0319604632609388,0.036036036036036,0.0770308633450385,0.0425531914893617,0.0250637515424193,0.0337957497048406,0.031193050327818,0.008695652173913,-0.005460132580894301,0.1831548529661737,-0.010638297872340503,0.0011334680885793022
2,42,lgbm,s1_plus_ig,2.0,0.75,positive_only,s1_plus_ig/mode=positive_only/ratio=2.0/keep=0.75,0.0414076071891314,0.0237973822879483,0.1062888931411782,0.0585106382978723,0.0300345290082941,0.9986507653969384,0.0185628994443494,S1/random_over,0.0319604632609388,0.036036036036036,0.0770308633450385,0.0425531914893617,0.0250637515424193,0.0337957497048406,0.031193050327818,0.008695652173913,0.009447143928192597,-0.012238653748087702,0.0159574468085106,0.0049707774658748
2,42,lgbm,s1_plus_ig,0.25,1.0,positive_only,s1_plus_ig/mode=positive_only/ratio=0.25/keep=1.0,0.0240607629013186,0.488356280809111,0.061142551809638,0.0159574468085106,0.0222409401784944,0.998935564257743,0.0175785935835838,S1/random_over,0.0319604632609388,0.036036036036036,0.0770308633450385,0.0425531914893617,0.0250637515424193,0.0337957497048406,0.031193050327818,0.008695652173913,-0.0078997003596202,0.452320244773075,-0.026595744680851102,-0.0028228113639248986
2,42,lgbm,s1_plus_ig,0.5,1.0,positive_only,s1_plus_ig/mode=positive_only/ratio=0.5/keep=1.0,0.026890792749094,0.2125616182219955,0.059598817651443,0.0159574468085106,0.0253657548666651,0.998935564257743,0.0175785935835838,S1/random_over,0.0319604632609388,0.036036036036036,0.0770308633450385,0.0425531914893617,0.0250637515424193,0.0337957497048406,0.031193050327818,0.008695652173913,-0.005069670511844801,0.1765255821859595,-0.026595744680851102,0.0003020033242458024
2,42,lgbm,s1_plus_ig,0.75,1.0,positive_only,s1_plus_ig/mode=positive_only/ratio=0.75/keep=1.0,0.0222748944245963,0.3999660037395886,0.0577425155524188,0.0159574468085106,0.0240325623250317,0.998935564257743,0.0175785935835838,S1/random_over,0.0319604632609388,0.036036036036036,0.0770308633450385,0.0425531914893617,0.0250637515424193,0.0337957497048406,0.031193050327818,0.008695652173913,-0.0096855688363425,0.3639299677035526,-0.026595744680851102,-0.0010311892173875993
2,42,lgbm,s1_plus_ig,1.0,1.0,positive_only,s1_plus_ig/mode=positive_only/ratio=1.0/keep=1.0,0.0273068264403202,0.1433792282848886,0.0619073006365184,0.0212765957446808,0.0252449278292251,0.998935564257743,0.0175785935835838,S1/random_over,0.0319604632609388,0.036036036036036,0.0770308633450385,0.0425531914893617,0.0250637515424193,0.0337957497048406,0.031193050327818,0.008695652173913,-0.0046536368206186,0.10734319224885261,-0.021276595744680903,0.0001811762868057995
2,42,lgbm,s1_plus_ig,1.5,1.0,positive_only,s1_plus_ig/mode=positive_only/ratio=1.5/keep=1.0,0.0371781336910179,0.0463199048104708,0.101960404319601,0.026595744680851,0.0263434148627269,0.998935564257743,0.0175785935835838,S1/random_over,0.0319604632609388,0.036036036036036,0.0770308633450385,0.0425531914893617,0.0250637515424193,0.0337957497048406,0.031193050327818,0.008695652173913,0.005217670430079098,0.010283868774434796,-0.0159574468085107,0.0012796633203076002
2,42,lgbm,s1_plus_ig,2.0,1.0,positive_only,s1_plus_ig/mode=positive_only/ratio=2.0/keep=1.0,0.0361884590468709,0.0544790073091959,0.1044498083954097,0.0319148936170212,0.0264218446609907,0.998935564257743,0.0175785935835838,S1/random_over,0.0319604632609388,0.036036036036036,0.0770308633450385,0.0425531914893617,0.0250637515424193,0.0337957497048406,0.031193050327818,0.008695652173913,0.004227995785932102,0.0184429712731599,-0.010638297872340503,0.0013580931185714004
2,43,lgbm,s1_plus_ig,0.25,0.25,positive_only,s1_plus_ig/mode=positive_only/ratio=0.25/keep=0.25,0.0261765506545929,0.2502124766275709,0.0744053702875468,0.0053191489361702,0.0236168502861704,0.955870416518334,0.0156327667832448,S1/random_over,0.0385084381713766,0.0210776814550399,0.0974538650676438,0.0531914893617021,0.0416032402001051,0.015495867768595,0.0798159468067796,0.0521739130434782,-0.012331887516783699,0.229134795172531,-0.0478723404255319,-0.017986389913934697
2,43,lgbm,s1_plus_ig,0.5,0.25,positive_only,s1_plus_ig/mode=positive_only/ratio=0.5/keep=0.25,0.0256426864301927,0.1382797892231854,0.0759292439087707,0.0159574468085106,0.0266592859832497,0.955870416518334,0.0156327667832448,S1/random_over,0.0385084381713766,0.0210776814550399,0.0974538650676438,0.0531914893617021,0.0416032402001051,0.015495867768595,0.0798159468067796,0.0521739130434782,-0.0128657517411839,0.1172021077681455,-0.0372340425531915,-0.014943954216855397
2,43,lgbm,s1_plus_ig,0.75,0.25,positive_only,s1_plus_ig/mode=positive_only/ratio=0.75/keep=0.25,0.0286999527057004,0.057793642699303,0.0728399820095705,0.0159574468085106,0.0254602539553051,0.955870416518334,0.0156327667832448,S1/random_over,0.0385084381713766,0.0210776814550399,0.0974538650676438,0.0531914893617021,0.0416032402001051,0.015495867768595,0.0798159468067796,0.0521739130434782,-0.009808485465676198,0.0367159612442631,-0.0372340425531915,-0.016142986244799998
2,43,lgbm,s1_plus_ig,1.0,0.25,positive_only,s1_plus_ig/mode=positive_only/ratio=1.0/keep=0.25,0.0235697064891676,0.3578106408295087,0.0588662940854792,0.0106382978723404,0.024022614908211,0.955870416518334,0.0156327667832448,S1/random_over,0.0385084381713766,0.0210776814550399,0.0974538650676438,0.0531914893617021,0.0416032402001051,0.015495867768595,0.0798159468067796,0.0521739130434782,-0.014938731682208998,0.3367329593744688,-0.0425531914893617,-0.017580625291894098
2,43,lgbm,s1_plus_ig,1.5,0.25,positive_only,s1_plus_ig/mode=positive_only/ratio=1.5/keep=0.25,0.0271960148264083,0.3584055753867075,0.0696806143946272,0.0106382978723404,0.0221680126489416,0.955870416518334,0.0156327667832448,S1/random_over,0.0385084381713766,0.0210776814550399,0.0974538650676438,0.0531914893617021,0.0416032402001051,0.015495867768595,0.0798159468067796,0.0521739130434782,-0.011312423344968299,0.33732789393166757,-0.0425531914893617,-0.0194352275511635
2,43,lgbm,s1_plus_ig,2.0,0.25,positive_only,s1_plus_ig/mode=positive_only/ratio=2.0/keep=0.25,0.0354116110569631,0.0447900730919598,0.0892047945136552,0.0159574468085106,0.0235301445341756,0.955870416518334,0.0156327667832448,S1/random_over,0.0385084381713766,0.0210776814550399,0.0974538650676438,0.0531914893617021,0.0416032402001051,0.015495867768595,0.0798159468067796,0.0521739130434782,-0.003096827114413496,0.0237123916369199,-0.0372340425531915,-0.0180730956659295
2,43,lgbm,s1_plus_ig,0.25,0.5,positive_only,s1_plus_ig/mode=positive_only/ratio=0.25/keep=0.5,0.0261765506545929,0.2502124766275709,0.0744053702875468,0.0053191489361702,0.0236168502861704,0.9922783908864364,0.0195344210186683,S1/random_over,0.0385084381713766,0.0210776814550399,0.0974538650676438,0.0531914893617021,0.0416032402001051,0.015495867768595,0.0798159468067796,0.0521739130434782,-0.012331887516783699,0.229134795172531,-0.0478723404255319,-0.017986389913934697
2,43,lgbm,s1_plus_ig,0.5,0.5,positive_only,s1_plus_ig/mode=positive_only/ratio=0.5/keep=0.5,0.0227268006415894,0.4581845996940336,0.0568971773100419,0.0053191489361702,0.0213694713249774,0.9922783908864364,0.0195344210186683,S1/random_over,0.0385084381713766,0.0210776814550399,0.0974538650676438,0.0531914893617021,0.0416032402001051,0.015495867768595,0.0798159468067796,0.0521739130434782,-0.015781637529787198,0.43710691823899367,-0.0478723404255319,-0.0202337688751277
2,43,lgbm,s1_plus_ig,0.75,0.5,positive_only,s1_plus_ig/mode=positive_only/ratio=0.75/keep=0.5,0.023299110859261,0.4194288628250892,0.0524454078586213,0.0,0.0231329200847669,0.9922783908864364,0.0195344210186683,S1/random_over,0.0385084381713766,0.0210776814550399,0.0974538650676438,0.0531914893617021,0.0416032402001051,0.015495867768595,0.0798159468067796,0.0521739130434782,-0.015209327312115599,0.39835118137004927,-0.0531914893617021,-0.0184703201153382
2,43,lgbm,s1_plus_ig,1.0,0.5,positive_only,s1_plus_ig/mode=positive_only/ratio=1.0/keep=0.5,0.026276493539947,0.077341492435832,0.0598770311887909,0.0053191489361702,0.0225265352520595,0.9922783908864364,0.0195344210186683,S1/random_over,0.0385084381713766,0.0210776814550399,0.0974538650676438,0.0531914893617021,0.0416032402001051,0.015495867768595,0.0798159468067796,0.0521739130434782,-0.012231944631429601,0.0562638109807921,-0.0478723404255319,-0.0190767049480456
2,43,lgbm,s1_plus_ig,1.5,0.5,positive_only,s1_plus_ig/mode=positive_only/ratio=1.5/keep=0.5,0.0219971537717493,0.4803671596124426,0.0552103899484871,0.0212765957446808,0.0225634725484722,0.9922783908864364,0.0195344210186683,S1/random_over,0.0385084381713766,0.0210776814550399,0.0974538650676438,0.0531914893617021,0.0416032402001051,0.015495867768595,0.0798159468067796,0.0521739130434782,-0.0165112843996273,0.4592894781574027,-0.0319148936170213,-0.0190397676516329
2,43,lgbm,s1_plus_ig,2.0,0.5,positive_only,s1_plus_ig/mode=positive_only/ratio=2.0/keep=0.5,0.022332088214577,0.3898521162672106,0.0443264921279513,0.0212765957446808,0.0242068408139578,0.9922783908864364,0.0195344210186683,S1/random_over,0.0385084381713766,0.0210776814550399,0.0974538650676438,0.0531914893617021,0.0416032402001051,0.015495867768595,0.0798159468067796,0.0521739130434782,-0.0161763499567996,0.3687744348121707,-0.0319148936170213,-0.017396399386147298
2,43,lgbm,s1_plus_ig,0.25,0.75,positive_only,s1_plus_ig/mode=positive_only/ratio=0.25/keep=0.75,0.0261765506545929,0.2502124766275709,0.0744053702875468,0.0053191489361702,0.0236168502861704,0.9858988964044144,0.0193503688460663,S1/random_over,0.0385084381713766,0.0210776814550399,0.0974538650676438,0.0531914893617021,0.0416032402001051,0.015495867768595,0.0798159468067796,0.0521739130434782,-0.012331887516783699,0.229134795172531,-0.0478723404255319,-0.017986389913934697
2,43,lgbm,s1_plus_ig,0.5,0.75,positive_only,s1_plus_ig/mode=positive_only/ratio=0.5/keep=0.75,0.0227268006415894,0.4581845996940336,0.0568971773100419,0.0053191489361702,0.0213694713249774,0.9858988964044144,0.0193503688460663,S1/random_over,0.0385084381713766,0.0210776814550399,0.0974538650676438,0.0531914893617021,0.0416032402001051,0.015495867768595,0.0798159468067796,0.0521739130434782,-0.015781637529787198,0.43710691823899367,-0.0478723404255319,-0.0202337688751277
2,43,lgbm,s1_plus_ig,0.75,0.75,positive_only,s1_plus_ig/mode=positive_only/ratio=0.75/keep=0.75,0.0245384110585679,0.3945266020737719,0.0579028803610763,0.0053191489361702,0.0210622287371057,0.9858988964044144,0.0193503688460663,S1/random_over,0.0385084381713766,0.0210776814550399,0.0974538650676438,0.0531914893617021,0.0416032402001051,0.015495867768595,0.0798159468067796,0.0521739130434782,-0.0139700271128087,0.37344892061873197,-0.0478723404255319,-0.020541011462999397
2,43,lgbm,s1_plus_ig,1.0,0.75,positive_only,s1_plus_ig/mode=positive_only/ratio=1.0/keep=0.75,0.0296698888562224,0.1453340132585415,0.0738113201804086,0.0053191489361702,0.0279441972133045,0.9858988964044144,0.0193503688460663,S1/random_over,0.0385084381713766,0.0210776814550399,0.0974538650676438,0.0531914893617021,0.0416032402001051,0.015495867768595,0.0798159468067796,0.0521739130434782,-0.008838549315154199,0.12425633180350161,-0.0478723404255319,-0.0136590429868006
2,43,lgbm,s1_plus_ig,1.5,0.75,positive_only,s1_plus_ig/mode=positive_only/ratio=1.5/keep=0.75,0.0243144764488182,0.2846336902940676,0.0708139724523505,0.0053191489361702,0.0205392253394257,0.9858988964044144,0.0193503688460663,S1/random_over,0.0385084381713766,0.0210776814550399,0.0974538650676438,0.0531914893617021,0.0416032402001051,0.015495867768595,0.0798159468067796,0.0521739130434782,-0.0141939617225584,0.2635560088390277,-0.0478723404255319,-0.021064014860679398
2,43,lgbm,s1_plus_ig,2.0,0.75,positive_only,s1_plus_ig/mode=positive_only/ratio=2.0/keep=0.75,0.0199065872702055,0.485721570627231,0.0525382727992078,0.0106382978723404,0.0222949767254654,0.9858988964044144,0.0193503688460663,S1/random_over,0.0385084381713766,0.0210776814550399,0.0974538650676438,0.0531914893617021,0.0416032402001051,0.015495867768595,0.0798159468067796,0.0521739130434782,-0.0186018509011711,0.46464388917219107,-0.0425531914893617,-0.019308263474639698
2,43,lgbm,s1_plus_ig,0.25,1.0,positive_only,s1_plus_ig/mode=positive_only/ratio=0.25/keep=1.0,0.0261765506545929,0.2502124766275709,0.0744053702875468,0.0053191489361702,0.0236168502861704,0.99436810252759,0.0216153806525183,S1/random_over,0.0385084381713766,0.0210776814550399,0.0974538650676438,0.0531914893617021,0.0416032402001051,0.015495867768595,0.0798159468067796,0.0521739130434782,-0.012331887516783699,0.229134795172531,-0.0478723404255319,-0.017986389913934697
2,43,lgbm,s1_plus_ig,0.5,1.0,positive_only,s1_plus_ig/mode=positive_only/ratio=0.5/keep=1.0,0.0227268006415894,0.4581845996940336,0.0568971773100419,0.0053191489361702,0.0213694713249774,0.99436810252759,0.0216153806525183,S1/random_over,0.0385084381713766,0.0210776814550399,0.0974538650676438,0.0531914893617021,0.0416032402001051,0.015495867768595,0.0798159468067796,0.0521739130434782,-0.015781637529787198,0.43710691823899367,-0.0478723404255319,-0.0202337688751277
2,43,lgbm,s1_plus_ig,0.75,1.0,positive_only,s1_plus_ig/mode=positive_only/ratio=0.75/keep=1.0,0.0245384110585679,0.3945266020737719,0.0579028803610763,0.0053191489361702,0.0210622287371057,0.99436810252759,0.0216153806525183,S1/random_over,0.0385084381713766,0.0210776814550399,0.0974538650676438,0.0531914893617021,0.0416032402001051,0.015495867768595,0.0798159468067796,0.0521739130434782,-0.0139700271128087,0.37344892061873197,-0.0478723404255319,-0.020541011462999397
2,43,lgbm,s1_plus_ig,1.0,1.0,positive_only,s1_plus_ig/mode=positive_only/ratio=1.0/keep=1.0,0.0296698888562224,0.1453340132585415,0.0738113201804086,0.0053191489361702,0.0279441972133045,0.99436810252759,0.0216153806525183,S1/random_over,0.0385084381713766,0.0210776814550399,0.0974538650676438,0.0531914893617021,0.0416032402001051,0.015495867768595,0.0798159468067796,0.0521739130434782,-0.008838549315154199,0.12425633180350161,-0.0478723404255319,-0.0136590429868006
2,43,lgbm,s1_plus_ig,1.5,1.0,positive_only,s1_plus_ig/mode=positive_only/ratio=1.5/keep=1.0,0.0375812410247156,0.1504334523202447,0.083766725398237,0.0159574468085106,0.0257890581756803,0.99436810252759,0.0216153806525183,S1/random_over,0.0385084381713766,0.0210776814550399,0.0974538650676438,0.0531914893617021,0.0416032402001051,0.015495867768595,0.0798159468067796,0.0521739130434782,-0.0009271971466610004,0.12935577086520478,-0.0372340425531915,-0.0158141820244248
2,43,lgbm,s1_plus_ig,2.0,1.0,positive_only,s1_plus_ig/mode=positive_only/ratio=2.0/keep=1.0,0.0271600488693498,0.1161822199558048,0.073847502423137,0.0053191489361702,0.0272015014250172,0.99436810252759,0.0216153806525183,S1/random_over,0.0385084381713766,0.0210776814550399,0.0974538650676438,0.0531914893617021,0.0416032402001051,0.015495867768595,0.0798159468067796,0.0521739130434782,-0.0113483893020268,0.0951045385007649,-0.0478723404255319,-0.014401738775087897
2,44,lgbm,s1_plus_ig,0.25,0.25,positive_only,s1_plus_ig/mode=positive_only/ratio=0.25/keep=0.25,0.0262839111887611,0.3171001189869114,0.0629273589436705,0.0319148936170212,0.023301278408277,0.9686578853684584,0.0231858919651585,S1/smote,0.0310391188001779,0.0635730069692333,0.0669223743301735,0.0159574468085106,0.0274566399825095,0.0582939787485242,0.0483739812317915,0.0,-0.0047552076114168,0.2535271120176781,0.0159574468085106,-0.004155361574232498
2,44,lgbm,s1_plus_ig,0.5,0.25,positive_only,s1_plus_ig/mode=positive_only/ratio=0.5/keep=0.25,0.0314286017502302,0.0467448580656127,0.077402603013489,0.0106382978723404,0.0278423127146371,0.9686578853684584,0.0231858919651585,S1/smote,0.0310391188001779,0.0635730069692333,0.0669223743301735,0.0159574468085106,0.0274566399825095,0.0582939787485242,0.0483739812317915,0.0,0.00038948295005229727,-0.016828148903620603,-0.0053191489361702,0.0003856727321276017
2,44,lgbm,s1_plus_ig,0.75,0.25,positive_only,s1_plus_ig/mode=positive_only/ratio=0.75/keep=0.25,0.0296457061914302,0.3829678735339112,0.0692908099845191,0.026595744680851,0.0266921120087855,0.9686578853684584,0.0231858919651585,S1/smote,0.0310391188001779,0.0635730069692333,0.0669223743301735,0.0159574468085106,0.0274566399825095,0.0582939787485242,0.0483739812317915,0.0,-0.0013934126087477017,0.3193948665646779,0.010638297872340403,-0.0007645279737239982
2,44,lgbm,s1_plus_ig,1.0,0.25,positive_only,s1_plus_ig/mode=positive_only/ratio=1.0/keep=0.25,0.0329403601454552,0.0495495495495495,0.0796969105041658,0.0212765957446808,0.0316614676308212,0.9686578853684584,0.0231858919651585,S1/smote,0.0310391188001779,0.0635730069692333,0.0669223743301735,0.0159574468085106,0.0274566399825095,0.0582939787485242,0.0483739812317915,0.0,0.0019012413452772978,-0.014023457419683805,0.0053191489361702,0.004204827648311701
2,44,lgbm,s1_plus_ig,1.5,0.25,positive_only,s1_plus_ig/mode=positive_only/ratio=1.5/keep=0.25,0.0271985085275259,0.2709501954784973,0.0697600478742635,0.0212765957446808,0.0229881442804088,0.9686578853684584,0.0231858919651585,S1/smote,0.0310391188001779,0.0635730069692333,0.0669223743301735,0.0159574468085106,0.0274566399825095,0.0582939787485242,0.0483739812317915,0.0,-0.0038406102726519994,0.207377188509264,0.0053191489361702,-0.0044684957021007
2,44,lgbm,s1_plus_ig,2.0,0.25,positive_only,s1_plus_ig/mode=positive_only/ratio=2.0/keep=0.25,0.0347273315547892,0.0347611762706102,0.092815222662492,0.0106382978723404,0.0296080476041984,0.9686578853684584,0.0231858919651585,S1/smote,0.0310391188001779,0.0635730069692333,0.0669223743301735,0.0159574468085106,0.0274566399825095,0.0582939787485242,0.0483739812317915,0.0,0.0036882127546113003,-0.028811830698623107,-0.0053191489361702,0.0021514076216889028
2,44,lgbm,s1_plus_ig,0.25,0.5,positive_only,s1_plus_ig/mode=positive_only/ratio=0.25/keep=0.5,0.0262839111887611,0.3171001189869114,0.0629273589436705,0.0319148936170212,0.023301278408277,0.9930224279102884,0.0154566060495219,S1/smote,0.0310391188001779,0.0635730069692333,0.0669223743301735,0.0159574468085106,0.0274566399825095,0.0582939787485242,0.0483739812317915,0.0,-0.0047552076114168,0.2535271120176781,0.0159574468085106,-0.004155361574232498
2,44,lgbm,s1_plus_ig,0.5,0.5,positive_only,s1_plus_ig/mode=positive_only/ratio=0.5/keep=0.5,0.0312161378523689,0.2537820839707632,0.0700451270514448,0.0372340425531914,0.0250709298860569,0.9930224279102884,0.0154566060495219,S1/smote,0.0310391188001779,0.0635730069692333,0.0669223743301735,0.0159574468085106,0.0274566399825095,0.0582939787485242,0.0483739812317915,0.0,0.00017701905219099853,0.1902090770015299,0.0212765957446808,-0.0023857100964525986
2,44,lgbm,s1_plus_ig,0.75,0.5,positive_only,s1_plus_ig/mode=positive_only/ratio=0.75/keep=0.5,0.0229852055713367,0.35458099609043,0.062572404547241,0.0106382978723404,0.0218097639456294,0.9930224279102884,0.0154566060495219,S1/smote,0.0310391188001779,0.0635730069692333,0.0669223743301735,0.0159574468085106,0.0274566399825095,0.0582939787485242,0.0483739812317915,0.0,-0.008053913228841202,0.2910079891211967,-0.0053191489361702,-0.005646876036880098
2,44,lgbm,s1_plus_ig,1.0,0.5,positive_only,s1_plus_ig/mode=positive_only/ratio=1.0/keep=0.5,0.0276102809263444,0.1336053034166241,0.0634130442680032,0.0159574468085106,0.0243897364448918,0.9930224279102884,0.0154566060495219,S1/smote,0.0310391188001779,0.0635730069692333,0.0669223743301735,0.0159574468085106,0.0274566399825095,0.0582939787485242,0.0483739812317915,0.0,-0.003428837873833499,0.0700322964473908,0.0,-0.0030669035376176997
2,44,lgbm,s1_plus_ig,1.5,0.5,positive_only,s1_plus_ig/mode=positive_only/ratio=1.5/keep=0.5,0.0282155589849586,0.2089070202277749,0.0707300105991167,0.0212765957446808,0.0236785389427269,0.9930224279102884,0.0154566060495219,S1/smote,0.0310391188001779,0.0635730069692333,0.0669223743301735,0.0159574468085106,0.0274566399825095,0.0582939787485242,0.0483739812317915,0.0,-0.0028235598152193016,0.14533401325854162,0.0053191489361702,-0.0037781010397826
2,44,lgbm,s1_plus_ig,2.0,0.5,positive_only,s1_plus_ig/mode=positive_only/ratio=2.0/keep=0.5,0.0233077200106254,0.4930307666156723,0.0652673789136287,0.0106382978723404,0.0228728327739042,0.9930224279102884,0.0154566060495219,S1/smote,0.0310391188001779,0.0635730069692333,0.0669223743301735,0.0159574468085106,0.0274566399825095,0.0582939787485242,0.0483739812317915,0.0,-0.0077313987895525,0.429457759646439,-0.0053191489361702,-0.0045838072086052985
2,44,lgbm,s1_plus_ig,0.25,0.75,positive_only,s1_plus_ig/mode=positive_only/ratio=0.25/keep=0.75,0.0262839111887611,0.3171001189869114,0.0629273589436705,0.0319148936170212,0.023301278408277,0.992249911000356,0.0180037916458074,S1/smote,0.0310391188001779,0.0635730069692333,0.0669223743301735,0.0159574468085106,0.0274566399825095,0.0582939787485242,0.0483739812317915,0.0,-0.0047552076114168,0.2535271120176781,0.0159574468085106,-0.004155361574232498
2,44,lgbm,s1_plus_ig,0.5,0.75,positive_only,s1_plus_ig/mode=positive_only/ratio=0.5/keep=0.75,0.0312161378523689,0.2537820839707632,0.0700451270514448,0.0372340425531914,0.0250709298860569,0.992249911000356,0.0180037916458074,S1/smote,0.0310391188001779,0.0635730069692333,0.0669223743301735,0.0159574468085106,0.0274566399825095,0.0582939787485242,0.0483739812317915,0.0,0.00017701905219099853,0.1902090770015299,0.0212765957446808,-0.0023857100964525986
2,44,lgbm,s1_plus_ig,0.75,0.75,positive_only,s1_plus_ig/mode=positive_only/ratio=0.75/keep=0.75,0.0270362611621939,0.2568417474077851,0.0794087734063698,0.0106382978723404,0.0230065136709482,0.992249911000356,0.0180037916458074,S1/smote,0.0310391188001779,0.0635730069692333,0.0669223743301735,0.0159574468085106,0.0274566399825095,0.0582939787485242,0.0483739812317915,0.0,-0.004002857637984001,0.1932687404385518,-0.0053191489361702,-0.0044501263115613
2,44,lgbm,s1_plus_ig,1.0,0.75,positive_only,s1_plus_ig/mode=positive_only/ratio=1.0/keep=0.75,0.0444832882523388,0.0070542240353561,0.1003558686535128,0.0851063829787234,0.0380929084322077,0.992249911000356,0.0180037916458074,S1/smote,0.0310391188001779,0.0635730069692333,0.0669223743301735,0.0159574468085106,0.0274566399825095,0.0582939787485242,0.0483739812317915,0.0,0.013444169452160898,-0.05651878293387721,0.06914893617021281,0.010636268449698203
2,44,lgbm,s1_plus_ig,1.5,0.75,positive_only,s1_plus_ig/mode=positive_only/ratio=1.5/keep=0.75,0.0287703496793275,0.2239503654597994,0.0802604519212558,0.026595744680851,0.0231296153328729,0.992249911000356,0.0180037916458074,S1/smote,0.0310391188001779,0.0635730069692333,0.0669223743301735,0.0159574468085106,0.0274566399825095,0.0582939787485242,0.0483739812317915,0.0,-0.0022687691208503995,0.1603773584905661,0.010638297872340403,-0.0043270246496366
2,44,lgbm,s1_plus_ig,2.0,0.75,positive_only,s1_plus_ig/mode=positive_only/ratio=2.0/keep=0.75,0.0354193581174388,0.1966683664796872,0.0875504313723931,0.0159574468085106,0.0287166228779342,0.992249911000356,0.0180037916458074,S1/smote,0.0310391188001779,0.0635730069692333,0.0669223743301735,0.0159574468085106,0.0274566399825095,0.0582939787485242,0.0483739812317915,0.0,0.004380239317260899,0.13309535951045387,0.0,0.001259982895424703
2,44,lgbm,s1_plus_ig,0.25,1.0,positive_only,s1_plus_ig/mode=positive_only/ratio=0.25/keep=1.0,0.0262839111887611,0.3171001189869114,0.0629273589436705,0.0319148936170212,0.023301278408277,0.9978248487006052,0.0252901215073935,S1/smote,0.0310391188001779,0.0635730069692333,0.0669223743301735,0.0159574468085106,0.0274566399825095,0.0582939787485242,0.0483739812317915,0.0,-0.0047552076114168,0.2535271120176781,0.0159574468085106,-0.004155361574232498
2,44,lgbm,s1_plus_ig,0.5,1.0,positive_only,s1_plus_ig/mode=positive_only/ratio=0.5/keep=1.0,0.0312161378523689,0.2537820839707632,0.0700451270514448,0.0372340425531914,0.0250709298860569,0.9978248487006052,0.0252901215073935,S1/smote,0.0310391188001779,0.0635730069692333,0.0669223743301735,0.0159574468085106,0.0274566399825095,0.0582939787485242,0.0483739812317915,0.0,0.00017701905219099853,0.1902090770015299,0.0212765957446808,-0.0023857100964525986
2,44,lgbm,s1_plus_ig,0.75,1.0,positive_only,s1_plus_ig/mode=positive_only/ratio=0.75/keep=1.0,0.0270362611621939,0.2568417474077851,0.0794087734063698,0.0106382978723404,0.0230065136709482,0.9978248487006052,0.0252901215073935,S1/smote,0.0310391188001779,0.0635730069692333,0.0669223743301735,0.0159574468085106,0.0274566399825095,0.0582939787485242,0.0483739812317915,0.0,-0.004002857637984001,0.1932687404385518,-0.0053191489361702,-0.0044501263115613
2,44,lgbm,s1_plus_ig,1.0,1.0,positive_only,s1_plus_ig/mode=positive_only/ratio=1.0/keep=1.0,0.0444832882523388,0.0070542240353561,0.1003558686535128,0.0851063829787234,0.0380929084322077,0.9978248487006052,0.0252901215073935,S1/smote,0.0310391188001779,0.0635730069692333,0.0669223743301735,0.0159574468085106,0.0274566399825095,0.0582939787485242,0.0483739812317915,0.0,0.013444169452160898,-0.05651878293387721,0.06914893617021281,0.010636268449698203
2,44,lgbm,s1_plus_ig,1.5,1.0,positive_only,s1_plus_ig/mode=positive_only/ratio=1.5/keep=1.0,0.0365289633965565,0.083715791262961,0.1014083592666272,0.0106382978723404,0.0303054697365728,0.9978248487006052,0.0252901215073935,S1/smote,0.0310391188001779,0.0635730069692333,0.0669223743301735,0.0159574468085106,0.0274566399825095,0.0582939787485242,0.0483739812317915,0.0,0.0054898445963786,0.020142784293727692,-0.0053191489361702,0.002848829754063302
2,44,lgbm,s1_plus_ig,2.0,1.0,positive_only,s1_plus_ig/mode=positive_only/ratio=2.0/keep=1.0,0.0411684104305251,0.0333163352031276,0.1127870067565361,0.0319148936170212,0.0317148640020472,0.9978248487006052,0.0252901215073935,S1/smote,0.0310391188001779,0.0635730069692333,0.0669223743301735,0.0159574468085106,0.0274566399825095,0.0582939787485242,0.0483739812317915,0.0,0.010129291630347197,-0.030256671766105706,0.0159574468085106,0.004258224019537699
2,45,lgbm,s1_plus_ig,0.25,0.25,positive_only,s1_plus_ig/mode=positive_only/ratio=0.25/keep=0.25,0.0226578316783785,0.251997280299167,0.0571168002472074,0.0106382978723404,0.0214136727464354,0.9662228551085796,0.0173515693910994,S1/smote,0.0383179365184588,0.0373958864524902,0.0980485126368977,0.0585106382978723,0.0345741051905223,0.0246458087367178,0.0504569550020996,0.0434782608695652,-0.0156601048400803,0.2146013938466768,-0.0478723404255319,-0.013160432444086899
2,45,lgbm,s1_plus_ig,0.5,0.25,positive_only,s1_plus_ig/mode=positive_only/ratio=0.5/keep=0.25,0.023314041888513,0.3787183409824919,0.051490251067708,0.0212765957446808,0.0208767662815839,0.9662228551085796,0.0173515693910994,S1/smote,0.0383179365184588,0.0373958864524902,0.0980485126368977,0.0585106382978723,0.0345741051905223,0.0246458087367178,0.0504569550020996,0.0434782608695652,-0.0150038946299458,0.3413224545300017,-0.0372340425531915,-0.0136973389089384
2,45,lgbm,s1_plus_ig,0.75,0.25,positive_only,s1_plus_ig/mode=positive_only/ratio=0.75/keep=0.25,0.0243672442734523,0.2455379908210097,0.047251617046462,0.026595744680851,0.0238257462575815,0.9662228551085796,0.0173515693910994,S1/smote,0.0383179365184588,0.0373958864524902,0.0980485126368977,0.0585106382978723,0.0345741051905223,0.0246458087367178,0.0504569550020996,0.0434782608695652,-0.013950692245006502,0.2081421043685195,-0.031914893617021295,-0.0107483589329408
2,45,lgbm,s1_plus_ig,1.0,0.25,positive_only,s1_plus_ig/mode=positive_only/ratio=1.0/keep=0.25,0.0285512738157169,0.1392996770355261,0.0715930408346084,0.0159574468085106,0.0261189854844026,0.9662228551085796,0.0173515693910994,S1/smote,0.0383179365184588,0.0373958864524902,0.0980485126368977,0.0585106382978723,0.0345741051905223,0.0246458087367178,0.0504569550020996,0.0434782608695652,-0.009766662702741902,0.10190379058303589,-0.0425531914893617,-0.008455119706119701
2,45,lgbm,s1_plus_ig,1.5,0.25,positive_only,s1_plus_ig/mode=positive_only/ratio=1.5/keep=0.25,0.0249826484695973,0.25922148563658,0.0530655113915346,0.0159574468085106,0.0214933882795126,0.9662228551085796,0.0173515693910994,S1/smote,0.0383179365184588,0.0373958864524902,0.0980485126368977,0.0585106382978723,0.0345741051905223,0.0246458087367178,0.0504569550020996,0.0434782608695652,-0.013335288048861499,0.22182559918408978,-0.0425531914893617,-0.013080716911009701
2,45,lgbm,s1_plus_ig,2.0,0.25,positive_only,s1_plus_ig/mode=positive_only/ratio=2.0/keep=0.25,0.0261439842498271,0.2970423253442121,0.0637234137347001,0.0212765957446808,0.021111390689939,0.9662228551085796,0.0173515693910994,S1/smote,0.0383179365184588,0.0373958864524902,0.0980485126368977,0.0585106382978723,0.0345741051905223,0.0246458087367178,0.0504569550020996,0.0434782608695652,-0.012173952268631702,0.2596464388917219,-0.0372340425531915,-0.013462714500583301
2,45,lgbm,s1_plus_ig,0.25,0.5,positive_only,s1_plus_ig/mode=positive_only/ratio=0.25/keep=0.5,0.0226578316783785,0.251997280299167,0.0571168002472074,0.0106382978723404,0.0214136727464354,0.9933855464578142,0.0197813391289711,S1/smote,0.0383179365184588,0.0373958864524902,0.0980485126368977,0.0585106382978723,0.0345741051905223,0.0246458087367178,0.0504569550020996,0.0434782608695652,-0.0156601048400803,0.2146013938466768,-0.0478723404255319,-0.013160432444086899
2,45,lgbm,s1_plus_ig,0.5,0.5,positive_only,s1_plus_ig/mode=positive_only/ratio=0.5/keep=0.5,0.0265728439467367,0.2468128505864354,0.0696331650488774,0.0159574468085106,0.0220673773831323,0.9933855464578142,0.0197813391289711,S1/smote,0.0383179365184588,0.0373958864524902,0.0980485126368977,0.0585106382978723,0.0345741051905223,0.0246458087367178,0.0504569550020996,0.0434782608695652,-0.011745092571722099,0.2094169641339452,-0.0425531914893617,-0.01250672780739
2,45,lgbm,s1_plus_ig,0.75,0.5,positive_only,s1_plus_ig/mode=positive_only/ratio=0.75/keep=0.5,0.0248204392570835,0.1949685534591195,0.065311181085047,0.0159574468085106,0.0209239371656748,0.9933855464578142,0.0197813391289711,S1/smote,0.0383179365184588,0.0373958864524902,0.0980485126368977,0.0585106382978723,0.0345741051905223,0.0246458087367178,0.0504569550020996,0.0434782608695652,-0.0134974972613753,0.1575726670066293,-0.0425531914893617,-0.0136501680248475
2,45,lgbm,s1_plus_ig,1.0,0.5,positive_only,s1_plus_ig/mode=positive_only/ratio=1.0/keep=0.5,0.0219946535202565,0.296362400135985,0.0524295135089001,0.0053191489361702,0.020923614375427,0.9933855464578142,0.0197813391289711,S1/smote,0.0383179365184588,0.0373958864524902,0.0980485126368977,0.0585106382978723,0.0345741051905223,0.0246458087367178,0.0504569550020996,0.0434782608695652,-0.0163232829982023,0.2589665136834948,-0.0531914893617021,-0.013650490815095302
2,45,lgbm,s1_plus_ig,1.5,0.5,positive_only,s1_plus_ig/mode=positive_only/ratio=1.5/keep=0.5,0.0265141480532916,0.1511983681795002,0.068830165545332,0.0212765957446808,0.0263927662621837,0.9933855464578142,0.0197813391289711,S1/smote,0.0383179365184588,0.0373958864524902,0.0980485126368977,0.0585106382978723,0.0345741051905223,0.0246458087367178,0.0504569550020996,0.0434782608695652,-0.011803788465167199,0.11380248172700999,-0.0372340425531915,-0.0081813389283386
2,45,lgbm,s1_plus_ig,2.0,0.5,positive_only,s1_plus_ig/mode=positive_only/ratio=2.0/keep=0.5,0.0218315421845666,0.3646098929117797,0.0527735880834508,0.0053191489361702,0.026111518801951,0.9933855464578142,0.0197813391289711,S1/smote,0.0383179365184588,0.0373958864524902,0.0980485126368977,0.0585106382978723,0.0345741051905223,0.0246458087367178,0.0504569550020996,0.0434782608695652,-0.0164863943338922,0.3272140064592895,-0.0531914893617021,-0.008462586388571301
2,45,lgbm,s1_plus_ig,0.25,0.75,positive_only,s1_plus_ig/mode=positive_only/ratio=0.25/keep=0.75,0.0226578316783785,0.251997280299167,0.0571168002472074,0.0106382978723404,0.0214136727464354,0.9922036311854754,0.0174179306212741,S1/smote,0.0383179365184588,0.0373958864524902,0.0980485126368977,0.0585106382978723,0.0345741051905223,0.0246458087367178,0.0504569550020996,0.0434782608695652,-0.0156601048400803,0.2146013938466768,-0.0478723404255319,-0.013160432444086899
2,45,lgbm,s1_plus_ig,0.5,0.75,positive_only,s1_plus_ig/mode=positive_only/ratio=0.5/keep=0.75,0.0265728439467367,0.2468128505864354,0.0696331650488774,0.0159574468085106,0.0220673773831323,0.9922036311854754,0.0174179306212741,S1/smote,0.0383179365184588,0.0373958864524902,0.0980485126368977,0.0585106382978723,0.0345741051905223,0.0246458087367178,0.0504569550020996,0.0434782608695652,-0.011745092571722099,0.2094169641339452,-0.0425531914893617,-0.01250672780739
2,45,lgbm,s1_plus_ig,0.75,0.75,positive_only,s1_plus_ig/mode=positive_only/ratio=0.75/keep=0.75,0.0244689963867686,0.4777324494305626,0.0624971024395486,0.0212765957446808,0.0223813367568073,0.9922036311854754,0.0174179306212741,S1/smote,0.0383179365184588,0.0373958864524902,0.0980485126368977,0.0585106382978723,0.0345741051905223,0.0246458087367178,0.0504569550020996,0.0434782608695652,-0.013848940131690201,0.4403365629780724,-0.0372340425531915,-0.012192768433715001
2,45,lgbm,s1_plus_ig,1.0,0.75,positive_only,s1_plus_ig/mode=positive_only/ratio=1.0/keep=0.75,0.0301310936138974,0.1930137684854665,0.0826916248794537,0.0212765957446808,0.028881986858274,0.9922036311854754,0.0174179306212741,S1/smote,0.0383179365184588,0.0373958864524902,0.0980485126368977,0.0585106382978723,0.0345741051905223,0.0246458087367178,0.0504569550020996,0.0434782608695652,-0.008186842904561401,0.1556178820329763,-0.0372340425531915,-0.005692118332248301
2,45,lgbm,s1_plus_ig,1.5,0.75,positive_only,s1_plus_ig/mode=positive_only/ratio=1.5/keep=0.75,0.0254097087235894,0.3568757436681965,0.0618916530983515,0.0159574468085106,0.0302528875814904,0.9922036311854754,0.0174179306212741,S1/smote,0.0383179365184588,0.0373958864524902,0.0980485126368977,0.0585106382978723,0.0345741051905223,0.0246458087367178,0.0504569550020996,0.0434782608695652,-0.0129082277948694,0.3194798572157063,-0.0425531914893617,-0.0043212176090319
2,45,lgbm,s1_plus_ig,2.0,0.75,positive_only,s1_plus_ig/mode=positive_only/ratio=2.0/keep=0.75,0.0276984209540592,0.0,0.0723597466545723,0.0212765957446808,0.0310215073871799,0.9922036311854754,0.0174179306212741,S1/smote,0.0383179365184588,0.0373958864524902,0.0980485126368977,0.0585106382978723,0.0345741051905223,0.0246458087367178,0.0504569550020996,0.0434782608695652,-0.0106195155643996,-0.0373958864524902,-0.0372340425531915,-0.0035525978033424006
2,45,lgbm,s1_plus_ig,0.25,1.0,positive_only,s1_plus_ig/mode=positive_only/ratio=0.25/keep=1.0,0.0226578316783785,0.251997280299167,0.0571168002472074,0.0106382978723404,0.0214136727464354,0.9932253470986114,0.0176307824758222,S1/smote,0.0383179365184588,0.0373958864524902,0.0980485126368977,0.0585106382978723,0.0345741051905223,0.0246458087367178,0.0504569550020996,0.0434782608695652,-0.0156601048400803,0.2146013938466768,-0.0478723404255319,-0.013160432444086899
2,45,lgbm,s1_plus_ig,0.5,1.0,positive_only,s1_plus_ig/mode=positive_only/ratio=0.5/keep=1.0,0.0265728439467367,0.2468128505864354,0.0696331650488774,0.0159574468085106,0.0220673773831323,0.9932253470986114,0.0176307824758222,S1/smote,0.0383179365184588,0.0373958864524902,0.0980485126368977,0.0585106382978723,0.0345741051905223,0.0246458087367178,0.0504569550020996,0.0434782608695652,-0.011745092571722099,0.2094169641339452,-0.0425531914893617,-0.01250672780739
2,45,lgbm,s1_plus_ig,0.75,1.0,positive_only,s1_plus_ig/mode=positive_only/ratio=0.75/keep=1.0,0.0244689963867686,0.4777324494305626,0.0624971024395486,0.0212765957446808,0.0223813367568073,0.9932253470986114,0.0176307824758222,S1/smote,0.0383179365184588,0.0373958864524902,0.0980485126368977,0.0585106382978723,0.0345741051905223,0.0246458087367178,0.0504569550020996,0.0434782608695652,-0.013848940131690201,0.4403365629780724,-0.0372340425531915,-0.012192768433715001
2,45,lgbm,s1_plus_ig,1.0,1.0,positive_only,s1_plus_ig/mode=positive_only/ratio=1.0/keep=1.0,0.0301310936138974,0.1930137684854665,0.0826916248794537,0.0212765957446808,0.028881986858274,0.9932253470986114,0.0176307824758222,S1/smote,0.0383179365184588,0.0373958864524902,0.0980485126368977,0.0585106382978723,0.0345741051905223,0.0246458087367178,0.0504569550020996,0.0434782608695652,-0.008186842904561401,0.1556178820329763,-0.0372340425531915,-0.005692118332248301
2,45,lgbm,s1_plus_ig,1.5,1.0,positive_only,s1_plus_ig/mode=positive_only/ratio=1.5/keep=1.0,0.0252138095961401,0.1630970593234744,0.061078583235926,0.0159574468085106,0.027145527267295,0.9932253470986114,0.0176307824758222,S1/smote,0.0383179365184588,0.0373958864524902,0.0980485126368977,0.0585106382978723,0.0345741051905223,0.0246458087367178,0.0504569550020996,0.0434782608695652,-0.013104126922318701,0.1257011728709842,-0.0425531914893617,-0.007428577923227299
2,45,lgbm,s1_plus_ig,2.0,1.0,positive_only,s1_plus_ig/mode=positive_only/ratio=2.0/keep=1.0,0.0357151066093093,0.0625531191568927,0.0968811379821308,0.0319148936170212,0.0451846679759202,0.9932253470986114,0.0176307824758222,S1/smote,0.0383179365184588,0.0373958864524902,0.0980485126368977,0.0585106382978723,0.0345741051905223,0.0246458087367178,0.0504569550020996,0.0434782608695652,-0.0026028299091494997,0.025157232704402496,-0.026595744680851102,0.010610562785397896
2,46,lgbm,s1_plus_ig,0.25,0.25,positive_only,s1_plus_ig/mode=positive_only/ratio=0.25/keep=0.25,0.0318739129006505,0.0486146523882372,0.0809050307369091,0.0159574468085106,0.0272706142857575,0.9902741189035243,0.0195873214714391,S1/smote,0.0353780471359809,0.0363759986401495,0.0798532400765414,0.0425531914893617,0.0312562271334208,0.0268595041322314,0.060010999559462,0.0260869565217391,-0.0035041342353304,0.012238653748087698,-0.026595744680851102,-0.0039856128476633
2,46,lgbm,s1_plus_ig,0.5,0.25,positive_only,s1_plus_ig/mode=positive_only/ratio=0.5/keep=0.25,0.0293437241593992,0.2457929627740948,0.070019541737167,0.0212765957446808,0.0229397369038948,0.9902741189035243,0.0195873214714391,S1/smote,0.0353780471359809,0.0363759986401495,0.0798532400765414,0.0425531914893617,0.0312562271334208,0.0268595041322314,0.060010999559462,0.0260869565217391,-0.006034322976581703,0.20941696413394528,-0.021276595744680903,-0.008316490229525998
2,46,lgbm,s1_plus_ig,0.75,0.25,positive_only,s1_plus_ig/mode=positive_only/ratio=0.75/keep=0.25,0.0247233054684049,0.3230494645588985,0.0526074259364508,0.0159574468085106,0.0227010620202456,0.9902741189035243,0.0195873214714391,S1/smote,0.0353780471359809,0.0363759986401495,0.0798532400765414,0.0425531914893617,0.0312562271334208,0.0268595041322314,0.060010999559462,0.0260869565217391,-0.010654741667576004,0.286673465918749,-0.026595744680851102,-0.008555165113175198
2,46,lgbm,s1_plus_ig,1.0,0.25,positive_only,s1_plus_ig/mode=positive_only/ratio=1.0/keep=0.25,0.0239832623152361,0.454530001699813,0.0578427563054918,0.0212765957446808,0.026277053293716,0.9902741189035243,0.0195873214714391,S1/smote,0.0353780471359809,0.0363759986401495,0.0798532400765414,0.0425531914893617,0.0312562271334208,0.0268595041322314,0.060010999559462,0.0260869565217391,-0.011394784820744804,0.4181540030596635,-0.021276595744680903,-0.004979173839704799
2,46,lgbm,s1_plus_ig,1.5,0.25,positive_only,s1_plus_ig/mode=positive_only/ratio=1.5/keep=0.25,0.0366530126459984,0.0804011558728539,0.0764568711889239,0.0212765957446808,0.0321580067237808,0.9902741189035243,0.0195873214714391,S1/smote,0.0353780471359809,0.0363759986401495,0.0798532400765414,0.0425531914893617,0.0312562271334208,0.0268595041322314,0.060010999559462,0.0260869565217391,0.0012749655100174964,0.0440251572327044,-0.021276595744680903,0.0009017795903600023
2,46,lgbm,s1_plus_ig,2.0,0.25,positive_only,s1_plus_ig/mode=positive_only/ratio=2.0/keep=0.25,0.0314006474171933,0.0,0.0723597466545723,0.0212765957446808,0.0274205102061877,0.9902741189035243,0.0195873214714391,S1/smote,0.0353780471359809,0.0363759986401495,0.0798532400765414,0.0425531914893617,0.0312562271334208,0.0268595041322314,0.060010999559462,0.0260869565217391,-0.003977399718787605,-0.0363759986401495,-0.021276595744680903,-0.0038357169272330988
2,46,lgbm,s1_plus_ig,0.25,0.5,positive_only,s1_plus_ig/mode=positive_only/ratio=0.25/keep=0.5,0.0318739129006505,0.0486146523882372,0.0809050307369091,0.0159574468085106,0.0272706142857575,0.9979565681737272,0.0205107954345283,S1/smote,0.0353780471359809,0.0363759986401495,0.0798532400765414,0.0425531914893617,0.0312562271334208,0.0268595041322314,0.060010999559462,0.0260869565217391,-0.0035041342353304,0.012238653748087698,-0.026595744680851102,-0.0039856128476633
2,46,lgbm,s1_plus_ig,0.5,0.5,positive_only,s1_plus_ig/mode=positive_only/ratio=0.5/keep=0.5,0.0252145875523455,0.22233554309026,0.0699368876359392,0.0106382978723404,0.0221231987872118,0.9979565681737272,0.0205107954345283,S1/smote,0.0353780471359809,0.0363759986401495,0.0798532400765414,0.0425531914893617,0.0312562271334208,0.0268595041322314,0.060010999559462,0.0260869565217391,-0.010163459583635404,0.18595954445011048,-0.0319148936170213,-0.009133028346209
2,46,lgbm,s1_plus_ig,0.75,0.5,positive_only,s1_plus_ig/mode=positive_only/ratio=0.75/keep=0.5,0.0326006228804568,0.0507394186639469,0.0897519983914793,0.0212765957446808,0.025729838902903,0.9979565681737272,0.0205107954345283,S1/smote,0.0353780471359809,0.0363759986401495,0.0798532400765414,0.0425531914893617,0.0312562271334208,0.0268595041322314,0.060010999559462,0.0260869565217391,-0.0027774242555241024,0.014363420023797396,-0.021276595744680903,-0.005526388230517799
2,46,lgbm,s1_plus_ig,1.0,0.5,positive_only,s1_plus_ig/mode=positive_only/ratio=1.0/keep=0.5,0.0260337956189673,0.1671766105728369,0.06963698319032,0.0159574468085106,0.0278083938550159,0.9979565681737272,0.0205107954345283,S1/smote,0.0353780471359809,0.0363759986401495,0.0798532400765414,0.0425531914893617,0.0312562271334208,0.0268595041322314,0.060010999559462,0.0260869565217391,-0.009344251517013603,0.13080061193268738,-0.026595744680851102,-0.0034478332784049007
2,46,lgbm,s1_plus_ig,1.5,0.5,positive_only,s1_plus_ig/mode=positive_only/ratio=1.5/keep=0.5,0.0309237306254743,0.2116267210606833,0.071185468380691,0.026595744680851,0.0307055349897724,0.9979565681737272,0.0205107954345283,S1/smote,0.0353780471359809,0.0363759986401495,0.0798532400765414,0.0425531914893617,0.0312562271334208,0.0268595041322314,0.060010999559462,0.0260869565217391,-0.004454316510506602,0.1752507224205338,-0.0159574468085107,-0.0005506921436484007
2,46,lgbm,s1_plus_ig,2.0,0.5,positive_only,s1_plus_ig/mode=positive_only/ratio=2.0/keep=0.5,0.042183521981842,0.0150433452320244,0.0991657474610102,0.0691489361702127,0.0295979653951298,0.9979565681737272,0.0205107954345283,S1/smote,0.0353780471359809,0.0363759986401495,0.0798532400765414,0.0425531914893617,0.0312562271334208,0.0268595041322314,0.060010999559462,0.0260869565217391,0.006805474845861095,-0.021332653408125103,0.026595744680850998,-0.001658261738290999
2,46,lgbm,s1_plus_ig,0.25,0.75,positive_only,s1_plus_ig/mode=positive_only/ratio=0.25/keep=0.75,0.0318739129006505,0.0486146523882372,0.0809050307369091,0.0159574468085106,0.0272706142857575,0.9989533641865432,0.0183179724349563,S1/smote,0.0353780471359809,0.0363759986401495,0.0798532400765414,0.0425531914893617,0.0312562271334208,0.0268595041322314,0.060010999559462,0.0260869565217391,-0.0035041342353304,0.012238653748087698,-0.026595744680851102,-0.0039856128476633
2,46,lgbm,s1_plus_ig,0.5,0.75,positive_only,s1_plus_ig/mode=positive_only/ratio=0.5/keep=0.75,0.0252145875523455,0.22233554309026,0.0699368876359392,0.0106382978723404,0.0221231987872118,0.9989533641865432,0.0183179724349563,S1/smote,0.0353780471359809,0.0363759986401495,0.0798532400765414,0.0425531914893617,0.0312562271334208,0.0268595041322314,0.060010999559462,0.0260869565217391,-0.010163459583635404,0.18595954445011048,-0.0319148936170213,-0.009133028346209
2,46,lgbm,s1_plus_ig,0.75,0.75,positive_only,s1_plus_ig/mode=positive_only/ratio=0.75/keep=0.75,0.0358598126641094,0.0493795682474927,0.0857655845780756,0.0319148936170212,0.0286294095027018,0.9989533641865432,0.0183179724349563,S1/smote,0.0353780471359809,0.0363759986401495,0.0798532400765414,0.0425531914893617,0.0312562271334208,0.0268595041322314,0.060010999559462,0.0260869565217391,0.0004817655281284944,0.013003569607343196,-0.010638297872340503,-0.0026268176307190014
2,46,lgbm,s1_plus_ig,1.0,0.75,positive_only,s1_plus_ig/mode=positive_only/ratio=1.0/keep=0.75,0.041932440439076,0.0135135135135135,0.1054589420697019,0.0851063829787234,0.0276103487863982,0.9989533641865432,0.0183179724349563,S1/smote,0.0353780471359809,0.0363759986401495,0.0798532400765414,0.0425531914893617,0.0312562271334208,0.0268595041322314,0.060010999559462,0.0260869565217391,0.006554393303095096,-0.022862485126636002,0.0425531914893617,-0.0036458783470226
2,46,lgbm,s1_plus_ig,1.5,0.75,positive_only,s1_plus_ig/mode=positive_only/ratio=1.5/keep=0.75,0.0389103188724216,0.0493795682474927,0.1032137128399499,0.0531914893617021,0.0270372295558284,0.9989533641865432,0.0183179724349563,S1/smote,0.0353780471359809,0.0363759986401495,0.0798532400765414,0.0425531914893617,0.0312562271334208,0.0268595041322314,0.060010999559462,0.0260869565217391,0.0035322717364406966,0.013003569607343196,0.0106382978723404,-0.0042189975775924
2,46,lgbm,s1_plus_ig,2.0,0.75,positive_only,s1_plus_ig/mode=positive_only/ratio=2.0/keep=0.75,0.0334531308550697,0.0428352881183069,0.0890541878521843,0.0212765957446808,0.0268114660290888,0.9989533641865432,0.0183179724349563,S1/smote,0.0353780471359809,0.0363759986401495,0.0798532400765414,0.0425531914893617,0.0312562271334208,0.0268595041322314,0.060010999559462,0.0260869565217391,-0.0019249162809112028,0.006459289478157396,-0.021276595744680903,-0.004444761104332
2,46,lgbm,s1_plus_ig,0.25,1.0,positive_only,s1_plus_ig/mode=positive_only/ratio=0.25/keep=1.0,0.0318739129006505,0.0486146523882372,0.0809050307369091,0.0159574468085106,0.0272706142857575,0.999433962264151,0.0205324025131848,S1/smote,0.0353780471359809,0.0363759986401495,0.0798532400765414,0.0425531914893617,0.0312562271334208,0.0268595041322314,0.060010999559462,0.0260869565217391,-0.0035041342353304,0.012238653748087698,-0.026595744680851102,-0.0039856128476633
2,46,lgbm,s1_plus_ig,0.5,1.0,positive_only,s1_plus_ig/mode=positive_only/ratio=0.5/keep=1.0,0.0252145875523455,0.22233554309026,0.0699368876359392,0.0106382978723404,0.0221231987872118,0.999433962264151,0.0205324025131848,S1/smote,0.0353780471359809,0.0363759986401495,0.0798532400765414,0.0425531914893617,0.0312562271334208,0.0268595041322314,0.060010999559462,0.0260869565217391,-0.010163459583635404,0.18595954445011048,-0.0319148936170213,-0.009133028346209
2,46,lgbm,s1_plus_ig,0.75,1.0,positive_only,s1_plus_ig/mode=positive_only/ratio=0.75/keep=1.0,0.0358598126641094,0.0493795682474927,0.0857655845780756,0.0319148936170212,0.0286294095027018,0.999433962264151,0.0205324025131848,S1/smote,0.0353780471359809,0.0363759986401495,0.0798532400765414,0.0425531914893617,0.0312562271334208,0.0268595041322314,0.060010999559462,0.0260869565217391,0.0004817655281284944,0.013003569607343196,-0.010638297872340503,-0.0026268176307190014
2,46,lgbm,s1_plus_ig,1.0,1.0,positive_only,s1_plus_ig/mode=positive_only/ratio=1.0/keep=1.0,0.041932440439076,0.0135135135135135,0.1054589420697019,0.0851063829787234,0.0276103487863982,0.999433962264151,0.0205324025131848,S1/smote,0.0353780471359809,0.0363759986401495,0.0798532400765414,0.0425531914893617,0.0312562271334208,0.0268595041322314,0.060010999559462,0.0260869565217391,0.006554393303095096,-0.022862485126636002,0.0425531914893617,-0.0036458783470226
2,46,lgbm,s1_plus_ig,1.5,1.0,positive_only,s1_plus_ig/mode=positive_only/ratio=1.5/keep=1.0,0.0457497974070781,0.0649328573856875,0.1223054689827975,0.0638297872340425,0.0308254120107265,0.999433962264151,0.0205324025131848,S1/smote,0.0353780471359809,0.0363759986401495,0.0798532400765414,0.0425531914893617,0.0312562271334208,0.0268595041322314,0.060010999559462,0.0260869565217391,0.0103717502710972,0.028556858745538004,0.021276595744680805,-0.0004308151226943002
2,46,lgbm,s1_plus_ig,2.0,1.0,positive_only,s1_plus_ig/mode=positive_only/ratio=2.0/keep=1.0,0.0470461159871213,0.0260921298657147,0.1118482546370552,0.101063829787234,0.031917491688789,0.999433962264151,0.0205324025131848,S1/smote,0.0353780471359809,0.0363759986401495,0.0798532400765414,0.0425531914893617,0.0312562271334208,0.0268595041322314,0.060010999559462,0.0260869565217391,0.011668068851140398,-0.010283868774434803,0.05851063829787229,0.0006612645553681976
3,42,lgbm,s1_plus_ig,0.25,0.25,positive_only,s1_plus_ig/mode=positive_only/ratio=0.25/keep=0.25,0.1350599566967157,0.005716798592788,0.2490532283459738,0.1758241758241758,0.1168607635712465,0.9946492271105826,0.0541900085322292,S1/random_under_20to1,0.1605468441500415,0.018249780123131,0.2714327129581684,0.2197802197802197,0.2333468997436433,0.0216873842898704,0.3286761926900788,0.0925925925925925,-0.025486887453325807,-0.012532981530342999,-0.04395604395604388,-0.11648613617239681
3,42,lgbm,s1_plus_ig,0.5,0.25,positive_only,s1_plus_ig/mode=positive_only/ratio=0.5/keep=0.25,0.1543873820644443,0.0059366754617414,0.2587879206387392,0.2087912087912088,0.1262149684698219,0.9946492271105826,0.0541900085322292,S1/random_under_20to1,0.1605468441500415,0.018249780123131,0.2714327129581684,0.2197802197802197,0.2333468997436433,0.0216873842898704,0.3286761926900788,0.0925925925925925,-0.0061594620855972,-0.012313104661389598,-0.010989010989010894,-0.10713193127382142
3,42,lgbm,s1_plus_ig,0.75,0.25,positive_only,s1_plus_ig/mode=positive_only/ratio=0.75/keep=0.25,0.1630622890910197,0.0059366754617414,0.283915107968916,0.2307692307692307,0.1393495253569818,0.9946492271105826,0.0541900085322292,S1/random_under_20to1,0.1605468441500415,0.018249780123131,0.2714327129581684,0.2197802197802197,0.2333468997436433,0.0216873842898704,0.3286761926900788,0.0925925925925925,0.00251544494097819,-0.012313104661389598,0.010989010989011005,-0.0939973743866615
3,42,lgbm,s1_plus_ig,1.0,0.25,positive_only,s1_plus_ig/mode=positive_only/ratio=1.0/keep=0.25,0.1538041794439997,0.0081354441512752,0.2664240994352801,0.2307692307692307,0.1239929076514924,0.9946492271105826,0.0541900085322292,S1/random_under_20to1,0.1605468441500415,0.018249780123131,0.2714327129581684,0.2197802197802197,0.2333468997436433,0.0216873842898704,0.3286761926900788,0.0925925925925925,-0.00674266470604179,-0.0101143359718558,0.010989010989011005,-0.10935399209215091
3,42,lgbm,s1_plus_ig,1.5,0.25,positive_only,s1_plus_ig/mode=positive_only/ratio=1.5/keep=0.25,0.1483411227853164,0.002858399296394,0.2752619101115047,0.2197802197802197,0.0818364988487926,0.9946492271105826,0.0541900085322292,S1/random_under_20to1,0.1605468441500415,0.018249780123131,0.2714327129581684,0.2197802197802197,0.2333468997436433,0.0216873842898704,0.3286761926900788,0.0925925925925925,-0.012205721364725114,-0.015391380826736998,0.0,-0.1515104008948507
3,42,lgbm,s1_plus_ig,2.0,0.25,positive_only,s1_plus_ig/mode=positive_only/ratio=2.0/keep=0.25,0.1493958458141013,0.0050571679859278,0.2593723480499279,0.2087912087912088,0.0931881917296099,0.9946492271105826,0.0541900085322292,S1/random_under_20to1,0.1605468441500415,0.018249780123131,0.2714327129581684,0.2197802197802197,0.2333468997436433,0.0216873842898704,0.3286761926900788,0.0925925925925925,-0.011150998335940188,-0.0131926121372032,-0.010989010989010894,-0.1401587080140334
3,42,lgbm,s1_plus_ig,0.25,0.5,positive_only,s1_plus_ig/mode=positive_only/ratio=0.25/keep=0.5,0.1350599566967157,0.005716798592788,0.2490532283459738,0.1758241758241758,0.1168607635712465,0.9983364839319472,0.0561230548700482,S1/random_under_20to1,0.1605468441500415,0.018249780123131,0.2714327129581684,0.2197802197802197,0.2333468997436433,0.0216873842898704,0.3286761926900788,0.0925925925925925,-0.025486887453325807,-0.012532981530342999,-0.04395604395604388,-0.11648613617239681
3,42,lgbm,s1_plus_ig,0.5,0.5,positive_only,s1_plus_ig/mode=positive_only/ratio=0.5/keep=0.5,0.1529171381552434,0.0118733509234828,0.2716550659699263,0.2197802197802197,0.135985029926924,0.9983364839319472,0.0561230548700482,S1/random_under_20to1,0.1605468441500415,0.018249780123131,0.2714327129581684,0.2197802197802197,0.2333468997436433,0.0216873842898704,0.3286761926900788,0.0925925925925925,-0.007629705994798092,-0.0063764291996481984,0.0,-0.09736186981671932
3,42,lgbm,s1_plus_ig,0.75,0.5,positive_only,s1_plus_ig/mode=positive_only/ratio=0.75/keep=0.5,0.1762931365619479,0.0048372911169744,0.3021945058768263,0.2527472527472527,0.1682444455284731,0.9983364839319472,0.0561230548700482,S1/random_under_20to1,0.1605468441500415,0.018249780123131,0.2714327129581684,0.2197802197802197,0.2333468997436433,0.0216873842898704,0.3286761926900788,0.0925925925925925,0.015746292411906393,-0.0134124890061566,0.03296703296703299,-0.06510245421517022
3,42,lgbm,s1_plus_ig,1.0,0.5,positive_only,s1_plus_ig/mode=positive_only/ratio=1.0/keep=0.5,0.1691517012150366,0.0109938434476693,0.2899942363150866,0.2197802197802197,0.1868711632303545,0.9983364839319472,0.0561230548700482,S1/random_under_20to1,0.1605468441500415,0.018249780123131,0.2714327129581684,0.2197802197802197,0.2333468997436433,0.0216873842898704,0.3286761926900788,0.0925925925925925,0.008604857064995086,-0.007255936675461698,0.0,-0.04647573651328882
3,42,lgbm,s1_plus_ig,1.5,0.5,positive_only,s1_plus_ig/mode=positive_only/ratio=1.5/keep=0.5,0.1526955420862584,0.0087950747581354,0.2813402602507642,0.2417582417582417,0.1546370703828593,0.9983364839319472,0.0561230548700482,S1/random_under_20to1,0.1605468441500415,0.018249780123131,0.2714327129581684,0.2197802197802197,0.2333468997436433,0.0216873842898704,0.3286761926900788,0.0925925925925925,-0.007851302063783094,-0.009454705364995599,0.02197802197802201,-0.07870982936078402
3,42,lgbm,s1_plus_ig,2.0,0.5,positive_only,s1_plus_ig/mode=positive_only/ratio=2.0/keep=0.5,0.1540010871767938,0.0050571679859278,0.2982858322335184,0.2527472527472527,0.1459657791686858,0.9983364839319472,0.0561230548700482,S1/random_under_20to1,0.1605468441500415,0.018249780123131,0.2714327129581684,0.2197802197802197,0.2333468997436433,0.0216873842898704,0.3286761926900788,0.0925925925925925,-0.006545756973247691,-0.0131926121372032,0.03296703296703299,-0.0873811205749575
3,42,lgbm,s1_plus_ig,0.25,0.75,positive_only,s1_plus_ig/mode=positive_only/ratio=0.25/keep=0.75,0.1350599566967157,0.005716798592788,0.2490532283459738,0.1758241758241758,0.1168607635712465,0.9966729678638944,0.0663056772131959,S1/random_under_20to1,0.1605468441500415,0.018249780123131,0.2714327129581684,0.2197802197802197,0.2333468997436433,0.0216873842898704,0.3286761926900788,0.0925925925925925,-0.025486887453325807,-0.012532981530342999,-0.04395604395604388,-0.11648613617239681
3,42,lgbm,s1_plus_ig,0.5,0.75,positive_only,s1_plus_ig/mode=positive_only/ratio=0.5/keep=0.75,0.1529171381552434,0.0118733509234828,0.2716550659699263,0.2197802197802197,0.135985029926924,0.9966729678638944,0.0663056772131959,S1/random_under_20to1,0.1605468441500415,0.018249780123131,0.2714327129581684,0.2197802197802197,0.2333468997436433,0.0216873842898704,0.3286761926900788,0.0925925925925925,-0.007629705994798092,-0.0063764291996481984,0.0,-0.09736186981671932
3,42,lgbm,s1_plus_ig,0.75,0.75,positive_only,s1_plus_ig/mode=positive_only/ratio=0.75/keep=0.75,0.1805707006432147,0.0054969217238346,0.3031918296736519,0.2307692307692307,0.1622770796570928,0.9966729678638944,0.0663056772131959,S1/random_under_20to1,0.1605468441500415,0.018249780123131,0.2714327129581684,0.2197802197802197,0.2333468997436433,0.0216873842898704,0.3286761926900788,0.0925925925925925,0.020023856493173203,-0.012752858399296399,0.010989010989011005,-0.07106982008655052
3,42,lgbm,s1_plus_ig,1.0,0.75,positive_only,s1_plus_ig/mode=positive_only/ratio=1.0/keep=0.75,0.1239673109771117,0.0074758135444151,0.238509090276231,0.1868131868131868,0.12401624038332,0.9966729678638944,0.0663056772131959,S1/random_under_20to1,0.1605468441500415,0.018249780123131,0.2714327129581684,0.2197802197802197,0.2333468997436433,0.0216873842898704,0.3286761926900788,0.0925925925925925,-0.03657953317292981,-0.010773966578715898,-0.032967032967032905,-0.10933065936032331
3,42,lgbm,s1_plus_ig,1.5,0.75,positive_only,s1_plus_ig/mode=positive_only/ratio=1.5/keep=0.75,0.1224787210256098,0.0043975373790677,0.2284731014950958,0.1758241758241758,0.1268668505349986,0.9966729678638944,0.0663056772131959,S1/random_under_20to1,0.1605468441500415,0.018249780123131,0.2714327129581684,0.2197802197802197,0.2333468997436433,0.0216873842898704,0.3286761926900788,0.0925925925925925,-0.038068123124431696,-0.013852242744063298,-0.04395604395604388,-0.1064800492086447
3,42,lgbm,s1_plus_ig,2.0,0.75,positive_only,s1_plus_ig/mode=positive_only/ratio=2.0/keep=0.75,0.1400627640799491,0.0046174142480211,0.2532035651948761,0.2087912087912088,0.1576971334271441,0.9966729678638944,0.0663056772131959,S1/random_under_20to1,0.1605468441500415,0.018249780123131,0.2714327129581684,0.2197802197802197,0.2333468997436433,0.0216873842898704,0.3286761926900788,0.0925925925925925,-0.020484080070092392,-0.013632365875109898,-0.010989010989010894,-0.07564976631649922
3,42,lgbm,s1_plus_ig,0.25,1.0,positive_only,s1_plus_ig/mode=positive_only/ratio=0.25/keep=1.0,0.1350599566967157,0.005716798592788,0.2490532283459738,0.1758241758241758,0.1168607635712465,0.9964461247637052,0.0602562459629084,S1/random_under_20to1,0.1605468441500415,0.018249780123131,0.2714327129581684,0.2197802197802197,0.2333468997436433,0.0216873842898704,0.3286761926900788,0.0925925925925925,-0.025486887453325807,-0.012532981530342999,-0.04395604395604388,-0.11648613617239681
3,42,lgbm,s1_plus_ig,0.5,1.0,positive_only,s1_plus_ig/mode=positive_only/ratio=0.5/keep=1.0,0.1529171381552434,0.0118733509234828,0.2716550659699263,0.2197802197802197,0.135985029926924,0.9964461247637052,0.0602562459629084,S1/random_under_20to1,0.1605468441500415,0.018249780123131,0.2714327129581684,0.2197802197802197,0.2333468997436433,0.0216873842898704,0.3286761926900788,0.0925925925925925,-0.007629705994798092,-0.0063764291996481984,0.0,-0.09736186981671932
3,42,lgbm,s1_plus_ig,0.75,1.0,positive_only,s1_plus_ig/mode=positive_only/ratio=0.75/keep=1.0,0.1805707006432147,0.0054969217238346,0.3031918296736519,0.2307692307692307,0.1622770796570928,0.9964461247637052,0.0602562459629084,S1/random_under_20to1,0.1605468441500415,0.018249780123131,0.2714327129581684,0.2197802197802197,0.2333468997436433,0.0216873842898704,0.3286761926900788,0.0925925925925925,0.020023856493173203,-0.012752858399296399,0.010989010989011005,-0.07106982008655052
3,42,lgbm,s1_plus_ig,1.0,1.0,positive_only,s1_plus_ig/mode=positive_only/ratio=1.0/keep=1.0,0.1239673109771117,0.0074758135444151,0.238509090276231,0.1868131868131868,0.12401624038332,0.9964461247637052,0.0602562459629084,S1/random_under_20to1,0.1605468441500415,0.018249780123131,0.2714327129581684,0.2197802197802197,0.2333468997436433,0.0216873842898704,0.3286761926900788,0.0925925925925925,-0.03657953317292981,-0.010773966578715898,-0.032967032967032905,-0.10933065936032331
3,42,lgbm,s1_plus_ig,1.5,1.0,positive_only,s1_plus_ig/mode=positive_only/ratio=1.5/keep=1.0,0.1231795181166363,0.0138522427440633,0.2356571956078984,0.1868131868131868,0.1393180954972696,0.9964461247637052,0.0602562459629084,S1/random_under_20to1,0.1605468441500415,0.018249780123131,0.2714327129581684,0.2197802197802197,0.2333468997436433,0.0216873842898704,0.3286761926900788,0.0925925925925925,-0.0373673260334052,-0.004397537379067699,-0.032967032967032905,-0.09402880424637372
3,42,lgbm,s1_plus_ig,2.0,1.0,positive_only,s1_plus_ig/mode=positive_only/ratio=2.0/keep=1.0,0.1234462753871741,0.0048372911169744,0.2354893583912894,0.1868131868131868,0.1205128990621938,0.9964461247637052,0.0602562459629084,S1/random_under_20to1,0.1605468441500415,0.018249780123131,0.2714327129581684,0.2197802197802197,0.2333468997436433,0.0216873842898704,0.3286761926900788,0.0925925925925925,-0.037100568762867395,-0.0134124890061566,-0.032967032967032905,-0.11283400068144951
3,43,lgbm,s1_plus_ig,0.25,0.25,positive_only,s1_plus_ig/mode=positive_only/ratio=0.25/keep=0.25,0.1510261921579681,0.0101143359718557,0.298914164835207,0.2637362637362637,0.1070833685179679,0.950653983353151,0.0653793445260138,S1/random_under_10to1,0.1581347198488911,0.0021987686895338,0.2451732809788932,0.1868131868131868,0.1191726483293702,0.0010579211848717,0.1035792003387403,0.074074074074074,-0.007108527690923017,0.0079155672823219,0.0769230769230769,-0.012089279811402301
3,43,lgbm,s1_plus_ig,0.5,0.25,positive_only,s1_plus_ig/mode=positive_only/ratio=0.5/keep=0.25,0.1278173335633812,0.0118733509234828,0.2614554317643862,0.1978021978021978,0.1330632177016245,0.950653983353151,0.0653793445260138,S1/random_under_10to1,0.1581347198488911,0.0021987686895338,0.2451732809788932,0.1868131868131868,0.1191726483293702,0.0010579211848717,0.1035792003387403,0.074074074074074,-0.030317386285509895,0.009674582233949,0.010989010989011005,0.013890569372254288
3,43,lgbm,s1_plus_ig,0.75,0.25,positive_only,s1_plus_ig/mode=positive_only/ratio=0.75/keep=0.25,0.1298424675745735,0.0035180299032541,0.2139580005750773,0.1648351648351648,0.1170592888334177,0.950653983353151,0.0653793445260138,S1/random_under_10to1,0.1581347198488911,0.0021987686895338,0.2451732809788932,0.1868131868131868,0.1191726483293702,0.0010579211848717,0.1035792003387403,0.074074074074074,-0.028292252274317614,0.0013192612137203,-0.021978021978021983,-0.0021133594959525104
3,43,lgbm,s1_plus_ig,1.0,0.25,positive_only,s1_plus_ig/mode=positive_only/ratio=1.0/keep=0.25,0.1242125184654254,0.0266051011433597,0.2131327662820485,0.1538461538461538,0.1033092183872706,0.950653983353151,0.0653793445260138,S1/random_under_10to1,0.1581347198488911,0.0021987686895338,0.2451732809788932,0.1868131868131868,0.1191726483293702,0.0010579211848717,0.1035792003387403,0.074074074074074,-0.0339222013834657,0.024406332453825903,-0.03296703296703299,-0.015863429942099605
3,43,lgbm,s1_plus_ig,1.5,0.25,positive_only,s1_plus_ig/mode=positive_only/ratio=1.5/keep=0.25,0.143906465611543,0.0092348284960422,0.2654353858843983,0.2307692307692307,0.1118098473608174,0.950653983353151,0.0653793445260138,S1/random_under_10to1,0.1581347198488911,0.0021987686895338,0.2451732809788932,0.1868131868131868,0.1191726483293702,0.0010579211848717,0.1035792003387403,0.074074074074074,-0.014228254237348109,0.007036059806508401,0.04395604395604391,-0.00736280096855281
3,43,lgbm,s1_plus_ig,2.0,0.25,positive_only,s1_plus_ig/mode=positive_only/ratio=2.0/keep=0.25,0.1508909287419544,0.0087950747581354,0.2589535421087994,0.2197802197802197,0.104493251296788,0.950653983353151,0.0653793445260138,S1/random_under_10to1,0.1581347198488911,0.0021987686895338,0.2451732809788932,0.1868131868131868,0.1191726483293702,0.0010579211848717,0.1035792003387403,0.074074074074074,-0.007243791106936709,0.0065963060686016,0.032967032967032905,-0.014679397032582198
3,43,lgbm,s1_plus_ig,0.25,0.5,positive_only,s1_plus_ig/mode=positive_only/ratio=0.25/keep=0.5,0.1510261921579681,0.0101143359718557,0.298914164835207,0.2637362637362637,0.1070833685179679,0.958109640831758,0.0658397918949002,S1/random_under_10to1,0.1581347198488911,0.0021987686895338,0.2451732809788932,0.1868131868131868,0.1191726483293702,0.0010579211848717,0.1035792003387403,0.074074074074074,-0.007108527690923017,0.0079155672823219,0.0769230769230769,-0.012089279811402301
3,43,lgbm,s1_plus_ig,0.5,0.5,positive_only,s1_plus_ig/mode=positive_only/ratio=0.5/keep=0.5,0.1533545285747685,0.0098944591029023,0.2908113988201267,0.2637362637362637,0.1497288324533386,0.958109640831758,0.0658397918949002,S1/random_under_10to1,0.1581347198488911,0.0021987686895338,0.2451732809788932,0.1868131868131868,0.1191726483293702,0.0010579211848717,0.1035792003387403,0.074074074074074,-0.004780191274122603,0.007695690413368501,0.0769230769230769,0.03055618412396839
3,43,lgbm,s1_plus_ig,0.75,0.5,positive_only,s1_plus_ig/mode=positive_only/ratio=0.75/keep=0.5,0.1296093466589093,0.0127528583992963,0.2336813571495747,0.1868131868131868,0.0891893283402941,0.958109640831758,0.0658397918949002,S1/random_under_10to1,0.1581347198488911,0.0021987686895338,0.2451732809788932,0.1868131868131868,0.1191726483293702,0.0010579211848717,0.1035792003387403,0.074074074074074,-0.0285253731899818,0.0105540897097625,0.0,-0.029983319989076107
3,43,lgbm,s1_plus_ig,1.0,0.5,positive_only,s1_plus_ig/mode=positive_only/ratio=1.0/keep=0.5,0.1224896120565067,0.011433597185576,0.2444053644782578,0.1868131868131868,0.0937943263938272,0.958109640831758,0.0658397918949002,S1/random_under_10to1,0.1581347198488911,0.0021987686895338,0.2451732809788932,0.1868131868131868,0.1191726483293702,0.0010579211848717,0.1035792003387403,0.074074074074074,-0.0356451077923844,0.009234828496042199,0.0,-0.025378321935543
3,43,lgbm,s1_plus_ig,1.5,0.5,positive_only,s1_plus_ig/mode=positive_only/ratio=1.5/keep=0.5,0.1488278628884534,0.0072559366754617,0.2654703047452594,0.2087912087912088,0.0966639799972083,0.958109640831758,0.0658397918949002,S1/random_under_10to1,0.1581347198488911,0.0021987686895338,0.2451732809788932,0.1868131868131868,0.1191726483293702,0.0010579211848717,0.1035792003387403,0.074074074074074,-0.009306856960437704,0.0050571679859279,0.02197802197802201,-0.022508668332161905
3,43,lgbm,s1_plus_ig,2.0,0.5,positive_only,s1_plus_ig/mode=positive_only/ratio=2.0/keep=0.5,0.1318532821441985,0.0050571679859278,0.2593723480499279,0.1978021978021978,0.0975861737570381,0.958109640831758,0.0658397918949002,S1/random_under_10to1,0.1581347198488911,0.0021987686895338,0.2451732809788932,0.1868131868131868,0.1191726483293702,0.0010579211848717,0.1035792003387403,0.074074074074074,-0.0262814377046926,0.002858399296394,0.010989010989011005,-0.021586474572332107
3,43,lgbm,s1_plus_ig,0.25,0.75,positive_only,s1_plus_ig/mode=positive_only/ratio=0.25/keep=0.75,0.1510261921579681,0.0101143359718557,0.298914164835207,0.2637362637362637,0.1070833685179679,0.9724763705103968,0.0689946948837671,S1/random_under_10to1,0.1581347198488911,0.0021987686895338,0.2451732809788932,0.1868131868131868,0.1191726483293702,0.0010579211848717,0.1035792003387403,0.074074074074074,-0.007108527690923017,0.0079155672823219,0.0769230769230769,-0.012089279811402301
3,43,lgbm,s1_plus_ig,0.5,0.75,positive_only,s1_plus_ig/mode=positive_only/ratio=0.5/keep=0.75,0.1533545285747685,0.0098944591029023,0.2908113988201267,0.2637362637362637,0.1497288324533386,0.9724763705103968,0.0689946948837671,S1/random_under_10to1,0.1581347198488911,0.0021987686895338,0.2451732809788932,0.1868131868131868,0.1191726483293702,0.0010579211848717,0.1035792003387403,0.074074074074074,-0.004780191274122603,0.007695690413368501,0.0769230769230769,0.03055618412396839
3,43,lgbm,s1_plus_ig,0.75,0.75,positive_only,s1_plus_ig/mode=positive_only/ratio=0.75/keep=0.75,0.11974881937252,0.0063764291996481,0.2267138303131107,0.1758241758241758,0.0773181063835869,0.9724763705103968,0.0689946948837671,S1/random_under_10to1,0.1581347198488911,0.0021987686895338,0.2451732809788932,0.1868131868131868,0.1191726483293702,0.0010579211848717,0.1035792003387403,0.074074074074074,-0.03838590047637111,0.0041776605101143,-0.010989010989010978,-0.04185454194578331
3,43,lgbm,s1_plus_ig,1.0,0.75,positive_only,s1_plus_ig/mode=positive_only/ratio=1.0/keep=0.75,0.1531314366257811,0.0039577836411609,0.2930468397704452,0.2307692307692307,0.1162637026644837,0.9724763705103968,0.0689946948837671,S1/random_under_10to1,0.1581347198488911,0.0021987686895338,0.2451732809788932,0.1868131868131868,0.1191726483293702,0.0010579211848717,0.1035792003387403,0.074074074074074,-0.00500328322311,0.0017590149516270998,0.04395604395604391,-0.002908945664886503
3,43,lgbm,s1_plus_ig,1.5,0.75,positive_only,s1_plus_ig/mode=positive_only/ratio=1.5/keep=0.75,0.1551938506209244,0.0046174142480211,0.2934219645367653,0.2087912087912088,0.1072794817876355,0.9724763705103968,0.0689946948837671,S1/random_under_10to1,0.1581347198488911,0.0021987686895338,0.2451732809788932,0.1868131868131868,0.1191726483293702,0.0010579211848717,0.1035792003387403,0.074074074074074,-0.0029408692279667137,0.0024186455584873003,0.02197802197802201,-0.01189316654173471
3,43,lgbm,s1_plus_ig,2.0,0.75,positive_only,s1_plus_ig/mode=positive_only/ratio=2.0/keep=0.75,0.1659231957979761,0.0041776605101143,0.3018680490125669,0.2197802197802197,0.0892602640080779,0.9724763705103968,0.0689946948837671,S1/random_under_10to1,0.1581347198488911,0.0021987686895338,0.2451732809788932,0.1868131868131868,0.1191726483293702,0.0010579211848717,0.1035792003387403,0.074074074074074,0.007788475949084994,0.0019788918205805002,0.032967032967032905,-0.0299123843212923
3,43,lgbm,s1_plus_ig,0.25,1.0,positive_only,s1_plus_ig/mode=positive_only/ratio=0.25/keep=1.0,0.1510261921579681,0.0101143359718557,0.298914164835207,0.2637362637362637,0.1070833685179679,0.9683931947069944,0.0605909704720814,S1/random_under_10to1,0.1581347198488911,0.0021987686895338,0.2451732809788932,0.1868131868131868,0.1191726483293702,0.0010579211848717,0.1035792003387403,0.074074074074074,-0.007108527690923017,0.0079155672823219,0.0769230769230769,-0.012089279811402301
3,43,lgbm,s1_plus_ig,0.5,1.0,positive_only,s1_plus_ig/mode=positive_only/ratio=0.5/keep=1.0,0.1533545285747685,0.0098944591029023,0.2908113988201267,0.2637362637362637,0.1497288324533386,0.9683931947069944,0.0605909704720814,S1/random_under_10to1,0.1581347198488911,0.0021987686895338,0.2451732809788932,0.1868131868131868,0.1191726483293702,0.0010579211848717,0.1035792003387403,0.074074074074074,-0.004780191274122603,0.007695690413368501,0.0769230769230769,0.03055618412396839
3,43,lgbm,s1_plus_ig,0.75,1.0,positive_only,s1_plus_ig/mode=positive_only/ratio=0.75/keep=1.0,0.11974881937252,0.0063764291996481,0.2267138303131107,0.1758241758241758,0.0773181063835869,0.9683931947069944,0.0605909704720814,S1/random_under_10to1,0.1581347198488911,0.0021987686895338,0.2451732809788932,0.1868131868131868,0.1191726483293702,0.0010579211848717,0.1035792003387403,0.074074074074074,-0.03838590047637111,0.0041776605101143,-0.010989010989010978,-0.04185454194578331
3,43,lgbm,s1_plus_ig,1.0,1.0,positive_only,s1_plus_ig/mode=positive_only/ratio=1.0/keep=1.0,0.1531314366257811,0.0039577836411609,0.2930468397704452,0.2307692307692307,0.1162637026644837,0.9683931947069944,0.0605909704720814,S1/random_under_10to1,0.1581347198488911,0.0021987686895338,0.2451732809788932,0.1868131868131868,0.1191726483293702,0.0010579211848717,0.1035792003387403,0.074074074074074,-0.00500328322311,0.0017590149516270998,0.04395604395604391,-0.002908945664886503
3,43,lgbm,s1_plus_ig,1.5,1.0,positive_only,s1_plus_ig/mode=positive_only/ratio=1.5/keep=1.0,0.1414407709030305,0.0087950747581354,0.2475105869657888,0.2087912087912088,0.0992800879452332,0.9683931947069944,0.0605909704720814,S1/random_under_10to1,0.1581347198488911,0.0021987686895338,0.2451732809788932,0.1868131868131868,0.1191726483293702,0.0010579211848717,0.1035792003387403,0.074074074074074,-0.0166939489458606,0.0065963060686016,0.02197802197802201,-0.019892560384137004
3,43,lgbm,s1_plus_ig,2.0,1.0,positive_only,s1_plus_ig/mode=positive_only/ratio=2.0/keep=1.0,0.1300086319517582,0.0052770448548812,0.2144926275756605,0.1648351648351648,0.1151574806454634,0.9683931947069944,0.0605909704720814,S1/random_under_10to1,0.1581347198488911,0.0021987686895338,0.2451732809788932,0.1868131868131868,0.1191726483293702,0.0010579211848717,0.1035792003387403,0.074074074074074,-0.02812608789713289,0.0030782761653474003,-0.021978021978021983,-0.004015167683906806
3,44,lgbm,s1_plus_ig,0.25,0.25,positive_only,s1_plus_ig/mode=positive_only/ratio=0.25/keep=0.25,0.1426592347868888,0.0098944591029023,0.2251450005981695,0.1978021978021978,0.1115037682271337,0.9512485136741974,0.0598571262370972,S1/random_over,0.1608633570003592,0.0061565523306948,0.2806045959563654,0.2527472527472527,0.1222812825022293,0.0039672044432689,0.1333092598325533,0.1111111111111111,-0.018204122213470397,0.003737906772207501,-0.05494505494505489,-0.010777514275095601
3,44,lgbm,s1_plus_ig,0.5,0.25,positive_only,s1_plus_ig/mode=positive_only/ratio=0.5/keep=0.25,0.137979706294368,0.0032981530343007,0.2498688768067977,0.1868131868131868,0.1507251965762235,0.9512485136741974,0.0598571262370972,S1/random_over,0.1608633570003592,0.0061565523306948,0.2806045959563654,0.2527472527472527,0.1222812825022293,0.0039672044432689,0.1333092598325533,0.1111111111111111,-0.022883650705991188,-0.0028583992963940996,-0.0659340659340659,0.028443914073994186
3,44,lgbm,s1_plus_ig,0.75,0.25,positive_only,s1_plus_ig/mode=positive_only/ratio=0.75/keep=0.25,0.1414544539511634,0.0024186455584872,0.2391184667973869,0.1868131868131868,0.1430729584141796,0.9512485136741974,0.0598571262370972,S1/random_over,0.1608633570003592,0.0061565523306948,0.2806045959563654,0.2527472527472527,0.1222812825022293,0.0039672044432689,0.1333092598325533,0.1111111111111111,-0.01940890304919579,-0.0037379067722075996,-0.0659340659340659,0.020791675911950303
3,44,lgbm,s1_plus_ig,1.0,0.25,positive_only,s1_plus_ig/mode=positive_only/ratio=1.0/keep=0.25,0.1365465440842259,0.0037379067722075,0.2555044070586886,0.1648351648351648,0.1454939271275732,0.9512485136741974,0.0598571262370972,S1/random_over,0.1608633570003592,0.0061565523306948,0.2806045959563654,0.2527472527472527,0.1222812825022293,0.0039672044432689,0.1333092598325533,0.1111111111111111,-0.0243168129161333,-0.0024186455584873,-0.08791208791208788,0.023212644625343892
3,44,lgbm,s1_plus_ig,1.5,0.25,positive_only,s1_plus_ig/mode=positive_only/ratio=1.5/keep=0.25,0.1523398962782506,0.0087950747581354,0.270228111329011,0.2307692307692307,0.1287390718264406,0.9512485136741974,0.0598571262370972,S1/random_over,0.1608633570003592,0.0061565523306948,0.2806045959563654,0.2527472527472527,0.1222812825022293,0.0039672044432689,0.1333092598325533,0.1111111111111111,-0.008523460722108606,0.0026385224274406,-0.021978021978021983,0.006457789324211288
3,44,lgbm,s1_plus_ig,2.0,0.25,positive_only,s1_plus_ig/mode=positive_only/ratio=2.0/keep=0.25,0.1510351405397711,0.0048372911169744,0.2763971562933466,0.1868131868131868,0.1278427973669403,0.9512485136741974,0.0598571262370972,S1/random_over,0.1608633570003592,0.0061565523306948,0.2806045959563654,0.2527472527472527,0.1222812825022293,0.0039672044432689,0.1333092598325533,0.1111111111111111,-0.009828216460588096,-0.0013192612137203994,-0.0659340659340659,0.005561514864710987
3,44,lgbm,s1_plus_ig,0.25,0.5,positive_only,s1_plus_ig/mode=positive_only/ratio=0.25/keep=0.5,0.1426592347868888,0.0098944591029023,0.2251450005981695,0.1978021978021978,0.1115037682271337,0.9920604914933836,0.0853671246174404,S1/random_over,0.1608633570003592,0.0061565523306948,0.2806045959563654,0.2527472527472527,0.1222812825022293,0.0039672044432689,0.1333092598325533,0.1111111111111111,-0.018204122213470397,0.003737906772207501,-0.05494505494505489,-0.010777514275095601
3,44,lgbm,s1_plus_ig,0.5,0.5,positive_only,s1_plus_ig/mode=positive_only/ratio=0.5/keep=0.5,0.1397270588618181,0.0030782761653474,0.2699374673209467,0.1978021978021978,0.1479130801285334,0.9920604914933836,0.0853671246174404,S1/random_over,0.1608633570003592,0.0061565523306948,0.2806045959563654,0.2527472527472527,0.1222812825022293,0.0039672044432689,0.1333092598325533,0.1111111111111111,-0.021136298138541093,-0.0030782761653474,-0.05494505494505489,0.025631797626304104
3,44,lgbm,s1_plus_ig,0.75,0.5,positive_only,s1_plus_ig/mode=positive_only/ratio=0.75/keep=0.5,0.1461167532038808,0.0052770448548812,0.2689785287944286,0.2197802197802197,0.1168622737581312,0.9920604914933836,0.0853671246174404,S1/random_over,0.1608633570003592,0.0061565523306948,0.2806045959563654,0.2527472527472527,0.1222812825022293,0.0039672044432689,0.1333092598325533,0.1111111111111111,-0.014746603796478408,-0.0008795074758135993,-0.03296703296703299,-0.0054190087440981055
3,44,lgbm,s1_plus_ig,1.0,0.5,positive_only,s1_plus_ig/mode=positive_only/ratio=1.0/keep=0.5,0.1405640831901663,0.0041776605101143,0.275083306250861,0.1978021978021978,0.140020514504099,0.9920604914933836,0.0853671246174404,S1/random_over,0.1608633570003592,0.0061565523306948,0.2806045959563654,0.2527472527472527,0.1222812825022293,0.0039672044432689,0.1333092598325533,0.1111111111111111,-0.02029927381019289,-0.0019788918205804994,-0.05494505494505489,0.017739232001869693
3,44,lgbm,s1_plus_ig,1.5,0.5,positive_only,s1_plus_ig/mode=positive_only/ratio=1.5/keep=0.5,0.1344809686636725,0.0046174142480211,0.2391562392116925,0.1648351648351648,0.1326097118175895,0.9920604914933836,0.0853671246174404,S1/random_over,0.1608633570003592,0.0061565523306948,0.2806045959563654,0.2527472527472527,0.1222812825022293,0.0039672044432689,0.1333092598325533,0.1111111111111111,-0.026382388336686685,-0.0015391380826736993,-0.08791208791208788,0.010328429315360182
3,44,lgbm,s1_plus_ig,2.0,0.5,positive_only,s1_plus_ig/mode=positive_only/ratio=2.0/keep=0.5,0.1311396310723434,0.002858399296394,0.2443681492778304,0.1978021978021978,0.1285417532457193,0.9920604914933836,0.0853671246174404,S1/random_over,0.1608633570003592,0.0061565523306948,0.2806045959563654,0.2527472527472527,0.1222812825022293,0.0039672044432689,0.1333092598325533,0.1111111111111111,-0.02972372592801581,-0.0032981530343008,-0.05494505494505489,0.006260470743489982
3,44,lgbm,s1_plus_ig,0.25,0.75,positive_only,s1_plus_ig/mode=positive_only/ratio=0.25/keep=0.75,0.1426592347868888,0.0098944591029023,0.2251450005981695,0.1978021978021978,0.1115037682271337,0.9963705103969752,0.0775890216264995,S1/random_over,0.1608633570003592,0.0061565523306948,0.2806045959563654,0.2527472527472527,0.1222812825022293,0.0039672044432689,0.1333092598325533,0.1111111111111111,-0.018204122213470397,0.003737906772207501,-0.05494505494505489,-0.010777514275095601
3,44,lgbm,s1_plus_ig,0.5,0.75,positive_only,s1_plus_ig/mode=positive_only/ratio=0.5/keep=0.75,0.1397270588618181,0.0030782761653474,0.2699374673209467,0.1978021978021978,0.1479130801285334,0.9963705103969752,0.0775890216264995,S1/random_over,0.1608633570003592,0.0061565523306948,0.2806045959563654,0.2527472527472527,0.1222812825022293,0.0039672044432689,0.1333092598325533,0.1111111111111111,-0.021136298138541093,-0.0030782761653474,-0.05494505494505489,0.025631797626304104
3,44,lgbm,s1_plus_ig,0.75,0.75,positive_only,s1_plus_ig/mode=positive_only/ratio=0.75/keep=0.75,0.1231963661706474,0.0021987686895338,0.2451732809788932,0.1538461538461538,0.1006285877410501,0.9963705103969752,0.0775890216264995,S1/random_over,0.1608633570003592,0.0061565523306948,0.2806045959563654,0.2527472527472527,0.1222812825022293,0.0039672044432689,0.1333092598325533,0.1111111111111111,-0.0376669908297118,-0.003957783641161,-0.09890109890109888,-0.021652694761179203
3,44,lgbm,s1_plus_ig,1.0,0.75,positive_only,s1_plus_ig/mode=positive_only/ratio=1.0/keep=0.75,0.1223771247554455,0.0061565523306948,0.202546574629633,0.1538461538461538,0.117010474065879,0.9963705103969752,0.0775890216264995,S1/random_over,0.1608633570003592,0.0061565523306948,0.2806045959563654,0.2527472527472527,0.1222812825022293,0.0039672044432689,0.1333092598325533,0.1111111111111111,-0.038486232244913696,0.0,-0.09890109890109888,-0.005270808436350305
3,44,lgbm,s1_plus_ig,1.5,0.75,positive_only,s1_plus_ig/mode=positive_only/ratio=1.5/keep=0.75,0.0874251250089541,0.1857959542656112,0.1468016030007769,0.0549450549450549,0.1122052615526178,0.9963705103969752,0.0775890216264995,S1/random_over,0.1608633570003592,0.0061565523306948,0.2806045959563654,0.2527472527472527,0.1222812825022293,0.0039672044432689,0.1333092598325533,0.1111111111111111,-0.0734382319914051,0.17963940193491643,-0.19780219780219777,-0.010076020949611506
3,44,lgbm,s1_plus_ig,2.0,0.75,positive_only,s1_plus_ig/mode=positive_only/ratio=2.0/keep=0.75,0.1017439279711245,0.0021987686895338,0.1714957635345787,0.1098901098901098,0.1325465275310411,0.9963705103969752,0.0775890216264995,S1/random_over,0.1608633570003592,0.0061565523306948,0.2806045959563654,0.2527472527472527,0.1222812825022293,0.0039672044432689,0.1333092598325533,0.1111111111111111,-0.0591194290292347,-0.003957783641161,-0.14285714285714288,0.010265245028811792
3,44,lgbm,s1_plus_ig,0.25,1.0,positive_only,s1_plus_ig/mode=positive_only/ratio=0.25/keep=1.0,0.1426592347868888,0.0098944591029023,0.2251450005981695,0.1978021978021978,0.1115037682271337,0.990321361058601,0.0842372387196131,S1/random_over,0.1608633570003592,0.0061565523306948,0.2806045959563654,0.2527472527472527,0.1222812825022293,0.0039672044432689,0.1333092598325533,0.1111111111111111,-0.018204122213470397,0.003737906772207501,-0.05494505494505489,-0.010777514275095601
3,44,lgbm,s1_plus_ig,0.5,1.0,positive_only,s1_plus_ig/mode=positive_only/ratio=0.5/keep=1.0,0.1397270588618181,0.0030782761653474,0.2699374673209467,0.1978021978021978,0.1479130801285334,0.990321361058601,0.0842372387196131,S1/random_over,0.1608633570003592,0.0061565523306948,0.2806045959563654,0.2527472527472527,0.1222812825022293,0.0039672044432689,0.1333092598325533,0.1111111111111111,-0.021136298138541093,-0.0030782761653474,-0.05494505494505489,0.025631797626304104
3,44,lgbm,s1_plus_ig,0.75,1.0,positive_only,s1_plus_ig/mode=positive_only/ratio=0.75/keep=1.0,0.1231963661706474,0.0021987686895338,0.2451732809788932,0.1538461538461538,0.1006285877410501,0.990321361058601,0.0842372387196131,S1/random_over,0.1608633570003592,0.0061565523306948,0.2806045959563654,0.2527472527472527,0.1222812825022293,0.0039672044432689,0.1333092598325533,0.1111111111111111,-0.0376669908297118,-0.003957783641161,-0.09890109890109888,-0.021652694761179203
3,44,lgbm,s1_plus_ig,1.0,1.0,positive_only,s1_plus_ig/mode=positive_only/ratio=1.0/keep=1.0,0.1223771247554455,0.0061565523306948,0.202546574629633,0.1538461538461538,0.117010474065879,0.990321361058601,0.0842372387196131,S1/random_over,0.1608633570003592,0.0061565523306948,0.2806045959563654,0.2527472527472527,0.1222812825022293,0.0039672044432689,0.1333092598325533,0.1111111111111111,-0.038486232244913696,0.0,-0.09890109890109888,-0.005270808436350305
3,44,lgbm,s1_plus_ig,1.5,1.0,positive_only,s1_plus_ig/mode=positive_only/ratio=1.5/keep=1.0,0.1238386973840384,0.005716798592788,0.262069497046106,0.1868131868131868,0.1480660575349535,0.990321361058601,0.0842372387196131,S1/random_over,0.1608633570003592,0.0061565523306948,0.2806045959563654,0.2527472527472527,0.1222812825022293,0.0039672044432689,0.1333092598325533,0.1111111111111111,-0.0370246596163208,-0.0004397537379068001,-0.0659340659340659,0.025784775032724194
3,44,lgbm,s1_plus_ig,2.0,1.0,positive_only,s1_plus_ig/mode=positive_only/ratio=2.0/keep=1.0,0.1081157637023468,0.0120932277924362,0.1849564489629465,0.1428571428571428,0.1191587250405064,0.990321361058601,0.0842372387196131,S1/random_over,0.1608633570003592,0.0061565523306948,0.2806045959563654,0.2527472527472527,0.1222812825022293,0.0039672044432689,0.1333092598325533,0.1111111111111111,-0.0527475932980124,0.0059366754617414,-0.10989010989010989,-0.003122557461722908
3,45,lgbm,s1_plus_ig,0.25,0.25,positive_only,s1_plus_ig/mode=positive_only/ratio=0.25/keep=0.25,0.1171414860906983,0.0235268249780123,0.1926071695053429,0.1428571428571428,0.0985994317820222,0.980975029726516,0.085045729011616,S1/random_under_10to1,0.1511257954077651,0.0169305189094107,0.2529757107933698,0.1758241758241758,0.1367585472766096,0.01533985718064,0.0858617466040592,0.0833333333333333,-0.03398430931706681,0.0065963060686016,-0.032967032967033016,-0.038159115494587406
3,45,lgbm,s1_plus_ig,0.5,0.25,positive_only,s1_plus_ig/mode=positive_only/ratio=0.5/keep=0.25,0.1504212009716573,0.0098944591029023,0.258645227504701,0.2307692307692307,0.0901083683788435,0.980975029726516,0.085045729011616,S1/random_under_10to1,0.1511257954077651,0.0169305189094107,0.2529757107933698,0.1758241758241758,0.1367585472766096,0.01533985718064,0.0858617466040592,0.0833333333333333,-0.0007045944361078194,-0.007036059806508401,0.05494505494505489,-0.0466501788977661
3,45,lgbm,s1_plus_ig,0.75,0.25,positive_only,s1_plus_ig/mode=positive_only/ratio=0.75/keep=0.25,0.1318454317436828,0.0026385224274406,0.2498052045595618,0.1648351648351648,0.1413756827358697,0.980975029726516,0.085045729011616,S1/random_under_10to1,0.1511257954077651,0.0169305189094107,0.2529757107933698,0.1758241758241758,0.1367585472766096,0.01533985718064,0.0858617466040592,0.0833333333333333,-0.01928036366408231,-0.0142919964819701,-0.010989010989011005,0.004617135459260097
3,45,lgbm,s1_plus_ig,1.0,0.25,positive_only,s1_plus_ig/mode=positive_only/ratio=1.0/keep=0.25,0.1504105407822857,0.0083553210202286,0.2752543073769011,0.2307692307692307,0.1399407203518645,0.980975029726516,0.085045729011616,S1/random_under_10to1,0.1511257954077651,0.0169305189094107,0.2529757107933698,0.1758241758241758,0.1367585472766096,0.01533985718064,0.0858617466040592,0.0833333333333333,-0.0007152546254794168,-0.008575197889182101,0.05494505494505489,0.003182173075254896
3,45,lgbm,s1_plus_ig,1.5,0.25,positive_only,s1_plus_ig/mode=positive_only/ratio=1.5/keep=0.25,0.1310008092135864,0.0039577836411609,0.2212955210418345,0.1538461538461538,0.1227061111389948,0.980975029726516,0.085045729011616,S1/random_under_10to1,0.1511257954077651,0.0169305189094107,0.2529757107933698,0.1758241758241758,0.1367585472766096,0.01533985718064,0.0858617466040592,0.0833333333333333,-0.020124986194178712,-0.012972735268249802,-0.02197802197802201,-0.01405243613761481
3,45,lgbm,s1_plus_ig,2.0,0.25,positive_only,s1_plus_ig/mode=positive_only/ratio=2.0/keep=0.25,0.1256162345872082,0.0127528583992963,0.1804979414338583,0.1538461538461538,0.1287798612969842,0.980975029726516,0.085045729011616,S1/random_under_10to1,0.1511257954077651,0.0169305189094107,0.2529757107933698,0.1758241758241758,0.1367585472766096,0.01533985718064,0.0858617466040592,0.0833333333333333,-0.025509560820556915,-0.004177660510114402,-0.02197802197802201,-0.007978685979625394
3,45,lgbm,s1_plus_ig,0.25,0.5,positive_only,s1_plus_ig/mode=positive_only/ratio=0.25/keep=0.5,0.1171414860906983,0.0235268249780123,0.1926071695053429,0.1428571428571428,0.0985994317820222,0.9932703213610584,0.0888149193374693,S1/random_under_10to1,0.1511257954077651,0.0169305189094107,0.2529757107933698,0.1758241758241758,0.1367585472766096,0.01533985718064,0.0858617466040592,0.0833333333333333,-0.03398430931706681,0.0065963060686016,-0.032967032967033016,-0.038159115494587406
3,45,lgbm,s1_plus_ig,0.5,0.5,positive_only,s1_plus_ig/mode=positive_only/ratio=0.5/keep=0.5,0.1638156001401442,0.0103342128408091,0.2757574807841189,0.2417582417582417,0.1439791020918686,0.9932703213610584,0.0888149193374693,S1/random_under_10to1,0.1511257954077651,0.0169305189094107,0.2529757107933698,0.1758241758241758,0.1367585472766096,0.01533985718064,0.0858617466040592,0.0833333333333333,0.0126898047323791,-0.0065963060686016015,0.0659340659340659,0.007220554815258989
3,45,lgbm,s1_plus_ig,0.75,0.5,positive_only,s1_plus_ig/mode=positive_only/ratio=0.75/keep=0.5,0.1165013852354857,0.0008795074758135,0.2168205295028882,0.1318681318681318,0.1046048049524294,0.9932703213610584,0.0888149193374693,S1/random_under_10to1,0.1511257954077651,0.0169305189094107,0.2529757107933698,0.1758241758241758,0.1367585472766096,0.01533985718064,0.0858617466040592,0.0833333333333333,-0.03462441017227941,-0.0160510114335972,-0.04395604395604402,-0.03215374232418021
3,45,lgbm,s1_plus_ig,1.0,0.5,positive_only,s1_plus_ig/mode=positive_only/ratio=1.0/keep=0.5,0.1313030499282074,0.0054969217238346,0.2113362468904659,0.1538461538461538,0.127466219585103,0.9932703213610584,0.0888149193374693,S1/random_under_10to1,0.1511257954077651,0.0169305189094107,0.2529757107933698,0.1758241758241758,0.1367585472766096,0.01533985718064,0.0858617466040592,0.0833333333333333,-0.019822745479557702,-0.011433597185576102,-0.02197802197802201,-0.009292327691506591
3,45,lgbm,s1_plus_ig,1.5,0.5,positive_only,s1_plus_ig/mode=positive_only/ratio=1.5/keep=0.5,0.1133781130691772,0.0048372911169744,0.2211927056921083,0.1538461538461538,0.1417929906695667,0.9932703213610584,0.0888149193374693,S1/random_under_10to1,0.1511257954077651,0.0169305189094107,0.2529757107933698,0.1758241758241758,0.1367585472766096,0.01533985718064,0.0858617466040592,0.0833333333333333,-0.03774768233858791,-0.012093227792436302,-0.02197802197802201,0.005034443392957083
3,45,lgbm,s1_plus_ig,2.0,0.5,positive_only,s1_plus_ig/mode=positive_only/ratio=2.0/keep=0.5,0.1151484893237428,0.0032981530343007,0.2343926370872197,0.1648351648351648,0.1392310476922403,0.9932703213610584,0.0888149193374693,S1/random_under_10to1,0.1511257954077651,0.0169305189094107,0.2529757107933698,0.1758241758241758,0.1367585472766096,0.01533985718064,0.0858617466040592,0.0833333333333333,-0.035977306084022304,-0.013632365875110002,-0.010989010989011005,0.002472500415630685
3,45,lgbm,s1_plus_ig,0.25,0.75,positive_only,s1_plus_ig/mode=positive_only/ratio=0.25/keep=0.75,0.1171414860906983,0.0235268249780123,0.1926071695053429,0.1428571428571428,0.0985994317820222,0.9963705103969754,0.0767806636297802,S1/random_under_10to1,0.1511257954077651,0.0169305189094107,0.2529757107933698,0.1758241758241758,0.1367585472766096,0.01533985718064,0.0858617466040592,0.0833333333333333,-0.03398430931706681,0.0065963060686016,-0.032967032967033016,-0.038159115494587406
3,45,lgbm,s1_plus_ig,0.5,0.75,positive_only,s1_plus_ig/mode=positive_only/ratio=0.5/keep=0.75,0.1638156001401442,0.0103342128408091,0.2757574807841189,0.2417582417582417,0.1439791020918686,0.9963705103969754,0.0767806636297802,S1/random_under_10to1,0.1511257954077651,0.0169305189094107,0.2529757107933698,0.1758241758241758,0.1367585472766096,0.01533985718064,0.0858617466040592,0.0833333333333333,0.0126898047323791,-0.0065963060686016015,0.0659340659340659,0.007220554815258989
3,45,lgbm,s1_plus_ig,0.75,0.75,positive_only,s1_plus_ig/mode=positive_only/ratio=0.75/keep=0.75,0.1288522271998923,0.0173702726473175,0.2225924528422054,0.1538461538461538,0.1246090672285064,0.9963705103969754,0.0767806636297802,S1/random_under_10to1,0.1511257954077651,0.0169305189094107,0.2529757107933698,0.1758241758241758,0.1367585472766096,0.01533985718064,0.0858617466040592,0.0833333333333333,-0.022273568207872796,0.0004397537379067992,-0.02197802197802201,-0.012149480048103206
3,45,lgbm,s1_plus_ig,1.0,0.75,positive_only,s1_plus_ig/mode=positive_only/ratio=1.0/keep=0.75,0.1088482356024833,0.0413368513632365,0.1753101965691494,0.1098901098901098,0.1493225647275124,0.9963705103969754,0.0767806636297802,S1/random_under_10to1,0.1511257954077651,0.0169305189094107,0.2529757107933698,0.1758241758241758,0.1367585472766096,0.01533985718064,0.0858617466040592,0.0833333333333333,-0.042277559805281806,0.024406332453825796,-0.065934065934066,0.012564017450902798
3,45,lgbm,s1_plus_ig,1.5,0.75,positive_only,s1_plus_ig/mode=positive_only/ratio=1.5/keep=0.75,0.1402069149379537,0.0032981530343007,0.2648844447436021,0.2197802197802197,0.1597396892442478,0.9963705103969754,0.0767806636297802,S1/random_under_10to1,0.1511257954077651,0.0169305189094107,0.2529757107933698,0.1758241758241758,0.1367585472766096,0.01533985718064,0.0858617466040592,0.0833333333333333,-0.010918880469811404,-0.013632365875110002,0.04395604395604388,0.022981141967638202
3,45,lgbm,s1_plus_ig,2.0,0.75,positive_only,s1_plus_ig/mode=positive_only/ratio=2.0/keep=0.75,0.1268187953360473,0.0087950747581354,0.2475105869657888,0.2087912087912088,0.1267499772142045,0.9963705103969754,0.0767806636297802,S1/random_under_10to1,0.1511257954077651,0.0169305189094107,0.2529757107933698,0.1758241758241758,0.1367585472766096,0.01533985718064,0.0858617466040592,0.0833333333333333,-0.024307000071717794,-0.008135444151275302,0.03296703296703299,-0.010008570062405103
3,45,lgbm,s1_plus_ig,0.25,1.0,positive_only,s1_plus_ig/mode=positive_only/ratio=0.25/keep=1.0,0.1171414860906983,0.0235268249780123,0.1926071695053429,0.1428571428571428,0.0985994317820222,0.9987145557655954,0.080529908994201,S1/random_under_10to1,0.1511257954077651,0.0169305189094107,0.2529757107933698,0.1758241758241758,0.1367585472766096,0.01533985718064,0.0858617466040592,0.0833333333333333,-0.03398430931706681,0.0065963060686016,-0.032967032967033016,-0.038159115494587406
3,45,lgbm,s1_plus_ig,0.5,1.0,positive_only,s1_plus_ig/mode=positive_only/ratio=0.5/keep=1.0,0.1638156001401442,0.0103342128408091,0.2757574807841189,0.2417582417582417,0.1439791020918686,0.9987145557655954,0.080529908994201,S1/random_under_10to1,0.1511257954077651,0.0169305189094107,0.2529757107933698,0.1758241758241758,0.1367585472766096,0.01533985718064,0.0858617466040592,0.0833333333333333,0.0126898047323791,-0.0065963060686016015,0.0659340659340659,0.007220554815258989
3,45,lgbm,s1_plus_ig,0.75,1.0,positive_only,s1_plus_ig/mode=positive_only/ratio=0.75/keep=1.0,0.1288522271998923,0.0173702726473175,0.2225924528422054,0.1538461538461538,0.1246090672285064,0.9987145557655954,0.080529908994201,S1/random_under_10to1,0.1511257954077651,0.0169305189094107,0.2529757107933698,0.1758241758241758,0.1367585472766096,0.01533985718064,0.0858617466040592,0.0833333333333333,-0.022273568207872796,0.0004397537379067992,-0.02197802197802201,-0.012149480048103206
3,45,lgbm,s1_plus_ig,1.0,1.0,positive_only,s1_plus_ig/mode=positive_only/ratio=1.0/keep=1.0,0.1088482356024833,0.0413368513632365,0.1753101965691494,0.1098901098901098,0.1493225647275124,0.9987145557655954,0.080529908994201,S1/random_under_10to1,0.1511257954077651,0.0169305189094107,0.2529757107933698,0.1758241758241758,0.1367585472766096,0.01533985718064,0.0858617466040592,0.0833333333333333,-0.042277559805281806,0.024406332453825796,-0.065934065934066,0.012564017450902798
3,45,lgbm,s1_plus_ig,1.5,1.0,positive_only,s1_plus_ig/mode=positive_only/ratio=1.5/keep=1.0,0.1380903056334379,0.0063764291996481,0.2397535076189156,0.1868131868131868,0.1274776412395896,0.9987145557655954,0.080529908994201,S1/random_under_10to1,0.1511257954077651,0.0169305189094107,0.2529757107933698,0.1758241758241758,0.1367585472766096,0.01533985718064,0.0858617466040592,0.0833333333333333,-0.013035489774327197,-0.010554089709762602,0.010989010989010978,-0.009280906037020004
3,45,lgbm,s1_plus_ig,2.0,1.0,positive_only,s1_plus_ig/mode=positive_only/ratio=2.0/keep=1.0,0.1435922471449413,0.0026385224274406,0.2498052045595618,0.1978021978021978,0.1350606186923669,0.9987145557655954,0.080529908994201,S1/random_under_10to1,0.1511257954077651,0.0169305189094107,0.2529757107933698,0.1758241758241758,0.1367585472766096,0.01533985718064,0.0858617466040592,0.0833333333333333,-0.007533548262823819,-0.0142919964819701,0.021978021978021983,-0.0016979285842426972
3,46,lgbm,s1_plus_ig,0.25,0.25,positive_only,s1_plus_ig/mode=positive_only/ratio=0.25/keep=0.25,0.1459137010270469,0.0074758135444151,0.2626956929002122,0.2197802197802197,0.1246844271123185,0.8938763376932224,0.0930329212277959,S1/random_under_10to1,0.1684320999820308,0.0127528583992963,0.322167963858707,0.2857142857142857,0.1907318992274641,0.0327955567310235,0.2759943493059967,0.2129629629629629,-0.022518398954983893,-0.0052770448548811995,-0.065934065934066,-0.06604747211514561
3,46,lgbm,s1_plus_ig,0.5,0.25,positive_only,s1_plus_ig/mode=positive_only/ratio=0.5/keep=0.25,0.1587419370436223,0.0087950747581354,0.2922956427418842,0.2527472527472527,0.1798112105212132,0.8938763376932224,0.0930329212277959,S1/random_under_10to1,0.1684320999820308,0.0127528583992963,0.322167963858707,0.2857142857142857,0.1907318992274641,0.0327955567310235,0.2759943493059967,0.2129629629629629,-0.009690162938408492,-0.0039577836411609,-0.032967032967033016,-0.010920688706250903
3,46,lgbm,s1_plus_ig,0.75,0.25,positive_only,s1_plus_ig/mode=positive_only/ratio=0.75/keep=0.25,0.1513542487618097,0.0065963060686015,0.2742816442796484,0.2197802197802197,0.1488812473448816,0.8938763376932224,0.0930329212277959,S1/random_under_10to1,0.1684320999820308,0.0127528583992963,0.322167963858707,0.2857142857142857,0.1907318992274641,0.0327955567310235,0.2759943493059967,0.2129629629629629,-0.017077851220221096,-0.0061565523306948,-0.065934065934066,-0.041850651882582524
3,46,lgbm,s1_plus_ig,1.0,0.25,positive_only,s1_plus_ig/mode=positive_only/ratio=1.0/keep=0.25,0.1536402313249843,0.0090149516270888,0.2678037365689759,0.2307692307692307,0.20332529505629,0.8938763376932224,0.0930329212277959,S1/random_under_10to1,0.1684320999820308,0.0127528583992963,0.322167963858707,0.2857142857142857,0.1907318992274641,0.0327955567310235,0.2759943493059967,0.2129629629629629,-0.014791868657046486,-0.0037379067722075002,-0.054945054945055,0.012593395828825876
3,46,lgbm,s1_plus_ig,1.5,0.25,positive_only,s1_plus_ig/mode=positive_only/ratio=1.5/keep=0.25,0.1672522457178038,0.0039577836411609,0.3193431332999482,0.2417582417582417,0.1580442259867631,0.8938763376932224,0.0930329212277959,S1/random_under_10to1,0.1684320999820308,0.0127528583992963,0.322167963858707,0.2857142857142857,0.1907318992274641,0.0327955567310235,0.2759943493059967,0.2129629629629629,-0.0011798542642269816,-0.0087950747581354,-0.043956043956043994,-0.032687673240701015
3,46,lgbm,s1_plus_ig,2.0,0.25,positive_only,s1_plus_ig/mode=positive_only/ratio=2.0/keep=0.25,0.1571084967047484,0.0096745822339489,0.2825377903480406,0.2527472527472527,0.1396539929640222,0.8938763376932224,0.0930329212277959,S1/random_under_10to1,0.1684320999820308,0.0127528583992963,0.322167963858707,0.2857142857142857,0.1907318992274641,0.0327955567310235,0.2759943493059967,0.2129629629629629,-0.01132360327728238,-0.0030782761653474003,-0.032967032967033016,-0.05107790626344191
3,46,lgbm,s1_plus_ig,0.25,0.5,positive_only,s1_plus_ig/mode=positive_only/ratio=0.25/keep=0.5,0.1459137010270469,0.0074758135444151,0.2626956929002122,0.2197802197802197,0.1246844271123185,0.998563327032136,0.0669802415054894,S1/random_under_10to1,0.1684320999820308,0.0127528583992963,0.322167963858707,0.2857142857142857,0.1907318992274641,0.0327955567310235,0.2759943493059967,0.2129629629629629,-0.022518398954983893,-0.0052770448548811995,-0.065934065934066,-0.06604747211514561
3,46,lgbm,s1_plus_ig,0.5,0.5,positive_only,s1_plus_ig/mode=positive_only/ratio=0.5/keep=0.5,0.1467360813416426,0.0083553210202286,0.2975191856629527,0.2527472527472527,0.15855476092058,0.998563327032136,0.0669802415054894,S1/random_under_10to1,0.1684320999820308,0.0127528583992963,0.322167963858707,0.2857142857142857,0.1907318992274641,0.0327955567310235,0.2759943493059967,0.2129629629629629,-0.0216960186403882,-0.004397537379067699,-0.032967032967033016,-0.03217713830688412
3,46,lgbm,s1_plus_ig,0.75,0.5,positive_only,s1_plus_ig/mode=positive_only/ratio=0.75/keep=0.5,0.1376253534533256,0.0030782761653474,0.2699374673209467,0.1758241758241758,0.1078614281742401,0.998563327032136,0.0669802415054894,S1/random_under_10to1,0.1684320999820308,0.0127528583992963,0.322167963858707,0.2857142857142857,0.1907318992274641,0.0327955567310235,0.2759943493059967,0.2129629629629629,-0.030806746528705187,-0.0096745822339489,-0.10989010989010989,-0.08287047105322401
3,46,lgbm,s1_plus_ig,1.0,0.5,positive_only,s1_plus_ig/mode=positive_only/ratio=1.0/keep=0.5,0.1589073269042468,0.001759014951627,0.2914845660662781,0.1978021978021978,0.1740172145789571,0.998563327032136,0.0669802415054894,S1/random_under_10to1,0.1684320999820308,0.0127528583992963,0.322167963858707,0.2857142857142857,0.1907318992274641,0.0327955567310235,0.2759943493059967,0.2129629629629629,-0.009524773077783988,-0.0109938434476693,-0.0879120879120879,-0.016714684648507006
3,46,lgbm,s1_plus_ig,1.5,0.5,positive_only,s1_plus_ig/mode=positive_only/ratio=1.5/keep=0.5,0.1317833675558301,0.0030782761653474,0.2548272735993622,0.1758241758241758,0.1809990375094867,0.998563327032136,0.0669802415054894,S1/random_under_10to1,0.1684320999820308,0.0127528583992963,0.322167963858707,0.2857142857142857,0.1907318992274641,0.0327955567310235,0.2759943493059967,0.2129629629629629,-0.0366487324262007,-0.0096745822339489,-0.10989010989010989,-0.009732861717977409
3,46,lgbm,s1_plus_ig,2.0,0.5,positive_only,s1_plus_ig/mode=positive_only/ratio=2.0/keep=0.5,0.1094335310335685,0.0105540897097625,0.1964896329443275,0.1428571428571428,0.2053086913771272,0.998563327032136,0.0669802415054894,S1/random_under_10to1,0.1684320999820308,0.0127528583992963,0.322167963858707,0.2857142857142857,0.1907318992274641,0.0327955567310235,0.2759943493059967,0.2129629629629629,-0.058998568948462296,-0.0021987686895338,-0.1428571428571429,0.014576792149663093
3,46,lgbm,s1_plus_ig,0.25,0.75,positive_only,s1_plus_ig/mode=positive_only/ratio=0.25/keep=0.75,0.1459137010270469,0.0074758135444151,0.2626956929002122,0.2197802197802197,0.1246844271123185,0.993421550094518,0.067318538208497,S1/random_under_10to1,0.1684320999820308,0.0127528583992963,0.322167963858707,0.2857142857142857,0.1907318992274641,0.0327955567310235,0.2759943493059967,0.2129629629629629,-0.022518398954983893,-0.0052770448548811995,-0.065934065934066,-0.06604747211514561
3,46,lgbm,s1_plus_ig,0.5,0.75,positive_only,s1_plus_ig/mode=positive_only/ratio=0.5/keep=0.75,0.1467360813416426,0.0083553210202286,0.2975191856629527,0.2527472527472527,0.15855476092058,0.993421550094518,0.067318538208497,S1/random_under_10to1,0.1684320999820308,0.0127528583992963,0.322167963858707,0.2857142857142857,0.1907318992274641,0.0327955567310235,0.2759943493059967,0.2129629629629629,-0.0216960186403882,-0.004397537379067699,-0.032967032967033016,-0.03217713830688412
3,46,lgbm,s1_plus_ig,0.75,0.75,positive_only,s1_plus_ig/mode=positive_only/ratio=0.75/keep=0.75,0.1671324309923645,0.0039577836411609,0.3063461856056362,0.2417582417582417,0.1709553976994296,0.993421550094518,0.067318538208497,S1/random_under_10to1,0.1684320999820308,0.0127528583992963,0.322167963858707,0.2857142857142857,0.1907318992274641,0.0327955567310235,0.2759943493059967,0.2129629629629629,-0.0012996689896662972,-0.0087950747581354,-0.043956043956043994,-0.019776501528034507
3,46,lgbm,s1_plus_ig,1.0,0.75,positive_only,s1_plus_ig/mode=positive_only/ratio=1.0/keep=0.75,0.1615747215658324,0.0030782761653474,0.3262617312155444,0.2197802197802197,0.237786634133555,0.993421550094518,0.067318538208497,S1/random_under_10to1,0.1684320999820308,0.0127528583992963,0.322167963858707,0.2857142857142857,0.1907318992274641,0.0327955567310235,0.2759943493059967,0.2129629629629629,-0.006857378416198379,-0.0096745822339489,-0.065934065934066,0.047054734906090884
3,46,lgbm,s1_plus_ig,1.5,0.75,positive_only,s1_plus_ig/mode=positive_only/ratio=1.5/keep=0.75,0.1364065267104584,0.0039577836411609,0.2511393502199414,0.1648351648351648,0.1750663689385507,0.993421550094518,0.067318538208497,S1/random_under_10to1,0.1684320999820308,0.0127528583992963,0.322167963858707,0.2857142857142857,0.1907318992274641,0.0327955567310235,0.2759943493059967,0.2129629629629629,-0.032025573271572405,-0.0087950747581354,-0.1208791208791209,-0.015665530288913404
3,46,lgbm,s1_plus_ig,2.0,0.75,positive_only,s1_plus_ig/mode=positive_only/ratio=2.0/keep=0.75,0.1365662126085081,0.0096745822339489,0.2608581419692548,0.2307692307692307,0.2219507639369804,0.993421550094518,0.067318538208497,S1/random_under_10to1,0.1684320999820308,0.0127528583992963,0.322167963858707,0.2857142857142857,0.1907318992274641,0.0327955567310235,0.2759943493059967,0.2129629629629629,-0.031865887373522694,-0.0030782761653474003,-0.054945054945055,0.031218864709516292
3,46,lgbm,s1_plus_ig,0.25,1.0,positive_only,s1_plus_ig/mode=positive_only/ratio=0.25/keep=1.0,0.1459137010270469,0.0074758135444151,0.2626956929002122,0.2197802197802197,0.1246844271123185,0.9964461247637052,0.049136822066453,S1/random_under_10to1,0.1684320999820308,0.0127528583992963,0.322167963858707,0.2857142857142857,0.1907318992274641,0.0327955567310235,0.2759943493059967,0.2129629629629629,-0.022518398954983893,-0.0052770448548811995,-0.065934065934066,-0.06604747211514561
3,46,lgbm,s1_plus_ig,0.5,1.0,positive_only,s1_plus_ig/mode=positive_only/ratio=0.5/keep=1.0,0.1467360813416426,0.0083553210202286,0.2975191856629527,0.2527472527472527,0.15855476092058,0.9964461247637052,0.049136822066453,S1/random_under_10to1,0.1684320999820308,0.0127528583992963,0.322167963858707,0.2857142857142857,0.1907318992274641,0.0327955567310235,0.2759943493059967,0.2129629629629629,-0.0216960186403882,-0.004397537379067699,-0.032967032967033016,-0.03217713830688412
3,46,lgbm,s1_plus_ig,0.75,1.0,positive_only,s1_plus_ig/mode=positive_only/ratio=0.75/keep=1.0,0.1671324309923645,0.0039577836411609,0.3063461856056362,0.2417582417582417,0.1709553976994296,0.9964461247637052,0.049136822066453,S1/random_under_10to1,0.1684320999820308,0.0127528583992963,0.322167963858707,0.2857142857142857,0.1907318992274641,0.0327955567310235,0.2759943493059967,0.2129629629629629,-0.0012996689896662972,-0.0087950747581354,-0.043956043956043994,-0.019776501528034507
3,46,lgbm,s1_plus_ig,1.0,1.0,positive_only,s1_plus_ig/mode=positive_only/ratio=1.0/keep=1.0,0.1615747215658324,0.0030782761653474,0.3262617312155444,0.2197802197802197,0.237786634133555,0.9964461247637052,0.049136822066453,S1/random_under_10to1,0.1684320999820308,0.0127528583992963,0.322167963858707,0.2857142857142857,0.1907318992274641,0.0327955567310235,0.2759943493059967,0.2129629629629629,-0.006857378416198379,-0.0096745822339489,-0.065934065934066,0.047054734906090884
3,46,lgbm,s1_plus_ig,1.5,1.0,positive_only,s1_plus_ig/mode=positive_only/ratio=1.5/keep=1.0,0.13139855957072,0.0087950747581354,0.2589535421087994,0.2197802197802197,0.2323103647026538,0.9964461247637052,0.049136822066453,S1/random_under_10to1,0.1684320999820308,0.0127528583992963,0.322167963858707,0.2857142857142857,0.1907318992274641,0.0327955567310235,0.2759943493059967,0.2129629629629629,-0.037033540411310795,-0.0039577836411609,-0.065934065934066,0.041578465475189674
3,46,lgbm,s1_plus_ig,2.0,1.0,positive_only,s1_plus_ig/mode=positive_only/ratio=2.0/keep=1.0,0.114484412575076,0.0021987686895338,0.209976201597387,0.1648351648351648,0.2330487053621427,0.9964461247637052,0.049136822066453,S1/random_under_10to1,0.1684320999820308,0.0127528583992963,0.322167963858707,0.2857142857142857,0.1907318992274641,0.0327955567310235,0.2759943493059967,0.2129629629629629,-0.0539476874069548,-0.0105540897097625,-0.1208791208791209,0.042316806134678586
4,42,lgbm,s1_plus_ig,0.25,0.25,positive_only,s1_plus_ig/mode=positive_only/ratio=0.25/keep=0.25,0.0521141722364403,0.0007552870090634,0.1320666399981499,0.074074074074074,0.0792009926835263,0.796923076923077,0.0275974539207747,S1/random_over,0.1397526798584926,0.0,0.2696318139669245,0.074074074074074,0.0383019880047744,0.0,0.0,0.0,-0.0876385076220523,0.0007552870090634,0.0,0.040899004678751905
4,42,lgbm,s1_plus_ig,0.5,0.25,positive_only,s1_plus_ig/mode=positive_only/ratio=0.5/keep=0.25,0.0340643644916445,0.0022658610271903,0.0895635832550191,0.037037037037037,0.0906617490785624,0.796923076923077,0.0275974539207747,S1/random_over,0.1397526798584926,0.0,0.2696318139669245,0.074074074074074,0.0383019880047744,0.0,0.0,0.0,-0.1056883153668481,0.0022658610271903,-0.037037037037037,0.05235976107378801
4,42,lgbm,s1_plus_ig,0.75,0.25,positive_only,s1_plus_ig/mode=positive_only/ratio=0.75/keep=0.25,0.0298865862352407,0.0022658610271903,0.0895635832550191,0.037037037037037,0.0640630985652484,0.796923076923077,0.0275974539207747,S1/random_over,0.1397526798584926,0.0,0.2696318139669245,0.074074074074074,0.0383019880047744,0.0,0.0,0.0,-0.10986609362325189,0.0022658610271903,-0.037037037037037,0.025761110560474004
4,42,lgbm,s1_plus_ig,1.0,0.25,positive_only,s1_plus_ig/mode=positive_only/ratio=1.0/keep=0.25,0.0341820688737839,0.0015105740181268,0.10562635004787,0.037037037037037,0.0656981069476187,0.796923076923077,0.0275974539207747,S1/random_over,0.1397526798584926,0.0,0.2696318139669245,0.074074074074074,0.0383019880047744,0.0,0.0,0.0,-0.1055706109847087,0.0015105740181268,-0.037037037037037,0.0273961189428443
4,42,lgbm,s1_plus_ig,1.5,0.25,positive_only,s1_plus_ig/mode=positive_only/ratio=1.5/keep=0.25,0.0291590342927511,0.0037764350453172,0.0700034127050514,0.037037037037037,0.0644014569488085,0.796923076923077,0.0275974539207747,S1/random_over,0.1397526798584926,0.0,0.2696318139669245,0.074074074074074,0.0383019880047744,0.0,0.0,0.0,-0.1105936455657415,0.0037764350453172,-0.037037037037037,0.0260994689440341
4,42,lgbm,s1_plus_ig,2.0,0.25,positive_only,s1_plus_ig/mode=positive_only/ratio=2.0/keep=0.25,0.0364122760707984,0.0015105740181268,0.10562635004787,0.037037037037037,0.0811799626917628,0.796923076923077,0.0275974539207747,S1/random_over,0.1397526798584926,0.0,0.2696318139669245,0.074074074074074,0.0383019880047744,0.0,0.0,0.0,-0.1033404037876942,0.0015105740181268,-0.037037037037037,0.042877974686988396
4,42,lgbm,s1_plus_ig,0.25,0.5,positive_only,s1_plus_ig/mode=positive_only/ratio=0.25/keep=0.5,0.0521141722364403,0.0007552870090634,0.1320666399981499,0.074074074074074,0.0792009926835263,0.9665513264129182,0.0301723987490695,S1/random_over,0.1397526798584926,0.0,0.2696318139669245,0.074074074074074,0.0383019880047744,0.0,0.0,0.0,-0.0876385076220523,0.0007552870090634,0.0,0.040899004678751905
4,42,lgbm,s1_plus_ig,0.5,0.5,positive_only,s1_plus_ig/mode=positive_only/ratio=0.5/keep=0.5,0.0485263108927394,0.0007552870090634,0.1320666399981499,0.074074074074074,0.1309705803480251,0.9665513264129182,0.0301723987490695,S1/random_over,0.1397526798584926,0.0,0.2696318139669245,0.074074074074074,0.0383019880047744,0.0,0.0,0.0,-0.0912263689657532,0.0007552870090634,0.0,0.09266859234325071
4,42,lgbm,s1_plus_ig,0.75,0.5,positive_only,s1_plus_ig/mode=positive_only/ratio=0.75/keep=0.5,0.0271780804006648,0.6503021148036254,0.0702437431301178,0.0,0.0833283695563981,0.9665513264129182,0.0301723987490695,S1/random_over,0.1397526798584926,0.0,0.2696318139669245,0.074074074074074,0.0383019880047744,0.0,0.0,0.0,-0.1125745994578278,0.6503021148036254,-0.074074074074074,0.045026381551623695
4,42,lgbm,s1_plus_ig,1.0,0.5,positive_only,s1_plus_ig/mode=positive_only/ratio=1.0/keep=0.5,0.0317278272424159,0.5113293051359517,0.0746199249258992,0.0,0.0909076291496744,0.9665513264129182,0.0301723987490695,S1/random_over,0.1397526798584926,0.0,0.2696318139669245,0.074074074074074,0.0383019880047744,0.0,0.0,0.0,-0.1080248526160767,0.5113293051359517,-0.074074074074074,0.0526056411449
4,42,lgbm,s1_plus_ig,1.5,0.5,positive_only,s1_plus_ig/mode=positive_only/ratio=1.5/keep=0.5,0.0277748792439399,0.0626888217522658,0.0487250368976475,0.0,0.0736978346360728,0.9665513264129182,0.0301723987490695,S1/random_over,0.1397526798584926,0.0,0.2696318139669245,0.074074074074074,0.0383019880047744,0.0,0.0,0.0,-0.1119778006145527,0.0626888217522658,-0.074074074074074,0.0353958466312984
4,42,lgbm,s1_plus_ig,2.0,0.5,positive_only,s1_plus_ig/mode=positive_only/ratio=2.0/keep=0.5,0.0252795480752579,0.8617824773413897,0.0565251876801795,0.0,0.1075401958857275,0.9665513264129182,0.0301723987490695,S1/random_over,0.1397526798584926,0.0,0.2696318139669245,0.074074074074074,0.0383019880047744,0.0,0.0,0.0,-0.1144731317832347,0.8617824773413897,-0.074074074074074,0.0692382078809531
4,42,lgbm,s1_plus_ig,0.25,0.75,positive_only,s1_plus_ig/mode=positive_only/ratio=0.25/keep=0.75,0.0521141722364403,0.0007552870090634,0.1320666399981499,0.074074074074074,0.0792009926835263,0.9538638985005768,0.0276892084417787,S1/random_over,0.1397526798584926,0.0,0.2696318139669245,0.074074074074074,0.0383019880047744,0.0,0.0,0.0,-0.0876385076220523,0.0007552870090634,0.0,0.040899004678751905
4,42,lgbm,s1_plus_ig,0.5,0.75,positive_only,s1_plus_ig/mode=positive_only/ratio=0.5/keep=0.75,0.0485263108927394,0.0007552870090634,0.1320666399981499,0.074074074074074,0.1309705803480251,0.9538638985005768,0.0276892084417787,S1/random_over,0.1397526798584926,0.0,0.2696318139669245,0.074074074074074,0.0383019880047744,0.0,0.0,0.0,-0.0912263689657532,0.0007552870090634,0.0,0.09266859234325071
4,42,lgbm,s1_plus_ig,0.75,0.75,positive_only,s1_plus_ig/mode=positive_only/ratio=0.75/keep=0.75,0.034982509976577,0.0173716012084592,0.0954891307857764,0.0,0.0694343987952314,0.9538638985005768,0.0276892084417787,S1/random_over,0.1397526798584926,0.0,0.2696318139669245,0.074074074074074,0.0383019880047744,0.0,0.0,0.0,-0.10477016988191559,0.0173716012084592,-0.074074074074074,0.031132410790457005
4,42,lgbm,s1_plus_ig,1.0,0.75,positive_only,s1_plus_ig/mode=positive_only/ratio=1.0/keep=0.75,0.0501913904092458,0.0022658610271903,0.1654978902965916,0.074074074074074,0.0959546054967304,0.9538638985005768,0.0276892084417787,S1/random_over,0.1397526798584926,0.0,0.2696318139669245,0.074074074074074,0.0383019880047744,0.0,0.0,0.0,-0.0895612894492468,0.0022658610271903,0.0,0.05765261749195601
4,42,lgbm,s1_plus_ig,1.5,0.75,positive_only,s1_plus_ig/mode=positive_only/ratio=1.5/keep=0.75,0.0405584252519419,0.216012084592145,0.089494608745973,0.0,0.0696024114445895,0.9538638985005768,0.0276892084417787,S1/random_over,0.1397526798584926,0.0,0.2696318139669245,0.074074074074074,0.0383019880047744,0.0,0.0,0.0,-0.09919425460655071,0.216012084592145,-0.074074074074074,0.031300423439815095
4,42,lgbm,s1_plus_ig,2.0,0.75,positive_only,s1_plus_ig/mode=positive_only/ratio=2.0/keep=0.75,0.0514035009630933,0.0015105740181268,0.10562635004787,0.074074074074074,0.1482558388472461,0.9538638985005768,0.0276892084417787,S1/random_over,0.1397526798584926,0.0,0.2696318139669245,0.074074074074074,0.0383019880047744,0.0,0.0,0.0,-0.08834917889539931,0.0015105740181268,0.0,0.10995385084247171
4,42,lgbm,s1_plus_ig,0.25,1.0,positive_only,s1_plus_ig/mode=positive_only/ratio=0.25/keep=1.0,0.0521141722364403,0.0007552870090634,0.1320666399981499,0.074074074074074,0.0792009926835263,0.9788542868127642,0.0382415113234593,S1/random_over,0.1397526798584926,0.0,0.2696318139669245,0.074074074074074,0.0383019880047744,0.0,0.0,0.0,-0.0876385076220523,0.0007552870090634,0.0,0.040899004678751905
4,42,lgbm,s1_plus_ig,0.5,1.0,positive_only,s1_plus_ig/mode=positive_only/ratio=0.5/keep=1.0,0.0485263108927394,0.0007552870090634,0.1320666399981499,0.074074074074074,0.1309705803480251,0.9788542868127642,0.0382415113234593,S1/random_over,0.1397526798584926,0.0,0.2696318139669245,0.074074074074074,0.0383019880047744,0.0,0.0,0.0,-0.0912263689657532,0.0007552870090634,0.0,0.09266859234325071
4,42,lgbm,s1_plus_ig,0.75,1.0,positive_only,s1_plus_ig/mode=positive_only/ratio=0.75/keep=1.0,0.034982509976577,0.0173716012084592,0.0954891307857764,0.0,0.0694343987952314,0.9788542868127642,0.0382415113234593,S1/random_over,0.1397526798584926,0.0,0.2696318139669245,0.074074074074074,0.0383019880047744,0.0,0.0,0.0,-0.10477016988191559,0.0173716012084592,-0.074074074074074,0.031132410790457005
4,42,lgbm,s1_plus_ig,1.0,1.0,positive_only,s1_plus_ig/mode=positive_only/ratio=1.0/keep=1.0,0.0501913904092458,0.0022658610271903,0.1654978902965916,0.074074074074074,0.0959546054967304,0.9788542868127642,0.0382415113234593,S1/random_over,0.1397526798584926,0.0,0.2696318139669245,0.074074074074074,0.0383019880047744,0.0,0.0,0.0,-0.0895612894492468,0.0022658610271903,0.0,0.05765261749195601
4,42,lgbm,s1_plus_ig,1.5,1.0,positive_only,s1_plus_ig/mode=positive_only/ratio=1.5/keep=1.0,0.0347283131187489,0.0120845921450151,0.075664567532045,0.037037037037037,0.1237974949494909,0.9788542868127642,0.0382415113234593,S1/random_over,0.1397526798584926,0.0,0.2696318139669245,0.074074074074074,0.0383019880047744,0.0,0.0,0.0,-0.10502436673974369,0.0120845921450151,-0.037037037037037,0.0854955069447165
4,42,lgbm,s1_plus_ig,2.0,1.0,positive_only,s1_plus_ig/mode=positive_only/ratio=2.0/keep=1.0,0.0357438741921356,0.1261329305135951,0.070920086497996,0.037037037037037,0.134131024739919,0.9788542868127642,0.0382415113234593,S1/random_over,0.1397526798584926,0.0,0.2696318139669245,0.074074074074074,0.0383019880047744,0.0,0.0,0.0,-0.10400880566635701,0.1261329305135951,-0.037037037037037,0.0958290367351446
4,43,lgbm,s1_plus_ig,0.25,0.25,positive_only,s1_plus_ig/mode=positive_only/ratio=0.25/keep=0.25,0.0383406913037838,0.0015105740181268,0.10562635004787,0.074074074074074,0.0557562353363983,0.6615384615384615,0.0281034346012556,S1/random_over,0.0741679495594776,0.0,0.1905878567447201,0.074074074074074,0.0451887501492681,0.0,0.0,0.0,-0.0358272582556938,0.0015105740181268,0.0,0.010567485187130202
4,43,lgbm,s1_plus_ig,0.5,0.25,positive_only,s1_plus_ig/mode=positive_only/ratio=0.5/keep=0.25,0.038531605902797,0.0015105740181268,0.10562635004787,0.037037037037037,0.068208815057777,0.6615384615384615,0.0281034346012556,S1/random_over,0.0741679495594776,0.0,0.1905878567447201,0.074074074074074,0.0451887501492681,0.0,0.0,0.0,-0.0356363436566806,0.0015105740181268,-0.037037037037037,0.0230200649085089
4,43,lgbm,s1_plus_ig,0.75,0.25,positive_only,s1_plus_ig/mode=positive_only/ratio=0.75/keep=0.25,0.037429902658135,0.0007552870090634,0.1320666399981499,0.037037037037037,0.070531896143159,0.6615384615384615,0.0281034346012556,S1/random_over,0.0741679495594776,0.0,0.1905878567447201,0.074074074074074,0.0451887501492681,0.0,0.0,0.0,-0.0367380469013426,0.0007552870090634,-0.037037037037037,0.025343145993890898
4,43,lgbm,s1_plus_ig,1.0,0.25,positive_only,s1_plus_ig/mode=positive_only/ratio=1.0/keep=0.25,0.0351545685965504,0.0075528700906344,0.09922133455466,0.074074074074074,0.0787346064411084,0.6615384615384615,0.0281034346012556,S1/random_over,0.0741679495594776,0.0,0.1905878567447201,0.074074074074074,0.0451887501492681,0.0,0.0,0.0,-0.0390133809629272,0.0075528700906344,0.0,0.0335458562918403
4,43,lgbm,s1_plus_ig,1.5,0.25,positive_only,s1_plus_ig/mode=positive_only/ratio=1.5/keep=0.25,0.0333196141184777,0.0022658610271903,0.0895635832550191,0.037037037037037,0.0971698407449572,0.6615384615384615,0.0281034346012556,S1/random_over,0.0741679495594776,0.0,0.1905878567447201,0.074074074074074,0.0451887501492681,0.0,0.0,0.0,-0.0408483354409999,0.0022658610271903,-0.037037037037037,0.0519810905956891
4,43,lgbm,s1_plus_ig,2.0,0.25,positive_only,s1_plus_ig/mode=positive_only/ratio=2.0/keep=0.25,0.0411599179561357,0.0037764350453172,0.1370307262948772,0.074074074074074,0.0792113618721877,0.6615384615384615,0.0281034346012556,S1/random_over,0.0741679495594776,0.0,0.1905878567447201,0.074074074074074,0.0451887501492681,0.0,0.0,0.0,-0.0330080316033419,0.0037764350453172,0.0,0.03402261172291961
4,43,lgbm,s1_plus_ig,0.25,0.5,positive_only,s1_plus_ig/mode=positive_only/ratio=0.25/keep=0.5,0.0383406913037838,0.0015105740181268,0.10562635004787,0.074074074074074,0.0557562353363983,0.9331026528258362,0.0268390889731951,S1/random_over,0.0741679495594776,0.0,0.1905878567447201,0.074074074074074,0.0451887501492681,0.0,0.0,0.0,-0.0358272582556938,0.0015105740181268,0.0,0.010567485187130202
4,43,lgbm,s1_plus_ig,0.5,0.5,positive_only,s1_plus_ig/mode=positive_only/ratio=0.5/keep=0.5,0.0393231559719585,0.0007552870090634,0.1320666399981499,0.037037037037037,0.0571591071714053,0.9331026528258362,0.0268390889731951,S1/random_over,0.0741679495594776,0.0,0.1905878567447201,0.074074074074074,0.0451887501492681,0.0,0.0,0.0,-0.0348447935875191,0.0007552870090634,-0.037037037037037,0.011970357022137203
4,43,lgbm,s1_plus_ig,0.75,0.5,positive_only,s1_plus_ig/mode=positive_only/ratio=0.75/keep=0.5,0.062624021876185,0.0,0.1905878567447201,0.074074074074074,0.0603903026301178,0.9331026528258362,0.0268390889731951,S1/random_over,0.0741679495594776,0.0,0.1905878567447201,0.074074074074074,0.0451887501492681,0.0,0.0,0.0,-0.011543927683292599,0.0,0.0,0.0152015524808497
4,43,lgbm,s1_plus_ig,1.0,0.5,positive_only,s1_plus_ig/mode=positive_only/ratio=1.0/keep=0.5,0.0608482825333571,0.0,0.1905878567447201,0.037037037037037,0.0591789964170992,0.9331026528258362,0.0268390889731951,S1/random_over,0.0741679495594776,0.0,0.1905878567447201,0.074074074074074,0.0451887501492681,0.0,0.0,0.0,-0.013319667026120502,0.0,-0.037037037037037,0.013990246267831102
4,43,lgbm,s1_plus_ig,1.5,0.5,positive_only,s1_plus_ig/mode=positive_only/ratio=1.5/keep=0.5,0.0304895425340511,0.0037764350453172,0.0700034127050514,0.037037037037037,0.0543410506688075,0.9331026528258362,0.0268390889731951,S1/random_over,0.0741679495594776,0.0,0.1905878567447201,0.074074074074074,0.0451887501492681,0.0,0.0,0.0,-0.0436784070254265,0.0037764350453172,-0.037037037037037,0.0091523005195394
4,43,lgbm,s1_plus_ig,2.0,0.5,positive_only,s1_plus_ig/mode=positive_only/ratio=2.0/keep=0.5,0.0287720609741485,0.080060422960725,0.0535745546001719,0.037037037037037,0.07953853329968,0.9331026528258362,0.0268390889731951,S1/random_over,0.0741679495594776,0.0,0.1905878567447201,0.074074074074074,0.0451887501492681,0.0,0.0,0.0,-0.0453958885853291,0.080060422960725,-0.037037037037037,0.0343497831504119
4,43,lgbm,s1_plus_ig,0.25,0.75,positive_only,s1_plus_ig/mode=positive_only/ratio=0.25/keep=0.75,0.0383406913037838,0.0015105740181268,0.10562635004787,0.074074074074074,0.0557562353363983,0.91118800461361,0.0194907551405123,S1/random_over,0.0741679495594776,0.0,0.1905878567447201,0.074074074074074,0.0451887501492681,0.0,0.0,0.0,-0.0358272582556938,0.0015105740181268,0.0,0.010567485187130202
4,43,lgbm,s1_plus_ig,0.5,0.75,positive_only,s1_plus_ig/mode=positive_only/ratio=0.5/keep=0.75,0.0393231559719585,0.0007552870090634,0.1320666399981499,0.037037037037037,0.0571591071714053,0.91118800461361,0.0194907551405123,S1/random_over,0.0741679495594776,0.0,0.1905878567447201,0.074074074074074,0.0451887501492681,0.0,0.0,0.0,-0.0348447935875191,0.0007552870090634,-0.037037037037037,0.011970357022137203
4,43,lgbm,s1_plus_ig,0.75,0.75,positive_only,s1_plus_ig/mode=positive_only/ratio=0.75/keep=0.75,0.0328739739577268,0.0015105740181268,0.10562635004787,0.037037037037037,0.056668413868835,0.91118800461361,0.0194907551405123,S1/random_over,0.0741679495594776,0.0,0.1905878567447201,0.074074074074074,0.0451887501492681,0.0,0.0,0.0,-0.0412939756017508,0.0015105740181268,-0.037037037037037,0.0114796637195669
4,43,lgbm,s1_plus_ig,1.0,0.75,positive_only,s1_plus_ig/mode=positive_only/ratio=1.0/keep=0.75,0.0357990307997596,0.0030211480362537,0.0783971307365233,0.037037037037037,0.0650633015892503,0.91118800461361,0.0194907551405123,S1/random_over,0.0741679495594776,0.0,0.1905878567447201,0.074074074074074,0.0451887501492681,0.0,0.0,0.0,-0.038368918759718,0.0030211480362537,-0.037037037037037,0.019874551439982208
4,43,lgbm,s1_plus_ig,1.5,0.75,positive_only,s1_plus_ig/mode=positive_only/ratio=1.5/keep=0.75,0.0264534468603315,0.0030211480362537,0.0783971307365233,0.037037037037037,0.0728660030112591,0.91118800461361,0.0194907551405123,S1/random_over,0.0741679495594776,0.0,0.1905878567447201,0.074074074074074,0.0451887501492681,0.0,0.0,0.0,-0.0477145026991461,0.0030211480362537,-0.037037037037037,0.027677252861991006
4,43,lgbm,s1_plus_ig,2.0,0.75,positive_only,s1_plus_ig/mode=positive_only/ratio=2.0/keep=0.75,0.0343174371920518,0.0015105740181268,0.10562635004787,0.037037037037037,0.0770038997683228,0.91118800461361,0.0194907551405123,S1/random_over,0.0741679495594776,0.0,0.1905878567447201,0.074074074074074,0.0451887501492681,0.0,0.0,0.0,-0.0398505123674258,0.0015105740181268,-0.037037037037037,0.0318151496190547
4,43,lgbm,s1_plus_ig,0.25,1.0,positive_only,s1_plus_ig/mode=positive_only/ratio=0.25/keep=1.0,0.0383406913037838,0.0015105740181268,0.10562635004787,0.074074074074074,0.0557562353363983,0.9611687812379854,0.0317876463930145,S1/random_over,0.0741679495594776,0.0,0.1905878567447201,0.074074074074074,0.0451887501492681,0.0,0.0,0.0,-0.0358272582556938,0.0015105740181268,0.0,0.010567485187130202
4,43,lgbm,s1_plus_ig,0.5,1.0,positive_only,s1_plus_ig/mode=positive_only/ratio=0.5/keep=1.0,0.0393231559719585,0.0007552870090634,0.1320666399981499,0.037037037037037,0.0571591071714053,0.9611687812379854,0.0317876463930145,S1/random_over,0.0741679495594776,0.0,0.1905878567447201,0.074074074074074,0.0451887501492681,0.0,0.0,0.0,-0.0348447935875191,0.0007552870090634,-0.037037037037037,0.011970357022137203
4,43,lgbm,s1_plus_ig,0.75,1.0,positive_only,s1_plus_ig/mode=positive_only/ratio=0.75/keep=1.0,0.0328739739577268,0.0015105740181268,0.10562635004787,0.037037037037037,0.056668413868835,0.9611687812379854,0.0317876463930145,S1/random_over,0.0741679495594776,0.0,0.1905878567447201,0.074074074074074,0.0451887501492681,0.0,0.0,0.0,-0.0412939756017508,0.0015105740181268,-0.037037037037037,0.0114796637195669
4,43,lgbm,s1_plus_ig,1.0,1.0,positive_only,s1_plus_ig/mode=positive_only/ratio=1.0/keep=1.0,0.0357990307997596,0.0030211480362537,0.0783971307365233,0.037037037037037,0.0650633015892503,0.9611687812379854,0.0317876463930145,S1/random_over,0.0741679495594776,0.0,0.1905878567447201,0.074074074074074,0.0451887501492681,0.0,0.0,0.0,-0.038368918759718,0.0030211480362537,-0.037037037037037,0.019874551439982208
4,43,lgbm,s1_plus_ig,1.5,1.0,positive_only,s1_plus_ig/mode=positive_only/ratio=1.5/keep=1.0,0.0306882233990463,0.0234138972809667,0.0783572750425279,0.0,0.0790574120989753,0.9611687812379854,0.0317876463930145,S1/random_over,0.0741679495594776,0.0,0.1905878567447201,0.074074074074074,0.0451887501492681,0.0,0.0,0.0,-0.0434797261604313,0.0234138972809667,-0.074074074074074,0.033868661949707196
4,43,lgbm,s1_plus_ig,2.0,1.0,positive_only,s1_plus_ig/mode=positive_only/ratio=2.0/keep=1.0,0.0327287024016073,0.0287009063444108,0.0672325048228959,0.037037037037037,0.0741354720472873,0.9611687812379854,0.0317876463930145,S1/random_over,0.0741679495594776,0.0,0.1905878567447201,0.074074074074074,0.0451887501492681,0.0,0.0,0.0,-0.0414392471578703,0.0287009063444108,-0.037037037037037,0.02894672189801921
4,44,lgbm,s1_plus_ig,0.25,0.25,positive_only,s1_plus_ig/mode=positive_only/ratio=0.25/keep=0.25,0.0313621719572071,0.0022658610271903,0.0895635832550191,0.037037037037037,0.0462349692400421,0.8184615384615384,0.0357239558684068,S1/smote,0.0929480000404352,0.0007552870090634,0.2179894987995807,0.074074074074074,0.0360444870723992,0.0007830853563038,-0.0054859794694871,0.0,-0.0615858280832281,0.0015105740181269,-0.037037037037037,0.0101904821676429
4,44,lgbm,s1_plus_ig,0.5,0.25,positive_only,s1_plus_ig/mode=positive_only/ratio=0.5/keep=0.25,0.0309783529902651,0.0022658610271903,0.0895635832550191,0.037037037037037,0.0567773893957724,0.8184615384615384,0.0357239558684068,S1/smote,0.0929480000404352,0.0007552870090634,0.2179894987995807,0.074074074074074,0.0360444870723992,0.0007830853563038,-0.0054859794694871,0.0,-0.0619696470501701,0.0015105740181269,-0.037037037037037,0.0207329023233732
4,44,lgbm,s1_plus_ig,0.75,0.25,positive_only,s1_plus_ig/mode=positive_only/ratio=0.75/keep=0.25,0.0401509253262012,0.0007552870090634,0.1320666399981499,0.037037037037037,0.0588171760331105,0.8184615384615384,0.0357239558684068,S1/smote,0.0929480000404352,0.0007552870090634,0.2179894987995807,0.074074074074074,0.0360444870723992,0.0007830853563038,-0.0054859794694871,0.0,-0.052797074714234,0.0,-0.037037037037037,0.0227726889607113
4,44,lgbm,s1_plus_ig,1.0,0.25,positive_only,s1_plus_ig/mode=positive_only/ratio=1.0/keep=0.25,0.0295777112582566,0.0030211480362537,0.0783971307365233,0.037037037037037,0.0707726749066728,0.8184615384615384,0.0357239558684068,S1/smote,0.0929480000404352,0.0007552870090634,0.2179894987995807,0.074074074074074,0.0360444870723992,0.0007830853563038,-0.0054859794694871,0.0,-0.0633702887821786,0.0022658610271903,-0.037037037037037,0.0347281878342736
4,44,lgbm,s1_plus_ig,1.5,0.25,positive_only,s1_plus_ig/mode=positive_only/ratio=1.5/keep=0.25,0.0310805580274754,0.0037764350453172,0.0700034127050514,0.037037037037037,0.0667775535069832,0.8184615384615384,0.0357239558684068,S1/smote,0.0929480000404352,0.0007552870090634,0.2179894987995807,0.074074074074074,0.0360444870723992,0.0007830853563038,-0.0054859794694871,0.0,-0.061867442012959795,0.0030211480362538,-0.037037037037037,0.030733066434583997
4,44,lgbm,s1_plus_ig,2.0,0.25,positive_only,s1_plus_ig/mode=positive_only/ratio=2.0/keep=0.25,0.0280422210941112,0.0060422960725075,0.053323220747601,0.037037037037037,0.0853197602957002,0.8184615384615384,0.0357239558684068,S1/smote,0.0929480000404352,0.0007552870090634,0.2179894987995807,0.074074074074074,0.0360444870723992,0.0007830853563038,-0.0054859794694871,0.0,-0.064905778946324,0.0052870090634441,-0.037037037037037,0.049275273223301
4,44,lgbm,s1_plus_ig,0.25,0.5,positive_only,s1_plus_ig/mode=positive_only/ratio=0.25/keep=0.5,0.0313621719572071,0.0022658610271903,0.0895635832550191,0.037037037037037,0.0462349692400421,0.9692425990003845,0.0274388128650042,S1/smote,0.0929480000404352,0.0007552870090634,0.2179894987995807,0.074074074074074,0.0360444870723992,0.0007830853563038,-0.0054859794694871,0.0,-0.0615858280832281,0.0015105740181269,-0.037037037037037,0.0101904821676429
4,44,lgbm,s1_plus_ig,0.5,0.5,positive_only,s1_plus_ig/mode=positive_only/ratio=0.5/keep=0.5,0.037925563833481,0.0007552870090634,0.1320666399981499,0.037037037037037,0.0658859781929758,0.9692425990003845,0.0274388128650042,S1/smote,0.0929480000404352,0.0007552870090634,0.2179894987995807,0.074074074074074,0.0360444870723992,0.0007830853563038,-0.0054859794694871,0.0,-0.0550224362069542,0.0,-0.037037037037037,0.029841491120576602
4,44,lgbm,s1_plus_ig,0.75,0.5,positive_only,s1_plus_ig/mode=positive_only/ratio=0.75/keep=0.5,0.0287406965216546,0.8187311178247734,0.0663722409166244,0.0,0.0566615192614749,0.9692425990003845,0.0274388128650042,S1/smote,0.0929480000404352,0.0007552870090634,0.2179894987995807,0.074074074074074,0.0360444870723992,0.0007830853563038,-0.0054859794694871,0.0,-0.0642073035187806,0.81797583081571,-0.074074074074074,0.0206170321890757
4,44,lgbm,s1_plus_ig,1.0,0.5,positive_only,s1_plus_ig/mode=positive_only/ratio=1.0/keep=0.5,0.0261524999221163,0.6283987915407855,0.0648766305206408,0.0,0.0717269585252638,0.9692425990003845,0.0274388128650042,S1/smote,0.0929480000404352,0.0007552870090634,0.2179894987995807,0.074074074074074,0.0360444870723992,0.0007830853563038,-0.0054859794694871,0.0,-0.0667955001183189,0.6276435045317221,-0.074074074074074,0.0356824714528646
4,44,lgbm,s1_plus_ig,1.5,0.5,positive_only,s1_plus_ig/mode=positive_only/ratio=1.5/keep=0.5,0.0221937278505954,0.6676737160120846,0.0327670614929166,0.0,0.066817815236918,0.9692425990003845,0.0274388128650042,S1/smote,0.0929480000404352,0.0007552870090634,0.2179894987995807,0.074074074074074,0.0360444870723992,0.0007830853563038,-0.0054859794694871,0.0,-0.0707542721898398,0.6669184290030212,-0.074074074074074,0.030773328164518804
4,44,lgbm,s1_plus_ig,2.0,0.5,positive_only,s1_plus_ig/mode=positive_only/ratio=2.0/keep=0.5,0.023383669257421,0.9070996978851964,0.0451950906530406,0.0,0.0740597934937335,0.9692425990003845,0.0274388128650042,S1/smote,0.0929480000404352,0.0007552870090634,0.2179894987995807,0.074074074074074,0.0360444870723992,0.0007830853563038,-0.0054859794694871,0.0,-0.0695643307830142,0.906344410876133,-0.074074074074074,0.0380153064213343
4,44,lgbm,s1_plus_ig,0.25,0.75,positive_only,s1_plus_ig/mode=positive_only/ratio=0.25/keep=0.75,0.0313621719572071,0.0022658610271903,0.0895635832550191,0.037037037037037,0.0462349692400421,0.9592464436755094,0.0250802529676768,S1/smote,0.0929480000404352,0.0007552870090634,0.2179894987995807,0.074074074074074,0.0360444870723992,0.0007830853563038,-0.0054859794694871,0.0,-0.0615858280832281,0.0015105740181269,-0.037037037037037,0.0101904821676429
4,44,lgbm,s1_plus_ig,0.5,0.75,positive_only,s1_plus_ig/mode=positive_only/ratio=0.5/keep=0.75,0.037925563833481,0.0007552870090634,0.1320666399981499,0.037037037037037,0.0658859781929758,0.9592464436755094,0.0250802529676768,S1/smote,0.0929480000404352,0.0007552870090634,0.2179894987995807,0.074074074074074,0.0360444870723992,0.0007830853563038,-0.0054859794694871,0.0,-0.0550224362069542,0.0,-0.037037037037037,0.029841491120576602
4,44,lgbm,s1_plus_ig,0.75,0.75,positive_only,s1_plus_ig/mode=positive_only/ratio=0.75/keep=0.75,0.0228742365741962,0.964501510574018,0.0271111551772913,0.0,0.0781809131610204,0.9592464436755094,0.0250802529676768,S1/smote,0.0929480000404352,0.0007552870090634,0.2179894987995807,0.074074074074074,0.0360444870723992,0.0007830853563038,-0.0054859794694871,0.0,-0.070073763466239,0.9637462235649547,-0.074074074074074,0.0421364260886212
4,44,lgbm,s1_plus_ig,1.0,0.75,positive_only,s1_plus_ig/mode=positive_only/ratio=1.0/keep=0.75,0.0274483592938756,0.0188821752265861,0.0551918988474879,0.037037037037037,0.0652661188746024,0.9592464436755094,0.0250802529676768,S1/smote,0.0929480000404352,0.0007552870090634,0.2179894987995807,0.074074074074074,0.0360444870723992,0.0007830853563038,-0.0054859794694871,0.0,-0.0654996407465596,0.018126888217522702,-0.037037037037037,0.029221631802203205
4,44,lgbm,s1_plus_ig,1.5,0.75,positive_only,s1_plus_ig/mode=positive_only/ratio=1.5/keep=0.75,0.0299289854194414,0.0037764350453172,0.0700034127050514,0.037037037037037,0.0716574605973853,0.9592464436755094,0.0250802529676768,S1/smote,0.0929480000404352,0.0007552870090634,0.2179894987995807,0.074074074074074,0.0360444870723992,0.0007830853563038,-0.0054859794694871,0.0,-0.0630190146209938,0.0030211480362538,-0.037037037037037,0.0356129735249861
4,44,lgbm,s1_plus_ig,2.0,0.75,positive_only,s1_plus_ig/mode=positive_only/ratio=2.0/keep=0.75,0.0222347375847697,0.8361027190332326,0.0482623222390104,0.0,0.0763110938120229,0.9592464436755094,0.0250802529676768,S1/smote,0.0929480000404352,0.0007552870090634,0.2179894987995807,0.074074074074074,0.0360444870723992,0.0007830853563038,-0.0054859794694871,0.0,-0.0707132624556655,0.8353474320241693,-0.074074074074074,0.040266606739623706
4,44,lgbm,s1_plus_ig,0.25,1.0,positive_only,s1_plus_ig/mode=positive_only/ratio=0.25/keep=1.0,0.0313621719572071,0.0022658610271903,0.0895635832550191,0.037037037037037,0.0462349692400421,0.9000384467512494,0.0307327780544357,S1/smote,0.0929480000404352,0.0007552870090634,0.2179894987995807,0.074074074074074,0.0360444870723992,0.0007830853563038,-0.0054859794694871,0.0,-0.0615858280832281,0.0015105740181269,-0.037037037037037,0.0101904821676429
4,44,lgbm,s1_plus_ig,0.5,1.0,positive_only,s1_plus_ig/mode=positive_only/ratio=0.5/keep=1.0,0.037925563833481,0.0007552870090634,0.1320666399981499,0.037037037037037,0.0658859781929758,0.9000384467512494,0.0307327780544357,S1/smote,0.0929480000404352,0.0007552870090634,0.2179894987995807,0.074074074074074,0.0360444870723992,0.0007830853563038,-0.0054859794694871,0.0,-0.0550224362069542,0.0,-0.037037037037037,0.029841491120576602
4,44,lgbm,s1_plus_ig,0.75,1.0,positive_only,s1_plus_ig/mode=positive_only/ratio=0.75/keep=1.0,0.0228742365741962,0.964501510574018,0.0271111551772913,0.0,0.0781809131610204,0.9000384467512494,0.0307327780544357,S1/smote,0.0929480000404352,0.0007552870090634,0.2179894987995807,0.074074074074074,0.0360444870723992,0.0007830853563038,-0.0054859794694871,0.0,-0.070073763466239,0.9637462235649547,-0.074074074074074,0.0421364260886212
4,44,lgbm,s1_plus_ig,1.0,1.0,positive_only,s1_plus_ig/mode=positive_only/ratio=1.0/keep=1.0,0.0274483592938756,0.0188821752265861,0.0551918988474879,0.037037037037037,0.0652661188746024,0.9000384467512494,0.0307327780544357,S1/smote,0.0929480000404352,0.0007552870090634,0.2179894987995807,0.074074074074074,0.0360444870723992,0.0007830853563038,-0.0054859794694871,0.0,-0.0654996407465596,0.018126888217522702,-0.037037037037037,0.029221631802203205
4,44,lgbm,s1_plus_ig,1.5,1.0,positive_only,s1_plus_ig/mode=positive_only/ratio=1.5/keep=1.0,0.0242845756067321,0.879154078549849,0.0523409981109721,0.0,0.0673407031184918,0.9000384467512494,0.0307327780544357,S1/smote,0.0929480000404352,0.0007552870090634,0.2179894987995807,0.074074074074074,0.0360444870723992,0.0007830853563038,-0.0054859794694871,0.0,-0.0686634244337031,0.8783987915407856,-0.074074074074074,0.031296216046092604
4,44,lgbm,s1_plus_ig,2.0,1.0,positive_only,s1_plus_ig/mode=positive_only/ratio=2.0/keep=1.0,0.024407854993207,0.797583081570997,0.0579587192953828,0.0,0.0712565979823542,0.9000384467512494,0.0307327780544357,S1/smote,0.0929480000404352,0.0007552870090634,0.2179894987995807,0.074074074074074,0.0360444870723992,0.0007830853563038,-0.0054859794694871,0.0,-0.0685401450472282,0.7968277945619336,-0.074074074074074,0.035212110909955005
4,45,lgbm,s1_plus_ig,0.25,0.25,positive_only,s1_plus_ig/mode=positive_only/ratio=0.25/keep=0.25,0.024698291198638,0.0188821752265861,0.0551918988474879,0.037037037037037,0.0493595512097057,0.7984615384615386,0.0225321600076436,S0/none,0.0985698837247221,0.0128398791540785,0.1905686701252353,0.1481481481481481,0.0437717322079414,0.0148786217697729,0.0074619323945321,0.0196078431372549,-0.0738715925260841,0.0060422960725076014,-0.1111111111111111,0.005587819001764298
4,45,lgbm,s1_plus_ig,0.5,0.25,positive_only,s1_plus_ig/mode=positive_only/ratio=0.5/keep=0.25,0.0297782112525174,0.0022658610271903,0.0895635832550191,0.037037037037037,0.0559616553560477,0.7984615384615386,0.0225321600076436,S0/none,0.0985698837247221,0.0128398791540785,0.1905686701252353,0.1481481481481481,0.0437717322079414,0.0148786217697729,0.0074619323945321,0.0196078431372549,-0.06879167247220469,-0.0105740181268882,-0.1111111111111111,0.012189923148106296
4,45,lgbm,s1_plus_ig,0.75,0.25,positive_only,s1_plus_ig/mode=positive_only/ratio=0.75/keep=0.25,0.0485366711793888,0.0007552870090634,0.1320666399981499,0.037037037037037,0.0528248496616069,0.7984615384615386,0.0225321600076436,S0/none,0.0985698837247221,0.0128398791540785,0.1905686701252353,0.1481481481481481,0.0437717322079414,0.0148786217697729,0.0074619323945321,0.0196078431372549,-0.0500332125453333,-0.0120845921450151,-0.1111111111111111,0.0090531174536655
4,45,lgbm,s1_plus_ig,1.0,0.25,positive_only,s1_plus_ig/mode=positive_only/ratio=1.0/keep=0.25,0.0448467738663366,0.0007552870090634,0.1320666399981499,0.037037037037037,0.0456045657130057,0.7984615384615386,0.0225321600076436,S0/none,0.0985698837247221,0.0128398791540785,0.1905686701252353,0.1481481481481481,0.0437717322079414,0.0148786217697729,0.0074619323945321,0.0196078431372549,-0.0537231098583855,-0.0120845921450151,-0.1111111111111111,0.0018328335050643019
4,45,lgbm,s1_plus_ig,1.5,0.25,positive_only,s1_plus_ig/mode=positive_only/ratio=1.5/keep=0.25,0.030066964569444,0.0332326283987915,0.0594779007199204,0.0,0.0510959168178883,0.7984615384615386,0.0225321600076436,S0/none,0.0985698837247221,0.0128398791540785,0.1905686701252353,0.1481481481481481,0.0437717322079414,0.0148786217697729,0.0074619323945321,0.0196078431372549,-0.06850291915527809,0.020392749244713,-0.1481481481481481,0.007324184609946896
4,45,lgbm,s1_plus_ig,2.0,0.25,positive_only,s1_plus_ig/mode=positive_only/ratio=2.0/keep=0.25,0.0305180686574565,0.547583081570997,0.0752203124213147,0.037037037037037,0.0658298768544312,0.7984615384615386,0.0225321600076436,S0/none,0.0985698837247221,0.0128398791540785,0.1905686701252353,0.1481481481481481,0.0437717322079414,0.0148786217697729,0.0074619323945321,0.0196078431372549,-0.0680518150672656,0.5347432024169185,-0.1111111111111111,0.0220581446464898
4,45,lgbm,s1_plus_ig,0.25,0.5,positive_only,s1_plus_ig/mode=positive_only/ratio=0.25/keep=0.5,0.024698291198638,0.0188821752265861,0.0551918988474879,0.037037037037037,0.0493595512097057,0.9807766243752404,0.0285470379187568,S0/none,0.0985698837247221,0.0128398791540785,0.1905686701252353,0.1481481481481481,0.0437717322079414,0.0148786217697729,0.0074619323945321,0.0196078431372549,-0.0738715925260841,0.0060422960725076014,-0.1111111111111111,0.005587819001764298
4,45,lgbm,s1_plus_ig,0.5,0.5,positive_only,s1_plus_ig/mode=positive_only/ratio=0.5/keep=0.5,0.0260632032238227,0.1971299093655589,0.0476671482932718,0.0,0.0546300488960113,0.9807766243752404,0.0285470379187568,S0/none,0.0985698837247221,0.0128398791540785,0.1905686701252353,0.1481481481481481,0.0437717322079414,0.0148786217697729,0.0074619323945321,0.0196078431372549,-0.0725066805008994,0.1842900302114804,-0.1481481481481481,0.0108583166880699
4,45,lgbm,s1_plus_ig,0.75,0.5,positive_only,s1_plus_ig/mode=positive_only/ratio=0.75/keep=0.5,0.0426796910678581,0.0015105740181268,0.10562635004787,0.037037037037037,0.0610996691693993,0.9807766243752404,0.0285470379187568,S0/none,0.0985698837247221,0.0128398791540785,0.1905686701252353,0.1481481481481481,0.0437717322079414,0.0148786217697729,0.0074619323945321,0.0196078431372549,-0.055890192656864,-0.011329305135951701,-0.1111111111111111,0.0173279369614579
4,45,lgbm,s1_plus_ig,1.0,0.5,positive_only,s1_plus_ig/mode=positive_only/ratio=1.0/keep=0.5,0.0274768085014504,0.0188821752265861,0.0551918988474879,0.0,0.0670162854492734,0.9807766243752404,0.0285470379187568,S0/none,0.0985698837247221,0.0128398791540785,0.1905686701252353,0.1481481481481481,0.0437717322079414,0.0148786217697729,0.0074619323945321,0.0196078431372549,-0.0710930752232717,0.0060422960725076014,-0.1481481481481481,0.023244553241332004
4,45,lgbm,s1_plus_ig,1.5,0.5,positive_only,s1_plus_ig/mode=positive_only/ratio=1.5/keep=0.5,0.0244036642809381,0.2009063444108761,0.0460288258256773,0.0,0.0780113352593393,0.9807766243752404,0.0285470379187568,S0/none,0.0985698837247221,0.0128398791540785,0.1905686701252353,0.1481481481481481,0.0437717322079414,0.0148786217697729,0.0074619323945321,0.0196078431372549,-0.074166219443784,0.1880664652567976,-0.1481481481481481,0.0342396030513979
4,45,lgbm,s1_plus_ig,2.0,0.5,positive_only,s1_plus_ig/mode=positive_only/ratio=2.0/keep=0.5,0.0358295508763617,0.4962235649546828,0.0684401516204808,0.037037037037037,0.0743828703128994,0.9807766243752404,0.0285470379187568,S0/none,0.0985698837247221,0.0128398791540785,0.1905686701252353,0.1481481481481481,0.0437717322079414,0.0148786217697729,0.0074619323945321,0.0196078431372549,-0.06274033284836039,0.48338368580060426,-0.1111111111111111,0.030611138104958004
4,45,lgbm,s1_plus_ig,0.25,0.75,positive_only,s1_plus_ig/mode=positive_only/ratio=0.25/keep=0.75,0.024698291198638,0.0188821752265861,0.0551918988474879,0.037037037037037,0.0493595512097057,0.8908112264513648,0.0344010513724501,S0/none,0.0985698837247221,0.0128398791540785,0.1905686701252353,0.1481481481481481,0.0437717322079414,0.0148786217697729,0.0074619323945321,0.0196078431372549,-0.0738715925260841,0.0060422960725076014,-0.1111111111111111,0.005587819001764298
4,45,lgbm,s1_plus_ig,0.5,0.75,positive_only,s1_plus_ig/mode=positive_only/ratio=0.5/keep=0.75,0.0260632032238227,0.1971299093655589,0.0476671482932718,0.0,0.0546300488960113,0.8908112264513648,0.0344010513724501,S0/none,0.0985698837247221,0.0128398791540785,0.1905686701252353,0.1481481481481481,0.0437717322079414,0.0148786217697729,0.0074619323945321,0.0196078431372549,-0.0725066805008994,0.1842900302114804,-0.1481481481481481,0.0108583166880699
4,45,lgbm,s1_plus_ig,0.75,0.75,positive_only,s1_plus_ig/mode=positive_only/ratio=0.75/keep=0.75,0.0254890874136326,0.7212990936555891,0.0525062049119874,0.0,0.0778644397993479,0.8908112264513648,0.0344010513724501,S0/none,0.0985698837247221,0.0128398791540785,0.1905686701252353,0.1481481481481481,0.0437717322079414,0.0148786217697729,0.0074619323945321,0.0196078431372549,-0.07308079631108949,0.7084592145015106,-0.1481481481481481,0.0340927075914065
4,45,lgbm,s1_plus_ig,1.0,0.75,positive_only,s1_plus_ig/mode=positive_only/ratio=1.0/keep=0.75,0.0736635332224095,0.0,0.1905878567447201,0.074074074074074,0.0681783522704632,0.8908112264513648,0.0344010513724501,S0/none,0.0985698837247221,0.0128398791540785,0.1905686701252353,0.1481481481481481,0.0437717322079414,0.0148786217697729,0.0074619323945321,0.0196078431372549,-0.024906350502312602,-0.0128398791540785,-0.07407407407407411,0.024406620062521804
4,45,lgbm,s1_plus_ig,1.5,0.75,positive_only,s1_plus_ig/mode=positive_only/ratio=1.5/keep=0.75,0.0787561281039585,0.0,0.1905878567447201,0.074074074074074,0.0592019632322369,0.8908112264513648,0.0344010513724501,S0/none,0.0985698837247221,0.0128398791540785,0.1905686701252353,0.1481481481481481,0.0437717322079414,0.0148786217697729,0.0074619323945321,0.0196078431372549,-0.019813755620763596,-0.0128398791540785,-0.07407407407407411,0.015430231024295499
4,45,lgbm,s1_plus_ig,2.0,0.75,positive_only,s1_plus_ig/mode=positive_only/ratio=2.0/keep=0.75,0.0265348693590911,0.709214501510574,0.0786089478231079,0.037037037037037,0.0722806163104516,0.8908112264513648,0.0344010513724501,S0/none,0.0985698837247221,0.0128398791540785,0.1905686701252353,0.1481481481481481,0.0437717322079414,0.0148786217697729,0.0074619323945321,0.0196078431372549,-0.072035014365631,0.6963746223564955,-0.1111111111111111,0.0285088841025102
4,45,lgbm,s1_plus_ig,0.25,1.0,positive_only,s1_plus_ig/mode=positive_only/ratio=0.25/keep=1.0,0.024698291198638,0.0188821752265861,0.0551918988474879,0.037037037037037,0.0493595512097057,0.9019607843137256,0.0743664705370685,S0/none,0.0985698837247221,0.0128398791540785,0.1905686701252353,0.1481481481481481,0.0437717322079414,0.0148786217697729,0.0074619323945321,0.0196078431372549,-0.0738715925260841,0.0060422960725076014,-0.1111111111111111,0.005587819001764298
4,45,lgbm,s1_plus_ig,0.5,1.0,positive_only,s1_plus_ig/mode=positive_only/ratio=0.5/keep=1.0,0.0260632032238227,0.1971299093655589,0.0476671482932718,0.0,0.0546300488960113,0.9019607843137256,0.0743664705370685,S0/none,0.0985698837247221,0.0128398791540785,0.1905686701252353,0.1481481481481481,0.0437717322079414,0.0148786217697729,0.0074619323945321,0.0196078431372549,-0.0725066805008994,0.1842900302114804,-0.1481481481481481,0.0108583166880699
4,45,lgbm,s1_plus_ig,0.75,1.0,positive_only,s1_plus_ig/mode=positive_only/ratio=0.75/keep=1.0,0.0254890874136326,0.7212990936555891,0.0525062049119874,0.0,0.0778644397993479,0.9019607843137256,0.0743664705370685,S0/none,0.0985698837247221,0.0128398791540785,0.1905686701252353,0.1481481481481481,0.0437717322079414,0.0148786217697729,0.0074619323945321,0.0196078431372549,-0.07308079631108949,0.7084592145015106,-0.1481481481481481,0.0340927075914065
4,45,lgbm,s1_plus_ig,1.0,1.0,positive_only,s1_plus_ig/mode=positive_only/ratio=1.0/keep=1.0,0.0736635332224095,0.0,0.1905878567447201,0.074074074074074,0.0681783522704632,0.9019607843137256,0.0743664705370685,S0/none,0.0985698837247221,0.0128398791540785,0.1905686701252353,0.1481481481481481,0.0437717322079414,0.0148786217697729,0.0074619323945321,0.0196078431372549,-0.024906350502312602,-0.0128398791540785,-0.07407407407407411,0.024406620062521804
4,45,lgbm,s1_plus_ig,1.5,1.0,positive_only,s1_plus_ig/mode=positive_only/ratio=1.5/keep=1.0,0.0515424857208274,0.0015105740181268,0.10562635004787,0.037037037037037,0.0902805156100675,0.9019607843137256,0.0743664705370685,S0/none,0.0985698837247221,0.0128398791540785,0.1905686701252353,0.1481481481481481,0.0437717322079414,0.0148786217697729,0.0074619323945321,0.0196078431372549,-0.0470273980038947,-0.011329305135951701,-0.1111111111111111,0.0465087834021261
4,45,lgbm,s1_plus_ig,2.0,1.0,positive_only,s1_plus_ig/mode=positive_only/ratio=2.0/keep=1.0,0.048711094417042,0.1465256797583081,0.1017654358897748,0.037037037037037,0.0642628372522078,0.9019607843137256,0.0743664705370685,S0/none,0.0985698837247221,0.0128398791540785,0.1905686701252353,0.1481481481481481,0.0437717322079414,0.0148786217697729,0.0074619323945321,0.0196078431372549,-0.0498587893076801,0.1336858006042296,-0.1111111111111111,0.0204911050442664
4,46,lgbm,s1_plus_ig,0.25,0.25,positive_only,s1_plus_ig/mode=positive_only/ratio=0.25/keep=0.25,0.0443031066054644,0.0007552870090634,0.1320666399981499,0.074074074074074,0.0814957593696718,0.8092307692307692,0.0277705409887603,S1/random_over,0.1019806473960459,0.0007552870090634,0.2179894987995807,0.074074074074074,0.0432343694458432,0.0,0.0,0.0,-0.057677540790581495,0.0,0.0,0.0382613899238286
4,46,lgbm,s1_plus_ig,0.5,0.25,positive_only,s1_plus_ig/mode=positive_only/ratio=0.5/keep=0.25,0.0799818013176529,0.0,0.1905878567447201,0.074074074074074,0.1266832478454113,0.8092307692307692,0.0277705409887603,S1/random_over,0.1019806473960459,0.0007552870090634,0.2179894987995807,0.074074074074074,0.0432343694458432,0.0,0.0,0.0,-0.021998846078393003,-0.0007552870090634,0.0,0.0834488783995681
4,46,lgbm,s1_plus_ig,0.75,0.25,positive_only,s1_plus_ig/mode=positive_only/ratio=0.75/keep=0.25,0.0500608624914155,0.0083081570996978,0.1420697928813906,0.1111111111111111,0.0985501452539853,0.8092307692307692,0.0277705409887603,S1/random_over,0.1019806473960459,0.0007552870090634,0.2179894987995807,0.074074074074074,0.0432343694458432,0.0,0.0,0.0,-0.051919784904630395,0.007552870090634401,0.037037037037037104,0.0553157758081421
4,46,lgbm,s1_plus_ig,1.0,0.25,positive_only,s1_plus_ig/mode=positive_only/ratio=1.0/keep=0.25,0.0608311815476176,0.0,0.1905878567447201,0.037037037037037,0.1333677581013827,0.8092307692307692,0.0277705409887603,S1/random_over,0.1019806473960459,0.0007552870090634,0.2179894987995807,0.074074074074074,0.0432343694458432,0.0,0.0,0.0,-0.041149465848428296,-0.0007552870090634,-0.037037037037037,0.09013338865553952
4,46,lgbm,s1_plus_ig,1.5,0.25,positive_only,s1_plus_ig/mode=positive_only/ratio=1.5/keep=0.25,0.0595605157604611,0.0,0.1905878567447201,0.037037037037037,0.1067068552506988,0.8092307692307692,0.0277705409887603,S1/random_over,0.1019806473960459,0.0007552870090634,0.2179894987995807,0.074074074074074,0.0432343694458432,0.0,0.0,0.0,-0.0424201316355848,-0.0007552870090634,-0.037037037037037,0.0634724858048556
4,46,lgbm,s1_plus_ig,2.0,0.25,positive_only,s1_plus_ig/mode=positive_only/ratio=2.0/keep=0.25,0.039583670473526,0.0007552870090634,0.1320666399981499,0.037037037037037,0.1152033910639257,0.8092307692307692,0.0277705409887603,S1/random_over,0.1019806473960459,0.0007552870090634,0.2179894987995807,0.074074074074074,0.0432343694458432,0.0,0.0,0.0,-0.0623969769225199,0.0,-0.037037037037037,0.0719690216180825
4,46,lgbm,s1_plus_ig,0.25,0.5,positive_only,s1_plus_ig/mode=positive_only/ratio=0.25/keep=0.5,0.0443031066054644,0.0007552870090634,0.1320666399981499,0.074074074074074,0.0814957593696718,0.9257977700884276,0.0301898266094256,S1/random_over,0.1019806473960459,0.0007552870090634,0.2179894987995807,0.074074074074074,0.0432343694458432,0.0,0.0,0.0,-0.057677540790581495,0.0,0.0,0.0382613899238286
4,46,lgbm,s1_plus_ig,0.5,0.5,positive_only,s1_plus_ig/mode=positive_only/ratio=0.5/keep=0.5,0.0441522932937077,0.0007552870090634,0.1320666399981499,0.074074074074074,0.069226872849637,0.9257977700884276,0.0301898266094256,S1/random_over,0.1019806473960459,0.0007552870090634,0.2179894987995807,0.074074074074074,0.0432343694458432,0.0,0.0,0.0,-0.0578283541023382,0.0,0.0,0.025992503403793797
4,46,lgbm,s1_plus_ig,0.75,0.5,positive_only,s1_plus_ig/mode=positive_only/ratio=0.75/keep=0.5,0.0650369794389888,0.0,0.1905878567447201,0.037037037037037,0.1096170143716431,0.9257977700884276,0.0301898266094256,S1/random_over,0.1019806473960459,0.0007552870090634,0.2179894987995807,0.074074074074074,0.0432343694458432,0.0,0.0,0.0,-0.0369436679570571,-0.0007552870090634,-0.037037037037037,0.0663826449257999
4,46,lgbm,s1_plus_ig,1.0,0.5,positive_only,s1_plus_ig/mode=positive_only/ratio=1.0/keep=0.5,0.0489470330186084,0.0007552870090634,0.1320666399981499,0.074074074074074,0.0707122564121086,0.9257977700884276,0.0301898266094256,S1/random_over,0.1019806473960459,0.0007552870090634,0.2179894987995807,0.074074074074074,0.0432343694458432,0.0,0.0,0.0,-0.0530336143774375,0.0,0.0,0.0274778869662654
4,46,lgbm,s1_plus_ig,1.5,0.5,positive_only,s1_plus_ig/mode=positive_only/ratio=1.5/keep=0.5,0.0677704825354464,0.0,0.1905878567447201,0.074074074074074,0.1471457134668781,0.9257977700884276,0.0301898266094256,S1/random_over,0.1019806473960459,0.0007552870090634,0.2179894987995807,0.074074074074074,0.0432343694458432,0.0,0.0,0.0,-0.034210164860599496,-0.0007552870090634,0.0,0.10391134402103491
4,46,lgbm,s1_plus_ig,2.0,0.5,positive_only,s1_plus_ig/mode=positive_only/ratio=2.0/keep=0.5,0.0388517464472877,0.0015105740181268,0.10562635004787,0.037037037037037,0.0952916379892263,0.9257977700884276,0.0301898266094256,S1/random_over,0.1019806473960459,0.0007552870090634,0.2179894987995807,0.074074074074074,0.0432343694458432,0.0,0.0,0.0,-0.0631289009487582,0.0007552870090634,-0.037037037037037,0.0520572685433831
4,46,lgbm,s1_plus_ig,0.25,0.75,positive_only,s1_plus_ig/mode=positive_only/ratio=0.25/keep=0.75,0.0443031066054644,0.0007552870090634,0.1320666399981499,0.074074074074074,0.0814957593696718,0.8942714340638216,0.0197370746297084,S1/random_over,0.1019806473960459,0.0007552870090634,0.2179894987995807,0.074074074074074,0.0432343694458432,0.0,0.0,0.0,-0.057677540790581495,0.0,0.0,0.0382613899238286
4,46,lgbm,s1_plus_ig,0.5,0.75,positive_only,s1_plus_ig/mode=positive_only/ratio=0.5/keep=0.75,0.0441522932937077,0.0007552870090634,0.1320666399981499,0.074074074074074,0.069226872849637,0.8942714340638216,0.0197370746297084,S1/random_over,0.1019806473960459,0.0007552870090634,0.2179894987995807,0.074074074074074,0.0432343694458432,0.0,0.0,0.0,-0.0578283541023382,0.0,0.0,0.025992503403793797
4,46,lgbm,s1_plus_ig,0.75,0.75,positive_only,s1_plus_ig/mode=positive_only/ratio=0.75/keep=0.75,0.0427016864353982,0.0007552870090634,0.1320666399981499,0.037037037037037,0.1327134725733849,0.8942714340638216,0.0197370746297084,S1/random_over,0.1019806473960459,0.0007552870090634,0.2179894987995807,0.074074074074074,0.0432343694458432,0.0,0.0,0.0,-0.0592789609606477,0.0,-0.037037037037037,0.0894791031275417
4,46,lgbm,s1_plus_ig,1.0,0.75,positive_only,s1_plus_ig/mode=positive_only/ratio=1.0/keep=0.75,0.049226081117001,0.0007552870090634,0.1320666399981499,0.037037037037037,0.0833828180319037,0.8942714340638216,0.0197370746297084,S1/random_over,0.1019806473960459,0.0007552870090634,0.2179894987995807,0.074074074074074,0.0432343694458432,0.0,0.0,0.0,-0.0527545662790449,0.0,-0.037037037037037,0.0401484485860605
4,46,lgbm,s1_plus_ig,1.5,0.75,positive_only,s1_plus_ig/mode=positive_only/ratio=1.5/keep=0.75,0.0326349487676653,0.0566465256797583,0.0762152489091313,0.037037037037037,0.1241107700285722,0.8942714340638216,0.0197370746297084,S1/random_over,0.1019806473960459,0.0007552870090634,0.2179894987995807,0.074074074074074,0.0432343694458432,0.0,0.0,0.0,-0.0693456986283806,0.0558912386706949,-0.037037037037037,0.08087640058272899
4,46,lgbm,s1_plus_ig,2.0,0.75,positive_only,s1_plus_ig/mode=positive_only/ratio=2.0/keep=0.75,0.0273090247481328,0.8602719033232629,0.0568819502964686,0.0,0.0871987956606579,0.8942714340638216,0.0197370746297084,S1/random_over,0.1019806473960459,0.0007552870090634,0.2179894987995807,0.074074074074074,0.0432343694458432,0.0,0.0,0.0,-0.0746716226479131,0.8595166163141995,-0.074074074074074,0.0439644262148147
4,46,lgbm,s1_plus_ig,0.25,1.0,positive_only,s1_plus_ig/mode=positive_only/ratio=0.25/keep=1.0,0.0443031066054644,0.0007552870090634,0.1320666399981499,0.074074074074074,0.0814957593696718,0.9334871203383316,0.0225974134630879,S1/random_over,0.1019806473960459,0.0007552870090634,0.2179894987995807,0.074074074074074,0.0432343694458432,0.0,0.0,0.0,-0.057677540790581495,0.0,0.0,0.0382613899238286
4,46,lgbm,s1_plus_ig,0.5,1.0,positive_only,s1_plus_ig/mode=positive_only/ratio=0.5/keep=1.0,0.0441522932937077,0.0007552870090634,0.1320666399981499,0.074074074074074,0.069226872849637,0.9334871203383316,0.0225974134630879,S1/random_over,0.1019806473960459,0.0007552870090634,0.2179894987995807,0.074074074074074,0.0432343694458432,0.0,0.0,0.0,-0.0578283541023382,0.0,0.0,0.025992503403793797
4,46,lgbm,s1_plus_ig,0.75,1.0,positive_only,s1_plus_ig/mode=positive_only/ratio=0.75/keep=1.0,0.0427016864353982,0.0007552870090634,0.1320666399981499,0.037037037037037,0.1327134725733849,0.9334871203383316,0.0225974134630879,S1/random_over,0.1019806473960459,0.0007552870090634,0.2179894987995807,0.074074074074074,0.0432343694458432,0.0,0.0,0.0,-0.0592789609606477,0.0,-0.037037037037037,0.0894791031275417
4,46,lgbm,s1_plus_ig,1.0,1.0,positive_only,s1_plus_ig/mode=positive_only/ratio=1.0/keep=1.0,0.049226081117001,0.0007552870090634,0.1320666399981499,0.037037037037037,0.0833828180319037,0.9334871203383316,0.0225974134630879,S1/random_over,0.1019806473960459,0.0007552870090634,0.2179894987995807,0.074074074074074,0.0432343694458432,0.0,0.0,0.0,-0.0527545662790449,0.0,-0.037037037037037,0.0401484485860605
4,46,lgbm,s1_plus_ig,1.5,1.0,positive_only,s1_plus_ig/mode=positive_only/ratio=1.5/keep=1.0,0.0377240989004898,0.0022658610271903,0.0895635832550191,0.037037037037037,0.0756908331256859,0.9334871203383316,0.0225974134630879,S1/random_over,0.1019806473960459,0.0007552870090634,0.2179894987995807,0.074074074074074,0.0432343694458432,0.0,0.0,0.0,-0.06425654849555609,0.0015105740181269,-0.037037037037037,0.03245646367984271
4,46,lgbm,s1_plus_ig,2.0,1.0,positive_only,s1_plus_ig/mode=positive_only/ratio=2.0/keep=1.0,0.0320648295774657,0.0030211480362537,0.0783971307365233,0.037037037037037,0.0919142643534657,0.9334871203383316,0.0225974134630879,S1/random_over,0.1019806473960459,0.0007552870090634,0.2179894987995807,0.074074074074074,0.0432343694458432,0.0,0.0,0.0,-0.0699158178185802,0.0022658610271903,-0.037037037037037,0.0486798949076225
5,42,lgbm,s1_plus_ig,0.25,0.25,positive_only,s1_plus_ig/mode=positive_only/ratio=0.25/keep=0.25,0.0558395696489667,0.0,0.1243751929964915,0.0476190476190476,0.05198218910443,0.9561301084236864,0.0383667433111173,S1/smote,0.1089008223354405,0.0,0.2155126051904876,0.0952380952380952,0.0661556403691741,0.0,0.0,0.0109890109890109,-0.053061252686473805,0.0,-0.0476190476190476,-0.014173451264744098
5,42,lgbm,s1_plus_ig,0.5,0.25,positive_only,s1_plus_ig/mode=positive_only/ratio=0.5/keep=0.25,0.0525257167452852,0.0,0.1243751929964915,0.0476190476190476,0.0497931641820333,0.9561301084236864,0.0383667433111173,S1/smote,0.1089008223354405,0.0,0.2155126051904876,0.0952380952380952,0.0661556403691741,0.0,0.0,0.0109890109890109,-0.0563751055901553,0.0,-0.0476190476190476,-0.016362476187140797
5,42,lgbm,s1_plus_ig,0.75,0.25,positive_only,s1_plus_ig/mode=positive_only/ratio=0.75/keep=0.25,0.066624867402632,0.0,0.1243751929964915,0.0634920634920634,0.055925497411938,0.9561301084236864,0.0383667433111173,S1/smote,0.1089008223354405,0.0,0.2155126051904876,0.0952380952380952,0.0661556403691741,0.0,0.0,0.0109890109890109,-0.0422759549328085,0.0,-0.0317460317460318,-0.010230142957236094
5,42,lgbm,s1_plus_ig,1.0,0.25,positive_only,s1_plus_ig/mode=positive_only/ratio=1.0/keep=0.25,0.0621653365469804,0.0,0.1243751929964915,0.0476190476190476,0.053711211030623,0.9561301084236864,0.0383667433111173,S1/smote,0.1089008223354405,0.0,0.2155126051904876,0.0952380952380952,0.0661556403691741,0.0,0.0,0.0109890109890109,-0.0467354857884601,0.0,-0.0476190476190476,-0.012444429338551097
5,42,lgbm,s1_plus_ig,1.5,0.25,positive_only,s1_plus_ig/mode=positive_only/ratio=1.5/keep=0.25,0.0518903992239977,0.0012631578947368,0.106905963970253,0.0317460317460317,0.047068905414208,0.9561301084236864,0.0383667433111173,S1/smote,0.1089008223354405,0.0,0.2155126051904876,0.0952380952380952,0.0661556403691741,0.0,0.0,0.0109890109890109,-0.057010423111442804,0.0012631578947368,-0.0634920634920635,-0.019086734954966093
5,42,lgbm,s1_plus_ig,2.0,0.25,positive_only,s1_plus_ig/mode=positive_only/ratio=2.0/keep=0.25,0.0755214368314017,0.0004210526315789,0.1417694849863601,0.0476190476190476,0.0515124622847093,0.9561301084236864,0.0383667433111173,S1/smote,0.1089008223354405,0.0,0.2155126051904876,0.0952380952380952,0.0661556403691741,0.0,0.0,0.0109890109890109,-0.03337938550403881,0.0004210526315789,-0.0476190476190476,-0.014643178084464796
5,42,lgbm,s1_plus_ig,0.25,0.5,positive_only,s1_plus_ig/mode=positive_only/ratio=0.25/keep=0.5,0.0558395696489667,0.0,0.1243751929964915,0.0476190476190476,0.05198218910443,0.9911803340213924,0.0497170549421719,S1/smote,0.1089008223354405,0.0,0.2155126051904876,0.0952380952380952,0.0661556403691741,0.0,0.0,0.0109890109890109,-0.053061252686473805,0.0,-0.0476190476190476,-0.014173451264744098
5,42,lgbm,s1_plus_ig,0.5,0.5,positive_only,s1_plus_ig/mode=positive_only/ratio=0.5/keep=0.5,0.0560775481490269,0.0,0.1243751929964915,0.0317460317460317,0.0470011548435964,0.9911803340213924,0.0497170549421719,S1/smote,0.1089008223354405,0.0,0.2155126051904876,0.0952380952380952,0.0661556403691741,0.0,0.0,0.0109890109890109,-0.0528232741864136,0.0,-0.0634920634920635,-0.0191544855255777
5,42,lgbm,s1_plus_ig,0.75,0.5,positive_only,s1_plus_ig/mode=positive_only/ratio=0.75/keep=0.5,0.0677007217750799,0.0,0.1243751929964915,0.0317460317460317,0.0493800792524523,0.9911803340213924,0.0497170549421719,S1/smote,0.1089008223354405,0.0,0.2155126051904876,0.0952380952380952,0.0661556403691741,0.0,0.0,0.0109890109890109,-0.04120010056036061,0.0,-0.0634920634920635,-0.016775561116721793
5,42,lgbm,s1_plus_ig,1.0,0.5,positive_only,s1_plus_ig/mode=positive_only/ratio=1.0/keep=0.5,0.0586557184093443,0.12,0.1318382270763882,0.0158730158730158,0.0491453770430378,0.9911803340213924,0.0497170549421719,S1/smote,0.1089008223354405,0.0,0.2155126051904876,0.0952380952380952,0.0661556403691741,0.0,0.0,0.0109890109890109,-0.050245103926096206,0.12,-0.0793650793650794,-0.017010263326136296
5,42,lgbm,s1_plus_ig,1.5,0.5,positive_only,s1_plus_ig/mode=positive_only/ratio=1.5/keep=0.5,0.0618443773277719,0.0458947368421052,0.1387918861540114,0.0476190476190476,0.0505850924968234,0.9911803340213924,0.0497170549421719,S1/smote,0.1089008223354405,0.0,0.2155126051904876,0.0952380952380952,0.0661556403691741,0.0,0.0,0.0109890109890109,-0.047056445007668604,0.0458947368421052,-0.0476190476190476,-0.015570547872350696
5,42,lgbm,s1_plus_ig,2.0,0.5,positive_only,s1_plus_ig/mode=positive_only/ratio=2.0/keep=0.5,0.088072533739937,0.0008421052631578,0.1640506121087045,0.0793650793650793,0.0492663470417669,0.9911803340213924,0.0497170549421719,S1/smote,0.1089008223354405,0.0,0.2155126051904876,0.0952380952380952,0.0661556403691741,0.0,0.0,0.0109890109890109,-0.020828288595503508,0.0008421052631578,-0.0158730158730159,-0.016889293327407198
5,42,lgbm,s1_plus_ig,0.25,0.75,positive_only,s1_plus_ig/mode=positive_only/ratio=0.25/keep=0.75,0.0558395696489667,0.0,0.1243751929964915,0.0476190476190476,0.05198218910443,0.9945997789870936,0.0742524669844458,S1/smote,0.1089008223354405,0.0,0.2155126051904876,0.0952380952380952,0.0661556403691741,0.0,0.0,0.0109890109890109,-0.053061252686473805,0.0,-0.0476190476190476,-0.014173451264744098
5,42,lgbm,s1_plus_ig,0.5,0.75,positive_only,s1_plus_ig/mode=positive_only/ratio=0.5/keep=0.75,0.0560775481490269,0.0,0.1243751929964915,0.0317460317460317,0.0470011548435964,0.9945997789870936,0.0742524669844458,S1/smote,0.1089008223354405,0.0,0.2155126051904876,0.0952380952380952,0.0661556403691741,0.0,0.0,0.0109890109890109,-0.0528232741864136,0.0,-0.0634920634920635,-0.0191544855255777
5,42,lgbm,s1_plus_ig,0.75,0.75,positive_only,s1_plus_ig/mode=positive_only/ratio=0.75/keep=0.75,0.0874811404356741,0.0,0.1759291839039427,0.0476190476190476,0.0527827090488504,0.9945997789870936,0.0742524669844458,S1/smote,0.1089008223354405,0.0,0.2155126051904876,0.0952380952380952,0.0661556403691741,0.0,0.0,0.0109890109890109,-0.021419681899766396,0.0,-0.0476190476190476,-0.013372931320323696
5,42,lgbm,s1_plus_ig,1.0,0.75,positive_only,s1_plus_ig/mode=positive_only/ratio=1.0/keep=0.75,0.1316679150720949,0.0016842105263157,0.2322413601171696,0.1269841269841269,0.0575082954037395,0.9945997789870936,0.0742524669844458,S1/smote,0.1089008223354405,0.0,0.2155126051904876,0.0952380952380952,0.0661556403691741,0.0,0.0,0.0109890109890109,0.022767092736654407,0.0016842105263157,0.03174603174603169,-0.008647344965434595
5,42,lgbm,s1_plus_ig,1.5,0.75,positive_only,s1_plus_ig/mode=positive_only/ratio=1.5/keep=0.75,0.138188268781021,0.0,0.2783399083856074,0.0952380952380952,0.0564820351850889,0.9945997789870936,0.0742524669844458,S1/smote,0.1089008223354405,0.0,0.2155126051904876,0.0952380952380952,0.0661556403691741,0.0,0.0,0.0109890109890109,0.029287446445580498,0.0,0.0,-0.009673605184085193
5,42,lgbm,s1_plus_ig,2.0,0.75,positive_only,s1_plus_ig/mode=positive_only/ratio=2.0/keep=0.75,0.1489016025897973,0.0,0.2783399083856074,0.1111111111111111,0.0570859186977624,0.9945997789870936,0.0742524669844458,S1/smote,0.1089008223354405,0.0,0.2155126051904876,0.0952380952380952,0.0661556403691741,0.0,0.0,0.0109890109890109,0.040000780254356785,0.0,0.0158730158730159,-0.009069721671411693
5,42,lgbm,s1_plus_ig,0.25,1.0,positive_only,s1_plus_ig/mode=positive_only/ratio=0.25/keep=1.0,0.0558395696489667,0.0,0.1243751929964915,0.0476190476190476,0.05198218910443,0.9967056566793852,0.0719813879365269,S1/smote,0.1089008223354405,0.0,0.2155126051904876,0.0952380952380952,0.0661556403691741,0.0,0.0,0.0109890109890109,-0.053061252686473805,0.0,-0.0476190476190476,-0.014173451264744098
5,42,lgbm,s1_plus_ig,0.5,1.0,positive_only,s1_plus_ig/mode=positive_only/ratio=0.5/keep=1.0,0.0560775481490269,0.0,0.1243751929964915,0.0317460317460317,0.0470011548435964,0.9967056566793852,0.0719813879365269,S1/smote,0.1089008223354405,0.0,0.2155126051904876,0.0952380952380952,0.0661556403691741,0.0,0.0,0.0109890109890109,-0.0528232741864136,0.0,-0.0634920634920635,-0.0191544855255777
5,42,lgbm,s1_plus_ig,0.75,1.0,positive_only,s1_plus_ig/mode=positive_only/ratio=0.75/keep=1.0,0.0874811404356741,0.0,0.1759291839039427,0.0476190476190476,0.0527827090488504,0.9967056566793852,0.0719813879365269,S1/smote,0.1089008223354405,0.0,0.2155126051904876,0.0952380952380952,0.0661556403691741,0.0,0.0,0.0109890109890109,-0.021419681899766396,0.0,-0.0476190476190476,-0.013372931320323696
5,42,lgbm,s1_plus_ig,1.0,1.0,positive_only,s1_plus_ig/mode=positive_only/ratio=1.0/keep=1.0,0.1316679150720949,0.0016842105263157,0.2322413601171696,0.1269841269841269,0.0575082954037395,0.9967056566793852,0.0719813879365269,S1/smote,0.1089008223354405,0.0,0.2155126051904876,0.0952380952380952,0.0661556403691741,0.0,0.0,0.0109890109890109,0.022767092736654407,0.0016842105263157,0.03174603174603169,-0.008647344965434595
5,42,lgbm,s1_plus_ig,1.5,1.0,positive_only,s1_plus_ig/mode=positive_only/ratio=1.5/keep=1.0,0.1273859271563305,0.0,0.2489036360656328,0.1111111111111111,0.0525701974144339,0.9967056566793852,0.0719813879365269,S1/smote,0.1089008223354405,0.0,0.2155126051904876,0.0952380952380952,0.0661556403691741,0.0,0.0,0.0109890109890109,0.018485104820889983,0.0,0.0158730158730159,-0.013585442954740193
5,42,lgbm,s1_plus_ig,2.0,1.0,positive_only,s1_plus_ig/mode=positive_only/ratio=2.0/keep=1.0,0.1525887544289282,0.0,0.3049687727964166,0.1111111111111111,0.0603488070173411,0.9967056566793852,0.0719813879365269,S1/smote,0.1089008223354405,0.0,0.2155126051904876,0.0952380952380952,0.0661556403691741,0.0,0.0,0.0109890109890109,0.04368793209348769,0.0,0.0158730158730159,-0.005806833351832998
5,43,lgbm,s1_plus_ig,0.25,0.25,positive_only,s1_plus_ig/mode=positive_only/ratio=0.25/keep=0.25,0.0469438977294963,0.0,0.1243751929964915,0.0158730158730158,0.0733885407042884,0.9857381150959132,0.0261070424855751,S1/random_under_20to1,0.097115158561257,0.0004210526315789,0.2211952602471559,0.0793650793650793,0.0655843263977517,0.0011173184357541,0.0463401946460288,0.0109890109890109,-0.050171260831760704,-0.0004210526315789,-0.0634920634920635,0.007804214306536689
5,43,lgbm,s1_plus_ig,0.5,0.25,positive_only,s1_plus_ig/mode=positive_only/ratio=0.5/keep=0.25,0.0528495307726748,0.0,0.1243751929964915,0.0476190476190476,0.052415963711455,0.9857381150959132,0.0261070424855751,S1/random_under_20to1,0.097115158561257,0.0004210526315789,0.2211952602471559,0.0793650793650793,0.0655843263977517,0.0011173184357541,0.0463401946460288,0.0109890109890109,-0.04426562778858221,-0.0004210526315789,-0.0317460317460317,-0.013168362686296703
5,43,lgbm,s1_plus_ig,0.75,0.25,positive_only,s1_plus_ig/mode=positive_only/ratio=0.75/keep=0.25,0.0466387734494519,0.0,0.1243751929964915,0.0317460317460317,0.0529237683851858,0.9857381150959132,0.0261070424855751,S1/random_under_20to1,0.097115158561257,0.0004210526315789,0.2211952602471559,0.0793650793650793,0.0655843263977517,0.0011173184357541,0.0463401946460288,0.0109890109890109,-0.050476385111805105,-0.0004210526315789,-0.0476190476190476,-0.012660558012565902
5,43,lgbm,s1_plus_ig,1.0,0.25,positive_only,s1_plus_ig/mode=positive_only/ratio=1.0/keep=0.25,0.0505289510017778,0.0,0.1243751929964915,0.0317460317460317,0.0514201244609178,0.9857381150959132,0.0261070424855751,S1/random_under_20to1,0.097115158561257,0.0004210526315789,0.2211952602471559,0.0793650793650793,0.0655843263977517,0.0011173184357541,0.0463401946460288,0.0109890109890109,-0.046586207559479204,-0.0004210526315789,-0.0476190476190476,-0.014164201936833903
5,43,lgbm,s1_plus_ig,1.5,0.25,positive_only,s1_plus_ig/mode=positive_only/ratio=1.5/keep=0.25,0.0559142340000438,0.0,0.1243751929964915,0.0158730158730158,0.0556916822725936,0.9857381150959132,0.0261070424855751,S1/random_under_20to1,0.097115158561257,0.0004210526315789,0.2211952602471559,0.0793650793650793,0.0655843263977517,0.0011173184357541,0.0463401946460288,0.0109890109890109,-0.04120092456121321,-0.0004210526315789,-0.0634920634920635,-0.009892644125158105
5,43,lgbm,s1_plus_ig,2.0,0.25,positive_only,s1_plus_ig/mode=positive_only/ratio=2.0/keep=0.25,0.0729404545622375,0.0,0.1243751929964915,0.0793650793650793,0.0506170955039284,0.9857381150959132,0.0261070424855751,S1/random_under_20to1,0.097115158561257,0.0004210526315789,0.2211952602471559,0.0793650793650793,0.0655843263977517,0.0011173184357541,0.0463401946460288,0.0109890109890109,-0.02417470399901951,-0.0004210526315789,0.0,-0.014967230893823305
5,43,lgbm,s1_plus_ig,0.25,0.5,positive_only,s1_plus_ig/mode=positive_only/ratio=0.25/keep=0.5,0.0469438977294963,0.0,0.1243751929964915,0.0158730158730158,0.0733885407042884,0.9947874314547236,0.0441234846714983,S1/random_under_20to1,0.097115158561257,0.0004210526315789,0.2211952602471559,0.0793650793650793,0.0655843263977517,0.0011173184357541,0.0463401946460288,0.0109890109890109,-0.050171260831760704,-0.0004210526315789,-0.0634920634920635,0.007804214306536689
5,43,lgbm,s1_plus_ig,0.5,0.5,positive_only,s1_plus_ig/mode=positive_only/ratio=0.5/keep=0.5,0.0887893843429358,0.0004210526315789,0.1850271029363683,0.0634920634920634,0.0635128053860252,0.9947874314547236,0.0441234846714983,S1/random_under_20to1,0.097115158561257,0.0004210526315789,0.2211952602471559,0.0793650793650793,0.0655843263977517,0.0011173184357541,0.0463401946460288,0.0109890109890109,-0.008325774218321202,0.0,-0.0158730158730159,-0.0020715210117265015
5,43,lgbm,s1_plus_ig,0.75,0.5,positive_only,s1_plus_ig/mode=positive_only/ratio=0.75/keep=0.5,0.0739196839870843,0.0,0.1243751929964915,0.0476190476190476,0.0646004031377716,0.9947874314547236,0.0441234846714983,S1/random_under_20to1,0.097115158561257,0.0004210526315789,0.2211952602471559,0.0793650793650793,0.0655843263977517,0.0011173184357541,0.0463401946460288,0.0109890109890109,-0.023195474574172703,-0.0004210526315789,-0.0317460317460317,-0.0009839232599801045
5,43,lgbm,s1_plus_ig,1.0,0.5,positive_only,s1_plus_ig/mode=positive_only/ratio=1.0/keep=0.5,0.0816234362765661,0.0437894736842105,0.1319142312583771,0.0476190476190476,0.0526389918967144,0.9947874314547236,0.0441234846714983,S1/random_under_20to1,0.097115158561257,0.0004210526315789,0.2211952602471559,0.0793650793650793,0.0655843263977517,0.0011173184357541,0.0463401946460288,0.0109890109890109,-0.01549172228469091,0.043368421052631605,-0.0317460317460317,-0.012945334501037305
5,43,lgbm,s1_plus_ig,1.5,0.5,positive_only,s1_plus_ig/mode=positive_only/ratio=1.5/keep=0.5,0.1236592807720187,0.0012631578947368,0.2458550392675328,0.0952380952380952,0.0494329637508297,0.9947874314547236,0.0441234846714983,S1/random_under_20to1,0.097115158561257,0.0004210526315789,0.2211952602471559,0.0793650793650793,0.0655843263977517,0.0011173184357541,0.0463401946460288,0.0109890109890109,0.02654412221076169,0.0008421052631579001,0.0158730158730159,-0.016151362646922005
5,43,lgbm,s1_plus_ig,2.0,0.5,positive_only,s1_plus_ig/mode=positive_only/ratio=2.0/keep=0.5,0.1028036386155912,0.0,0.1759291839039427,0.0952380952380952,0.0470813146412635,0.9947874314547236,0.0441234846714983,S1/random_under_20to1,0.097115158561257,0.0004210526315789,0.2211952602471559,0.0793650793650793,0.0655843263977517,0.0011173184357541,0.0463401946460288,0.0109890109890109,0.0056884800543341996,-0.0004210526315789,0.0158730158730159,-0.018503011756488205
5,43,lgbm,s1_plus_ig,0.25,0.75,positive_only,s1_plus_ig/mode=positive_only/ratio=0.25/keep=0.75,0.0469438977294963,0.0,0.1243751929964915,0.0158730158730158,0.0733885407042884,0.9965597047601176,0.0671257489205614,S1/random_under_20to1,0.097115158561257,0.0004210526315789,0.2211952602471559,0.0793650793650793,0.0655843263977517,0.0011173184357541,0.0463401946460288,0.0109890109890109,-0.050171260831760704,-0.0004210526315789,-0.0634920634920635,0.007804214306536689
5,43,lgbm,s1_plus_ig,0.5,0.75,positive_only,s1_plus_ig/mode=positive_only/ratio=0.5/keep=0.75,0.0887893843429358,0.0004210526315789,0.1850271029363683,0.0634920634920634,0.0635128053860252,0.9965597047601176,0.0671257489205614,S1/random_under_20to1,0.097115158561257,0.0004210526315789,0.2211952602471559,0.0793650793650793,0.0655843263977517,0.0011173184357541,0.0463401946460288,0.0109890109890109,-0.008325774218321202,0.0,-0.0158730158730159,-0.0020715210117265015
5,43,lgbm,s1_plus_ig,0.75,0.75,positive_only,s1_plus_ig/mode=positive_only/ratio=0.75/keep=0.75,0.1180889673883528,0.0016842105263157,0.203226877278041,0.1111111111111111,0.0511631303704311,0.9965597047601176,0.0671257489205614,S1/random_under_20to1,0.097115158561257,0.0004210526315789,0.2211952602471559,0.0793650793650793,0.0655843263977517,0.0011173184357541,0.0463401946460288,0.0109890109890109,0.02097380882709579,0.0012631578947368,0.0317460317460318,-0.014421196027320608
5,43,lgbm,s1_plus_ig,1.0,0.75,positive_only,s1_plus_ig/mode=positive_only/ratio=1.0/keep=0.75,0.1360425761005369,0.0,0.2783399083856074,0.1111111111111111,0.0547282976625943,0.9965597047601176,0.0671257489205614,S1/random_under_20to1,0.097115158561257,0.0004210526315789,0.2211952602471559,0.0793650793650793,0.0655843263977517,0.0011173184357541,0.0463401946460288,0.0109890109890109,0.038927417539279904,-0.0004210526315789,0.0317460317460318,-0.010856028735157404
5,43,lgbm,s1_plus_ig,1.5,0.75,positive_only,s1_plus_ig/mode=positive_only/ratio=1.5/keep=0.75,0.1541581831834738,0.0008421052631578,0.2884832012570247,0.1111111111111111,0.0510196997479198,0.9965597047601176,0.0671257489205614,S1/random_under_20to1,0.097115158561257,0.0004210526315789,0.2211952602471559,0.0793650793650793,0.0655843263977517,0.0011173184357541,0.0463401946460288,0.0109890109890109,0.05704302462221679,0.0004210526315789,0.0317460317460318,-0.014564626649831908
5,43,lgbm,s1_plus_ig,2.0,0.75,positive_only,s1_plus_ig/mode=positive_only/ratio=2.0/keep=0.75,0.1193703979721948,0.0012631578947368,0.2458550392675328,0.0952380952380952,0.0486443843170729,0.9965597047601176,0.0671257489205614,S1/random_under_20to1,0.097115158561257,0.0004210526315789,0.2211952602471559,0.0793650793650793,0.0655843263977517,0.0011173184357541,0.0463401946460288,0.0109890109890109,0.022255239410937794,0.0008421052631579001,0.0158730158730159,-0.016939942080678803
5,43,lgbm,s1_plus_ig,0.25,1.0,positive_only,s1_plus_ig/mode=positive_only/ratio=0.25/keep=1.0,0.0469438977294963,0.0,0.1243751929964915,0.0158730158730158,0.0733885407042884,0.9945580784387316,0.112770055968989,S1/random_under_20to1,0.097115158561257,0.0004210526315789,0.2211952602471559,0.0793650793650793,0.0655843263977517,0.0011173184357541,0.0463401946460288,0.0109890109890109,-0.050171260831760704,-0.0004210526315789,-0.0634920634920635,0.007804214306536689
5,43,lgbm,s1_plus_ig,0.5,1.0,positive_only,s1_plus_ig/mode=positive_only/ratio=0.5/keep=1.0,0.0887893843429358,0.0004210526315789,0.1850271029363683,0.0634920634920634,0.0635128053860252,0.9945580784387316,0.112770055968989,S1/random_under_20to1,0.097115158561257,0.0004210526315789,0.2211952602471559,0.0793650793650793,0.0655843263977517,0.0011173184357541,0.0463401946460288,0.0109890109890109,-0.008325774218321202,0.0,-0.0158730158730159,-0.0020715210117265015
5,43,lgbm,s1_plus_ig,0.75,1.0,positive_only,s1_plus_ig/mode=positive_only/ratio=0.75/keep=1.0,0.1180889673883528,0.0016842105263157,0.203226877278041,0.1111111111111111,0.0511631303704311,0.9945580784387316,0.112770055968989,S1/random_under_20to1,0.097115158561257,0.0004210526315789,0.2211952602471559,0.0793650793650793,0.0655843263977517,0.0011173184357541,0.0463401946460288,0.0109890109890109,0.02097380882709579,0.0012631578947368,0.0317460317460318,-0.014421196027320608
5,43,lgbm,s1_plus_ig,1.0,1.0,positive_only,s1_plus_ig/mode=positive_only/ratio=1.0/keep=1.0,0.1360425761005369,0.0,0.2783399083856074,0.1111111111111111,0.0547282976625943,0.9945580784387316,0.112770055968989,S1/random_under_20to1,0.097115158561257,0.0004210526315789,0.2211952602471559,0.0793650793650793,0.0655843263977517,0.0011173184357541,0.0463401946460288,0.0109890109890109,0.038927417539279904,-0.0004210526315789,0.0317460317460318,-0.010856028735157404
5,43,lgbm,s1_plus_ig,1.5,1.0,positive_only,s1_plus_ig/mode=positive_only/ratio=1.5/keep=1.0,0.1450705007203001,0.0004210526315789,0.2527923610014928,0.1111111111111111,0.048988709442855,0.9945580784387316,0.112770055968989,S1/random_under_20to1,0.097115158561257,0.0004210526315789,0.2211952602471559,0.0793650793650793,0.0655843263977517,0.0011173184357541,0.0463401946460288,0.0109890109890109,0.04795534215904308,0.0,0.0317460317460318,-0.016595616954896704
5,43,lgbm,s1_plus_ig,2.0,1.0,positive_only,s1_plus_ig/mode=positive_only/ratio=2.0/keep=1.0,0.1740002326646103,0.0008421052631578,0.2884832012570247,0.1587301587301587,0.0598252342881954,0.9945580784387316,0.112770055968989,S1/random_under_20to1,0.097115158561257,0.0004210526315789,0.2211952602471559,0.0793650793650793,0.0655843263977517,0.0011173184357541,0.0463401946460288,0.0109890109890109,0.07688507410335328,0.0004210526315789,0.07936507936507939,-0.005759092109556302
5,44,lgbm,s1_plus_ig,0.25,0.25,positive_only,s1_plus_ig/mode=positive_only/ratio=0.25/keep=0.25,0.0516747320780604,0.0,0.1243751929964915,0.0158730158730158,0.0565990275442183,0.9928273561301084,0.0411730318728353,S1/smote,0.1022355947644453,0.0,0.2155126051904876,0.1111111111111111,0.0785752506276495,0.0011173184357541,-0.0060552801912547,0.0659340659340659,-0.0505608626863849,0.0,-0.0952380952380953,-0.021976223083431203
5,44,lgbm,s1_plus_ig,0.5,0.25,positive_only,s1_plus_ig/mode=positive_only/ratio=0.5/keep=0.25,0.0669176728728972,0.0004210526315789,0.1417694849863601,0.0317460317460317,0.0530425111399559,0.9928273561301084,0.0411730318728353,S1/smote,0.1022355947644453,0.0,0.2155126051904876,0.1111111111111111,0.0785752506276495,0.0011173184357541,-0.0060552801912547,0.0659340659340659,-0.0353179218915481,0.0004210526315789,-0.0793650793650794,-0.0255327394876936
5,44,lgbm,s1_plus_ig,0.75,0.25,positive_only,s1_plus_ig/mode=positive_only/ratio=0.75/keep=0.25,0.0675649708223604,0.0016842105263157,0.136208046017361,0.0476190476190476,0.0524359435832232,0.9928273561301084,0.0411730318728353,S1/smote,0.1022355947644453,0.0,0.2155126051904876,0.1111111111111111,0.0785752506276495,0.0011173184357541,-0.0060552801912547,0.0659340659340659,-0.034670623942084894,0.0016842105263157,-0.0634920634920635,-0.026139307044426303
5,44,lgbm,s1_plus_ig,1.0,0.25,positive_only,s1_plus_ig/mode=positive_only/ratio=1.0/keep=0.25,0.0632280186158733,0.0,0.1243751929964915,0.0634920634920634,0.0551555495171564,0.9928273561301084,0.0411730318728353,S1/smote,0.1022355947644453,0.0,0.2155126051904876,0.1111111111111111,0.0785752506276495,0.0011173184357541,-0.0060552801912547,0.0659340659340659,-0.039007576148572004,0.0,-0.0476190476190477,-0.023419701110493102
5,44,lgbm,s1_plus_ig,1.5,0.25,positive_only,s1_plus_ig/mode=positive_only/ratio=1.5/keep=0.25,0.0686180149702237,0.0,0.1243751929964915,0.0317460317460317,0.0553878633788217,0.9928273561301084,0.0411730318728353,S1/smote,0.1022355947644453,0.0,0.2155126051904876,0.1111111111111111,0.0785752506276495,0.0011173184357541,-0.0060552801912547,0.0659340659340659,-0.0336175797942216,0.0,-0.0793650793650794,-0.023187387248827802
5,44,lgbm,s1_plus_ig,2.0,0.25,positive_only,s1_plus_ig/mode=positive_only/ratio=2.0/keep=0.25,0.0704565058736927,0.0,0.1243751929964915,0.0317460317460317,0.0535163328325874,0.9928273561301084,0.0411730318728353,S1/smote,0.1022355947644453,0.0,0.2155126051904876,0.1111111111111111,0.0785752506276495,0.0011173184357541,-0.0060552801912547,0.0659340659340659,-0.031779088890752594,0.0,-0.0793650793650794,-0.0250589177950621
5,44,lgbm,s1_plus_ig,0.25,0.5,positive_only,s1_plus_ig/mode=positive_only/ratio=0.25/keep=0.5,0.0516747320780604,0.0,0.1243751929964915,0.0158730158730158,0.0565990275442183,0.9924313504722586,0.0515486005317702,S1/smote,0.1022355947644453,0.0,0.2155126051904876,0.1111111111111111,0.0785752506276495,0.0011173184357541,-0.0060552801912547,0.0659340659340659,-0.0505608626863849,0.0,-0.0952380952380953,-0.021976223083431203
5,44,lgbm,s1_plus_ig,0.5,0.5,positive_only,s1_plus_ig/mode=positive_only/ratio=0.5/keep=0.5,0.1440837368321955,0.0004210526315789,0.2527923610014928,0.1428571428571428,0.0534448883315921,0.9924313504722586,0.0515486005317702,S1/smote,0.1022355947644453,0.0,0.2155126051904876,0.1111111111111111,0.0785752506276495,0.0011173184357541,-0.0060552801912547,0.0659340659340659,0.0418481420677502,0.0004210526315789,0.03174603174603169,-0.025130362296057404
5,44,lgbm,s1_plus_ig,0.75,0.5,positive_only,s1_plus_ig/mode=positive_only/ratio=0.75/keep=0.5,0.0658311858759109,0.0,0.1243751929964915,0.0634920634920634,0.0473632213907954,0.9924313504722586,0.0515486005317702,S1/smote,0.1022355947644453,0.0,0.2155126051904876,0.1111111111111111,0.0785752506276495,0.0011173184357541,-0.0060552801912547,0.0659340659340659,-0.0364044088885344,0.0,-0.0476190476190477,-0.0312120292368541
5,44,lgbm,s1_plus_ig,1.0,0.5,positive_only,s1_plus_ig/mode=positive_only/ratio=1.0/keep=0.5,0.1215740768178241,0.0004210526315789,0.2527923610014928,0.1269841269841269,0.0504225450297138,0.9924313504722586,0.0515486005317702,S1/smote,0.1022355947644453,0.0,0.2155126051904876,0.1111111111111111,0.0785752506276495,0.0011173184357541,-0.0060552801912547,0.0659340659340659,0.019338482053378805,0.0004210526315789,0.01587301587301579,-0.0281527055979357
5,44,lgbm,s1_plus_ig,1.5,0.5,positive_only,s1_plus_ig/mode=positive_only/ratio=1.5/keep=0.5,0.1067399064898707,0.0012631578947368,0.1845239511810924,0.0952380952380952,0.049637206134812,0.9924313504722586,0.0515486005317702,S1/smote,0.1022355947644453,0.0,0.2155126051904876,0.1111111111111111,0.0785752506276495,0.0011173184357541,-0.0060552801912547,0.0659340659340659,0.004504311725425397,0.0012631578947368,-0.0158730158730159,-0.028938044492837503
5,44,lgbm,s1_plus_ig,2.0,0.5,positive_only,s1_plus_ig/mode=positive_only/ratio=2.0/keep=0.5,0.1070435653386444,0.0058947368421052,0.2247920628847531,0.1428571428571428,0.0492761671111647,0.9924313504722586,0.0515486005317702,S1/smote,0.1022355947644453,0.0,0.2155126051904876,0.1111111111111111,0.0785752506276495,0.0011173184357541,-0.0060552801912547,0.0659340659340659,0.0048079705741991,0.0058947368421052,0.03174603174603169,-0.029299083516484803
5,44,lgbm,s1_plus_ig,0.25,0.75,positive_only,s1_plus_ig/mode=positive_only/ratio=0.25/keep=0.75,0.0516747320780604,0.0,0.1243751929964915,0.0158730158730158,0.0565990275442183,0.9963720522924876,0.0648978241198264,S1/smote,0.1022355947644453,0.0,0.2155126051904876,0.1111111111111111,0.0785752506276495,0.0011173184357541,-0.0060552801912547,0.0659340659340659,-0.0505608626863849,0.0,-0.0952380952380953,-0.021976223083431203
5,44,lgbm,s1_plus_ig,0.5,0.75,positive_only,s1_plus_ig/mode=positive_only/ratio=0.5/keep=0.75,0.1440837368321955,0.0004210526315789,0.2527923610014928,0.1428571428571428,0.0534448883315921,0.9963720522924876,0.0648978241198264,S1/smote,0.1022355947644453,0.0,0.2155126051904876,0.1111111111111111,0.0785752506276495,0.0011173184357541,-0.0060552801912547,0.0659340659340659,0.0418481420677502,0.0004210526315789,0.03174603174603169,-0.025130362296057404
5,44,lgbm,s1_plus_ig,0.75,0.75,positive_only,s1_plus_ig/mode=positive_only/ratio=0.75/keep=0.75,0.1564462149380431,0.0,0.2783399083856074,0.1269841269841269,0.0521651139191626,0.9963720522924876,0.0648978241198264,S1/smote,0.1022355947644453,0.0,0.2155126051904876,0.1111111111111111,0.0785752506276495,0.0011173184357541,-0.0060552801912547,0.0659340659340659,0.05421062017359779,0.0,0.01587301587301579,-0.026410136708486902
5,44,lgbm,s1_plus_ig,1.0,0.75,positive_only,s1_plus_ig/mode=positive_only/ratio=1.0/keep=0.75,0.1692224660871423,0.0,0.2783399083856074,0.1587301587301587,0.0505282885145062,0.9963720522924876,0.0648978241198264,S1/smote,0.1022355947644453,0.0,0.2155126051904876,0.1111111111111111,0.0785752506276495,0.0011173184357541,-0.0060552801912547,0.0659340659340659,0.06698687132269701,0.0,0.04761904761904759,-0.028046962113143302
5,44,lgbm,s1_plus_ig,1.5,0.75,positive_only,s1_plus_ig/mode=positive_only/ratio=1.5/keep=0.75,0.1458805126693065,0.0,0.2783399083856074,0.1111111111111111,0.0479807094003893,0.9963720522924876,0.0648978241198264,S1/smote,0.1022355947644453,0.0,0.2155126051904876,0.1111111111111111,0.0785752506276495,0.0011173184357541,-0.0060552801912547,0.0659340659340659,0.04364491790486119,0.0,0.0,-0.0305945412272602
5,44,lgbm,s1_plus_ig,2.0,0.75,positive_only,s1_plus_ig/mode=positive_only/ratio=2.0/keep=0.75,0.1342232845033072,0.0004210526315789,0.2527923610014928,0.1428571428571428,0.0484349956241817,0.9963720522924876,0.0648978241198264,S1/smote,0.1022355947644453,0.0,0.2155126051904876,0.1111111111111111,0.0785752506276495,0.0011173184357541,-0.0060552801912547,0.0659340659340659,0.0319876897388619,0.0004210526315789,0.03174603174603169,-0.0301402550034678
5,44,lgbm,s1_plus_ig,0.25,1.0,positive_only,s1_plus_ig/mode=positive_only/ratio=0.25/keep=1.0,0.0516747320780604,0.0,0.1243751929964915,0.0158730158730158,0.0565990275442183,0.9989574862909448,0.0797094136657713,S1/smote,0.1022355947644453,0.0,0.2155126051904876,0.1111111111111111,0.0785752506276495,0.0011173184357541,-0.0060552801912547,0.0659340659340659,-0.0505608626863849,0.0,-0.0952380952380953,-0.021976223083431203
5,44,lgbm,s1_plus_ig,0.5,1.0,positive_only,s1_plus_ig/mode=positive_only/ratio=0.5/keep=1.0,0.1440837368321955,0.0004210526315789,0.2527923610014928,0.1428571428571428,0.0534448883315921,0.9989574862909448,0.0797094136657713,S1/smote,0.1022355947644453,0.0,0.2155126051904876,0.1111111111111111,0.0785752506276495,0.0011173184357541,-0.0060552801912547,0.0659340659340659,0.0418481420677502,0.0004210526315789,0.03174603174603169,-0.025130362296057404
5,44,lgbm,s1_plus_ig,0.75,1.0,positive_only,s1_plus_ig/mode=positive_only/ratio=0.75/keep=1.0,0.1564462149380431,0.0,0.2783399083856074,0.1269841269841269,0.0521651139191626,0.9989574862909448,0.0797094136657713,S1/smote,0.1022355947644453,0.0,0.2155126051904876,0.1111111111111111,0.0785752506276495,0.0011173184357541,-0.0060552801912547,0.0659340659340659,0.05421062017359779,0.0,0.01587301587301579,-0.026410136708486902
5,44,lgbm,s1_plus_ig,1.0,1.0,positive_only,s1_plus_ig/mode=positive_only/ratio=1.0/keep=1.0,0.1692224660871423,0.0,0.2783399083856074,0.1587301587301587,0.0505282885145062,0.9989574862909448,0.0797094136657713,S1/smote,0.1022355947644453,0.0,0.2155126051904876,0.1111111111111111,0.0785752506276495,0.0011173184357541,-0.0060552801912547,0.0659340659340659,0.06698687132269701,0.0,0.04761904761904759,-0.028046962113143302
5,44,lgbm,s1_plus_ig,1.5,1.0,positive_only,s1_plus_ig/mode=positive_only/ratio=1.5/keep=1.0,0.1424070305280166,0.0,0.2489036360656328,0.1269841269841269,0.0612775747988962,0.9989574862909448,0.0797094136657713,S1/smote,0.1022355947644453,0.0,0.2155126051904876,0.1111111111111111,0.0785752506276495,0.0011173184357541,-0.0060552801912547,0.0659340659340659,0.040171435763571295,0.0,0.01587301587301579,-0.0172976758287533
5,44,lgbm,s1_plus_ig,2.0,1.0,positive_only,s1_plus_ig/mode=positive_only/ratio=2.0/keep=1.0,0.1822165408738399,0.0004210526315789,0.3070878036709988,0.1587301587301587,0.0545037229984074,0.9989574862909448,0.0797094136657713,S1/smote,0.1022355947644453,0.0,0.2155126051904876,0.1111111111111111,0.0785752506276495,0.0011173184357541,-0.0060552801912547,0.0659340659340659,0.0799809461093946,0.0004210526315789,0.04761904761904759,-0.024071527629242098
5,45,lgbm,s1_plus_ig,0.25,0.25,positive_only,s1_plus_ig/mode=positive_only/ratio=0.25/keep=0.25,0.074266464667067,0.0016842105263157,0.1714737355602824,0.0634920634920634,0.0668606523564484,0.9937447873227688,0.0294734569387579,S1/smote,0.1195722653538275,0.0,0.2489036360656328,0.0952380952380952,0.0880138012950822,0.0022346368715083,0.0310818918885401,0.0659340659340659,-0.0453058006867605,0.0016842105263157,-0.0317460317460318,-0.021153148938633792
5,45,lgbm,s1_plus_ig,0.5,0.25,positive_only,s1_plus_ig/mode=positive_only/ratio=0.5/keep=0.25,0.0574482647244543,0.0,0.1243751929964915,0.0317460317460317,0.0629557823592199,0.9937447873227688,0.0294734569387579,S1/smote,0.1195722653538275,0.0,0.2489036360656328,0.0952380952380952,0.0880138012950822,0.0022346368715083,0.0310818918885401,0.0659340659340659,-0.062124000629373205,0.0,-0.0634920634920635,-0.025058018935862292
5,45,lgbm,s1_plus_ig,0.75,0.25,positive_only,s1_plus_ig/mode=positive_only/ratio=0.75/keep=0.25,0.0907126284966062,0.0054736842105263,0.1858132800786046,0.1111111111111111,0.0647736075546743,0.9937447873227688,0.0294734569387579,S1/smote,0.1195722653538275,0.0,0.2489036360656328,0.0952380952380952,0.0880138012950822,0.0022346368715083,0.0310818918885401,0.0659340659340659,-0.028859636857221302,0.0054736842105263,0.0158730158730159,-0.023240193740407894
5,45,lgbm,s1_plus_ig,1.0,0.25,positive_only,s1_plus_ig/mode=positive_only/ratio=1.0/keep=0.25,0.1163453643523432,0.0021052631578947,0.2204822644250698,0.1428571428571428,0.0602524415514889,0.9937447873227688,0.0294734569387579,S1/smote,0.1195722653538275,0.0,0.2489036360656328,0.0952380952380952,0.0880138012950822,0.0022346368715083,0.0310818918885401,0.0659340659340659,-0.003226901001484303,0.0021052631578947,0.04761904761904759,-0.027761359743593297
5,45,lgbm,s1_plus_ig,1.5,0.25,positive_only,s1_plus_ig/mode=positive_only/ratio=1.5/keep=0.25,0.0848658398523842,0.0,0.1759291839039427,0.0952380952380952,0.0622039625519559,0.9937447873227688,0.0294734569387579,S1/smote,0.1195722653538275,0.0,0.2489036360656328,0.0952380952380952,0.0880138012950822,0.0022346368715083,0.0310818918885401,0.0659340659340659,-0.0347064255014433,0.0,0.0,-0.025809838743126298
5,45,lgbm,s1_plus_ig,2.0,0.25,positive_only,s1_plus_ig/mode=positive_only/ratio=2.0/keep=0.25,0.0865112157848018,0.0016842105263157,0.1714737355602824,0.0952380952380952,0.0646320570987942,0.9937447873227688,0.0294734569387579,S1/smote,0.1195722653538275,0.0,0.2489036360656328,0.0952380952380952,0.0880138012950822,0.0022346368715083,0.0310818918885401,0.0659340659340659,-0.03306104956902571,0.0016842105263157,0.0,-0.023381744196287996
5,45,lgbm,s1_plus_ig,0.25,0.5,positive_only,s1_plus_ig/mode=positive_only/ratio=0.25/keep=0.5,0.074266464667067,0.0016842105263157,0.1714737355602824,0.0634920634920634,0.0668606523564484,0.9971435124371886,0.0448552451688725,S1/smote,0.1195722653538275,0.0,0.2489036360656328,0.0952380952380952,0.0880138012950822,0.0022346368715083,0.0310818918885401,0.0659340659340659,-0.0453058006867605,0.0016842105263157,-0.0317460317460318,-0.021153148938633792
5,45,lgbm,s1_plus_ig,0.5,0.5,positive_only,s1_plus_ig/mode=positive_only/ratio=0.5/keep=0.5,0.0697314670485357,0.0,0.1243751929964915,0.0634920634920634,0.0592234944161773,0.9971435124371886,0.0448552451688725,S1/smote,0.1195722653538275,0.0,0.2489036360656328,0.0952380952380952,0.0880138012950822,0.0022346368715083,0.0310818918885401,0.0659340659340659,-0.04984079830529181,0.0,-0.0317460317460318,-0.028790306878904895
5,45,lgbm,s1_plus_ig,0.75,0.5,positive_only,s1_plus_ig/mode=positive_only/ratio=0.75/keep=0.5,0.0988524333350589,0.0021052631578947,0.2204822644250698,0.0952380952380952,0.0523055885611405,0.9971435124371886,0.0448552451688725,S1/smote,0.1195722653538275,0.0,0.2489036360656328,0.0952380952380952,0.0880138012950822,0.0022346368715083,0.0310818918885401,0.0659340659340659,-0.020719832018768605,0.0021052631578947,0.0,-0.035708212733941695
5,45,lgbm,s1_plus_ig,1.0,0.5,positive_only,s1_plus_ig/mode=positive_only/ratio=1.0/keep=0.5,0.0990182428295443,0.0,0.1759291839039427,0.0793650793650793,0.0495313682451375,0.9971435124371886,0.0448552451688725,S1/smote,0.1195722653538275,0.0,0.2489036360656328,0.0952380952380952,0.0880138012950822,0.0022346368715083,0.0310818918885401,0.0659340659340659,-0.020554022524283205,0.0,-0.0158730158730159,-0.0384824330499447
5,45,lgbm,s1_plus_ig,1.5,0.5,positive_only,s1_plus_ig/mode=positive_only/ratio=1.5/keep=0.5,0.1225791917716284,0.0016842105263157,0.2590567718286092,0.1428571428571428,0.0520000124235478,0.9971435124371886,0.0448552451688725,S1/smote,0.1195722653538275,0.0,0.2489036360656328,0.0952380952380952,0.0880138012950822,0.0022346368715083,0.0310818918885401,0.0659340659340659,0.003006926417800898,0.0016842105263157,0.04761904761904759,-0.0360137888715344
5,45,lgbm,s1_plus_ig,2.0,0.5,positive_only,s1_plus_ig/mode=positive_only/ratio=2.0/keep=0.5,0.1055645017205709,0.0067368421052631,0.1932427045097772,0.1428571428571428,0.050635269503341,0.9971435124371886,0.0448552451688725,S1/smote,0.1195722653538275,0.0,0.2489036360656328,0.0952380952380952,0.0880138012950822,0.0022346368715083,0.0310818918885401,0.0659340659340659,-0.014007763633256606,0.0067368421052631,0.04761904761904759,-0.0373785317917412
5,45,lgbm,s1_plus_ig,0.25,0.75,positive_only,s1_plus_ig/mode=positive_only/ratio=0.25/keep=0.75,0.074266464667067,0.0016842105263157,0.1714737355602824,0.0634920634920634,0.0668606523564484,0.9964346031150308,0.101316975509447,S1/smote,0.1195722653538275,0.0,0.2489036360656328,0.0952380952380952,0.0880138012950822,0.0022346368715083,0.0310818918885401,0.0659340659340659,-0.0453058006867605,0.0016842105263157,-0.0317460317460318,-0.021153148938633792
5,45,lgbm,s1_plus_ig,0.5,0.75,positive_only,s1_plus_ig/mode=positive_only/ratio=0.5/keep=0.75,0.0697314670485357,0.0,0.1243751929964915,0.0634920634920634,0.0592234944161773,0.9964346031150308,0.101316975509447,S1/smote,0.1195722653538275,0.0,0.2489036360656328,0.0952380952380952,0.0880138012950822,0.0022346368715083,0.0310818918885401,0.0659340659340659,-0.04984079830529181,0.0,-0.0317460317460318,-0.028790306878904895
5,45,lgbm,s1_plus_ig,0.75,0.75,positive_only,s1_plus_ig/mode=positive_only/ratio=0.75/keep=0.75,0.1402074739269498,0.0,0.2489036360656328,0.1269841269841269,0.0500712757866073,0.9964346031150308,0.101316975509447,S1/smote,0.1195722653538275,0.0,0.2489036360656328,0.0952380952380952,0.0880138012950822,0.0022346368715083,0.0310818918885401,0.0659340659340659,0.020635208573122288,0.0,0.03174603174603169,-0.0379425255084749
5,45,lgbm,s1_plus_ig,1.0,0.75,positive_only,s1_plus_ig/mode=positive_only/ratio=1.0/keep=0.75,0.1448251426242394,0.0,0.2783399083856074,0.1111111111111111,0.0610612734528907,0.9964346031150308,0.101316975509447,S1/smote,0.1195722653538275,0.0,0.2489036360656328,0.0952380952380952,0.0880138012950822,0.0022346368715083,0.0310818918885401,0.0659340659340659,0.025252877270411894,0.0,0.0158730158730159,-0.026952527842191494
5,45,lgbm,s1_plus_ig,1.5,0.75,positive_only,s1_plus_ig/mode=positive_only/ratio=1.5/keep=0.75,0.131608561069358,0.0054736842105263,0.2305030742038192,0.1428571428571428,0.0560308406258591,0.9964346031150308,0.101316975509447,S1/smote,0.1195722653538275,0.0,0.2489036360656328,0.0952380952380952,0.0880138012950822,0.0022346368715083,0.0310818918885401,0.0659340659340659,0.012036295715530498,0.0054736842105263,0.04761904761904759,-0.0319829606692231
5,45,lgbm,s1_plus_ig,2.0,0.75,positive_only,s1_plus_ig/mode=positive_only/ratio=2.0/keep=0.75,0.1294248533729278,0.0025263157894736,0.2365612199243697,0.1428571428571428,0.0534907688737534,0.9964346031150308,0.101316975509447,S1/smote,0.1195722653538275,0.0,0.2489036360656328,0.0952380952380952,0.0880138012950822,0.0022346368715083,0.0310818918885401,0.0659340659340659,0.0098525880191003,0.0025263157894736,0.04761904761904759,-0.0345230324213288
5,45,lgbm,s1_plus_ig,0.25,1.0,positive_only,s1_plus_ig/mode=positive_only/ratio=0.25/keep=1.0,0.074266464667067,0.0016842105263157,0.1714737355602824,0.0634920634920634,0.0668606523564484,0.9932236608911408,0.0701702870819633,S1/smote,0.1195722653538275,0.0,0.2489036360656328,0.0952380952380952,0.0880138012950822,0.0022346368715083,0.0310818918885401,0.0659340659340659,-0.0453058006867605,0.0016842105263157,-0.0317460317460318,-0.021153148938633792
5,45,lgbm,s1_plus_ig,0.5,1.0,positive_only,s1_plus_ig/mode=positive_only/ratio=0.5/keep=1.0,0.0697314670485357,0.0,0.1243751929964915,0.0634920634920634,0.0592234944161773,0.9932236608911408,0.0701702870819633,S1/smote,0.1195722653538275,0.0,0.2489036360656328,0.0952380952380952,0.0880138012950822,0.0022346368715083,0.0310818918885401,0.0659340659340659,-0.04984079830529181,0.0,-0.0317460317460318,-0.028790306878904895
5,45,lgbm,s1_plus_ig,0.75,1.0,positive_only,s1_plus_ig/mode=positive_only/ratio=0.75/keep=1.0,0.1402074739269498,0.0,0.2489036360656328,0.1269841269841269,0.0500712757866073,0.9932236608911408,0.0701702870819633,S1/smote,0.1195722653538275,0.0,0.2489036360656328,0.0952380952380952,0.0880138012950822,0.0022346368715083,0.0310818918885401,0.0659340659340659,0.020635208573122288,0.0,0.03174603174603169,-0.0379425255084749
5,45,lgbm,s1_plus_ig,1.0,1.0,positive_only,s1_plus_ig/mode=positive_only/ratio=1.0/keep=1.0,0.1448251426242394,0.0,0.2783399083856074,0.1111111111111111,0.0610612734528907,0.9932236608911408,0.0701702870819633,S1/smote,0.1195722653538275,0.0,0.2489036360656328,0.0952380952380952,0.0880138012950822,0.0022346368715083,0.0310818918885401,0.0659340659340659,0.025252877270411894,0.0,0.0158730158730159,-0.026952527842191494
5,45,lgbm,s1_plus_ig,1.5,1.0,positive_only,s1_plus_ig/mode=positive_only/ratio=1.5/keep=1.0,0.1404688550407869,0.0,0.2783399083856074,0.0952380952380952,0.051166046724484,0.9932236608911408,0.0701702870819633,S1/smote,0.1195722653538275,0.0,0.2489036360656328,0.0952380952380952,0.0880138012950822,0.0022346368715083,0.0310818918885401,0.0659340659340659,0.0208965896869594,0.0,0.0,-0.0368477545705982
5,45,lgbm,s1_plus_ig,2.0,1.0,positive_only,s1_plus_ig/mode=positive_only/ratio=2.0/keep=1.0,0.1211389843523694,0.0025263157894736,0.1819077570215305,0.1111111111111111,0.0493815340702576,0.9932236608911408,0.0701702870819633,S1/smote,0.1195722653538275,0.0,0.2489036360656328,0.0952380952380952,0.0880138012950822,0.0022346368715083,0.0310818918885401,0.0659340659340659,0.0015667189985418967,0.0025263157894736,0.0158730158730159,-0.038632267224824594
5,46,lgbm,s1_plus_ig,0.25,0.25,positive_only,s1_plus_ig/mode=positive_only/ratio=0.25/keep=0.25,0.0655023225395068,0.0084210526315789,0.1341009157713206,0.0952380952380952,0.0607271257592444,0.9811509591326104,0.0339999040925773,S1/smote,0.1128263392267448,0.0004210526315789,0.2527923610014928,0.0793650793650793,0.0712416966743631,0.0059590316573556,0.0583297484684572,0.0329670329670329,-0.047324016687238,0.008,0.0158730158730159,-0.010514570915118697
5,46,lgbm,s1_plus_ig,0.5,0.25,positive_only,s1_plus_ig/mode=positive_only/ratio=0.5/keep=0.25,0.0547889817495042,0.0,0.1243751929964915,0.0317460317460317,0.0502869147825074,0.9811509591326104,0.0339999040925773,S1/smote,0.1128263392267448,0.0004210526315789,0.2527923610014928,0.0793650793650793,0.0712416966743631,0.0059590316573556,0.0583297484684572,0.0329670329670329,-0.0580373574772406,-0.0004210526315789,-0.0476190476190476,-0.0209547818918557
5,46,lgbm,s1_plus_ig,0.75,0.25,positive_only,s1_plus_ig/mode=positive_only/ratio=0.75/keep=0.25,0.0627312189144636,0.0294736842105263,0.1416903095316244,0.0317460317460317,0.0509417006685262,0.9811509591326104,0.0339999040925773,S1/smote,0.1128263392267448,0.0004210526315789,0.2527923610014928,0.0793650793650793,0.0712416966743631,0.0059590316573556,0.0583297484684572,0.0329670329670329,-0.05009512031228121,0.029052631578947403,-0.0476190476190476,-0.0202999960058369
5,46,lgbm,s1_plus_ig,1.0,0.25,positive_only,s1_plus_ig/mode=positive_only/ratio=1.0/keep=0.25,0.0613937509885211,0.0,0.1243751929964915,0.0476190476190476,0.0476291568025766,0.9811509591326104,0.0339999040925773,S1/smote,0.1128263392267448,0.0004210526315789,0.2527923610014928,0.0793650793650793,0.0712416966743631,0.0059590316573556,0.0583297484684572,0.0329670329670329,-0.0514325882382237,-0.0004210526315789,-0.0317460317460317,-0.0236125398717865
5,46,lgbm,s1_plus_ig,1.5,0.25,positive_only,s1_plus_ig/mode=positive_only/ratio=1.5/keep=0.25,0.0677291080648106,0.0,0.1243751929964915,0.0317460317460317,0.0556607995214747,0.9811509591326104,0.0339999040925773,S1/smote,0.1128263392267448,0.0004210526315789,0.2527923610014928,0.0793650793650793,0.0712416966743631,0.0059590316573556,0.0583297484684572,0.0329670329670329,-0.045097231161934204,-0.0004210526315789,-0.0476190476190476,-0.0155808971528884
5,46,lgbm,s1_plus_ig,2.0,0.25,positive_only,s1_plus_ig/mode=positive_only/ratio=2.0/keep=0.25,0.071623663226439,0.0,0.1243751929964915,0.0476190476190476,0.0512334305571469,0.9811509591326104,0.0339999040925773,S1/smote,0.1128263392267448,0.0004210526315789,0.2527923610014928,0.0793650793650793,0.0712416966743631,0.0059590316573556,0.0583297484684572,0.0329670329670329,-0.041202676000305805,-0.0004210526315789,-0.0317460317460317,-0.0200082661172162
5,46,lgbm,s1_plus_ig,0.25,0.5,positive_only,s1_plus_ig/mode=positive_only/ratio=0.25/keep=0.5,0.0655023225395068,0.0084210526315789,0.1341009157713206,0.0952380952380952,0.0607271257592444,0.9953295385834324,0.0353995123905026,S1/smote,0.1128263392267448,0.0004210526315789,0.2527923610014928,0.0793650793650793,0.0712416966743631,0.0059590316573556,0.0583297484684572,0.0329670329670329,-0.047324016687238,0.008,0.0158730158730159,-0.010514570915118697
5,46,lgbm,s1_plus_ig,0.5,0.5,positive_only,s1_plus_ig/mode=positive_only/ratio=0.5/keep=0.5,0.0751001579278638,0.0,0.1759291839039427,0.0476190476190476,0.0502703162178772,0.9953295385834324,0.0353995123905026,S1/smote,0.1128263392267448,0.0004210526315789,0.2527923610014928,0.0793650793650793,0.0712416966743631,0.0059590316573556,0.0583297484684572,0.0329670329670329,-0.037726181298881,-0.0004210526315789,-0.0317460317460317,-0.020971380456485902
5,46,lgbm,s1_plus_ig,0.75,0.5,positive_only,s1_plus_ig/mode=positive_only/ratio=0.75/keep=0.5,0.1047971413545446,0.0037894736842105,0.1855482696552039,0.0952380952380952,0.0560027556476294,0.9953295385834324,0.0353995123905026,S1/smote,0.1128263392267448,0.0004210526315789,0.2527923610014928,0.0793650793650793,0.0712416966743631,0.0059590316573556,0.0583297484684572,0.0329670329670329,-0.008029197872200203,0.0033684210526316,0.0158730158730159,-0.015238941026733697
5,46,lgbm,s1_plus_ig,1.0,0.5,positive_only,s1_plus_ig/mode=positive_only/ratio=1.0/keep=0.5,0.0816760739392399,0.0,0.1759291839039427,0.0476190476190476,0.0585207642776191,0.9953295385834324,0.0353995123905026,S1/smote,0.1128263392267448,0.0004210526315789,0.2527923610014928,0.0793650793650793,0.0712416966743631,0.0059590316573556,0.0583297484684572,0.0329670329670329,-0.031150265287504905,-0.0004210526315789,-0.0317460317460317,-0.012720932396744003
5,46,lgbm,s1_plus_ig,1.5,0.5,positive_only,s1_plus_ig/mode=positive_only/ratio=1.5/keep=0.5,0.0699045104842751,0.0,0.1243751929964915,0.0476190476190476,0.0508754606787313,0.9953295385834324,0.0353995123905026,S1/smote,0.1128263392267448,0.0004210526315789,0.2527923610014928,0.0793650793650793,0.0712416966743631,0.0059590316573556,0.0583297484684572,0.0329670329670329,-0.042921828742469706,-0.0004210526315789,-0.0317460317460317,-0.020366235995631803
5,46,lgbm,s1_plus_ig,2.0,0.5,positive_only,s1_plus_ig/mode=positive_only/ratio=2.0/keep=0.5,0.1128459852061703,0.0,0.2155126051904876,0.0952380952380952,0.0516182483575963,0.9953295385834324,0.0353995123905026,S1/smote,0.1128263392267448,0.0004210526315789,0.2527923610014928,0.0793650793650793,0.0712416966743631,0.0059590316573556,0.0583297484684572,0.0329670329670329,1.9645979425497728e-05,-0.0004210526315789,0.0158730158730159,-0.019623448316766802
5,46,lgbm,s1_plus_ig,0.25,0.75,positive_only,s1_plus_ig/mode=positive_only/ratio=0.25/keep=0.75,0.0655023225395068,0.0084210526315789,0.1341009157713206,0.0952380952380952,0.0607271257592444,0.990930130731219,0.0490734378931757,S1/smote,0.1128263392267448,0.0004210526315789,0.2527923610014928,0.0793650793650793,0.0712416966743631,0.0059590316573556,0.0583297484684572,0.0329670329670329,-0.047324016687238,0.008,0.0158730158730159,-0.010514570915118697
5,46,lgbm,s1_plus_ig,0.5,0.75,positive_only,s1_plus_ig/mode=positive_only/ratio=0.5/keep=0.75,0.0751001579278638,0.0,0.1759291839039427,0.0476190476190476,0.0502703162178772,0.990930130731219,0.0490734378931757,S1/smote,0.1128263392267448,0.0004210526315789,0.2527923610014928,0.0793650793650793,0.0712416966743631,0.0059590316573556,0.0583297484684572,0.0329670329670329,-0.037726181298881,-0.0004210526315789,-0.0317460317460317,-0.020971380456485902
5,46,lgbm,s1_plus_ig,0.75,0.75,positive_only,s1_plus_ig/mode=positive_only/ratio=0.75/keep=0.75,0.1091942044693306,0.0,0.2155126051904876,0.1111111111111111,0.0559325863351374,0.990930130731219,0.0490734378931757,S1/smote,0.1128263392267448,0.0004210526315789,0.2527923610014928,0.0793650793650793,0.0712416966743631,0.0059590316573556,0.0583297484684572,0.0329670329670329,-0.003632134757414196,-0.0004210526315789,0.0317460317460318,-0.015309110339225697
5,46,lgbm,s1_plus_ig,1.0,0.75,positive_only,s1_plus_ig/mode=positive_only/ratio=1.0/keep=0.75,0.1574593869502623,0.0004210526315789,0.3070878036709988,0.1269841269841269,0.0606333792181895,0.990930130731219,0.0490734378931757,S1/smote,0.1128263392267448,0.0004210526315789,0.2527923610014928,0.0793650793650793,0.0712416966743631,0.0059590316573556,0.0583297484684572,0.0329670329670329,0.04463304772351749,0.0,0.04761904761904759,-0.010608317456173598
5,46,lgbm,s1_plus_ig,1.5,0.75,positive_only,s1_plus_ig/mode=positive_only/ratio=1.5/keep=0.75,0.1006296182598169,0.0042105263157894,0.1788660701036274,0.0952380952380952,0.0555447253491172,0.990930130731219,0.0490734378931757,S1/smote,0.1128263392267448,0.0004210526315789,0.2527923610014928,0.0793650793650793,0.0712416966743631,0.0059590316573556,0.0583297484684572,0.0329670329670329,-0.012196720966927907,0.0037894736842104997,0.0158730158730159,-0.015696971325245904
5,46,lgbm,s1_plus_ig,2.0,0.75,positive_only,s1_plus_ig/mode=positive_only/ratio=2.0/keep=0.75,0.0970396877116107,0.0189473684210526,0.164855148442735,0.0793650793650793,0.0538592341525512,0.990930130731219,0.0490734378931757,S1/smote,0.1128263392267448,0.0004210526315789,0.2527923610014928,0.0793650793650793,0.0712416966743631,0.0059590316573556,0.0583297484684572,0.0329670329670329,-0.0157866515151341,0.018526315789473703,0.0,-0.0173824625218119
5,46,lgbm,s1_plus_ig,0.25,1.0,positive_only,s1_plus_ig/mode=positive_only/ratio=0.25/keep=1.0,0.0655023225395068,0.0084210526315789,0.1341009157713206,0.0952380952380952,0.0607271257592444,0.9939325702132984,0.0773175297063674,S1/smote,0.1128263392267448,0.0004210526315789,0.2527923610014928,0.0793650793650793,0.0712416966743631,0.0059590316573556,0.0583297484684572,0.0329670329670329,-0.047324016687238,0.008,0.0158730158730159,-0.010514570915118697
5,46,lgbm,s1_plus_ig,0.5,1.0,positive_only,s1_plus_ig/mode=positive_only/ratio=0.5/keep=1.0,0.0751001579278638,0.0,0.1759291839039427,0.0476190476190476,0.0502703162178772,0.9939325702132984,0.0773175297063674,S1/smote,0.1128263392267448,0.0004210526315789,0.2527923610014928,0.0793650793650793,0.0712416966743631,0.0059590316573556,0.0583297484684572,0.0329670329670329,-0.037726181298881,-0.0004210526315789,-0.0317460317460317,-0.020971380456485902
5,46,lgbm,s1_plus_ig,0.75,1.0,positive_only,s1_plus_ig/mode=positive_only/ratio=0.75/keep=1.0,0.1091942044693306,0.0,0.2155126051904876,0.1111111111111111,0.0559325863351374,0.9939325702132984,0.0773175297063674,S1/smote,0.1128263392267448,0.0004210526315789,0.2527923610014928,0.0793650793650793,0.0712416966743631,0.0059590316573556,0.0583297484684572,0.0329670329670329,-0.003632134757414196,-0.0004210526315789,0.0317460317460318,-0.015309110339225697
5,46,lgbm,s1_plus_ig,1.0,1.0,positive_only,s1_plus_ig/mode=positive_only/ratio=1.0/keep=1.0,0.1574593869502623,0.0004210526315789,0.3070878036709988,0.1269841269841269,0.0606333792181895,0.9939325702132984,0.0773175297063674,S1/smote,0.1128263392267448,0.0004210526315789,0.2527923610014928,0.0793650793650793,0.0712416966743631,0.0059590316573556,0.0583297484684572,0.0329670329670329,0.04463304772351749,0.0,0.04761904761904759,-0.010608317456173598
5,46,lgbm,s1_plus_ig,1.5,1.0,positive_only,s1_plus_ig/mode=positive_only/ratio=1.5/keep=1.0,0.1569656857191302,0.0,0.2783399083856074,0.1269841269841269,0.0590863944255009,0.9939325702132984,0.0773175297063674,S1/smote,0.1128263392267448,0.0004210526315789,0.2527923610014928,0.0793650793650793,0.0712416966743631,0.0059590316573556,0.0583297484684572,0.0329670329670329,0.04413934649238539,-0.0004210526315789,0.04761904761904759,-0.012155302248862201
5,46,lgbm,s1_plus_ig,2.0,1.0,positive_only,s1_plus_ig/mode=positive_only/ratio=2.0/keep=1.0,0.1688776963706602,0.0004210526315789,0.3311113632465166,0.1269841269841269,0.0537328817748073,0.9939325702132984,0.0773175297063674,S1/smote,0.1128263392267448,0.0004210526315789,0.2527923610014928,0.0793650793650793,0.0712416966743631,0.0059590316573556,0.0583297484684572,0.0329670329670329,0.05605135714391539,0.0,0.04761904761904759,-0.017508814899555802
6,42,lgbm,s1_plus_ig,0.25,0.25,positive_only,s1_plus_ig/mode=positive_only/ratio=0.25/keep=0.25,0.1556245145390088,0.0400751408891671,0.2553211268190403,0.116822429906542,0.1054893821177185,0.9748340280994288,0.0935816318770521,S1/smote,0.1809622232792777,0.0333437695679398,0.2531824002710889,0.1448598130841121,0.1129142013140031,0.0415205757519837,0.1307610801245877,0.050251256281407,-0.02533770874026889,0.006731371321227302,-0.02803738317757011,-0.007424819196284599
6,42,lgbm,s1_plus_ig,0.5,0.25,positive_only,s1_plus_ig/mode=positive_only/ratio=0.5/keep=0.25,0.1405698768192411,0.045084533500313,0.2305974957609504,0.0700934579439252,0.1163184337015984,0.9748340280994288,0.0935816318770521,S1/smote,0.1809622232792777,0.0333437695679398,0.2531824002710889,0.1448598130841121,0.1129142013140031,0.0415205757519837,0.1307610801245877,0.050251256281407,-0.04039234646003659,0.0117407639323732,-0.07476635514018691,0.00340423238759531
6,42,lgbm,s1_plus_ig,0.75,0.25,positive_only,s1_plus_ig/mode=positive_only/ratio=0.75/keep=0.25,0.1451706324084674,0.0335003130870382,0.2452761311225092,0.0747663551401869,0.1051106055799805,0.9748340280994288,0.0935816318770521,S1/smote,0.1809622232792777,0.0333437695679398,0.2531824002710889,0.1448598130841121,0.1129142013140031,0.0415205757519837,0.1307610801245877,0.050251256281407,-0.0357915908708103,0.00015654351909839825,-0.07009345794392521,-0.007803595734022589
6,42,lgbm,s1_plus_ig,1.0,0.25,positive_only,s1_plus_ig/mode=positive_only/ratio=1.0/keep=0.25,0.1601312880324417,0.0320914214151534,0.254096332242689,0.0747663551401869,0.0985406247496791,0.9748340280994288,0.0935816318770521,S1/smote,0.1809622232792777,0.0333437695679398,0.2531824002710889,0.1448598130841121,0.1129142013140031,0.0415205757519837,0.1307610801245877,0.050251256281407,-0.02083093524683599,-0.001252348152786402,-0.07009345794392521,-0.01437357656432399
6,42,lgbm,s1_plus_ig,1.5,0.25,positive_only,s1_plus_ig/mode=positive_only/ratio=1.5/keep=0.25,0.162490322751826,0.0341264871634314,0.2320342157700928,0.1401869158878504,0.1126446081976536,0.9748340280994288,0.0935816318770521,S1/smote,0.1809622232792777,0.0333437695679398,0.2531824002710889,0.1448598130841121,0.1129142013140031,0.0415205757519837,0.1307610801245877,0.050251256281407,-0.01847190052745168,0.0007827175954915958,-0.0046728971962617105,-0.000269593116349498
6,42,lgbm,s1_plus_ig,2.0,0.25,positive_only,s1_plus_ig/mode=positive_only/ratio=2.0/keep=0.25,0.146820250108412,0.0623043206011271,0.2247978875624112,0.0981308411214953,0.1013603031558752,0.9748340280994288,0.0935816318770521,S1/smote,0.1809622232792777,0.0333437695679398,0.2531824002710889,0.1448598130841121,0.1129142013140031,0.0415205757519837,0.1307610801245877,0.050251256281407,-0.0341419731708657,0.0289605510331873,-0.046728971962616814,-0.011553898158127893
6,42,lgbm,s1_plus_ig,0.25,0.5,positive_only,s1_plus_ig/mode=positive_only/ratio=0.25/keep=0.5,0.1556245145390088,0.0400751408891671,0.2553211268190403,0.116822429906542,0.1054893821177185,0.998046965642065,0.1073917746111401,S1/smote,0.1809622232792777,0.0333437695679398,0.2531824002710889,0.1448598130841121,0.1129142013140031,0.0415205757519837,0.1307610801245877,0.050251256281407,-0.02533770874026889,0.006731371321227302,-0.02803738317757011,-0.007424819196284599
6,42,lgbm,s1_plus_ig,0.5,0.5,positive_only,s1_plus_ig/mode=positive_only/ratio=0.5/keep=0.5,0.142809501208188,0.0259862241703193,0.239697371268466,0.0420560747663551,0.111287001073863,0.998046965642065,0.1073917746111401,S1/smote,0.1809622232792777,0.0333437695679398,0.2531824002710889,0.1448598130841121,0.1129142013140031,0.0415205757519837,0.1307610801245877,0.050251256281407,-0.03815272207108969,-0.0073575453976205026,-0.102803738317757,-0.0016272002401400976
6,42,lgbm,s1_plus_ig,0.75,0.5,positive_only,s1_plus_ig/mode=positive_only/ratio=0.75/keep=0.5,0.1586578752509959,0.0392924232936756,0.243965040114646,0.102803738317757,0.1200444602761604,0.998046965642065,0.1073917746111401,S1/smote,0.1809622232792777,0.0333437695679398,0.2531824002710889,0.1448598130841121,0.1129142013140031,0.0415205757519837,0.1307610801245877,0.050251256281407,-0.022304348028281795,0.005948653725735796,-0.0420560747663551,0.007130258962157313
6,42,lgbm,s1_plus_ig,1.0,0.5,positive_only,s1_plus_ig/mode=positive_only/ratio=1.0/keep=0.5,0.1628666853376446,0.0269254852849092,0.267418937496014,0.0981308411214953,0.114969734810536,0.998046965642065,0.1073917746111401,S1/smote,0.1809622232792777,0.0333437695679398,0.2531824002710889,0.1448598130841121,0.1129142013140031,0.0415205757519837,0.1307610801245877,0.050251256281407,-0.0180955379416331,-0.006418284283030602,-0.046728971962616814,0.0020555334965329103
6,42,lgbm,s1_plus_ig,1.5,0.5,positive_only,s1_plus_ig/mode=positive_only/ratio=1.5/keep=0.5,0.1635021827123869,0.0305259862241703,0.2449628197029077,0.0887850467289719,0.1109300427466904,0.998046965642065,0.1073917746111401,S1/smote,0.1809622232792777,0.0333437695679398,0.2531824002710889,0.1448598130841121,0.1129142013140031,0.0415205757519837,0.1307610801245877,0.050251256281407,-0.017460040566890794,-0.0028177833437695032,-0.05607476635514021,-0.0019841585673126966
6,42,lgbm,s1_plus_ig,2.0,0.5,positive_only,s1_plus_ig/mode=positive_only/ratio=2.0/keep=0.5,0.1599488481361593,0.0680964308077645,0.2335730287041191,0.0654205607476635,0.1038500681117675,0.998046965642065,0.1073917746111401,S1/smote,0.1809622232792777,0.0333437695679398,0.2531824002710889,0.1448598130841121,0.1129142013140031,0.0415205757519837,0.1307610801245877,0.050251256281407,-0.02101337514311838,0.03475266123982469,-0.07943925233644861,-0.009064133202235591
6,42,lgbm,s1_plus_ig,0.25,0.75,positive_only,s1_plus_ig/mode=positive_only/ratio=0.25/keep=0.75,0.1556245145390088,0.0400751408891671,0.2553211268190403,0.116822429906542,0.1054893821177185,0.9980353634577602,0.1040377556978733,S1/smote,0.1809622232792777,0.0333437695679398,0.2531824002710889,0.1448598130841121,0.1129142013140031,0.0415205757519837,0.1307610801245877,0.050251256281407,-0.02533770874026889,0.006731371321227302,-0.02803738317757011,-0.007424819196284599
6,42,lgbm,s1_plus_ig,0.5,0.75,positive_only,s1_plus_ig/mode=positive_only/ratio=0.5/keep=0.75,0.142809501208188,0.0259862241703193,0.239697371268466,0.0420560747663551,0.111287001073863,0.9980353634577602,0.1040377556978733,S1/smote,0.1809622232792777,0.0333437695679398,0.2531824002710889,0.1448598130841121,0.1129142013140031,0.0415205757519837,0.1307610801245877,0.050251256281407,-0.03815272207108969,-0.0073575453976205026,-0.102803738317757,-0.0016272002401400976
6,42,lgbm,s1_plus_ig,0.75,0.75,positive_only,s1_plus_ig/mode=positive_only/ratio=0.75/keep=0.75,0.1564866816787739,0.0297432686286787,0.244144582367886,0.0934579439252336,0.1167964319938598,0.9980353634577602,0.1040377556978733,S1/smote,0.1809622232792777,0.0333437695679398,0.2531824002710889,0.1448598130841121,0.1129142013140031,0.0415205757519837,0.1307610801245877,0.050251256281407,-0.024475541600503803,-0.0036005009392611025,-0.05140186915887851,0.003882230679856713
6,42,lgbm,s1_plus_ig,1.0,0.75,positive_only,s1_plus_ig/mode=positive_only/ratio=1.0/keep=0.75,0.1450664877375972,0.0812460864120225,0.2372094994177087,0.0700934579439252,0.1180202438575921,0.9980353634577602,0.1040377556978733,S1/smote,0.1809622232792777,0.0333437695679398,0.2531824002710889,0.1448598130841121,0.1129142013140031,0.0415205757519837,0.1307610801245877,0.050251256281407,-0.03589573554168049,0.04790231684408269,-0.07476635514018691,0.005106042543589012
6,42,lgbm,s1_plus_ig,1.5,0.75,positive_only,s1_plus_ig/mode=positive_only/ratio=1.5/keep=0.75,0.15029304708728,0.0812460864120225,0.2130697365372009,0.0654205607476635,0.1392686659647746,0.9980353634577602,0.1040377556978733,S1/smote,0.1809622232792777,0.0333437695679398,0.2531824002710889,0.1448598130841121,0.1129142013140031,0.0415205757519837,0.1307610801245877,0.050251256281407,-0.030669176191997688,0.04790231684408269,-0.07943925233644861,0.026354464650771514
6,42,lgbm,s1_plus_ig,2.0,0.75,positive_only,s1_plus_ig/mode=positive_only/ratio=2.0/keep=0.75,0.1443487503571069,0.0718534752661239,0.2404473332440307,0.0607476635514018,0.1264462902117672,0.9980353634577602,0.1040377556978733,S1/smote,0.1809622232792777,0.0333437695679398,0.2531824002710889,0.1448598130841121,0.1129142013140031,0.0415205757519837,0.1307610801245877,0.050251256281407,-0.03661347292217079,0.0385097056981841,-0.08411214953271032,0.01353208889776411
6,42,lgbm,s1_plus_ig,0.25,1.0,positive_only,s1_plus_ig/mode=positive_only/ratio=0.25/keep=1.0,0.1556245145390088,0.0400751408891671,0.2553211268190403,0.116822429906542,0.1054893821177185,0.9986541466206704,0.0957481455458995,S1/smote,0.1809622232792777,0.0333437695679398,0.2531824002710889,0.1448598130841121,0.1129142013140031,0.0415205757519837,0.1307610801245877,0.050251256281407,-0.02533770874026889,0.006731371321227302,-0.02803738317757011,-0.007424819196284599
6,42,lgbm,s1_plus_ig,0.5,1.0,positive_only,s1_plus_ig/mode=positive_only/ratio=0.5/keep=1.0,0.142809501208188,0.0259862241703193,0.239697371268466,0.0420560747663551,0.111287001073863,0.9986541466206704,0.0957481455458995,S1/smote,0.1809622232792777,0.0333437695679398,0.2531824002710889,0.1448598130841121,0.1129142013140031,0.0415205757519837,0.1307610801245877,0.050251256281407,-0.03815272207108969,-0.0073575453976205026,-0.102803738317757,-0.0016272002401400976
6,42,lgbm,s1_plus_ig,0.75,1.0,positive_only,s1_plus_ig/mode=positive_only/ratio=0.75/keep=1.0,0.1564866816787739,0.0297432686286787,0.244144582367886,0.0934579439252336,0.1167964319938598,0.9986541466206704,0.0957481455458995,S1/smote,0.1809622232792777,0.0333437695679398,0.2531824002710889,0.1448598130841121,0.1129142013140031,0.0415205757519837,0.1307610801245877,0.050251256281407,-0.024475541600503803,-0.0036005009392611025,-0.05140186915887851,0.003882230679856713
6,42,lgbm,s1_plus_ig,1.0,1.0,positive_only,s1_plus_ig/mode=positive_only/ratio=1.0/keep=1.0,0.1450664877375972,0.0812460864120225,0.2372094994177087,0.0700934579439252,0.1180202438575921,0.9986541466206704,0.0957481455458995,S1/smote,0.1809622232792777,0.0333437695679398,0.2531824002710889,0.1448598130841121,0.1129142013140031,0.0415205757519837,0.1307610801245877,0.050251256281407,-0.03589573554168049,0.04790231684408269,-0.07476635514018691,0.005106042543589012
6,42,lgbm,s1_plus_ig,1.5,1.0,positive_only,s1_plus_ig/mode=positive_only/ratio=1.5/keep=1.0,0.1412610155593235,0.047589229805886,0.2174391155725838,0.0841121495327102,0.1154531650940957,0.9986541466206704,0.0957481455458995,S1/smote,0.1809622232792777,0.0333437695679398,0.2531824002710889,0.1448598130841121,0.1129142013140031,0.0415205757519837,0.1307610801245877,0.050251256281407,-0.039701207719954196,0.014245460237946199,-0.060747663551401904,0.002538963780092607
6,42,lgbm,s1_plus_ig,2.0,1.0,positive_only,s1_plus_ig/mode=positive_only/ratio=2.0/keep=1.0,0.1499681351327282,0.0391358797745773,0.2339633798447745,0.0654205607476635,0.1101683430756123,0.9986541466206704,0.0957481455458995,S1/smote,0.1809622232792777,0.0333437695679398,0.2531824002710889,0.1448598130841121,0.1129142013140031,0.0415205757519837,0.1307610801245877,0.050251256281407,-0.030994088146549498,0.005792110206637495,-0.07943925233644861,-0.002745858238390797
6,43,lgbm,s1_plus_ig,0.25,0.25,positive_only,s1_plus_ig/mode=positive_only/ratio=0.25/keep=0.25,0.1683702466171616,0.0565122103944896,0.2312253569975576,0.1401869158878504,0.1042200728786982,0.9551953064690444,0.0840450899969113,S1/smote,0.1956811748286687,0.034439574201628,0.2419982631081608,0.1308411214953271,0.1016488826492035,0.0394906809374423,0.1095870194286294,0.0351758793969849,-0.0273109282115071,0.0220726361928616,0.00934579439252331,0.002571190229494688
6,43,lgbm,s1_plus_ig,0.5,0.25,positive_only,s1_plus_ig/mode=positive_only/ratio=0.5/keep=0.25,0.151278875687524,0.0479023168440826,0.2297816805493581,0.0981308411214953,0.0917812573918827,0.9551953064690444,0.0840450899969113,S1/smote,0.1956811748286687,0.034439574201628,0.2419982631081608,0.1308411214953271,0.1016488826492035,0.0394906809374423,0.1095870194286294,0.0351758793969849,-0.04440229914114471,0.013462742642454603,-0.03271028037383179,-0.009867625257320808
6,43,lgbm,s1_plus_ig,0.75,0.25,positive_only,s1_plus_ig/mode=positive_only/ratio=0.75/keep=0.25,0.1601096012700025,0.0527551659361302,0.2337545803891335,0.102803738317757,0.093962142532416,0.9551953064690444,0.0840450899969113,S1/smote,0.1956811748286687,0.034439574201628,0.2419982631081608,0.1308411214953271,0.1016488826492035,0.0394906809374423,0.1095870194286294,0.0351758793969849,-0.03557157355866619,0.0183155917345022,-0.028037383177570083,-0.007686740116787508
6,43,lgbm,s1_plus_ig,1.0,0.25,positive_only,s1_plus_ig/mode=positive_only/ratio=1.0/keep=0.25,0.1536970166902142,0.0380400751408891,0.247926846483432,0.0934579439252336,0.0849777777903574,0.9551953064690444,0.0840450899969113,S1/smote,0.1956811748286687,0.034439574201628,0.2419982631081608,0.1308411214953271,0.1016488826492035,0.0394906809374423,0.1095870194286294,0.0351758793969849,-0.04198415813845449,0.003600500939261099,-0.03738317757009349,-0.01667110485884611
6,43,lgbm,s1_plus_ig,1.5,0.25,positive_only,s1_plus_ig/mode=positive_only/ratio=1.5/keep=0.25,0.1543174184140816,0.0535378835316217,0.2350168704380711,0.0887850467289719,0.0907451438697773,0.9551953064690444,0.0840450899969113,S1/smote,0.1956811748286687,0.034439574201628,0.2419982631081608,0.1308411214953271,0.1016488826492035,0.0394906809374423,0.1095870194286294,0.0351758793969849,-0.041363756414587116,0.0190983093299937,-0.042056074766355186,-0.0109037387794262
6,43,lgbm,s1_plus_ig,2.0,0.25,positive_only,s1_plus_ig/mode=positive_only/ratio=2.0/keep=0.25,0.1472387296092202,0.0231684408265497,0.2228491702454261,0.0887850467289719,0.1020762949149581,0.9551953064690444,0.0840450899969113,S1/smote,0.1956811748286687,0.034439574201628,0.2419982631081608,0.1308411214953271,0.1016488826492035,0.0394906809374423,0.1095870194286294,0.0351758793969849,-0.048442445219448516,-0.011271133375078301,-0.042056074766355186,0.000427412265754587
6,43,lgbm,s1_plus_ig,0.25,0.5,positive_only,s1_plus_ig/mode=positive_only/ratio=0.25/keep=0.5,0.1683702466171616,0.0565122103944896,0.2312253569975576,0.1401869158878504,0.1042200728786982,0.9929458719428244,0.0873597151810516,S1/smote,0.1956811748286687,0.034439574201628,0.2419982631081608,0.1308411214953271,0.1016488826492035,0.0394906809374423,0.1095870194286294,0.0351758793969849,-0.0273109282115071,0.0220726361928616,0.00934579439252331,0.002571190229494688
6,43,lgbm,s1_plus_ig,0.5,0.5,positive_only,s1_plus_ig/mode=positive_only/ratio=0.5/keep=0.5,0.1532047275021287,0.0288040075140889,0.2361525893329508,0.1074766355140186,0.1022374284438035,0.9929458719428244,0.0873597151810516,S1/smote,0.1956811748286687,0.034439574201628,0.2419982631081608,0.1308411214953271,0.1016488826492035,0.0394906809374423,0.1095870194286294,0.0351758793969849,-0.04247644732653999,-0.0056355666875391,-0.023364485981308483,0.0005885457945999928
6,43,lgbm,s1_plus_ig,0.75,0.5,positive_only,s1_plus_ig/mode=positive_only/ratio=0.75/keep=0.5,0.1688877474536665,0.0560425798371947,0.2292132214961918,0.1448598130841121,0.1114716064568359,0.9929458719428244,0.0873597151810516,S1/smote,0.1956811748286687,0.034439574201628,0.2419982631081608,0.1308411214953271,0.1016488826492035,0.0394906809374423,0.1095870194286294,0.0351758793969849,-0.026793427375002205,0.021603005635566698,0.01401869158878502,0.009822723807632397
6,43,lgbm,s1_plus_ig,1.0,0.5,positive_only,s1_plus_ig/mode=positive_only/ratio=1.0/keep=0.5,0.1684875312278954,0.0489981214777708,0.2302432308770012,0.1355140186915887,0.1508566580841406,0.9929458719428244,0.0873597151810516,S1/smote,0.1956811748286687,0.034439574201628,0.2419982631081608,0.1308411214953271,0.1016488826492035,0.0394906809374423,0.1095870194286294,0.0351758793969849,-0.02719364360077331,0.014558547276142801,0.0046728971962615995,0.04920777543493708
6,43,lgbm,s1_plus_ig,1.5,0.5,positive_only,s1_plus_ig/mode=positive_only/ratio=1.5/keep=0.5,0.1580368175570821,0.0295867251095804,0.2292327071501677,0.102803738317757,0.1114894659946782,0.9929458719428244,0.0873597151810516,S1/smote,0.1956811748286687,0.034439574201628,0.2419982631081608,0.1308411214953271,0.1016488826492035,0.0394906809374423,0.1095870194286294,0.0351758793969849,-0.037644357271586604,-0.004852849092047598,-0.028037383177570083,0.00984058334547469
6,43,lgbm,s1_plus_ig,2.0,0.5,positive_only,s1_plus_ig/mode=positive_only/ratio=2.0/keep=0.5,0.149406938344705,0.0386662492172824,0.2247914156990066,0.0841121495327102,0.107041673075322,0.9929458719428244,0.0873597151810516,S1/smote,0.1956811748286687,0.034439574201628,0.2419982631081608,0.1308411214953271,0.1016488826492035,0.0394906809374423,0.1095870194286294,0.0351758793969849,-0.0462742364839637,0.004226675015654401,-0.04672897196261688,0.005392790426118496
6,43,lgbm,s1_plus_ig,0.25,0.75,positive_only,s1_plus_ig/mode=positive_only/ratio=0.25/keep=0.75,0.1683702466171616,0.0565122103944896,0.2312253569975576,0.1401869158878504,0.1042200728786982,0.9881270980616618,0.0811905600769047,S1/smote,0.1956811748286687,0.034439574201628,0.2419982631081608,0.1308411214953271,0.1016488826492035,0.0394906809374423,0.1095870194286294,0.0351758793969849,-0.0273109282115071,0.0220726361928616,0.00934579439252331,0.002571190229494688
6,43,lgbm,s1_plus_ig,0.5,0.75,positive_only,s1_plus_ig/mode=positive_only/ratio=0.5/keep=0.75,0.1532047275021287,0.0288040075140889,0.2361525893329508,0.1074766355140186,0.1022374284438035,0.9881270980616618,0.0811905600769047,S1/smote,0.1956811748286687,0.034439574201628,0.2419982631081608,0.1308411214953271,0.1016488826492035,0.0394906809374423,0.1095870194286294,0.0351758793969849,-0.04247644732653999,-0.0056355666875391,-0.023364485981308483,0.0005885457945999928
6,43,lgbm,s1_plus_ig,0.75,0.75,positive_only,s1_plus_ig/mode=positive_only/ratio=0.75/keep=0.75,0.1646023133224423,0.0313087038196618,0.2495636904752533,0.1214953271028037,0.1198886285249629,0.9881270980616618,0.0811905600769047,S1/smote,0.1956811748286687,0.034439574201628,0.2419982631081608,0.1308411214953271,0.1016488826492035,0.0394906809374423,0.1095870194286294,0.0351758793969849,-0.031078861506226407,-0.0031308703819662026,-0.009345794392523393,0.018239745875759397
6,43,lgbm,s1_plus_ig,1.0,0.75,positive_only,s1_plus_ig/mode=positive_only/ratio=1.0/keep=0.75,0.1638612478896975,0.0338134001252348,0.2404934895704913,0.1355140186915887,0.1123200432262443,0.9881270980616618,0.0811905600769047,S1/smote,0.1956811748286687,0.034439574201628,0.2419982631081608,0.1308411214953271,0.1016488826492035,0.0394906809374423,0.1095870194286294,0.0351758793969849,-0.031819926938971205,-0.0006261740763931975,0.0046728971962615995,0.010671160577040789
6,43,lgbm,s1_plus_ig,1.5,0.75,positive_only,s1_plus_ig/mode=positive_only/ratio=1.5/keep=0.75,0.1546376715790458,0.0366311834690043,0.2701446269339707,0.116822429906542,0.1212253492631387,0.9881270980616618,0.0811905600769047,S1/smote,0.1956811748286687,0.034439574201628,0.2419982631081608,0.1308411214953271,0.1016488826492035,0.0394906809374423,0.1095870194286294,0.0351758793969849,-0.041043503249622915,0.002191609267376299,-0.01401869158878509,0.019576466613935195
6,43,lgbm,s1_plus_ig,2.0,0.75,positive_only,s1_plus_ig/mode=positive_only/ratio=2.0/keep=0.75,0.1559898163402165,0.0560425798371947,0.2536514500710611,0.0794392523364486,0.1112529795284368,0.9881270980616618,0.0811905600769047,S1/smote,0.1956811748286687,0.034439574201628,0.2419982631081608,0.1308411214953271,0.1016488826492035,0.0394906809374423,0.1095870194286294,0.0351758793969849,-0.039691358488452205,0.021603005635566698,-0.051401869158878497,0.00960409687923329
6,43,lgbm,s1_plus_ig,0.25,1.0,positive_only,s1_plus_ig/mode=positive_only/ratio=0.25/keep=1.0,0.1683702466171616,0.0565122103944896,0.2312253569975576,0.1401869158878504,0.1042200728786982,0.9950574694862552,0.0910813620752887,S1/smote,0.1956811748286687,0.034439574201628,0.2419982631081608,0.1308411214953271,0.1016488826492035,0.0394906809374423,0.1095870194286294,0.0351758793969849,-0.0273109282115071,0.0220726361928616,0.00934579439252331,0.002571190229494688
6,43,lgbm,s1_plus_ig,0.5,1.0,positive_only,s1_plus_ig/mode=positive_only/ratio=0.5/keep=1.0,0.1532047275021287,0.0288040075140889,0.2361525893329508,0.1074766355140186,0.1022374284438035,0.9950574694862552,0.0910813620752887,S1/smote,0.1956811748286687,0.034439574201628,0.2419982631081608,0.1308411214953271,0.1016488826492035,0.0394906809374423,0.1095870194286294,0.0351758793969849,-0.04247644732653999,-0.0056355666875391,-0.023364485981308483,0.0005885457945999928
6,43,lgbm,s1_plus_ig,0.75,1.0,positive_only,s1_plus_ig/mode=positive_only/ratio=0.75/keep=1.0,0.1646023133224423,0.0313087038196618,0.2495636904752533,0.1214953271028037,0.1198886285249629,0.9950574694862552,0.0910813620752887,S1/smote,0.1956811748286687,0.034439574201628,0.2419982631081608,0.1308411214953271,0.1016488826492035,0.0394906809374423,0.1095870194286294,0.0351758793969849,-0.031078861506226407,-0.0031308703819662026,-0.009345794392523393,0.018239745875759397
6,43,lgbm,s1_plus_ig,1.0,1.0,positive_only,s1_plus_ig/mode=positive_only/ratio=1.0/keep=1.0,0.1638612478896975,0.0338134001252348,0.2404934895704913,0.1355140186915887,0.1123200432262443,0.9950574694862552,0.0910813620752887,S1/smote,0.1956811748286687,0.034439574201628,0.2419982631081608,0.1308411214953271,0.1016488826492035,0.0394906809374423,0.1095870194286294,0.0351758793969849,-0.031819926938971205,-0.0006261740763931975,0.0046728971962615995,0.010671160577040789
6,43,lgbm,s1_plus_ig,1.5,1.0,positive_only,s1_plus_ig/mode=positive_only/ratio=1.5/keep=1.0,0.1493532340952124,0.0336568566061365,0.2447231264706905,0.0607476635514018,0.1341249873018453,0.9950574694862552,0.0910813620752887,S1/smote,0.1956811748286687,0.034439574201628,0.2419982631081608,0.1308411214953271,0.1016488826492035,0.0394906809374423,0.1095870194286294,0.0351758793969849,-0.04632794073345631,-0.0007827175954914986,-0.0700934579439253,0.03247610465264179
6,43,lgbm,s1_plus_ig,2.0,1.0,positive_only,s1_plus_ig/mode=positive_only/ratio=2.0/keep=1.0,0.1654260743478555,0.0494677520350657,0.2322883626880638,0.116822429906542,0.1310962595748496,0.9950574694862552,0.0910813620752887,S1/smote,0.1956811748286687,0.034439574201628,0.2419982631081608,0.1308411214953271,0.1016488826492035,0.0394906809374423,0.1095870194286294,0.0351758793969849,-0.030255100480813202,0.015028177833437698,-0.01401869158878509,0.0294473769256461
6,44,lgbm,s1_plus_ig,0.25,0.25,positive_only,s1_plus_ig/mode=positive_only/ratio=0.25/keep=0.25,0.1619022905447209,0.0361615529117094,0.228989147480359,0.0981308411214953,0.1116207078002314,0.9855951829550718,0.0938531385605162,S1/smote,0.1865467673513565,0.0403882279273638,0.2371508168093282,0.1261682242990654,0.1155968652517762,0.0420741834286768,0.1501105255522898,0.0351758793969849,-0.02464447680663559,-0.004226675015654401,-0.02803738317757011,-0.0039761574515448095
6,44,lgbm,s1_plus_ig,0.5,0.25,positive_only,s1_plus_ig/mode=positive_only/ratio=0.5/keep=0.25,0.1522520862781048,0.0634001252348152,0.2372577184696225,0.0981308411214953,0.1024059857576489,0.9855951829550718,0.0938531385605162,S1/smote,0.1865467673513565,0.0403882279273638,0.2371508168093282,0.1261682242990654,0.1155968652517762,0.0420741834286768,0.1501105255522898,0.0351758793969849,-0.034294681073251704,0.023011897307451394,-0.02803738317757011,-0.013190879494127297
6,44,lgbm,s1_plus_ig,0.75,0.25,positive_only,s1_plus_ig/mode=positive_only/ratio=0.75/keep=0.25,0.1565333372910076,0.0749843456480901,0.2401462702389531,0.0887850467289719,0.1096502273555872,0.9855951829550718,0.0938531385605162,S1/smote,0.1865467673513565,0.0403882279273638,0.2371508168093282,0.1261682242990654,0.1155968652517762,0.0420741834286768,0.1501105255522898,0.0351758793969849,-0.0300134300603489,0.0345961177207263,-0.037383177570093504,-0.005946637896189003
6,44,lgbm,s1_plus_ig,1.0,0.25,positive_only,s1_plus_ig/mode=positive_only/ratio=1.0/keep=0.25,0.1626134492518572,0.0912648716343143,0.2366135147107959,0.116822429906542,0.1092482715953039,0.9855951829550718,0.0938531385605162,S1/smote,0.1865467673513565,0.0403882279273638,0.2371508168093282,0.1261682242990654,0.1155968652517762,0.0420741834286768,0.1501105255522898,0.0351758793969849,-0.023933318099499307,0.050876643706950504,-0.009345794392523407,-0.006348593656472307
6,44,lgbm,s1_plus_ig,1.5,0.25,positive_only,s1_plus_ig/mode=positive_only/ratio=1.5/keep=0.25,0.139855157713161,0.0801502817783343,0.2390892506979063,0.0700934579439252,0.1066249421559529,0.9855951829550718,0.0938531385605162,S1/smote,0.1865467673513565,0.0403882279273638,0.2371508168093282,0.1261682242990654,0.1155968652517762,0.0420741834286768,0.1501105255522898,0.0351758793969849,-0.04669160963819549,0.0397620538509705,-0.05607476635514021,-0.0089719230958233
6,44,lgbm,s1_plus_ig,2.0,0.25,positive_only,s1_plus_ig/mode=positive_only/ratio=2.0/keep=0.25,0.145846660856944,0.073888541014402,0.2255668067488802,0.1121495327102803,0.1229511616766717,0.9855951829550718,0.0938531385605162,S1/smote,0.1865467673513565,0.0403882279273638,0.2371508168093282,0.1261682242990654,0.1155968652517762,0.0420741834286768,0.1501105255522898,0.0351758793969849,-0.0407001064944125,0.03350031308703819,-0.014018691588785104,0.00735429642489549
6,44,lgbm,s1_plus_ig,0.25,0.5,positive_only,s1_plus_ig/mode=positive_only/ratio=0.25/keep=0.5,0.1619022905447209,0.0361615529117094,0.228989147480359,0.0981308411214953,0.1116207078002314,0.9988397815695436,0.0804173580728196,S1/smote,0.1865467673513565,0.0403882279273638,0.2371508168093282,0.1261682242990654,0.1155968652517762,0.0420741834286768,0.1501105255522898,0.0351758793969849,-0.02464447680663559,-0.004226675015654401,-0.02803738317757011,-0.0039761574515448095
6,44,lgbm,s1_plus_ig,0.5,0.5,positive_only,s1_plus_ig/mode=positive_only/ratio=0.5/keep=0.5,0.1492473327679845,0.0466499686912961,0.2264471284665378,0.1121495327102803,0.1057678495613342,0.9988397815695436,0.0804173580728196,S1/smote,0.1865467673513565,0.0403882279273638,0.2371508168093282,0.1261682242990654,0.1155968652517762,0.0420741834286768,0.1501105255522898,0.0351758793969849,-0.03729943458337201,0.006261740763932294,-0.014018691588785104,-0.009829015690442006
6,44,lgbm,s1_plus_ig,0.75,0.5,positive_only,s1_plus_ig/mode=positive_only/ratio=0.75/keep=0.5,0.1521295013465298,0.0457107075767063,0.2355543743398543,0.0934579439252336,0.1001511418165114,0.9988397815695436,0.0804173580728196,S1/smote,0.1865467673513565,0.0403882279273638,0.2371508168093282,0.1261682242990654,0.1155968652517762,0.0420741834286768,0.1501105255522898,0.0351758793969849,-0.034417266004826697,0.0053224796493424945,-0.03271028037383181,-0.015445723435264805
6,44,lgbm,s1_plus_ig,1.0,0.5,positive_only,s1_plus_ig/mode=positive_only/ratio=1.0/keep=0.5,0.1441992969164231,0.0638697557921102,0.24210966910614,0.0887850467289719,0.1112383191047948,0.9988397815695436,0.0804173580728196,S1/smote,0.1865467673513565,0.0403882279273638,0.2371508168093282,0.1261682242990654,0.1155968652517762,0.0420741834286768,0.1501105255522898,0.0351758793969849,-0.04234747043493339,0.023481527864746395,-0.037383177570093504,-0.004358546146981404
6,44,lgbm,s1_plus_ig,1.5,0.5,positive_only,s1_plus_ig/mode=positive_only/ratio=1.5/keep=0.5,0.141841927834312,0.0756105197244834,0.2362688902230929,0.0747663551401869,0.0928283573021967,0.9988397815695436,0.0804173580728196,S1/smote,0.1865467673513565,0.0403882279273638,0.2371508168093282,0.1261682242990654,0.1155968652517762,0.0420741834286768,0.1501105255522898,0.0351758793969849,-0.044704839517044515,0.0352222917971196,-0.05140186915887851,-0.022768507949579506
6,44,lgbm,s1_plus_ig,2.0,0.5,positive_only,s1_plus_ig/mode=positive_only/ratio=2.0/keep=0.5,0.1439202487369896,0.0468065122103944,0.2359148247378973,0.0794392523364486,0.1027098509107731,0.9988397815695436,0.0804173580728196,S1/smote,0.1865467673513565,0.0403882279273638,0.2371508168093282,0.1261682242990654,0.1155968652517762,0.0420741834286768,0.1501105255522898,0.0351758793969849,-0.04262651861436689,0.006418284283030595,-0.046728971962616814,-0.012887014341003103
6,44,lgbm,s1_plus_ig,0.25,0.75,positive_only,s1_plus_ig/mode=positive_only/ratio=0.25/keep=0.75,0.1619022905447209,0.0361615529117094,0.228989147480359,0.0981308411214953,0.1116207078002314,0.9994198907847716,0.1024664536467662,S1/smote,0.1865467673513565,0.0403882279273638,0.2371508168093282,0.1261682242990654,0.1155968652517762,0.0420741834286768,0.1501105255522898,0.0351758793969849,-0.02464447680663559,-0.004226675015654401,-0.02803738317757011,-0.0039761574515448095
6,44,lgbm,s1_plus_ig,0.5,0.75,positive_only,s1_plus_ig/mode=positive_only/ratio=0.5/keep=0.75,0.1492473327679845,0.0466499686912961,0.2264471284665378,0.1121495327102803,0.1057678495613342,0.9994198907847716,0.1024664536467662,S1/smote,0.1865467673513565,0.0403882279273638,0.2371508168093282,0.1261682242990654,0.1155968652517762,0.0420741834286768,0.1501105255522898,0.0351758793969849,-0.03729943458337201,0.006261740763932294,-0.014018691588785104,-0.009829015690442006
6,44,lgbm,s1_plus_ig,0.75,0.75,positive_only,s1_plus_ig/mode=positive_only/ratio=0.75/keep=0.75,0.1431079347205105,0.0721665623043206,0.2454109176546572,0.0607476635514018,0.1100046644285817,0.9994198907847716,0.1024664536467662,S1/smote,0.1865467673513565,0.0403882279273638,0.2371508168093282,0.1261682242990654,0.1155968652517762,0.0420741834286768,0.1501105255522898,0.0351758793969849,-0.043438832630846,0.0317783343769568,-0.06542056074766361,-0.005592200823194504
6,44,lgbm,s1_plus_ig,1.0,0.75,positive_only,s1_plus_ig/mode=positive_only/ratio=1.0/keep=0.75,0.1545825827899334,0.0320914214151534,0.2240115973181755,0.0794392523364486,0.1099096648002638,0.9994198907847716,0.1024664536467662,S1/smote,0.1865467673513565,0.0403882279273638,0.2371508168093282,0.1261682242990654,0.1155968652517762,0.0420741834286768,0.1501105255522898,0.0351758793969849,-0.03196418456142311,-0.008296806512210403,-0.046728971962616814,-0.0056872004515124
6,44,lgbm,s1_plus_ig,1.5,0.75,positive_only,s1_plus_ig/mode=positive_only/ratio=1.5/keep=0.75,0.1566944839444545,0.0565122103944896,0.2250822728524941,0.116822429906542,0.107539377813517,0.9994198907847716,0.1024664536467662,S1/smote,0.1865467673513565,0.0403882279273638,0.2371508168093282,0.1261682242990654,0.1155968652517762,0.0420741834286768,0.1501105255522898,0.0351758793969849,-0.02985228340690199,0.0161239824671258,-0.009345794392523407,-0.008057487438259209
6,44,lgbm,s1_plus_ig,2.0,0.75,positive_only,s1_plus_ig/mode=positive_only/ratio=2.0/keep=0.75,0.1430472084286138,0.1097370068879148,0.2301121943683667,0.0654205607476635,0.1131534222206432,0.9994198907847716,0.1024664536467662,S1/smote,0.1865467673513565,0.0403882279273638,0.2371508168093282,0.1261682242990654,0.1155968652517762,0.0420741834286768,0.1501105255522898,0.0351758793969849,-0.04349955892274271,0.069348778960551,-0.060747663551401904,-0.0024434430311330024
6,44,lgbm,s1_plus_ig,0.25,1.0,positive_only,s1_plus_ig/mode=positive_only/ratio=0.25/keep=1.0,0.1619022905447209,0.0361615529117094,0.228989147480359,0.0981308411214953,0.1116207078002314,0.9993889516266262,0.0987837698948173,S1/smote,0.1865467673513565,0.0403882279273638,0.2371508168093282,0.1261682242990654,0.1155968652517762,0.0420741834286768,0.1501105255522898,0.0351758793969849,-0.02464447680663559,-0.004226675015654401,-0.02803738317757011,-0.0039761574515448095
6,44,lgbm,s1_plus_ig,0.5,1.0,positive_only,s1_plus_ig/mode=positive_only/ratio=0.5/keep=1.0,0.1492473327679845,0.0466499686912961,0.2264471284665378,0.1121495327102803,0.1057678495613342,0.9993889516266262,0.0987837698948173,S1/smote,0.1865467673513565,0.0403882279273638,0.2371508168093282,0.1261682242990654,0.1155968652517762,0.0420741834286768,0.1501105255522898,0.0351758793969849,-0.03729943458337201,0.006261740763932294,-0.014018691588785104,-0.009829015690442006
6,44,lgbm,s1_plus_ig,0.75,1.0,positive_only,s1_plus_ig/mode=positive_only/ratio=0.75/keep=1.0,0.1431079347205105,0.0721665623043206,0.2454109176546572,0.0607476635514018,0.1100046644285817,0.9993889516266262,0.0987837698948173,S1/smote,0.1865467673513565,0.0403882279273638,0.2371508168093282,0.1261682242990654,0.1155968652517762,0.0420741834286768,0.1501105255522898,0.0351758793969849,-0.043438832630846,0.0317783343769568,-0.06542056074766361,-0.005592200823194504
6,44,lgbm,s1_plus_ig,1.0,1.0,positive_only,s1_plus_ig/mode=positive_only/ratio=1.0/keep=1.0,0.1545825827899334,0.0320914214151534,0.2240115973181755,0.0794392523364486,0.1099096648002638,0.9993889516266262,0.0987837698948173,S1/smote,0.1865467673513565,0.0403882279273638,0.2371508168093282,0.1261682242990654,0.1155968652517762,0.0420741834286768,0.1501105255522898,0.0351758793969849,-0.03196418456142311,-0.008296806512210403,-0.046728971962616814,-0.0056872004515124
6,44,lgbm,s1_plus_ig,1.5,1.0,positive_only,s1_plus_ig/mode=positive_only/ratio=1.5/keep=1.0,0.1397014838964062,0.0591734502191609,0.2223484589692212,0.0841121495327102,0.0968256470878649,0.9993889516266262,0.0987837698948173,S1/smote,0.1865467673513565,0.0403882279273638,0.2371508168093282,0.1261682242990654,0.1155968652517762,0.0420741834286768,0.1501105255522898,0.0351758793969849,-0.046845283454950315,0.018785222291797098,-0.0420560747663552,-0.018771218163911307
6,44,lgbm,s1_plus_ig,2.0,1.0,positive_only,s1_plus_ig/mode=positive_only/ratio=2.0/keep=1.0,0.1351115921264789,0.0936130244207889,0.2177748039091823,0.0654205607476635,0.1036428223315015,0.9993889516266262,0.0987837698948173,S1/smote,0.1865467673513565,0.0403882279273638,0.2371508168093282,0.1261682242990654,0.1155968652517762,0.0420741834286768,0.1501105255522898,0.0351758793969849,-0.05143517522487759,0.053224796493425104,-0.060747663551401904,-0.011954042920274702
6,45,lgbm,s1_plus_ig,0.25,0.25,positive_only,s1_plus_ig/mode=positive_only/ratio=0.25/keep=0.25,0.1658920257383379,0.2069505322479649,0.233362665599151,0.1121495327102803,0.0964572410584514,0.9853327157634708,0.0895809241728593,S1/smote,0.183225989395206,0.0417971195992485,0.246651511997724,0.1401869158878504,0.1222964322409965,0.0529618010703081,0.1763639933331456,0.0603015075376884,-0.017333963656868123,0.16515341264871639,-0.028037383177570097,-0.0258391911825451
6,45,lgbm,s1_plus_ig,0.5,0.25,positive_only,s1_plus_ig/mode=positive_only/ratio=0.5/keep=0.25,0.1679270412832639,0.0810895428929242,0.2240947855841103,0.0887850467289719,0.1005526296544804,0.9853327157634708,0.0895809241728593,S1/smote,0.183225989395206,0.0417971195992485,0.246651511997724,0.1401869158878504,0.1222964322409965,0.0529618010703081,0.1763639933331456,0.0603015075376884,-0.015298948111942101,0.039292423293675695,-0.051401869158878497,-0.021743802586516092
6,45,lgbm,s1_plus_ig,0.75,0.25,positive_only,s1_plus_ig/mode=positive_only/ratio=0.75/keep=0.25,0.1635145476041982,0.1444896681277395,0.2347929831556019,0.0887850467289719,0.1033791707165381,0.9853327157634708,0.0895809241728593,S1/smote,0.183225989395206,0.0417971195992485,0.246651511997724,0.1401869158878504,0.1222964322409965,0.0529618010703081,0.1763639933331456,0.0603015075376884,-0.01971144179100781,0.102692548528491,-0.051401869158878497,-0.018917261524458398
6,45,lgbm,s1_plus_ig,1.0,0.25,positive_only,s1_plus_ig/mode=positive_only/ratio=1.0/keep=0.25,0.1512926483135742,0.1471509079524107,0.2276984004443473,0.0700934579439252,0.0975167445866345,0.9853327157634708,0.0895809241728593,S1/smote,0.183225989395206,0.0417971195992485,0.246651511997724,0.1401869158878504,0.1222964322409965,0.0529618010703081,0.1763639933331456,0.0603015075376884,-0.031933341081631816,0.1053537883531622,-0.0700934579439252,-0.024779687654362004
6,45,lgbm,s1_plus_ig,1.5,0.25,positive_only,s1_plus_ig/mode=positive_only/ratio=1.5/keep=0.25,0.1445781417190809,0.0637132122730119,0.2130785118119211,0.0887850467289719,0.1021980246061443,0.9853327157634708,0.0895809241728593,S1/smote,0.183225989395206,0.0417971195992485,0.246651511997724,0.1401869158878504,0.1222964322409965,0.0529618010703081,0.1763639933331456,0.0603015075376884,-0.03864784767612511,0.021916092673763397,-0.051401869158878497,-0.020098407634852197
6,45,lgbm,s1_plus_ig,2.0,0.25,positive_only,s1_plus_ig/mode=positive_only/ratio=2.0/keep=0.25,0.1615476866938258,0.1784596117720726,0.2252787381578304,0.0934579439252336,0.107394992451913,0.9853327157634708,0.0895809241728593,S1/smote,0.183225989395206,0.0417971195992485,0.246651511997724,0.1401869158878504,0.1222964322409965,0.0529618010703081,0.1763639933331456,0.0603015075376884,-0.021678302701380214,0.13666249217282408,-0.0467289719626168,-0.014901439789083495
6,45,lgbm,s1_plus_ig,0.25,0.5,positive_only,s1_plus_ig/mode=positive_only/ratio=0.25/keep=0.5,0.1658920257383379,0.2069505322479649,0.233362665599151,0.1121495327102803,0.0964572410584514,0.9966856426836628,0.0918504220849443,S1/smote,0.183225989395206,0.0417971195992485,0.246651511997724,0.1401869158878504,0.1222964322409965,0.0529618010703081,0.1763639933331456,0.0603015075376884,-0.017333963656868123,0.16515341264871639,-0.028037383177570097,-0.0258391911825451
6,45,lgbm,s1_plus_ig,0.5,0.5,positive_only,s1_plus_ig/mode=positive_only/ratio=0.5/keep=0.5,0.164638132064557,0.0408578584846587,0.2528912565688594,0.0981308411214953,0.1005992746421359,0.9966856426836628,0.0918504220849443,S1/smote,0.183225989395206,0.0417971195992485,0.246651511997724,0.1401869158878504,0.1222964322409965,0.0529618010703081,0.1763639933331456,0.0603015075376884,-0.01858785733064902,-0.0009392611145897997,-0.0420560747663551,-0.021697157598860595
6,45,lgbm,s1_plus_ig,0.75,0.5,positive_only,s1_plus_ig/mode=positive_only/ratio=0.75/keep=0.5,0.1323996322144827,0.0640262993112085,0.2301180352361321,0.0467289719626168,0.1072682377975593,0.9966856426836628,0.0918504220849443,S1/smote,0.183225989395206,0.0417971195992485,0.246651511997724,0.1401869158878504,0.1222964322409965,0.0529618010703081,0.1763639933331456,0.0603015075376884,-0.050826357180723314,0.02222917971196,-0.0934579439252336,-0.015028194443437198
6,45,lgbm,s1_plus_ig,1.0,0.5,positive_only,s1_plus_ig/mode=positive_only/ratio=1.0/keep=0.5,0.1488496448352874,0.0859423919849718,0.218952809931376,0.1261682242990654,0.1113870025403548,0.9966856426836628,0.0918504220849443,S1/smote,0.183225989395206,0.0417971195992485,0.246651511997724,0.1401869158878504,0.1222964322409965,0.0529618010703081,0.1763639933331456,0.0603015075376884,-0.034376344559918615,0.04414527238572331,-0.014018691588784993,-0.010909429700641696
6,45,lgbm,s1_plus_ig,1.5,0.5,positive_only,s1_plus_ig/mode=positive_only/ratio=1.5/keep=0.5,0.147906034822745,0.0399185973700688,0.2316018463537914,0.0654205607476635,0.1289470076351404,0.9966856426836628,0.0918504220849443,S1/smote,0.183225989395206,0.0417971195992485,0.246651511997724,0.1401869158878504,0.1222964322409965,0.0529618010703081,0.1763639933331456,0.0603015075376884,-0.03531995457246101,-0.0018785222291796966,-0.0747663551401869,0.00665057539414389
6,45,lgbm,s1_plus_ig,2.0,0.5,positive_only,s1_plus_ig/mode=positive_only/ratio=2.0/keep=0.5,0.1417117151454321,0.0752974326862867,0.2119821051149321,0.0794392523364486,0.125866956624467,0.9966856426836628,0.0918504220849443,S1/smote,0.183225989395206,0.0417971195992485,0.246651511997724,0.1401869158878504,0.1222964322409965,0.0529618010703081,0.1763639933331456,0.0603015075376884,-0.041514274249773914,0.03350031308703821,-0.060747663551401807,0.003570524383470511
6,45,lgbm,s1_plus_ig,0.25,0.75,positive_only,s1_plus_ig/mode=positive_only/ratio=0.25/keep=0.75,0.1658920257383379,0.2069505322479649,0.233362665599151,0.1121495327102803,0.0964572410584514,0.9982132636170972,0.0950846947605015,S1/smote,0.183225989395206,0.0417971195992485,0.246651511997724,0.1401869158878504,0.1222964322409965,0.0529618010703081,0.1763639933331456,0.0603015075376884,-0.017333963656868123,0.16515341264871639,-0.028037383177570097,-0.0258391911825451
6,45,lgbm,s1_plus_ig,0.5,0.75,positive_only,s1_plus_ig/mode=positive_only/ratio=0.5/keep=0.75,0.164638132064557,0.0408578584846587,0.2528912565688594,0.0981308411214953,0.1005992746421359,0.9982132636170972,0.0950846947605015,S1/smote,0.183225989395206,0.0417971195992485,0.246651511997724,0.1401869158878504,0.1222964322409965,0.0529618010703081,0.1763639933331456,0.0603015075376884,-0.01858785733064902,-0.0009392611145897997,-0.0420560747663551,-0.021697157598860595
6,45,lgbm,s1_plus_ig,0.75,0.75,positive_only,s1_plus_ig/mode=positive_only/ratio=0.75/keep=0.75,0.1514777095890166,0.0419536631183469,0.2222409257481264,0.102803738317757,0.1041343472736875,0.9982132636170972,0.0950846947605015,S1/smote,0.183225989395206,0.0417971195992485,0.246651511997724,0.1401869158878504,0.1222964322409965,0.0529618010703081,0.1763639933331456,0.0603015075376884,-0.03174827980618941,0.00015654351909839825,-0.03738317757009339,-0.018162084967308992
6,45,lgbm,s1_plus_ig,1.0,0.75,positive_only,s1_plus_ig/mode=positive_only/ratio=1.0/keep=0.75,0.1559185153564855,0.0530682529743268,0.226722589558284,0.0841121495327102,0.1292650495836744,0.9982132636170972,0.0950846947605015,S1/smote,0.183225989395206,0.0417971195992485,0.246651511997724,0.1401869158878504,0.1222964322409965,0.0529618010703081,0.1763639933331456,0.0603015075376884,-0.027307474038720525,0.011271133375078304,-0.05607476635514019,0.00696861734267791
6,45,lgbm,s1_plus_ig,1.5,0.75,positive_only,s1_plus_ig/mode=positive_only/ratio=1.5/keep=0.75,0.1584597922465272,0.1206950532247965,0.2280862000273243,0.116822429906542,0.123334755598343,0.9982132636170972,0.0950846947605015,S1/smote,0.183225989395206,0.0417971195992485,0.246651511997724,0.1401869158878504,0.1222964322409965,0.0529618010703081,0.1763639933331456,0.0603015075376884,-0.02476619714867881,0.078897933625548,-0.0233644859813084,0.0010383233573465073
6,45,lgbm,s1_plus_ig,2.0,0.75,positive_only,s1_plus_ig/mode=positive_only/ratio=2.0/keep=0.75,0.1482574117700823,0.0605823418910457,0.2283884601204217,0.0934579439252336,0.1150896665570248,0.9982132636170972,0.0950846947605015,S1/smote,0.183225989395206,0.0417971195992485,0.246651511997724,0.1401869158878504,0.1222964322409965,0.0529618010703081,0.1763639933331456,0.0603015075376884,-0.034968577625123703,0.0187852222917972,-0.0467289719626168,-0.007206765683971703
6,45,lgbm,s1_plus_ig,0.25,1.0,positive_only,s1_plus_ig/mode=positive_only/ratio=0.25/keep=1.0,0.1658920257383379,0.2069505322479649,0.233362665599151,0.1121495327102803,0.0964572410584514,0.9983679594078244,0.0976659687925156,S1/smote,0.183225989395206,0.0417971195992485,0.246651511997724,0.1401869158878504,0.1222964322409965,0.0529618010703081,0.1763639933331456,0.0603015075376884,-0.017333963656868123,0.16515341264871639,-0.028037383177570097,-0.0258391911825451
6,45,lgbm,s1_plus_ig,0.5,1.0,positive_only,s1_plus_ig/mode=positive_only/ratio=0.5/keep=1.0,0.164638132064557,0.0408578584846587,0.2528912565688594,0.0981308411214953,0.1005992746421359,0.9983679594078244,0.0976659687925156,S1/smote,0.183225989395206,0.0417971195992485,0.246651511997724,0.1401869158878504,0.1222964322409965,0.0529618010703081,0.1763639933331456,0.0603015075376884,-0.01858785733064902,-0.0009392611145897997,-0.0420560747663551,-0.021697157598860595
6,45,lgbm,s1_plus_ig,0.75,1.0,positive_only,s1_plus_ig/mode=positive_only/ratio=0.75/keep=1.0,0.1514777095890166,0.0419536631183469,0.2222409257481264,0.102803738317757,0.1041343472736875,0.9983679594078244,0.0976659687925156,S1/smote,0.183225989395206,0.0417971195992485,0.246651511997724,0.1401869158878504,0.1222964322409965,0.0529618010703081,0.1763639933331456,0.0603015075376884,-0.03174827980618941,0.00015654351909839825,-0.03738317757009339,-0.018162084967308992
6,45,lgbm,s1_plus_ig,1.0,1.0,positive_only,s1_plus_ig/mode=positive_only/ratio=1.0/keep=1.0,0.1559185153564855,0.0530682529743268,0.226722589558284,0.0841121495327102,0.1292650495836744,0.9983679594078244,0.0976659687925156,S1/smote,0.183225989395206,0.0417971195992485,0.246651511997724,0.1401869158878504,0.1222964322409965,0.0529618010703081,0.1763639933331456,0.0603015075376884,-0.027307474038720525,0.011271133375078304,-0.05607476635514019,0.00696861734267791
6,45,lgbm,s1_plus_ig,1.5,1.0,positive_only,s1_plus_ig/mode=positive_only/ratio=1.5/keep=1.0,0.1514685783110644,0.0375704445835942,0.2423880727422078,0.0654205607476635,0.1239285162931471,0.9983679594078244,0.0976659687925156,S1/smote,0.183225989395206,0.0417971195992485,0.246651511997724,0.1401869158878504,0.1222964322409965,0.0529618010703081,0.1763639933331456,0.0603015075376884,-0.031757411084141624,-0.0042266750156542965,-0.0747663551401869,0.0016320840521506091
6,45,lgbm,s1_plus_ig,2.0,1.0,positive_only,s1_plus_ig/mode=positive_only/ratio=2.0/keep=1.0,0.1415276895065195,0.071383844708829,0.2132090084765222,0.0747663551401869,0.1235369280243849,0.9983679594078244,0.0976659687925156,S1/smote,0.183225989395206,0.0417971195992485,0.246651511997724,0.1401869158878504,0.1222964322409965,0.0529618010703081,0.1763639933331456,0.0603015075376884,-0.04169829988868651,0.0295867251095805,-0.0654205607476635,0.001240495783388404
6,46,lgbm,s1_plus_ig,0.25,0.25,positive_only,s1_plus_ig/mode=positive_only/ratio=0.25/keep=0.25,0.1550580376455388,0.0555729492798998,0.2271894680658449,0.0934579439252336,0.0915598992440973,0.9894858730893932,0.0967868792379014,S1/smote,0.1944563064663479,0.0428929242329367,0.2264808624697682,0.1355140186915887,0.1305501481923306,0.0468721166266838,0.1631357323225194,0.0603015075376884,-0.0393982688208091,0.012680025046963105,-0.04205607476635509,-0.0389902489482333
6,46,lgbm,s1_plus_ig,0.5,0.25,positive_only,s1_plus_ig/mode=positive_only/ratio=0.5/keep=0.25,0.1459244556096707,0.0231684408265497,0.2228491702454261,0.0841121495327102,0.0855817574762974,0.9894858730893932,0.0967868792379014,S1/smote,0.1944563064663479,0.0428929242329367,0.2264808624697682,0.1355140186915887,0.1305501481923306,0.0468721166266838,0.1631357323225194,0.0603015075376884,-0.04853185085667719,-0.019724483406386998,-0.05140186915887848,-0.0449683907160332
6,46,lgbm,s1_plus_ig,0.75,0.25,positive_only,s1_plus_ig/mode=positive_only/ratio=0.75/keep=0.25,0.1317376535833234,0.0709142141515341,0.2083604043834821,0.0794392523364486,0.0873344391635323,0.9894858730893932,0.0967868792379014,S1/smote,0.1944563064663479,0.0428929242329367,0.2264808624697682,0.1355140186915887,0.1305501481923306,0.0468721166266838,0.1631357323225194,0.0603015075376884,-0.0627186528830245,0.028021289918597397,-0.056074766355140096,-0.0432157090287983
6,46,lgbm,s1_plus_ig,1.0,0.25,positive_only,s1_plus_ig/mode=positive_only/ratio=1.0/keep=0.25,0.1394860035240957,0.0995616781465247,0.2219097733863665,0.1074766355140186,0.094124486350739,0.9894858730893932,0.0967868792379014,S1/smote,0.1944563064663479,0.0428929242329367,0.2264808624697682,0.1355140186915887,0.1305501481923306,0.0468721166266838,0.1631357323225194,0.0603015075376884,-0.05497030294225219,0.056668753913588,-0.028037383177570083,-0.0364256618415916
6,46,lgbm,s1_plus_ig,1.5,0.25,positive_only,s1_plus_ig/mode=positive_only/ratio=1.5/keep=0.25,0.1341703509780865,0.0867251095804633,0.2098408742513946,0.0654205607476635,0.0951855588316148,0.9894858730893932,0.0967868792379014,S1/smote,0.1944563064663479,0.0428929242329367,0.2264808624697682,0.1355140186915887,0.1305501481923306,0.0468721166266838,0.1631357323225194,0.0603015075376884,-0.060285955488261406,0.0438321853475266,-0.07009345794392519,-0.035364589360715806
6,46,lgbm,s1_plus_ig,2.0,0.25,positive_only,s1_plus_ig/mode=positive_only/ratio=2.0/keep=0.25,0.1433619373107576,0.0250469630557294,0.2272894855424013,0.0841121495327102,0.1034950484695373,0.9894858730893932,0.0967868792379014,S1/smote,0.1944563064663479,0.0428929242329367,0.2264808624697682,0.1355140186915887,0.1305501481923306,0.0468721166266838,0.1631357323225194,0.0603015075376884,-0.05109436915559029,-0.017845961177207298,-0.05140186915887848,-0.027055099722793297
6,46,lgbm,s1_plus_ig,0.25,0.5,positive_only,s1_plus_ig/mode=positive_only/ratio=0.25/keep=0.5,0.1550580376455388,0.0555729492798998,0.2271894680658449,0.0934579439252336,0.0915598992440973,0.9988359141747752,0.0896957208992889,S1/smote,0.1944563064663479,0.0428929242329367,0.2264808624697682,0.1355140186915887,0.1305501481923306,0.0468721166266838,0.1631357323225194,0.0603015075376884,-0.0393982688208091,0.012680025046963105,-0.04205607476635509,-0.0389902489482333
6,46,lgbm,s1_plus_ig,0.5,0.5,positive_only,s1_plus_ig/mode=positive_only/ratio=0.5/keep=0.5,0.1357342961400453,0.0798371947401377,0.2180741372163106,0.0887850467289719,0.1061113151940367,0.9988359141747752,0.0896957208992889,S1/smote,0.1944563064663479,0.0428929242329367,0.2264808624697682,0.1355140186915887,0.1305501481923306,0.0468721166266838,0.1631357323225194,0.0603015075376884,-0.05872201032630259,0.036944270507201005,-0.046728971962616786,-0.0244388329982939
6,46,lgbm,s1_plus_ig,0.75,0.5,positive_only,s1_plus_ig/mode=positive_only/ratio=0.75/keep=0.5,0.1534801468796623,0.0458672510958046,0.2351321344054573,0.1121495327102803,0.1063890999959051,0.9988359141747752,0.0896957208992889,S1/smote,0.1944563064663479,0.0428929242329367,0.2264808624697682,0.1355140186915887,0.1305501481923306,0.0468721166266838,0.1631357323225194,0.0603015075376884,-0.0409761595866856,0.0029743268628679015,-0.023364485981308386,-0.024161048196425505
6,46,lgbm,s1_plus_ig,1.0,0.5,positive_only,s1_plus_ig/mode=positive_only/ratio=1.0/keep=0.5,0.1558723985483793,0.0670006261740764,0.2385934453616768,0.0934579439252336,0.1058480521147533,0.9988359141747752,0.0896957208992889,S1/smote,0.1944563064663479,0.0428929242329367,0.2264808624697682,0.1355140186915887,0.1305501481923306,0.0468721166266838,0.1631357323225194,0.0603015075376884,-0.03858390791796859,0.024107701941139703,-0.04205607476635509,-0.0247020960775773
6,46,lgbm,s1_plus_ig,1.5,0.5,positive_only,s1_plus_ig/mode=positive_only/ratio=1.5/keep=0.5,0.1393904899389717,0.0718534752661239,0.2208409930731148,0.0841121495327102,0.0983273467694241,0.9988359141747752,0.0896957208992889,S1/smote,0.1944563064663479,0.0428929242329367,0.2264808624697682,0.1355140186915887,0.1305501481923306,0.0468721166266838,0.1631357323225194,0.0603015075376884,-0.05506581652737619,0.028960551033187204,-0.05140186915887848,-0.0322228014229065
6,46,lgbm,s1_plus_ig,2.0,0.5,positive_only,s1_plus_ig/mode=positive_only/ratio=2.0/keep=0.5,0.1454931014966426,0.0671571696931747,0.2239190349983837,0.0934579439252336,0.0993266676302731,0.9988359141747752,0.0896957208992889,S1/smote,0.1944563064663479,0.0428929242329367,0.2264808624697682,0.1355140186915887,0.1305501481923306,0.0468721166266838,0.1631357323225194,0.0603015075376884,-0.0489632049697053,0.024264245460238004,-0.04205607476635509,-0.031223480562057496
6,46,lgbm,s1_plus_ig,0.25,0.75,positive_only,s1_plus_ig/mode=positive_only/ratio=0.25/keep=0.75,0.1550580376455388,0.0555729492798998,0.2271894680658449,0.0934579439252336,0.0915598992440973,0.9979386785885556,0.0909017606160657,S1/smote,0.1944563064663479,0.0428929242329367,0.2264808624697682,0.1355140186915887,0.1305501481923306,0.0468721166266838,0.1631357323225194,0.0603015075376884,-0.0393982688208091,0.012680025046963105,-0.04205607476635509,-0.0389902489482333
6,46,lgbm,s1_plus_ig,0.5,0.75,positive_only,s1_plus_ig/mode=positive_only/ratio=0.5/keep=0.75,0.1357342961400453,0.0798371947401377,0.2180741372163106,0.0887850467289719,0.1061113151940367,0.9979386785885556,0.0909017606160657,S1/smote,0.1944563064663479,0.0428929242329367,0.2264808624697682,0.1355140186915887,0.1305501481923306,0.0468721166266838,0.1631357323225194,0.0603015075376884,-0.05872201032630259,0.036944270507201005,-0.046728971962616786,-0.0244388329982939
6,46,lgbm,s1_plus_ig,0.75,0.75,positive_only,s1_plus_ig/mode=positive_only/ratio=0.75/keep=0.75,0.1412847629401769,0.0782717595491546,0.2234163696589539,0.0794392523364486,0.1065213189787627,0.9979386785885556,0.0909017606160657,S1/smote,0.1944563064663479,0.0428929242329367,0.2264808624697682,0.1355140186915887,0.1305501481923306,0.0468721166266838,0.1631357323225194,0.0603015075376884,-0.05317154352617101,0.035378835316217896,-0.056074766355140096,-0.0240288292135679
6,46,lgbm,s1_plus_ig,1.0,0.75,positive_only,s1_plus_ig/mode=positive_only/ratio=1.0/keep=0.75,0.1444083792109359,0.0729492798998121,0.2300497587116377,0.0700934579439252,0.1000202959251987,0.9979386785885556,0.0909017606160657,S1/smote,0.1944563064663479,0.0428929242329367,0.2264808624697682,0.1355140186915887,0.1305501481923306,0.0468721166266838,0.1631357323225194,0.0603015075376884,-0.05004792725541199,0.03005635566687541,-0.06542056074766349,-0.030529852267131896
6,46,lgbm,s1_plus_ig,1.5,0.75,positive_only,s1_plus_ig/mode=positive_only/ratio=1.5/keep=0.75,0.1475297904232246,0.0605823418910457,0.2432760236009945,0.0607476635514018,0.1084124821668422,0.9979386785885556,0.0909017606160657,S1/smote,0.1944563064663479,0.0428929242329367,0.2264808624697682,0.1355140186915887,0.1305501481923306,0.0468721166266838,0.1631357323225194,0.0603015075376884,-0.04692651604312331,0.017689417658109004,-0.0747663551401869,-0.022137666025488403
6,46,lgbm,s1_plus_ig,2.0,0.75,positive_only,s1_plus_ig/mode=positive_only/ratio=2.0/keep=0.75,0.1384028266861702,0.0297432686286787,0.2208104470862392,0.0981308411214953,0.1059420553788858,0.9979386785885556,0.0909017606160657,S1/smote,0.1944563064663479,0.0428929242329367,0.2264808624697682,0.1355140186915887,0.1305501481923306,0.0468721166266838,0.1631357323225194,0.0603015075376884,-0.05605347978017769,-0.013149655604257997,-0.03738317757009339,-0.024608092813444796
6,46,lgbm,s1_plus_ig,0.25,1.0,positive_only,s1_plus_ig/mode=positive_only/ratio=0.25/keep=1.0,0.1550580376455388,0.0555729492798998,0.2271894680658449,0.0934579439252336,0.0915598992440973,0.999651934470863,0.0955931253239363,S1/smote,0.1944563064663479,0.0428929242329367,0.2264808624697682,0.1355140186915887,0.1305501481923306,0.0468721166266838,0.1631357323225194,0.0603015075376884,-0.0393982688208091,0.012680025046963105,-0.04205607476635509,-0.0389902489482333
6,46,lgbm,s1_plus_ig,0.5,1.0,positive_only,s1_plus_ig/mode=positive_only/ratio=0.5/keep=1.0,0.1357342961400453,0.0798371947401377,0.2180741372163106,0.0887850467289719,0.1061113151940367,0.999651934470863,0.0955931253239363,S1/smote,0.1944563064663479,0.0428929242329367,0.2264808624697682,0.1355140186915887,0.1305501481923306,0.0468721166266838,0.1631357323225194,0.0603015075376884,-0.05872201032630259,0.036944270507201005,-0.046728971962616786,-0.0244388329982939
6,46,lgbm,s1_plus_ig,0.75,1.0,positive_only,s1_plus_ig/mode=positive_only/ratio=0.75/keep=1.0,0.1412847629401769,0.0782717595491546,0.2234163696589539,0.0794392523364486,0.1065213189787627,0.999651934470863,0.0955931253239363,S1/smote,0.1944563064663479,0.0428929242329367,0.2264808624697682,0.1355140186915887,0.1305501481923306,0.0468721166266838,0.1631357323225194,0.0603015075376884,-0.05317154352617101,0.035378835316217896,-0.056074766355140096,-0.0240288292135679
6,46,lgbm,s1_plus_ig,1.0,1.0,positive_only,s1_plus_ig/mode=positive_only/ratio=1.0/keep=1.0,0.1444083792109359,0.0729492798998121,0.2300497587116377,0.0700934579439252,0.1000202959251987,0.999651934470863,0.0955931253239363,S1/smote,0.1944563064663479,0.0428929242329367,0.2264808624697682,0.1355140186915887,0.1305501481923306,0.0468721166266838,0.1631357323225194,0.0603015075376884,-0.05004792725541199,0.03005635566687541,-0.06542056074766349,-0.030529852267131896
6,46,lgbm,s1_plus_ig,1.5,1.0,positive_only,s1_plus_ig/mode=positive_only/ratio=1.5/keep=1.0,0.1404852984310232,0.0670006261740764,0.2242212907341293,0.0700934579439252,0.1222303230788326,0.999651934470863,0.0955931253239363,S1/smote,0.1944563064663479,0.0428929242329367,0.2264808624697682,0.1355140186915887,0.1305501481923306,0.0468721166266838,0.1631357323225194,0.0603015075376884,-0.0539710080353247,0.024107701941139703,-0.06542056074766349,-0.008319825113498006
6,46,lgbm,s1_plus_ig,2.0,1.0,positive_only,s1_plus_ig/mode=positive_only/ratio=2.0/keep=1.0,0.136011442639859,0.1106762680025047,0.22888597800528,0.0747663551401869,0.106817417686157,0.999651934470863,0.0955931253239363,S1/smote,0.1944563064663479,0.0428929242329367,0.2264808624697682,0.1355140186915887,0.1305501481923306,0.0468721166266838,0.1631357323225194,0.0603015075376884,-0.05844486382648889,0.067783343769568,-0.06074766355140179,-0.023732730506173597
7,42,lgbm,s1_plus_ig,0.25,0.25,positive_only,s1_plus_ig/mode=positive_only/ratio=0.25/keep=0.25,0.1141252774485683,0.0148431350500393,0.2192961778385006,0.167420814479638,0.1376008352660508,0.9830330466274332,0.0381470112427023,S1/random_under_20to1,0.163136943273626,0.0044979197121331,0.2559884082241416,0.1855203619909502,0.162217319901152,0.0086544962812711,0.1771571590358037,0.2347826086956521,-0.049011665825057685,0.0103452153379062,-0.01809954751131221,-0.024616484635101216
7,42,lgbm,s1_plus_ig,0.5,0.25,positive_only,s1_plus_ig/mode=positive_only/ratio=0.5/keep=0.25,0.1221936003902375,0.0057348476329697,0.1944358055058246,0.1266968325791855,0.1095504970366552,0.9830330466274332,0.0381470112427023,S1/random_under_20to1,0.163136943273626,0.0044979197121331,0.2559884082241416,0.1855203619909502,0.162217319901152,0.0086544962812711,0.1771571590358037,0.2347826086956521,-0.040943342883388495,0.0012369279208365993,-0.05882352941176472,-0.05266682286449681
7,42,lgbm,s1_plus_ig,0.75,0.25,positive_only,s1_plus_ig/mode=positive_only/ratio=0.75/keep=0.25,0.1116902105846235,0.0213651186326324,0.2124844146216445,0.1357466063348416,0.1167280818192759,0.9830330466274332,0.0381470112427023,S1/random_under_20to1,0.163136943273626,0.0044979197121331,0.2559884082241416,0.1855203619909502,0.162217319901152,0.0086544962812711,0.1771571590358037,0.2347826086956521,-0.05144673268900249,0.0168671989204993,-0.049773755656108615,-0.04548923808187612
7,42,lgbm,s1_plus_ig,1.0,0.25,positive_only,s1_plus_ig/mode=positive_only/ratio=1.0/keep=0.25,0.1203209543799933,0.0118070392443494,0.2031142001608217,0.1493212669683258,0.0922713031065311,0.9830330466274332,0.0381470112427023,S1/random_under_20to1,0.163136943273626,0.0044979197121331,0.2559884082241416,0.1855203619909502,0.162217319901152,0.0086544962812711,0.1771571590358037,0.2347826086956521,-0.042815988893632695,0.0073091195322163,-0.03619909502262442,-0.06994601679462091
7,42,lgbm,s1_plus_ig,1.5,0.25,positive_only,s1_plus_ig/mode=positive_only/ratio=1.5/keep=0.25,0.1064032322498563,0.0461036770493646,0.1834375709506839,0.1176470588235294,0.0936337855181462,0.9830330466274332,0.0381470112427023,S1/random_under_20to1,0.163136943273626,0.0044979197121331,0.2559884082241416,0.1855203619909502,0.162217319901152,0.0086544962812711,0.1771571590358037,0.2347826086956521,-0.05673371102376969,0.0416057573372315,-0.06787330316742081,-0.06858353438300581
7,42,lgbm,s1_plus_ig,2.0,0.25,positive_only,s1_plus_ig/mode=positive_only/ratio=2.0/keep=0.25,0.1185220954800606,0.0200157427189924,0.2071326668818554,0.1357466063348416,0.1021157516009351,0.9830330466274332,0.0381470112427023,S1/random_under_20to1,0.163136943273626,0.0044979197121331,0.2559884082241416,0.1855203619909502,0.162217319901152,0.0086544962812711,0.1771571590358037,0.2347826086956521,-0.04461484779356539,0.0155178230068593,-0.049773755656108615,-0.060101568300216915
7,42,lgbm,s1_plus_ig,0.25,0.5,positive_only,s1_plus_ig/mode=positive_only/ratio=0.25/keep=0.5,0.1141252774485683,0.0148431350500393,0.2192961778385006,0.167420814479638,0.1376008352660508,0.9986072676133012,0.0506304983487598,S1/random_under_20to1,0.163136943273626,0.0044979197121331,0.2559884082241416,0.1855203619909502,0.162217319901152,0.0086544962812711,0.1771571590358037,0.2347826086956521,-0.049011665825057685,0.0103452153379062,-0.01809954751131221,-0.024616484635101216
7,42,lgbm,s1_plus_ig,0.5,0.5,positive_only,s1_plus_ig/mode=positive_only/ratio=0.5/keep=0.5,0.1239684644396523,0.0110199032947261,0.2190242627484964,0.1538461538461538,0.1186141185148454,0.9986072676133012,0.0506304983487598,S1/random_under_20to1,0.163136943273626,0.0044979197121331,0.2559884082241416,0.1855203619909502,0.162217319901152,0.0086544962812711,0.1771571590358037,0.2347826086956521,-0.03916847883397369,0.006521983582593,-0.031674208144796406,-0.043603201386306606
7,42,lgbm,s1_plus_ig,0.75,0.5,positive_only,s1_plus_ig/mode=positive_only/ratio=0.75/keep=0.5,0.1209531415909441,0.0070842235466096,0.1969259990650575,0.1402714932126696,0.1048886979371747,0.9986072676133012,0.0506304983487598,S1/random_under_20to1,0.163136943273626,0.0044979197121331,0.2559884082241416,0.1855203619909502,0.162217319901152,0.0086544962812711,0.1771571590358037,0.2347826086956521,-0.04218380168268189,0.0025863038344765,-0.045248868778280604,-0.05732862196397731
7,42,lgbm,s1_plus_ig,1.0,0.5,positive_only,s1_plus_ig/mode=positive_only/ratio=1.0/keep=0.5,0.1129688911127216,0.0040481277409198,0.1775048945519746,0.1357466063348416,0.1065189258740942,0.9986072676133012,0.0506304983487598,S1/random_under_20to1,0.163136943273626,0.0044979197121331,0.2559884082241416,0.1855203619909502,0.162217319901152,0.0086544962812711,0.1771571590358037,0.2347826086956521,-0.05016805216090439,-0.0004497919712133005,-0.049773755656108615,-0.05569839402705781
7,42,lgbm,s1_plus_ig,1.5,0.5,positive_only,s1_plus_ig/mode=positive_only/ratio=1.5/keep=0.5,0.1239695251150154,0.0070842235466096,0.1910196031809669,0.1402714932126696,0.122207335669362,0.9986072676133012,0.0506304983487598,S1/random_under_20to1,0.163136943273626,0.0044979197121331,0.2559884082241416,0.1855203619909502,0.162217319901152,0.0086544962812711,0.1771571590358037,0.2347826086956521,-0.03916741815861059,0.0025863038344765,-0.045248868778280604,-0.040009984231790016
7,42,lgbm,s1_plus_ig,2.0,0.5,positive_only,s1_plus_ig/mode=positive_only/ratio=2.0/keep=0.5,0.1145070954772994,0.0181041268413358,0.1962076498768268,0.1266968325791855,0.1018488402084641,0.9986072676133012,0.0506304983487598,S1/random_under_20to1,0.163136943273626,0.0044979197121331,0.2559884082241416,0.1855203619909502,0.162217319901152,0.0086544962812711,0.1771571590358037,0.2347826086956521,-0.04862984779632659,0.013606207129202701,-0.05882352941176472,-0.06036847969268791
7,42,lgbm,s1_plus_ig,0.25,0.75,positive_only,s1_plus_ig/mode=positive_only/ratio=0.25/keep=0.75,0.1141252774485683,0.0148431350500393,0.2192961778385006,0.167420814479638,0.1376008352660508,0.9994782924284352,0.0528306512758748,S1/random_under_20to1,0.163136943273626,0.0044979197121331,0.2559884082241416,0.1855203619909502,0.162217319901152,0.0086544962812711,0.1771571590358037,0.2347826086956521,-0.049011665825057685,0.0103452153379062,-0.01809954751131221,-0.024616484635101216
7,42,lgbm,s1_plus_ig,0.5,0.75,positive_only,s1_plus_ig/mode=positive_only/ratio=0.5/keep=0.75,0.1239684644396523,0.0110199032947261,0.2190242627484964,0.1538461538461538,0.1186141185148454,0.9994782924284352,0.0528306512758748,S1/random_under_20to1,0.163136943273626,0.0044979197121331,0.2559884082241416,0.1855203619909502,0.162217319901152,0.0086544962812711,0.1771571590358037,0.2347826086956521,-0.03916847883397369,0.006521983582593,-0.031674208144796406,-0.043603201386306606
7,42,lgbm,s1_plus_ig,0.75,0.75,positive_only,s1_plus_ig/mode=positive_only/ratio=0.75/keep=0.75,0.1041688568259474,0.0278871022152254,0.1751932314064006,0.1040723981900452,0.098918943128335,0.9994782924284352,0.0528306512758748,S1/random_under_20to1,0.163136943273626,0.0044979197121331,0.2559884082241416,0.1855203619909502,0.162217319901152,0.0086544962812711,0.1771571590358037,0.2347826086956521,-0.05896808644767859,0.0233891825030923,-0.08144796380090501,-0.06329837677281701
7,42,lgbm,s1_plus_ig,1.0,0.75,positive_only,s1_plus_ig/mode=positive_only/ratio=1.0/keep=0.75,0.1214877352848698,0.0184414708197458,0.2192865192790401,0.1402714932126696,0.1253800150391006,0.9994782924284352,0.0528306512758748,S1/random_under_20to1,0.163136943273626,0.0044979197121331,0.2559884082241416,0.1855203619909502,0.162217319901152,0.0086544962812711,0.1771571590358037,0.2347826086956521,-0.041649207988756196,0.0139435511076127,-0.045248868778280604,-0.03683730486205142
7,42,lgbm,s1_plus_ig,1.5,0.75,positive_only,s1_plus_ig/mode=positive_only/ratio=1.5/keep=0.75,0.1144332227270917,0.0221522545822557,0.1854935264061638,0.1357466063348416,0.1197689837586322,0.9994782924284352,0.0528306512758748,S1/random_under_20to1,0.163136943273626,0.0044979197121331,0.2559884082241416,0.1855203619909502,0.162217319901152,0.0086544962812711,0.1771571590358037,0.2347826086956521,-0.048703720546534296,0.0176543348701226,-0.049773755656108615,-0.04244833614251982
7,42,lgbm,s1_plus_ig,2.0,0.75,positive_only,s1_plus_ig/mode=positive_only/ratio=2.0/keep=0.75,0.1335320198739669,0.0139435511076127,0.2342067289300326,0.1583710407239819,0.1372220881837514,0.9994782924284352,0.0528306512758748,S1/random_under_20to1,0.163136943273626,0.0044979197121331,0.2559884082241416,0.1855203619909502,0.162217319901152,0.0086544962812711,0.1771571590358037,0.2347826086956521,-0.02960492339965909,0.0094456313954796,-0.027149321266968313,-0.024995231717400618
7,42,lgbm,s1_plus_ig,0.25,1.0,positive_only,s1_plus_ig/mode=positive_only/ratio=0.25/keep=1.0,0.1141252774485683,0.0148431350500393,0.2192961778385006,0.167420814479638,0.1376008352660508,0.9994283899650684,0.0525013203159435,S1/random_under_20to1,0.163136943273626,0.0044979197121331,0.2559884082241416,0.1855203619909502,0.162217319901152,0.0086544962812711,0.1771571590358037,0.2347826086956521,-0.049011665825057685,0.0103452153379062,-0.01809954751131221,-0.024616484635101216
7,42,lgbm,s1_plus_ig,0.5,1.0,positive_only,s1_plus_ig/mode=positive_only/ratio=0.5/keep=1.0,0.1239684644396523,0.0110199032947261,0.2190242627484964,0.1538461538461538,0.1186141185148454,0.9994283899650684,0.0525013203159435,S1/random_under_20to1,0.163136943273626,0.0044979197121331,0.2559884082241416,0.1855203619909502,0.162217319901152,0.0086544962812711,0.1771571590358037,0.2347826086956521,-0.03916847883397369,0.006521983582593,-0.031674208144796406,-0.043603201386306606
7,42,lgbm,s1_plus_ig,0.75,1.0,positive_only,s1_plus_ig/mode=positive_only/ratio=0.75/keep=1.0,0.1041688568259474,0.0278871022152254,0.1751932314064006,0.1040723981900452,0.098918943128335,0.9994283899650684,0.0525013203159435,S1/random_under_20to1,0.163136943273626,0.0044979197121331,0.2559884082241416,0.1855203619909502,0.162217319901152,0.0086544962812711,0.1771571590358037,0.2347826086956521,-0.05896808644767859,0.0233891825030923,-0.08144796380090501,-0.06329837677281701
7,42,lgbm,s1_plus_ig,1.0,1.0,positive_only,s1_plus_ig/mode=positive_only/ratio=1.0/keep=1.0,0.1214877352848698,0.0184414708197458,0.2192865192790401,0.1402714932126696,0.1253800150391006,0.9994283899650684,0.0525013203159435,S1/random_under_20to1,0.163136943273626,0.0044979197121331,0.2559884082241416,0.1855203619909502,0.162217319901152,0.0086544962812711,0.1771571590358037,0.2347826086956521,-0.041649207988756196,0.0139435511076127,-0.045248868778280604,-0.03683730486205142
7,42,lgbm,s1_plus_ig,1.5,1.0,positive_only,s1_plus_ig/mode=positive_only/ratio=1.5/keep=1.0,0.1174092802069359,0.0193410547621724,0.2064483724509336,0.1266968325791855,0.1131195613238013,0.9994283899650684,0.0525013203159435,S1/random_under_20to1,0.163136943273626,0.0044979197121331,0.2559884082241416,0.1855203619909502,0.162217319901152,0.0086544962812711,0.1771571590358037,0.2347826086956521,-0.045727663066690086,0.014843135050039301,-0.05882352941176472,-0.049097758577350714
7,42,lgbm,s1_plus_ig,2.0,1.0,positive_only,s1_plus_ig/mode=positive_only/ratio=2.0/keep=1.0,0.1133805431167461,0.0328348138985719,0.1972000107193443,0.1266968325791855,0.1235657158809051,0.9994283899650684,0.0525013203159435,S1/random_under_20to1,0.163136943273626,0.0044979197121331,0.2559884082241416,0.1855203619909502,0.162217319901152,0.0086544962812711,0.1771571590358037,0.2347826086956521,-0.04975640015687989,0.028336894186438803,-0.05882352941176472,-0.03865160402024691
7,43,lgbm,s1_plus_ig,0.25,0.25,positive_only,s1_plus_ig/mode=positive_only/ratio=0.25/keep=0.25,0.1133009679158736,0.0232767345102889,0.1769906684898329,0.1085972850678733,0.1152320300992487,0.9923585332729744,0.0432366012926758,S1/random_under_10to1,0.1686315934367636,0.0060721916113797,0.2552419136342201,0.1809954751131221,0.1675079802411185,0.0113590263691683,0.2587771189067505,0.2478260869565217,-0.05533062552088999,0.0172045428989092,-0.0723981900452488,-0.05227595014186978
7,43,lgbm,s1_plus_ig,0.5,0.25,positive_only,s1_plus_ig/mode=positive_only/ratio=0.5/keep=0.25,0.1225509145764764,0.0123692792083661,0.2086557334888062,0.1583710407239819,0.1018636923372849,0.9923585332729744,0.0432366012926758,S1/random_under_10to1,0.1686315934367636,0.0060721916113797,0.2552419136342201,0.1809954751131221,0.1675079802411185,0.0113590263691683,0.2587771189067505,0.2478260869565217,-0.04608067886028719,0.006297087596986401,-0.02262443438914022,-0.06564428790383359
7,43,lgbm,s1_plus_ig,0.75,0.25,positive_only,s1_plus_ig/mode=positive_only/ratio=0.75/keep=0.25,0.110142052371027,0.0085460474530529,0.1936778721952027,0.1447963800904977,0.1196856534694969,0.9923585332729744,0.0432366012926758,S1/random_under_10to1,0.1686315934367636,0.0060721916113797,0.2552419136342201,0.1809954751131221,0.1675079802411185,0.0113590263691683,0.2587771189067505,0.2478260869565217,-0.05848954106573659,0.0024738558416732004,-0.03619909502262442,-0.047822326771621584
7,43,lgbm,s1_plus_ig,1.0,0.25,positive_only,s1_plus_ig/mode=positive_only/ratio=1.0/keep=0.25,0.1098725002892588,0.0091082874170696,0.199460270348648,0.1538461538461538,0.0935362914338135,0.9923585332729744,0.0432366012926758,S1/random_under_10to1,0.1686315934367636,0.0060721916113797,0.2552419136342201,0.1809954751131221,0.1675079802411185,0.0113590263691683,0.2587771189067505,0.2478260869565217,-0.0587590931475048,0.003036095805689901,-0.027149321266968313,-0.07397168880730498
7,43,lgbm,s1_plus_ig,1.5,0.25,positive_only,s1_plus_ig/mode=positive_only/ratio=1.5/keep=0.25,0.1006099362228629,0.0362082536826717,0.1642688893892186,0.1131221719457013,0.0930566034086255,0.9923585332729744,0.0432366012926758,S1/random_under_10to1,0.1686315934367636,0.0060721916113797,0.2552419136342201,0.1809954751131221,0.1675079802411185,0.0113590263691683,0.2587771189067505,0.2478260869565217,-0.06802165721390069,0.030136062071292,-0.06787330316742081,-0.07445137683249299
7,43,lgbm,s1_plus_ig,2.0,0.25,positive_only,s1_plus_ig/mode=positive_only/ratio=2.0/keep=0.25,0.1031229492318451,0.0172045428989092,0.1837345909732065,0.1266968325791855,0.08781677250434,0.9923585332729744,0.0432366012926758,S1/random_under_10to1,0.1686315934367636,0.0060721916113797,0.2552419136342201,0.1809954751131221,0.1675079802411185,0.0113590263691683,0.2587771189067505,0.2478260869565217,-0.06550864420491849,0.0111323512875295,-0.054298642533936625,-0.07969120773677849
7,43,lgbm,s1_plus_ig,0.25,0.5,positive_only,s1_plus_ig/mode=positive_only/ratio=0.25/keep=0.5,0.1133009679158736,0.0232767345102889,0.1769906684898329,0.1085972850678733,0.1152320300992487,0.9992333166991788,0.0452909917099013,S1/random_under_10to1,0.1686315934367636,0.0060721916113797,0.2552419136342201,0.1809954751131221,0.1675079802411185,0.0113590263691683,0.2587771189067505,0.2478260869565217,-0.05533062552088999,0.0172045428989092,-0.0723981900452488,-0.05227595014186978
7,43,lgbm,s1_plus_ig,0.5,0.5,positive_only,s1_plus_ig/mode=positive_only/ratio=0.5/keep=0.5,0.1140985373346455,0.0286742381648487,0.186855534267046,0.1131221719457013,0.1126366020330228,0.9992333166991788,0.0452909917099013,S1/random_under_10to1,0.1686315934367636,0.0060721916113797,0.2552419136342201,0.1809954751131221,0.1675079802411185,0.0113590263691683,0.2587771189067505,0.2478260869565217,-0.05453305610211809,0.022602046553469,-0.06787330316742081,-0.05487137820809569
7,43,lgbm,s1_plus_ig,0.75,0.5,positive_only,s1_plus_ig/mode=positive_only/ratio=0.75/keep=0.5,0.1034139427499271,0.0101203193522995,0.1855692105660034,0.1402714932126696,0.1201008856906154,0.9992333166991788,0.0452909917099013,S1/random_under_10to1,0.1686315934367636,0.0060721916113797,0.2552419136342201,0.1809954751131221,0.1675079802411185,0.0113590263691683,0.2587771189067505,0.2478260869565217,-0.06521765068683649,0.0040481277409198,-0.04072398190045251,-0.047407094550503084
7,43,lgbm,s1_plus_ig,1.0,0.5,positive_only,s1_plus_ig/mode=positive_only/ratio=1.0/keep=0.5,0.0977147297485656,0.021252670639829,0.1773587805632097,0.1085972850678733,0.1087474863989813,0.9992333166991788,0.0452909917099013,S1/random_under_10to1,0.1686315934367636,0.0060721916113797,0.2552419136342201,0.1809954751131221,0.1675079802411185,0.0113590263691683,0.2587771189067505,0.2478260869565217,-0.070916863688198,0.0151804790284493,-0.0723981900452488,-0.05876049384213719
7,43,lgbm,s1_plus_ig,1.5,0.5,positive_only,s1_plus_ig/mode=positive_only/ratio=1.5/keep=0.5,0.1058378198088146,0.0245136624311256,0.1912248689993786,0.1176470588235294,0.0979277154188258,0.9992333166991788,0.0452909917099013,S1/random_under_10to1,0.1686315934367636,0.0060721916113797,0.2552419136342201,0.1809954751131221,0.1675079802411185,0.0113590263691683,0.2587771189067505,0.2478260869565217,-0.062793773627949,0.018441470819745898,-0.06334841628959272,-0.06958026482229268
7,43,lgbm,s1_plus_ig,2.0,0.5,positive_only,s1_plus_ig/mode=positive_only/ratio=2.0/keep=0.5,0.1045992564876931,0.0290115821432587,0.2067356777055423,0.1040723981900452,0.1068771358942203,0.9992333166991788,0.0452909917099013,S1/random_under_10to1,0.1686315934367636,0.0060721916113797,0.2552419136342201,0.1809954751131221,0.1675079802411185,0.0113590263691683,0.2587771189067505,0.2478260869565217,-0.0640323369490705,0.022939390531879003,-0.07692307692307691,-0.060630844346898194
7,43,lgbm,s1_plus_ig,0.25,0.75,positive_only,s1_plus_ig/mode=positive_only/ratio=0.25/keep=0.75,0.1133009679158736,0.0232767345102889,0.1769906684898329,0.1085972850678733,0.1152320300992487,0.9996279998185366,0.0473638842592367,S1/random_under_10to1,0.1686315934367636,0.0060721916113797,0.2552419136342201,0.1809954751131221,0.1675079802411185,0.0113590263691683,0.2587771189067505,0.2478260869565217,-0.05533062552088999,0.0172045428989092,-0.0723981900452488,-0.05227595014186978
7,43,lgbm,s1_plus_ig,0.5,0.75,positive_only,s1_plus_ig/mode=positive_only/ratio=0.5/keep=0.75,0.1140985373346455,0.0286742381648487,0.186855534267046,0.1131221719457013,0.1126366020330228,0.9996279998185366,0.0473638842592367,S1/random_under_10to1,0.1686315934367636,0.0060721916113797,0.2552419136342201,0.1809954751131221,0.1675079802411185,0.0113590263691683,0.2587771189067505,0.2478260869565217,-0.05453305610211809,0.022602046553469,-0.06787330316742081,-0.05487137820809569
7,43,lgbm,s1_plus_ig,0.75,0.75,positive_only,s1_plus_ig/mode=positive_only/ratio=0.75/keep=0.75,0.0957395134879815,0.0371078376250983,0.1749150140227598,0.0814479638009049,0.1021435373933145,0.9996279998185366,0.0473638842592367,S1/random_under_10to1,0.1686315934367636,0.0060721916113797,0.2552419136342201,0.1809954751131221,0.1675079802411185,0.0113590263691683,0.2587771189067505,0.2478260869565217,-0.0728920799487821,0.031035646013718596,-0.09954751131221722,-0.06536444284780399
7,43,lgbm,s1_plus_ig,1.0,0.75,positive_only,s1_plus_ig/mode=positive_only/ratio=1.0/keep=0.75,0.1120924419390925,0.0240638704599122,0.1892352278471629,0.1221719457013574,0.1158174345184043,0.9996279998185366,0.0473638842592367,S1/random_under_10to1,0.1686315934367636,0.0060721916113797,0.2552419136342201,0.1809954751131221,0.1675079802411185,0.0113590263691683,0.2587771189067505,0.2478260869565217,-0.056539151497671095,0.0179916788485325,-0.058823529411764705,-0.051690545722714185
7,43,lgbm,s1_plus_ig,1.5,0.75,positive_only,s1_plus_ig/mode=positive_only/ratio=1.5/keep=0.75,0.1123341507230559,0.0275497582368154,0.19080593142607,0.1131221719457013,0.1150620121153845,0.9996279998185366,0.0473638842592367,S1/random_under_10to1,0.1686315934367636,0.0060721916113797,0.2552419136342201,0.1809954751131221,0.1675079802411185,0.0113590263691683,0.2587771189067505,0.2478260869565217,-0.05629744271370769,0.0214775666254357,-0.06787330316742081,-0.05244596812573399
7,43,lgbm,s1_plus_ig,2.0,0.75,positive_only,s1_plus_ig/mode=positive_only/ratio=2.0/keep=0.75,0.1004252788747236,0.0190037107837625,0.1621946353626467,0.1085972850678733,0.1110518201327871,0.9996279998185366,0.0473638842592367,S1/random_under_10to1,0.1686315934367636,0.0060721916113797,0.2552419136342201,0.1809954751131221,0.1675079802411185,0.0113590263691683,0.2587771189067505,0.2478260869565217,-0.06820631456203999,0.0129315191723828,-0.0723981900452488,-0.05645616010833139
7,43,lgbm,s1_plus_ig,0.25,1.0,positive_only,s1_plus_ig/mode=positive_only/ratio=0.25/keep=1.0,0.1133009679158736,0.0232767345102889,0.1769906684898329,0.1085972850678733,0.1152320300992487,0.9991380483600236,0.0527150167005531,S1/random_under_10to1,0.1686315934367636,0.0060721916113797,0.2552419136342201,0.1809954751131221,0.1675079802411185,0.0113590263691683,0.2587771189067505,0.2478260869565217,-0.05533062552088999,0.0172045428989092,-0.0723981900452488,-0.05227595014186978
7,43,lgbm,s1_plus_ig,0.5,1.0,positive_only,s1_plus_ig/mode=positive_only/ratio=0.5/keep=1.0,0.1140985373346455,0.0286742381648487,0.186855534267046,0.1131221719457013,0.1126366020330228,0.9991380483600236,0.0527150167005531,S1/random_under_10to1,0.1686315934367636,0.0060721916113797,0.2552419136342201,0.1809954751131221,0.1675079802411185,0.0113590263691683,0.2587771189067505,0.2478260869565217,-0.05453305610211809,0.022602046553469,-0.06787330316742081,-0.05487137820809569
7,43,lgbm,s1_plus_ig,0.75,1.0,positive_only,s1_plus_ig/mode=positive_only/ratio=0.75/keep=1.0,0.0957395134879815,0.0371078376250983,0.1749150140227598,0.0814479638009049,0.1021435373933145,0.9991380483600236,0.0527150167005531,S1/random_under_10to1,0.1686315934367636,0.0060721916113797,0.2552419136342201,0.1809954751131221,0.1675079802411185,0.0113590263691683,0.2587771189067505,0.2478260869565217,-0.0728920799487821,0.031035646013718596,-0.09954751131221722,-0.06536444284780399
7,43,lgbm,s1_plus_ig,1.0,1.0,positive_only,s1_plus_ig/mode=positive_only/ratio=1.0/keep=1.0,0.1120924419390925,0.0240638704599122,0.1892352278471629,0.1221719457013574,0.1158174345184043,0.9991380483600236,0.0527150167005531,S1/random_under_10to1,0.1686315934367636,0.0060721916113797,0.2552419136342201,0.1809954751131221,0.1675079802411185,0.0113590263691683,0.2587771189067505,0.2478260869565217,-0.056539151497671095,0.0179916788485325,-0.058823529411764705,-0.051690545722714185
7,43,lgbm,s1_plus_ig,1.5,1.0,positive_only,s1_plus_ig/mode=positive_only/ratio=1.5/keep=1.0,0.1242629635381703,0.0181041268413358,0.2170225140807936,0.1493212669683258,0.104185563040786,0.9991380483600236,0.0527150167005531,S1/random_under_10to1,0.1686315934367636,0.0060721916113797,0.2552419136342201,0.1809954751131221,0.1675079802411185,0.0113590263691683,0.2587771189067505,0.2478260869565217,-0.04436862989859329,0.012031935229956102,-0.03167420814479632,-0.06332241720033249
7,43,lgbm,s1_plus_ig,2.0,1.0,positive_only,s1_plus_ig/mode=positive_only/ratio=2.0/keep=1.0,0.1015526870430997,0.029124030136062,0.1782405364461697,0.0950226244343891,0.1067789742514709,0.9991380483600236,0.0527150167005531,S1/random_under_10to1,0.1686315934367636,0.0060721916113797,0.2552419136342201,0.1809954751131221,0.1675079802411185,0.0113590263691683,0.2587771189067505,0.2478260869565217,-0.0670789063936639,0.023051838524682303,-0.08597285067873302,-0.06072900598964759
7,44,lgbm,s1_plus_ig,0.25,0.25,positive_only,s1_plus_ig/mode=positive_only/ratio=0.25/keep=0.25,0.1274683514935496,0.0182165748341392,0.2039966854379258,0.1447963800904977,0.1047233758965215,0.9852240832956088,0.0461195544542898,S1/random_under_20to1,0.1711843874851351,0.0066344315753963,0.2748013748107777,0.2171945701357466,0.1563043218598124,0.0124408384043272,0.2311390826704507,0.2391304347826087,-0.043716035991585495,0.011582143258742902,-0.07239819004524892,-0.05158094596329091
7,44,lgbm,s1_plus_ig,0.5,0.25,positive_only,s1_plus_ig/mode=positive_only/ratio=0.5/keep=0.25,0.1124911654232505,0.0086584954458562,0.1981460263989273,0.1538461538461538,0.1144841589464482,0.9852240832956088,0.0461195544542898,S1/random_under_20to1,0.1711843874851351,0.0066344315753963,0.2748013748107777,0.2171945701357466,0.1563043218598124,0.0124408384043272,0.2311390826704507,0.2391304347826087,-0.0586932220618846,0.0020240638704599,-0.06334841628959281,-0.04182016291336421
7,44,lgbm,s1_plus_ig,0.75,0.25,positive_only,s1_plus_ig/mode=positive_only/ratio=0.75/keep=0.25,0.1253254141218686,0.0121443832227594,0.2245551264049613,0.171945701357466,0.1153487884311344,0.9852240832956088,0.0461195544542898,S1/random_under_20to1,0.1711843874851351,0.0066344315753963,0.2748013748107777,0.2171945701357466,0.1563043218598124,0.0124408384043272,0.2311390826704507,0.2391304347826087,-0.0458589733632665,0.0055099516473631,-0.045248868778280604,-0.04095553342867801
7,44,lgbm,s1_plus_ig,1.0,0.25,positive_only,s1_plus_ig/mode=positive_only/ratio=1.0/keep=0.25,0.1249635374254586,0.0112447992803328,0.2172092852365272,0.167420814479638,0.1172815690883911,0.9852240832956088,0.0461195544542898,S1/random_under_20to1,0.1711843874851351,0.0066344315753963,0.2748013748107777,0.2171945701357466,0.1563043218598124,0.0124408384043272,0.2311390826704507,0.2391304347826087,-0.046220850059676494,0.0046103677049365,-0.049773755656108615,-0.03902275277142131
7,44,lgbm,s1_plus_ig,1.5,0.25,positive_only,s1_plus_ig/mode=positive_only/ratio=1.5/keep=0.25,0.1142501435418761,0.0313729899921286,0.2019597269262351,0.1221719457013574,0.0933192744345725,0.9852240832956088,0.0461195544542898,S1/random_under_20to1,0.1711843874851351,0.0066344315753963,0.2748013748107777,0.2171945701357466,0.1563043218598124,0.0124408384043272,0.2311390826704507,0.2391304347826087,-0.056934243943258994,0.0247385584167323,-0.0950226244343892,-0.06298504742523992
7,44,lgbm,s1_plus_ig,2.0,0.25,positive_only,s1_plus_ig/mode=positive_only/ratio=2.0/keep=0.25,0.1096352011876777,0.0095580793882829,0.1901723411621537,0.1493212669683258,0.1022873803991188,0.9852240832956088,0.0461195544542898,S1/random_under_20to1,0.1711843874851351,0.0066344315753963,0.2748013748107777,0.2171945701357466,0.1563043218598124,0.0124408384043272,0.2311390826704507,0.2391304347826087,-0.0615491862974574,0.0029236478128865998,-0.06787330316742082,-0.05401694146069361
7,44,lgbm,s1_plus_ig,0.25,0.5,positive_only,s1_plus_ig/mode=positive_only/ratio=0.25/keep=0.5,0.1274683514935496,0.0182165748341392,0.2039966854379258,0.1447963800904977,0.1047233758965215,0.9992106337612848,0.0554786504695075,S1/random_under_20to1,0.1711843874851351,0.0066344315753963,0.2748013748107777,0.2171945701357466,0.1563043218598124,0.0124408384043272,0.2311390826704507,0.2391304347826087,-0.043716035991585495,0.011582143258742902,-0.07239819004524892,-0.05158094596329091
7,44,lgbm,s1_plus_ig,0.5,0.5,positive_only,s1_plus_ig/mode=positive_only/ratio=0.5/keep=0.5,0.1177631982914503,0.013718655122006,0.2177966333285066,0.1628959276018099,0.1017414716704604,0.9992106337612848,0.0554786504695075,S1/random_under_20to1,0.1711843874851351,0.0066344315753963,0.2748013748107777,0.2171945701357466,0.1563043218598124,0.0124408384043272,0.2311390826704507,0.2391304347826087,-0.0534211891936848,0.007084223546609701,-0.05429864253393671,-0.054562850189352016
7,44,lgbm,s1_plus_ig,0.75,0.5,positive_only,s1_plus_ig/mode=positive_only/ratio=0.75/keep=0.5,0.1180713725518382,0.0106825593163162,0.2068555757148618,0.1583710407239819,0.1169679990679978,0.9992106337612848,0.0554786504695075,S1/random_under_20to1,0.1711843874851351,0.0066344315753963,0.2748013748107777,0.2171945701357466,0.1563043218598124,0.0124408384043272,0.2311390826704507,0.2391304347826087,-0.0531130149332969,0.0040481277409199,-0.05882352941176472,-0.03933632279181461
7,44,lgbm,s1_plus_ig,1.0,0.5,positive_only,s1_plus_ig/mode=positive_only/ratio=1.0/keep=0.5,0.1091530809570044,0.0465534690205779,0.1853357693967676,0.1357466063348416,0.1066169690597435,0.9992106337612848,0.0554786504695075,S1/random_under_20to1,0.1711843874851351,0.0066344315753963,0.2748013748107777,0.2171945701357466,0.1563043218598124,0.0124408384043272,0.2311390826704507,0.2391304347826087,-0.062031306528130686,0.039919037445181604,-0.08144796380090502,-0.04968735280006892
7,44,lgbm,s1_plus_ig,1.5,0.5,positive_only,s1_plus_ig/mode=positive_only/ratio=1.5/keep=0.5,0.1150788868183223,0.007196671539413,0.2015464624301629,0.1402714932126696,0.111608671352925,0.9992106337612848,0.0554786504695075,S1/random_under_20to1,0.1711843874851351,0.0066344315753963,0.2748013748107777,0.2171945701357466,0.1563043218598124,0.0124408384043272,0.2311390826704507,0.2391304347826087,-0.05610550066681279,0.0005622399640167006,-0.07692307692307701,-0.04469565050688741
7,44,lgbm,s1_plus_ig,2.0,0.5,positive_only,s1_plus_ig/mode=positive_only/ratio=2.0/keep=0.5,0.1064443674207106,0.0130439671651861,0.1944229225645985,0.1266968325791855,0.1195193030508813,0.9992106337612848,0.0554786504695075,S1/random_under_20to1,0.1711843874851351,0.0066344315753963,0.2748013748107777,0.2171945701357466,0.1563043218598124,0.0124408384043272,0.2311390826704507,0.2391304347826087,-0.06474002006442449,0.0064095355897897995,-0.09049773755656113,-0.036785018808931105
7,44,lgbm,s1_plus_ig,0.25,0.75,positive_only,s1_plus_ig/mode=positive_only/ratio=0.25/keep=0.75,0.1274683514935496,0.0182165748341392,0.2039966854379258,0.1447963800904977,0.1047233758965215,0.9993467313886496,0.0598412963658333,S1/random_under_20to1,0.1711843874851351,0.0066344315753963,0.2748013748107777,0.2171945701357466,0.1563043218598124,0.0124408384043272,0.2311390826704507,0.2391304347826087,-0.043716035991585495,0.011582143258742902,-0.07239819004524892,-0.05158094596329091
7,44,lgbm,s1_plus_ig,0.5,0.75,positive_only,s1_plus_ig/mode=positive_only/ratio=0.5/keep=0.75,0.1177631982914503,0.013718655122006,0.2177966333285066,0.1628959276018099,0.1017414716704604,0.9993467313886496,0.0598412963658333,S1/random_under_20to1,0.1711843874851351,0.0066344315753963,0.2748013748107777,0.2171945701357466,0.1563043218598124,0.0124408384043272,0.2311390826704507,0.2391304347826087,-0.0534211891936848,0.007084223546609701,-0.05429864253393671,-0.054562850189352016
7,44,lgbm,s1_plus_ig,0.75,0.75,positive_only,s1_plus_ig/mode=positive_only/ratio=0.75/keep=0.75,0.1310480380869936,0.0187788147981558,0.2494363540754406,0.1764705882352941,0.1214604553695267,0.9993467313886496,0.0598412963658333,S1/random_under_20to1,0.1711843874851351,0.0066344315753963,0.2748013748107777,0.2171945701357466,0.1563043218598124,0.0124408384043272,0.2311390826704507,0.2391304347826087,-0.04013634939814148,0.0121443832227595,-0.04072398190045251,-0.034843866490285716
7,44,lgbm,s1_plus_ig,1.0,0.75,positive_only,s1_plus_ig/mode=positive_only/ratio=1.0/keep=0.75,0.108317410814908,0.0184414708197458,0.1944880868470054,0.1085972850678733,0.1198347520475982,0.9993467313886496,0.0598412963658333,S1/random_under_20to1,0.1711843874851351,0.0066344315753963,0.2748013748107777,0.2171945701357466,0.1563043218598124,0.0124408384043272,0.2311390826704507,0.2391304347826087,-0.06286697667022709,0.0118070392443495,-0.1085972850678733,-0.036469569812214206
7,44,lgbm,s1_plus_ig,1.5,0.75,positive_only,s1_plus_ig/mode=positive_only/ratio=1.5/keep=0.75,0.1190755684517017,0.0131564151579894,0.2078209588438402,0.1628959276018099,0.1220950967550019,0.9993467313886496,0.0598412963658333,S1/random_under_20to1,0.1711843874851351,0.0066344315753963,0.2748013748107777,0.2171945701357466,0.1563043218598124,0.0124408384043272,0.2311390826704507,0.2391304347826087,-0.052108819033433396,0.006521983582593101,-0.05429864253393671,-0.03420922510481052
7,44,lgbm,s1_plus_ig,2.0,0.75,positive_only,s1_plus_ig/mode=positive_only/ratio=2.0/keep=0.75,0.1079746973843293,0.0308107500281119,0.1970353901374394,0.1402714932126696,0.1109743862000574,0.9993467313886496,0.0598412963658333,S1/random_under_20to1,0.1711843874851351,0.0066344315753963,0.2748013748107777,0.2171945701357466,0.1563043218598124,0.0124408384043272,0.2311390826704507,0.2391304347826087,-0.0632096901008058,0.0241763184527156,-0.07692307692307701,-0.045329935659755016
7,44,lgbm,s1_plus_ig,0.25,1.0,positive_only,s1_plus_ig/mode=positive_only/ratio=0.25/keep=1.0,0.1274683514935496,0.0182165748341392,0.2039966854379258,0.1447963800904977,0.1047233758965215,0.999591707117906,0.0530667353721283,S1/random_under_20to1,0.1711843874851351,0.0066344315753963,0.2748013748107777,0.2171945701357466,0.1563043218598124,0.0124408384043272,0.2311390826704507,0.2391304347826087,-0.043716035991585495,0.011582143258742902,-0.07239819004524892,-0.05158094596329091
7,44,lgbm,s1_plus_ig,0.5,1.0,positive_only,s1_plus_ig/mode=positive_only/ratio=0.5/keep=1.0,0.1177631982914503,0.013718655122006,0.2177966333285066,0.1628959276018099,0.1017414716704604,0.999591707117906,0.0530667353721283,S1/random_under_20to1,0.1711843874851351,0.0066344315753963,0.2748013748107777,0.2171945701357466,0.1563043218598124,0.0124408384043272,0.2311390826704507,0.2391304347826087,-0.0534211891936848,0.007084223546609701,-0.05429864253393671,-0.054562850189352016
7,44,lgbm,s1_plus_ig,0.75,1.0,positive_only,s1_plus_ig/mode=positive_only/ratio=0.75/keep=1.0,0.1310480380869936,0.0187788147981558,0.2494363540754406,0.1764705882352941,0.1214604553695267,0.999591707117906,0.0530667353721283,S1/random_under_20to1,0.1711843874851351,0.0066344315753963,0.2748013748107777,0.2171945701357466,0.1563043218598124,0.0124408384043272,0.2311390826704507,0.2391304347826087,-0.04013634939814148,0.0121443832227595,-0.04072398190045251,-0.034843866490285716
7,44,lgbm,s1_plus_ig,1.0,1.0,positive_only,s1_plus_ig/mode=positive_only/ratio=1.0/keep=1.0,0.108317410814908,0.0184414708197458,0.1944880868470054,0.1085972850678733,0.1198347520475982,0.999591707117906,0.0530667353721283,S1/random_under_20to1,0.1711843874851351,0.0066344315753963,0.2748013748107777,0.2171945701357466,0.1563043218598124,0.0124408384043272,0.2311390826704507,0.2391304347826087,-0.06286697667022709,0.0118070392443495,-0.1085972850678733,-0.036469569812214206
7,44,lgbm,s1_plus_ig,1.5,1.0,positive_only,s1_plus_ig/mode=positive_only/ratio=1.5/keep=1.0,0.1049284370069932,0.0392443494883616,0.194509703823895,0.1221719457013574,0.0965524231681588,0.999591707117906,0.0530667353721283,S1/random_under_20to1,0.1711843874851351,0.0066344315753963,0.2748013748107777,0.2171945701357466,0.1563043218598124,0.0124408384043272,0.2311390826704507,0.2391304347826087,-0.0662559504781419,0.0326099179129653,-0.0950226244343892,-0.05975189869165361
7,44,lgbm,s1_plus_ig,2.0,1.0,positive_only,s1_plus_ig/mode=positive_only/ratio=2.0/keep=1.0,0.1037949777857943,0.0351962217474418,0.1768893404491991,0.1040723981900452,0.1062781495122163,0.999591707117906,0.0530667353721283,S1/random_under_20to1,0.1711843874851351,0.0066344315753963,0.2748013748107777,0.2171945701357466,0.1563043218598124,0.0124408384043272,0.2311390826704507,0.2391304347826087,-0.06738940969934079,0.028561790172045503,-0.11312217194570141,-0.05002617234759611
7,45,lgbm,s1_plus_ig,0.25,0.25,positive_only,s1_plus_ig/mode=positive_only/ratio=0.25/keep=0.25,0.1316566171508619,0.0136062071292027,0.2410581229684559,0.1764705882352941,0.1180531165706163,0.9804436396559528,0.0407574477468645,S1/random_under_20to1,0.1691497921705418,0.006184639604183,0.2424512280465746,0.1900452488687782,0.1912045757013804,0.015551048005409,0.280198739641016,0.3,-0.037493175019679886,0.007421567525019699,-0.013574660633484087,-0.07315145913076411
7,45,lgbm,s1_plus_ig,0.5,0.25,positive_only,s1_plus_ig/mode=positive_only/ratio=0.5/keep=0.25,0.1256033664417556,0.0087709434386596,0.2186321171461799,0.171945701357466,0.1158919242369414,0.9804436396559528,0.0407574477468645,S1/random_under_20to1,0.1691497921705418,0.006184639604183,0.2424512280465746,0.1900452488687782,0.1912045757013804,0.015551048005409,0.280198739641016,0.3,-0.0435464257287862,0.0025863038344765997,-0.01809954751131218,-0.07531265146443901
7,45,lgbm,s1_plus_ig,0.75,0.25,positive_only,s1_plus_ig/mode=positive_only/ratio=0.75/keep=0.25,0.1199108413342397,0.005847295625773,0.2116061272355341,0.1538461538461538,0.1133361217932656,0.9804436396559528,0.0407574477468645,S1/random_under_20to1,0.1691497921705418,0.006184639604183,0.2424512280465746,0.1900452488687782,0.1912045757013804,0.015551048005409,0.280198739641016,0.3,-0.0492389508363021,-0.0003373439784100001,-0.03619909502262439,-0.07786845390811481
7,45,lgbm,s1_plus_ig,1.0,0.25,positive_only,s1_plus_ig/mode=positive_only/ratio=1.0/keep=0.25,0.122206727240399,0.0228269425390756,0.198175373620256,0.1312217194570135,0.1175339258200375,0.9804436396559528,0.0407574477468645,S1/random_under_20to1,0.1691497921705418,0.006184639604183,0.2424512280465746,0.1900452488687782,0.1912045757013804,0.015551048005409,0.280198739641016,0.3,-0.0469430649301428,0.0166423029348926,-0.05882352941176469,-0.07367064988134292
7,45,lgbm,s1_plus_ig,1.5,0.25,positive_only,s1_plus_ig/mode=positive_only/ratio=1.5/keep=0.25,0.1241612631814148,0.0179916788485325,0.2051837239578181,0.1493212669683258,0.1240335249034786,0.9804436396559528,0.0407574477468645,S1/random_under_20to1,0.1691497921705418,0.006184639604183,0.2424512280465746,0.1900452488687782,0.1912045757013804,0.015551048005409,0.280198739641016,0.3,-0.044988528989127,0.011807039244349497,-0.0407239819004524,-0.06717105079790181
7,45,lgbm,s1_plus_ig,2.0,0.25,positive_only,s1_plus_ig/mode=positive_only/ratio=2.0/keep=0.25,0.1285289195140966,0.0132688631507927,0.2070503633294189,0.1402714932126696,0.1098532769359465,0.9804436396559528,0.0407574477468645,S1/random_under_20to1,0.1691497921705418,0.006184639604183,0.2424512280465746,0.1900452488687782,0.1912045757013804,0.015551048005409,0.280198739641016,0.3,-0.040620872656445206,0.0070842235466097,-0.04977375565610859,-0.08135129876543391
7,45,lgbm,s1_plus_ig,0.25,0.5,positive_only,s1_plus_ig/mode=positive_only/ratio=0.25/keep=0.5,0.1316566171508619,0.0136062071292027,0.2410581229684559,0.1764705882352941,0.1180531165706163,0.999818536496847,0.0556119614109853,S1/random_under_20to1,0.1691497921705418,0.006184639604183,0.2424512280465746,0.1900452488687782,0.1912045757013804,0.015551048005409,0.280198739641016,0.3,-0.037493175019679886,0.007421567525019699,-0.013574660633484087,-0.07315145913076411
7,45,lgbm,s1_plus_ig,0.5,0.5,positive_only,s1_plus_ig/mode=positive_only/ratio=0.5/keep=0.5,0.1175906405166037,0.0237265264815023,0.1981920975543332,0.1357466063348416,0.1188140067157859,0.999818536496847,0.0556119614109853,S1/random_under_20to1,0.1691497921705418,0.006184639604183,0.2424512280465746,0.1900452488687782,0.1912045757013804,0.015551048005409,0.280198739641016,0.3,-0.051559151653938096,0.0175418868773193,-0.0542986425339366,-0.07239056898559451
7,45,lgbm,s1_plus_ig,0.75,0.5,positive_only,s1_plus_ig/mode=positive_only/ratio=0.75/keep=0.5,0.1147750413613313,0.0178792308557292,0.1888883109419482,0.1402714932126696,0.1205655723530403,0.999818536496847,0.0556119614109853,S1/random_under_20to1,0.1691497921705418,0.006184639604183,0.2424512280465746,0.1900452488687782,0.1912045757013804,0.015551048005409,0.280198739641016,0.3,-0.05437475080921049,0.011694591251546198,-0.04977375565610859,-0.07063900334834011
7,45,lgbm,s1_plus_ig,1.0,0.5,positive_only,s1_plus_ig/mode=positive_only/ratio=1.0/keep=0.5,0.1046225778510683,0.0107950073091195,0.1855688507812768,0.1357466063348416,0.1162595547982338,0.999818536496847,0.0556119614109853,S1/random_under_20to1,0.1691497921705418,0.006184639604183,0.2424512280465746,0.1900452488687782,0.1912045757013804,0.015551048005409,0.280198739641016,0.3,-0.0645272143194735,0.0046103677049364996,-0.0542986425339366,-0.07494502090314661
7,45,lgbm,s1_plus_ig,1.5,0.5,positive_only,s1_plus_ig/mode=positive_only/ratio=1.5/keep=0.5,0.1120777001514334,0.0128190711795794,0.1814418451517399,0.1357466063348416,0.1210125884284155,0.999818536496847,0.0556119614109853,S1/random_under_20to1,0.1691497921705418,0.006184639604183,0.2424512280465746,0.1900452488687782,0.1912045757013804,0.015551048005409,0.280198739641016,0.3,-0.0570720920191084,0.0066344315753963995,-0.0542986425339366,-0.07019198727296491
7,45,lgbm,s1_plus_ig,2.0,0.5,positive_only,s1_plus_ig/mode=positive_only/ratio=2.0/keep=0.5,0.1106669417223396,0.0091082874170696,0.1886155169174001,0.1447963800904977,0.1328863250110511,0.999818536496847,0.0556119614109853,S1/random_under_20to1,0.1691497921705418,0.006184639604183,0.2424512280465746,0.1900452488687782,0.1912045757013804,0.015551048005409,0.280198739641016,0.3,-0.0584828504482022,0.0029236478128866006,-0.04524886877828049,-0.05831825069032931
7,45,lgbm,s1_plus_ig,0.25,0.75,positive_only,s1_plus_ig/mode=positive_only/ratio=0.25/keep=0.75,0.1316566171508619,0.0136062071292027,0.2410581229684559,0.1764705882352941,0.1180531165706163,0.9996869754570612,0.0570132235371017,S1/random_under_20to1,0.1691497921705418,0.006184639604183,0.2424512280465746,0.1900452488687782,0.1912045757013804,0.015551048005409,0.280198739641016,0.3,-0.037493175019679886,0.007421567525019699,-0.013574660633484087,-0.07315145913076411
7,45,lgbm,s1_plus_ig,0.5,0.75,positive_only,s1_plus_ig/mode=positive_only/ratio=0.5/keep=0.75,0.1175906405166037,0.0237265264815023,0.1981920975543332,0.1357466063348416,0.1188140067157859,0.9996869754570612,0.0570132235371017,S1/random_under_20to1,0.1691497921705418,0.006184639604183,0.2424512280465746,0.1900452488687782,0.1912045757013804,0.015551048005409,0.280198739641016,0.3,-0.051559151653938096,0.0175418868773193,-0.0542986425339366,-0.07239056898559451
7,45,lgbm,s1_plus_ig,0.75,0.75,positive_only,s1_plus_ig/mode=positive_only/ratio=0.75/keep=0.75,0.1167344192986502,0.013381311143596,0.1969244499000333,0.1312217194570135,0.1302602930825077,0.9996869754570612,0.0570132235371017,S1/random_under_20to1,0.1691497921705418,0.006184639604183,0.2424512280465746,0.1900452488687782,0.1912045757013804,0.015551048005409,0.280198739641016,0.3,-0.0524153728718916,0.0071966715394129995,-0.05882352941176469,-0.06094428261887272
7,45,lgbm,s1_plus_ig,1.0,0.75,positive_only,s1_plus_ig/mode=positive_only/ratio=1.0/keep=0.75,0.1314067767775366,0.0138311031148094,0.235000554601313,0.167420814479638,0.1350509540370017,0.9996869754570612,0.0570132235371017,S1/random_under_20to1,0.1691497921705418,0.006184639604183,0.2424512280465746,0.1900452488687782,0.1912045757013804,0.015551048005409,0.280198739641016,0.3,-0.0377430153930052,0.007646463510626401,-0.02262443438914019,-0.056153621664378706
7,45,lgbm,s1_plus_ig,1.5,0.75,positive_only,s1_plus_ig/mode=positive_only/ratio=1.5/keep=0.75,0.1225703752244771,0.0073091195322163,0.2230573353741971,0.1628959276018099,0.1208114374858938,0.9996869754570612,0.0570132235371017,S1/random_under_20to1,0.1691497921705418,0.006184639604183,0.2424512280465746,0.1900452488687782,0.1912045757013804,0.015551048005409,0.280198739641016,0.3,-0.0465794169460647,0.0011244799280332998,-0.027149321266968285,-0.07039313821548661
7,45,lgbm,s1_plus_ig,2.0,0.75,positive_only,s1_plus_ig/mode=positive_only/ratio=2.0/keep=0.75,0.1103262549716956,0.022602046553469,0.218244856105644,0.1266968325791855,0.1321601551730127,0.9996869754570612,0.0570132235371017,S1/random_under_20to1,0.1691497921705418,0.006184639604183,0.2424512280465746,0.1900452488687782,0.1912045757013804,0.015551048005409,0.280198739641016,0.3,-0.0588235371988462,0.016417406949286,-0.0633484162895927,-0.059044420528367725
7,45,lgbm,s1_plus_ig,0.25,1.0,positive_only,s1_plus_ig/mode=positive_only/ratio=0.25/keep=1.0,0.1316566171508619,0.0136062071292027,0.2410581229684559,0.1764705882352941,0.1180531165706163,0.9999455609490542,0.0675038306289615,S1/random_under_20to1,0.1691497921705418,0.006184639604183,0.2424512280465746,0.1900452488687782,0.1912045757013804,0.015551048005409,0.280198739641016,0.3,-0.037493175019679886,0.007421567525019699,-0.013574660633484087,-0.07315145913076411
7,45,lgbm,s1_plus_ig,0.5,1.0,positive_only,s1_plus_ig/mode=positive_only/ratio=0.5/keep=1.0,0.1175906405166037,0.0237265264815023,0.1981920975543332,0.1357466063348416,0.1188140067157859,0.9999455609490542,0.0675038306289615,S1/random_under_20to1,0.1691497921705418,0.006184639604183,0.2424512280465746,0.1900452488687782,0.1912045757013804,0.015551048005409,0.280198739641016,0.3,-0.051559151653938096,0.0175418868773193,-0.0542986425339366,-0.07239056898559451
7,45,lgbm,s1_plus_ig,0.75,1.0,positive_only,s1_plus_ig/mode=positive_only/ratio=0.75/keep=1.0,0.1167344192986502,0.013381311143596,0.1969244499000333,0.1312217194570135,0.1302602930825077,0.9999455609490542,0.0675038306289615,S1/random_under_20to1,0.1691497921705418,0.006184639604183,0.2424512280465746,0.1900452488687782,0.1912045757013804,0.015551048005409,0.280198739641016,0.3,-0.0524153728718916,0.0071966715394129995,-0.05882352941176469,-0.06094428261887272
7,45,lgbm,s1_plus_ig,1.0,1.0,positive_only,s1_plus_ig/mode=positive_only/ratio=1.0/keep=1.0,0.1314067767775366,0.0138311031148094,0.235000554601313,0.167420814479638,0.1350509540370017,0.9999455609490542,0.0675038306289615,S1/random_under_20to1,0.1691497921705418,0.006184639604183,0.2424512280465746,0.1900452488687782,0.1912045757013804,0.015551048005409,0.280198739641016,0.3,-0.0377430153930052,0.007646463510626401,-0.02262443438914019,-0.056153621664378706
7,45,lgbm,s1_plus_ig,1.5,1.0,positive_only,s1_plus_ig/mode=positive_only/ratio=1.5/keep=1.0,0.1238728130313785,0.0142808950860227,0.2004091564381818,0.1447963800904977,0.1361692436817622,0.9999455609490542,0.0675038306289615,S1/random_under_20to1,0.1691497921705418,0.006184639604183,0.2424512280465746,0.1900452488687782,0.1912045757013804,0.015551048005409,0.280198739641016,0.3,-0.0452769791391633,0.0080962554818397,-0.04524886877828049,-0.055035332019618216
7,45,lgbm,s1_plus_ig,2.0,1.0,positive_only,s1_plus_ig/mode=positive_only/ratio=2.0/keep=1.0,0.1290102300701414,0.0076464635106263,0.2303002460986161,0.1764705882352941,0.1655940333307943,0.9999455609490542,0.0675038306289615,S1/random_under_20to1,0.1691497921705418,0.006184639604183,0.2424512280465746,0.1900452488687782,0.1912045757013804,0.015551048005409,0.280198739641016,0.3,-0.0401395621004004,0.0014618239064432999,-0.013574660633484087,-0.025610542370586103
7,46,lgbm,s1_plus_ig,0.25,0.25,positive_only,s1_plus_ig/mode=positive_only/ratio=0.25/keep=0.25,0.1315040690129003,0.0060721916113797,0.2266108828875813,0.1809954751131221,0.1074141568016801,0.9801901312811228,0.0470926841667042,S1/random_under_10to1,0.1790422537146637,0.0033734397840998,0.2709563663507496,0.1855203619909502,0.1879622841658689,0.0083840432724814,0.2249440948125328,0.2478260869565217,-0.04753818470176341,0.0026987518272798996,-0.004524886877828094,-0.08054812736418882
7,46,lgbm,s1_plus_ig,0.5,0.25,positive_only,s1_plus_ig/mode=positive_only/ratio=0.5/keep=0.25,0.1204725880257235,0.0048352636905431,0.2195949348994565,0.1628959276018099,0.1019684974619086,0.9801901312811228,0.0470926841667042,S1/random_under_10to1,0.1790422537146637,0.0033734397840998,0.2709563663507496,0.1855203619909502,0.1879622841658689,0.0083840432724814,0.2249440948125328,0.2478260869565217,-0.0585696656889402,0.0014618239064433003,-0.022624434389140302,-0.08599378670396031
7,46,lgbm,s1_plus_ig,0.75,0.25,positive_only,s1_plus_ig/mode=positive_only/ratio=0.75/keep=0.25,0.1256967894437958,0.0103452153379062,0.2146890548878518,0.171945701357466,0.1177565426814101,0.9801901312811228,0.0470926841667042,S1/random_under_10to1,0.1790422537146637,0.0033734397840998,0.2709563663507496,0.1855203619909502,0.1879622841658689,0.0083840432724814,0.2249440948125328,0.2478260869565217,-0.05334546427086789,0.0069717755538063995,-0.013574660633484198,-0.07020574148445881
7,46,lgbm,s1_plus_ig,1.0,0.25,positive_only,s1_plus_ig/mode=positive_only/ratio=1.0/keep=0.25,0.1186482899974396,0.013718655122006,0.2040349938582843,0.1447963800904977,0.1098531143805297,0.9801901312811228,0.0470926841667042,S1/random_under_10to1,0.1790422537146637,0.0033734397840998,0.2709563663507496,0.1855203619909502,0.1879622841658689,0.0083840432724814,0.2249440948125328,0.2478260869565217,-0.06039396371722411,0.010345215337906201,-0.04072398190045251,-0.0781091697853392
7,46,lgbm,s1_plus_ig,1.5,0.25,positive_only,s1_plus_ig/mode=positive_only/ratio=1.5/keep=0.25,0.1248989766010817,0.0245136624311256,0.2061705925177228,0.1447963800904977,0.105718435695072,0.9801901312811228,0.0470926841667042,S1/random_under_10to1,0.1790422537146637,0.0033734397840998,0.2709563663507496,0.1855203619909502,0.1879622841658689,0.0083840432724814,0.2249440948125328,0.2478260869565217,-0.05414327711358201,0.021140222647025798,-0.04072398190045251,-0.08224384847079691
7,46,lgbm,s1_plus_ig,2.0,0.25,positive_only,s1_plus_ig/mode=positive_only/ratio=2.0/keep=0.25,0.1047957684305787,0.0338468458338018,0.1774242239677136,0.1176470588235294,0.1201847326141055,0.9801901312811228,0.0470926841667042,S1/random_under_10to1,0.1790422537146637,0.0033734397840998,0.2709563663507496,0.1855203619909502,0.1879622841658689,0.0083840432724814,0.2249440948125328,0.2478260869565217,-0.074246485284085,0.030473406049701997,-0.06787330316742081,-0.0677775515517634
7,46,lgbm,s1_plus_ig,0.25,0.5,positive_only,s1_plus_ig/mode=positive_only/ratio=0.25/keep=0.5,0.1315040690129003,0.0060721916113797,0.2266108828875813,0.1809954751131221,0.1074141568016801,0.9984394138728848,0.0592285339996182,S1/random_under_10to1,0.1790422537146637,0.0033734397840998,0.2709563663507496,0.1855203619909502,0.1879622841658689,0.0083840432724814,0.2249440948125328,0.2478260869565217,-0.04753818470176341,0.0026987518272798996,-0.004524886877828094,-0.08054812736418882
7,46,lgbm,s1_plus_ig,0.5,0.5,positive_only,s1_plus_ig/mode=positive_only/ratio=0.5/keep=0.5,0.1298353724265266,0.0145057910716293,0.217044923793264,0.1493212669683258,0.125255105516633,0.9984394138728848,0.0592285339996182,S1/random_under_10to1,0.1790422537146637,0.0033734397840998,0.2709563663507496,0.1855203619909502,0.1879622841658689,0.0083840432724814,0.2249440948125328,0.2478260869565217,-0.049206881288137105,0.0111323512875295,-0.03619909502262442,-0.06270717864923592
7,46,lgbm,s1_plus_ig,0.75,0.5,positive_only,s1_plus_ig/mode=positive_only/ratio=0.75/keep=0.5,0.1259718249185796,0.0059597436185764,0.2040519033731276,0.1583710407239819,0.1182554737800068,0.9984394138728848,0.0592285339996182,S1/random_under_10to1,0.1790422537146637,0.0033734397840998,0.2709563663507496,0.1855203619909502,0.1879622841658689,0.0083840432724814,0.2249440948125328,0.2478260869565217,-0.05307042879608409,0.0025863038344766,-0.027149321266968313,-0.06970681038586211
7,46,lgbm,s1_plus_ig,1.0,0.5,positive_only,s1_plus_ig/mode=positive_only/ratio=1.0/keep=0.5,0.1260283490030356,0.0138311031148094,0.2305438543945104,0.171945701357466,0.1348010958092972,0.9984394138728848,0.0592285339996182,S1/random_under_10to1,0.1790422537146637,0.0033734397840998,0.2709563663507496,0.1855203619909502,0.1879622841658689,0.0083840432724814,0.2249440948125328,0.2478260869565217,-0.05301390471162809,0.010457663330709601,-0.013574660633484198,-0.053161188356571715
7,46,lgbm,s1_plus_ig,1.5,0.5,positive_only,s1_plus_ig/mode=positive_only/ratio=1.5/keep=0.5,0.1148264396059938,0.0178792308557292,0.1973736030849571,0.1447963800904977,0.0990629637719482,0.9984394138728848,0.0592285339996182,S1/random_under_10to1,0.1790422537146637,0.0033734397840998,0.2709563663507496,0.1855203619909502,0.1879622841658689,0.0083840432724814,0.2249440948125328,0.2478260869565217,-0.0642158141086699,0.014505791071629399,-0.04072398190045251,-0.0888993203939207
7,46,lgbm,s1_plus_ig,2.0,0.5,positive_only,s1_plus_ig/mode=positive_only/ratio=2.0/keep=0.5,0.1147903939126601,0.0270999662656021,0.1888196745217927,0.1221719457013574,0.1050858995015529,0.9984394138728848,0.0592285339996182,S1/random_under_10to1,0.1790422537146637,0.0033734397840998,0.2709563663507496,0.1855203619909502,0.1879622841658689,0.0083840432724814,0.2249440948125328,0.2478260869565217,-0.0642518598020036,0.023726526481502298,-0.0633484162895928,-0.082876384664316
7,46,lgbm,s1_plus_ig,0.25,0.75,positive_only,s1_plus_ig/mode=positive_only/ratio=0.25/keep=0.75,0.1315040690129003,0.0060721916113797,0.2266108828875813,0.1809954751131221,0.1074141568016801,0.9992333166991788,0.0548916422018846,S1/random_under_10to1,0.1790422537146637,0.0033734397840998,0.2709563663507496,0.1855203619909502,0.1879622841658689,0.0083840432724814,0.2249440948125328,0.2478260869565217,-0.04753818470176341,0.0026987518272798996,-0.004524886877828094,-0.08054812736418882
7,46,lgbm,s1_plus_ig,0.5,0.75,positive_only,s1_plus_ig/mode=positive_only/ratio=0.5/keep=0.75,0.1298353724265266,0.0145057910716293,0.217044923793264,0.1493212669683258,0.125255105516633,0.9992333166991788,0.0548916422018846,S1/random_under_10to1,0.1790422537146637,0.0033734397840998,0.2709563663507496,0.1855203619909502,0.1879622841658689,0.0083840432724814,0.2249440948125328,0.2478260869565217,-0.049206881288137105,0.0111323512875295,-0.03619909502262442,-0.06270717864923592
7,46,lgbm,s1_plus_ig,0.75,0.75,positive_only,s1_plus_ig/mode=positive_only/ratio=0.75/keep=0.75,0.1165941290025108,0.0166423029348926,0.2040851588900429,0.1493212669683258,0.1145860402310547,0.9992333166991788,0.0548916422018846,S1/random_under_10to1,0.1790422537146637,0.0033734397840998,0.2709563663507496,0.1855203619909502,0.1879622841658689,0.0083840432724814,0.2249440948125328,0.2478260869565217,-0.0624481247121529,0.013268863150792799,-0.03619909502262442,-0.0733762439348142
7,46,lgbm,s1_plus_ig,1.0,0.75,positive_only,s1_plus_ig/mode=positive_only/ratio=1.0/keep=0.75,0.1180682665134745,0.0310356460137186,0.1996950331863299,0.1312217194570135,0.1281202020704769,0.9992333166991788,0.0548916422018846,S1/random_under_10to1,0.1790422537146637,0.0033734397840998,0.2709563663507496,0.1855203619909502,0.1879622841658689,0.0083840432724814,0.2249440948125328,0.2478260869565217,-0.0609739872011892,0.027662206229618798,-0.05429864253393671,-0.05984208209539202
7,46,lgbm,s1_plus_ig,1.5,0.75,positive_only,s1_plus_ig/mode=positive_only/ratio=1.5/keep=0.75,0.1086371056888882,0.0248510064095355,0.1898991313117001,0.1040723981900452,0.1260470473600309,0.9992333166991788,0.0548916422018846,S1/random_under_10to1,0.1790422537146637,0.0033734397840998,0.2709563663507496,0.1855203619909502,0.1879622841658689,0.0083840432724814,0.2249440948125328,0.2478260869565217,-0.07040514802577551,0.0214775666254357,-0.08144796380090501,-0.06191523680583802
7,46,lgbm,s1_plus_ig,2.0,0.75,positive_only,s1_plus_ig/mode=positive_only/ratio=2.0/keep=0.75,0.1216198548709425,0.0262003823231755,0.210302286126129,0.1447963800904977,0.1108037714966692,0.9992333166991788,0.0548916422018846,S1/random_under_10to1,0.1790422537146637,0.0033734397840998,0.2709563663507496,0.1855203619909502,0.1879622841658689,0.0083840432724814,0.2249440948125328,0.2478260869565217,-0.057422398843721204,0.0228269425390757,-0.04072398190045251,-0.07715851266919971
7,46,lgbm,s1_plus_ig,0.25,1.0,positive_only,s1_plus_ig/mode=positive_only/ratio=0.25/keep=1.0,0.1315040690129003,0.0060721916113797,0.2266108828875813,0.1809954751131221,0.1074141568016801,0.9995508778296964,0.0540628472929258,S1/random_under_10to1,0.1790422537146637,0.0033734397840998,0.2709563663507496,0.1855203619909502,0.1879622841658689,0.0083840432724814,0.2249440948125328,0.2478260869565217,-0.04753818470176341,0.0026987518272798996,-0.004524886877828094,-0.08054812736418882
7,46,lgbm,s1_plus_ig,0.5,1.0,positive_only,s1_plus_ig/mode=positive_only/ratio=0.5/keep=1.0,0.1298353724265266,0.0145057910716293,0.217044923793264,0.1493212669683258,0.125255105516633,0.9995508778296964,0.0540628472929258,S1/random_under_10to1,0.1790422537146637,0.0033734397840998,0.2709563663507496,0.1855203619909502,0.1879622841658689,0.0083840432724814,0.2249440948125328,0.2478260869565217,-0.049206881288137105,0.0111323512875295,-0.03619909502262442,-0.06270717864923592
7,46,lgbm,s1_plus_ig,0.75,1.0,positive_only,s1_plus_ig/mode=positive_only/ratio=0.75/keep=1.0,0.1165941290025108,0.0166423029348926,0.2040851588900429,0.1493212669683258,0.1145860402310547,0.9995508778296964,0.0540628472929258,S1/random_under_10to1,0.1790422537146637,0.0033734397840998,0.2709563663507496,0.1855203619909502,0.1879622841658689,0.0083840432724814,0.2249440948125328,0.2478260869565217,-0.0624481247121529,0.013268863150792799,-0.03619909502262442,-0.0733762439348142
7,46,lgbm,s1_plus_ig,1.0,1.0,positive_only,s1_plus_ig/mode=positive_only/ratio=1.0/keep=1.0,0.1180682665134745,0.0310356460137186,0.1996950331863299,0.1312217194570135,0.1281202020704769,0.9995508778296964,0.0540628472929258,S1/random_under_10to1,0.1790422537146637,0.0033734397840998,0.2709563663507496,0.1855203619909502,0.1879622841658689,0.0083840432724814,0.2249440948125328,0.2478260869565217,-0.0609739872011892,0.027662206229618798,-0.05429864253393671,-0.05984208209539202
7,46,lgbm,s1_plus_ig,1.5,1.0,positive_only,s1_plus_ig/mode=positive_only/ratio=1.5/keep=1.0,0.1170647802490829,0.0210277746542224,0.1943730658047378,0.1493212669683258,0.1160697379111319,0.9995508778296964,0.0540628472929258,S1/random_under_10to1,0.1790422537146637,0.0033734397840998,0.2709563663507496,0.1855203619909502,0.1879622841658689,0.0083840432724814,0.2249440948125328,0.2478260869565217,-0.0619774734655808,0.0176543348701226,-0.03619909502262442,-0.07189254625473701
7,46,lgbm,s1_plus_ig,2.0,1.0,positive_only,s1_plus_ig/mode=positive_only/ratio=2.0/keep=1.0,0.1063844809067012,0.0183290228269425,0.1823911641205871,0.1085972850678733,0.0996290540872086,0.9995508778296964,0.0540628472929258,S1/random_under_10to1,0.1790422537146637,0.0033734397840998,0.2709563663507496,0.1855203619909502,0.1879622841658689,0.0083840432724814,0.2249440948125328,0.2478260869565217,-0.0726577728079625,0.014955583042842701,-0.0769230769230769,-0.08833323007866031
8,42,lgbm,s1_plus_ig,0.25,0.25,positive_only,s1_plus_ig/mode=positive_only/ratio=0.25/keep=0.25,0.3703105976981477,0.0404666423623769,0.4806732683958719,0.380281690140845,0.0348120938580748,0.970701963117192,0.2335970281923027,S1/random_over,0.412927639250626,0.0040102078016769,0.5112600442731903,0.3943661971830985,0.0384468351829742,0.0008869179600886,-0.0032408294992417,0.0,-0.04261704155247825,0.0364564345607,-0.014084507042253502,-0.003634741324899396
8,42,lgbm,s1_plus_ig,0.5,0.25,positive_only,s1_plus_ig/mode=positive_only/ratio=0.5/keep=0.25,0.4017307239316914,0.0058330295297119,0.4660820784248835,0.380281690140845,0.0331691746593933,0.970701963117192,0.2335970281923027,S1/random_over,0.412927639250626,0.0040102078016769,0.5112600442731903,0.3943661971830985,0.0384468351829742,0.0008869179600886,-0.0032408294992417,0.0,-0.011196915318934575,0.001822821728035,-0.014084507042253502,-0.005277660523580897
8,42,lgbm,s1_plus_ig,0.75,0.25,positive_only,s1_plus_ig/mode=positive_only/ratio=0.75/keep=0.25,0.3874117935505909,0.0499453153481589,0.4584048505851337,0.4084507042253521,0.0351509513853192,0.970701963117192,0.2335970281923027,S1/random_over,0.412927639250626,0.0040102078016769,0.5112600442731903,0.3943661971830985,0.0384468351829742,0.0008869179600886,-0.0032408294992417,0.0,-0.025515845700035067,0.045935107546482,0.014084507042253613,-0.003295883797654997
8,42,lgbm,s1_plus_ig,1.0,0.25,positive_only,s1_plus_ig/mode=positive_only/ratio=1.0/keep=0.25,0.3832468257896025,0.0415603353991979,0.4759082647513472,0.3943661971830985,0.0336373304344502,0.970701963117192,0.2335970281923027,S1/random_over,0.412927639250626,0.0040102078016769,0.5112600442731903,0.3943661971830985,0.0384468351829742,0.0008869179600886,-0.0032408294992417,0.0,-0.02968081346102347,0.037550127597521,0.0,-0.004809504748523999
8,42,lgbm,s1_plus_ig,1.5,0.25,positive_only,s1_plus_ig/mode=positive_only/ratio=1.5/keep=0.25,0.406917251588908,0.0047393364928909,0.4588534889775663,0.380281690140845,0.0351996236766371,0.970701963117192,0.2335970281923027,S1/random_over,0.412927639250626,0.0040102078016769,0.5112600442731903,0.3943661971830985,0.0384468351829742,0.0008869179600886,-0.0032408294992417,0.0,-0.006010387661717964,0.000729128691214,-0.014084507042253502,-0.003247211506337097
8,42,lgbm,s1_plus_ig,2.0,0.25,positive_only,s1_plus_ig/mode=positive_only/ratio=2.0/keep=0.25,0.3891221831120757,0.0462996718920889,0.4644110046200115,0.380281690140845,0.0287499190564856,0.970701963117192,0.2335970281923027,S1/random_over,0.412927639250626,0.0040102078016769,0.5112600442731903,0.3943661971830985,0.0384468351829742,0.0008869179600886,-0.0032408294992417,0.0,-0.023805456138550285,0.042289464090412,-0.014084507042253502,-0.009696916126488597
8,42,lgbm,s1_plus_ig,0.25,0.5,positive_only,s1_plus_ig/mode=positive_only/ratio=0.25/keep=0.5,0.3703105976981477,0.0404666423623769,0.4806732683958719,0.380281690140845,0.0348120938580748,0.9998512790005948,0.2477888393075862,S1/random_over,0.412927639250626,0.0040102078016769,0.5112600442731903,0.3943661971830985,0.0384468351829742,0.0008869179600886,-0.0032408294992417,0.0,-0.04261704155247825,0.0364564345607,-0.014084507042253502,-0.003634741324899396
8,42,lgbm,s1_plus_ig,0.5,0.5,positive_only,s1_plus_ig/mode=positive_only/ratio=0.5/keep=0.5,0.4108412812903131,0.0368209989063069,0.4810795216711534,0.380281690140845,0.02933841944374,0.9998512790005948,0.2477888393075862,S1/random_over,0.412927639250626,0.0040102078016769,0.5112600442731903,0.3943661971830985,0.0384468351829742,0.0008869179600886,-0.0032408294992417,0.0,-0.002086357960312868,0.03281079110463,-0.014084507042253502,-0.009108415739234196
8,42,lgbm,s1_plus_ig,0.75,0.5,positive_only,s1_plus_ig/mode=positive_only/ratio=0.75/keep=0.5,0.4276416610950287,0.0123951877506379,0.4541948146626158,0.380281690140845,0.0284939704046548,0.9998512790005948,0.2477888393075862,S1/random_over,0.412927639250626,0.0040102078016769,0.5112600442731903,0.3943661971830985,0.0384468351829742,0.0008869179600886,-0.0032408294992417,0.0,0.014714021844402736,0.008384979948960999,-0.014084507042253502,-0.009952864778319397
8,42,lgbm,s1_plus_ig,1.0,0.5,positive_only,s1_plus_ig/mode=positive_only/ratio=1.0/keep=0.5,0.3335372237203639,0.0441122858184469,0.4573296237907053,0.3661971830985915,0.0336904671123406,0.9998512790005948,0.2477888393075862,S1/random_over,0.412927639250626,0.0040102078016769,0.5112600442731903,0.3943661971830985,0.0384468351829742,0.0008869179600886,-0.0032408294992417,0.0,-0.0793904155302621,0.04010207801677,-0.028169014084507005,-0.0047563680706336
8,42,lgbm,s1_plus_ig,1.5,0.5,positive_only,s1_plus_ig/mode=positive_only/ratio=1.5/keep=0.5,0.3625098269023991,0.0488516223113379,0.447012773503725,0.380281690140845,0.0314751532540368,0.9998512790005948,0.2477888393075862,S1/random_over,0.412927639250626,0.0040102078016769,0.5112600442731903,0.3943661971830985,0.0384468351829742,0.0008869179600886,-0.0032408294992417,0.0,-0.0504178123482269,0.044841414509661,-0.014084507042253502,-0.0069716819289374
8,42,lgbm,s1_plus_ig,2.0,0.5,positive_only,s1_plus_ig/mode=positive_only/ratio=2.0/keep=0.5,0.3675997139704213,0.0288005833029529,0.4441962606823206,0.380281690140845,0.0380201603134518,0.9998512790005948,0.2477888393075862,S1/random_over,0.412927639250626,0.0040102078016769,0.5112600442731903,0.3943661971830985,0.0384468351829742,0.0008869179600886,-0.0032408294992417,0.0,-0.045327925280204684,0.024790375501276,-0.014084507042253502,-0.0004266748695223935
8,42,lgbm,s1_plus_ig,0.25,0.75,positive_only,s1_plus_ig/mode=positive_only/ratio=0.25/keep=0.75,0.3703105976981477,0.0404666423623769,0.4806732683958719,0.380281690140845,0.0348120938580748,0.9999628197501488,0.3224525281380499,S1/random_over,0.412927639250626,0.0040102078016769,0.5112600442731903,0.3943661971830985,0.0384468351829742,0.0008869179600886,-0.0032408294992417,0.0,-0.04261704155247825,0.0364564345607,-0.014084507042253502,-0.003634741324899396
8,42,lgbm,s1_plus_ig,0.5,0.75,positive_only,s1_plus_ig/mode=positive_only/ratio=0.5/keep=0.75,0.4108412812903131,0.0368209989063069,0.4810795216711534,0.380281690140845,0.02933841944374,0.9999628197501488,0.3224525281380499,S1/random_over,0.412927639250626,0.0040102078016769,0.5112600442731903,0.3943661971830985,0.0384468351829742,0.0008869179600886,-0.0032408294992417,0.0,-0.002086357960312868,0.03281079110463,-0.014084507042253502,-0.009108415739234196
8,42,lgbm,s1_plus_ig,0.75,0.75,positive_only,s1_plus_ig/mode=positive_only/ratio=0.75/keep=0.75,0.4103464955488468,0.0040102078016769,0.4726434061616075,0.380281690140845,0.0307793956066998,0.9999628197501488,0.3224525281380499,S1/random_over,0.412927639250626,0.0040102078016769,0.5112600442731903,0.3943661971830985,0.0384468351829742,0.0008869179600886,-0.0032408294992417,0.0,-0.0025811437017791983,0.0,-0.014084507042253502,-0.007667439576274398
8,42,lgbm,s1_plus_ig,1.0,0.75,positive_only,s1_plus_ig/mode=positive_only/ratio=1.0/keep=0.75,0.371163250747835,0.0072912869121399,0.4564426598561403,0.380281690140845,0.0373074949350576,0.9999628197501488,0.3224525281380499,S1/random_over,0.412927639250626,0.0040102078016769,0.5112600442731903,0.3943661971830985,0.0384468351829742,0.0008869179600886,-0.0032408294992417,0.0,-0.04176438850279096,0.003281079110463,-0.014084507042253502,-0.0011393402479165995
8,42,lgbm,s1_plus_ig,1.5,0.75,positive_only,s1_plus_ig/mode=positive_only/ratio=1.5/keep=0.75,0.3172175648472389,0.0550492161866569,0.4407526697131526,0.380281690140845,0.0454091041462659,0.9999628197501488,0.3224525281380499,S1/random_over,0.412927639250626,0.0040102078016769,0.5112600442731903,0.3943661971830985,0.0384468351829742,0.0008869179600886,-0.0032408294992417,0.0,-0.09571007440338708,0.05103900838498,-0.014084507042253502,0.006962268963291704
8,42,lgbm,s1_plus_ig,2.0,0.75,positive_only,s1_plus_ig/mode=positive_only/ratio=2.0/keep=0.75,0.345975633944969,0.0098432373313889,0.4356193471232558,0.3943661971830985,0.0374549571963928,0.9999628197501488,0.3224525281380499,S1/random_over,0.412927639250626,0.0040102078016769,0.5112600442731903,0.3943661971830985,0.0384468351829742,0.0008869179600886,-0.0032408294992417,0.0,-0.06695200530565698,0.005833029529712,0.0,-0.000991877986581395
8,42,lgbm,s1_plus_ig,0.25,1.0,positive_only,s1_plus_ig/mode=positive_only/ratio=0.25/keep=1.0,0.3703105976981477,0.0404666423623769,0.4806732683958719,0.380281690140845,0.0348120938580748,1.0,0.3999204424542814,S1/random_over,0.412927639250626,0.0040102078016769,0.5112600442731903,0.3943661971830985,0.0384468351829742,0.0008869179600886,-0.0032408294992417,0.0,-0.04261704155247825,0.0364564345607,-0.014084507042253502,-0.003634741324899396
8,42,lgbm,s1_plus_ig,0.5,1.0,positive_only,s1_plus_ig/mode=positive_only/ratio=0.5/keep=1.0,0.4108412812903131,0.0368209989063069,0.4810795216711534,0.380281690140845,0.02933841944374,1.0,0.3999204424542814,S1/random_over,0.412927639250626,0.0040102078016769,0.5112600442731903,0.3943661971830985,0.0384468351829742,0.0008869179600886,-0.0032408294992417,0.0,-0.002086357960312868,0.03281079110463,-0.014084507042253502,-0.009108415739234196
8,42,lgbm,s1_plus_ig,0.75,1.0,positive_only,s1_plus_ig/mode=positive_only/ratio=0.75/keep=1.0,0.4103464955488468,0.0040102078016769,0.4726434061616075,0.380281690140845,0.0307793956066998,1.0,0.3999204424542814,S1/random_over,0.412927639250626,0.0040102078016769,0.5112600442731903,0.3943661971830985,0.0384468351829742,0.0008869179600886,-0.0032408294992417,0.0,-0.0025811437017791983,0.0,-0.014084507042253502,-0.007667439576274398
8,42,lgbm,s1_plus_ig,1.0,1.0,positive_only,s1_plus_ig/mode=positive_only/ratio=1.0/keep=1.0,0.371163250747835,0.0072912869121399,0.4564426598561403,0.380281690140845,0.0373074949350576,1.0,0.3999204424542814,S1/random_over,0.412927639250626,0.0040102078016769,0.5112600442731903,0.3943661971830985,0.0384468351829742,0.0008869179600886,-0.0032408294992417,0.0,-0.04176438850279096,0.003281079110463,-0.014084507042253502,-0.0011393402479165995
8,42,lgbm,s1_plus_ig,1.5,1.0,positive_only,s1_plus_ig/mode=positive_only/ratio=1.5/keep=1.0,0.3889534599597078,0.0043747721472839,0.47874616515472,0.380281690140845,0.0351974766632699,1.0,0.3999204424542814,S1/random_over,0.412927639250626,0.0040102078016769,0.5112600442731903,0.3943661971830985,0.0384468351829742,0.0008869179600886,-0.0032408294992417,0.0,-0.023974179290918163,0.000364564345607,-0.014084507042253502,-0.0032493585197042943
8,42,lgbm,s1_plus_ig,2.0,1.0,positive_only,s1_plus_ig/mode=positive_only/ratio=2.0/keep=1.0,0.3950532483758842,0.0069267225665329,0.4491546023043041,0.380281690140845,0.0329313118007251,1.0,0.3999204424542814,S1/random_over,0.412927639250626,0.0040102078016769,0.5112600442731903,0.3943661971830985,0.0384468351829742,0.0008869179600886,-0.0032408294992417,0.0,-0.017874390874741797,0.002916514764856,-0.014084507042253502,-0.005515523382249095
8,43,lgbm,s1_plus_ig,0.25,0.25,positive_only,s1_plus_ig/mode=positive_only/ratio=0.25/keep=0.25,0.3752245732750882,0.0189573459715639,0.4601300909074998,0.3943661971830985,0.0246320052956579,0.9660916121356335,0.2655770296181651,S1/smote,0.3808787663308651,0.0258840685380969,0.451855993057567,0.3943661971830985,0.0384542267618821,0.0075388026607538,0.1592243238518271,0.0,-0.005654193055776913,-0.006926722566533001,0.0,-0.0138222214662242
8,43,lgbm,s1_plus_ig,0.5,0.25,positive_only,s1_plus_ig/mode=positive_only/ratio=0.5/keep=0.25,0.3625869323303249,0.0127597520962449,0.4504995869590561,0.3661971830985915,0.0271472177520038,0.9660916121356335,0.2655770296181651,S1/smote,0.3808787663308651,0.0258840685380969,0.451855993057567,0.3943661971830985,0.0384542267618821,0.0075388026607538,0.1592243238518271,0.0,-0.018291834000540186,-0.013124316441852,-0.028169014084507005,-0.0113070090098783
8,43,lgbm,s1_plus_ig,0.75,0.25,positive_only,s1_plus_ig/mode=positive_only/ratio=0.75/keep=0.25,0.3899547960293923,0.0069267225665329,0.4491546023043041,0.3661971830985915,0.0287261099700228,0.9660916121356335,0.2655770296181651,S1/smote,0.3808787663308651,0.0258840685380969,0.451855993057567,0.3943661971830985,0.0384542267618821,0.0075388026607538,0.1592243238518271,0.0,0.009076029698527222,-0.018957345971564,-0.028169014084507005,-0.009728116791859299
8,43,lgbm,s1_plus_ig,1.0,0.25,positive_only,s1_plus_ig/mode=positive_only/ratio=1.0/keep=0.25,0.3899889320471264,0.0433831571272329,0.4522949394426753,0.352112676056338,0.0234665733954264,0.9660916121356335,0.2655770296181651,S1/smote,0.3808787663308651,0.0258840685380969,0.451855993057567,0.3943661971830985,0.0384542267618821,0.0075388026607538,0.1592243238518271,0.0,0.009110165716261331,0.017499088589136003,-0.04225352112676051,-0.0149876533664557
8,43,lgbm,s1_plus_ig,1.5,0.25,positive_only,s1_plus_ig/mode=positive_only/ratio=1.5/keep=0.25,0.3883163290330541,0.0360918702150929,0.4762692091305314,0.3661971830985915,0.0239865217762209,0.9660916121356335,0.2655770296181651,S1/smote,0.3808787663308651,0.0258840685380969,0.451855993057567,0.3943661971830985,0.0384542267618821,0.0075388026607538,0.1592243238518271,0.0,0.007437562702188982,0.010207801676996,-0.028169014084507005,-0.0144677049856612
8,43,lgbm,s1_plus_ig,2.0,0.25,positive_only,s1_plus_ig/mode=positive_only/ratio=2.0/keep=0.25,0.3655751567956672,0.0236966824644549,0.4750533280562919,0.380281690140845,0.022660802195001,0.9660916121356335,0.2655770296181651,S1/smote,0.3808787663308651,0.0258840685380969,0.451855993057567,0.3943661971830985,0.0384542267618821,0.0075388026607538,0.1592243238518271,0.0,-0.015303609535197882,-0.0021873860736420017,-0.014084507042253502,-0.0157934245668811
8,43,lgbm,s1_plus_ig,0.25,0.5,positive_only,s1_plus_ig/mode=positive_only/ratio=0.25/keep=0.5,0.3752245732750882,0.0189573459715639,0.4601300909074998,0.3943661971830985,0.0246320052956579,0.997471743010113,0.3666115240611574,S1/smote,0.3808787663308651,0.0258840685380969,0.451855993057567,0.3943661971830985,0.0384542267618821,0.0075388026607538,0.1592243238518271,0.0,-0.005654193055776913,-0.006926722566533001,0.0,-0.0138222214662242
8,43,lgbm,s1_plus_ig,0.5,0.5,positive_only,s1_plus_ig/mode=positive_only/ratio=0.5/keep=0.5,0.3962024475747451,0.0393729493255559,0.4693299654871481,0.3661971830985915,0.0278046710257529,0.997471743010113,0.3666115240611574,S1/smote,0.3808787663308651,0.0258840685380969,0.451855993057567,0.3943661971830985,0.0384542267618821,0.0075388026607538,0.1592243238518271,0.0,0.015323681243880005,0.013488880787458999,-0.028169014084507005,-0.0106495557361292
8,43,lgbm,s1_plus_ig,0.75,0.5,positive_only,s1_plus_ig/mode=positive_only/ratio=0.75/keep=0.5,0.3779438775084709,0.0470288005833029,0.4459849067264816,0.3943661971830985,0.026185920222977,0.997471743010113,0.3666115240611574,S1/smote,0.3808787663308651,0.0258840685380969,0.451855993057567,0.3943661971830985,0.0384542267618821,0.0075388026607538,0.1592243238518271,0.0,-0.002934888822394177,0.021144732045206,0.0,-0.0122683065389051
8,43,lgbm,s1_plus_ig,1.0,0.5,positive_only,s1_plus_ig/mode=positive_only/ratio=1.0/keep=0.5,0.384012992017797,0.0102078016769959,0.4433373406615469,0.380281690140845,0.0357936181377985,0.997471743010113,0.3666115240611574,S1/smote,0.3808787663308651,0.0258840685380969,0.451855993057567,0.3943661971830985,0.0384542267618821,0.0075388026607538,0.1592243238518271,0.0,0.0031342256869318907,-0.015676266861101,-0.014084507042253502,-0.002660608624083599
8,43,lgbm,s1_plus_ig,1.5,0.5,positive_only,s1_plus_ig/mode=positive_only/ratio=1.5/keep=0.5,0.3963950853919862,0.0233321181188479,0.4868485533651173,0.3661971830985915,0.0230359624582371,0.997471743010113,0.3666115240611574,S1/smote,0.3808787663308651,0.0258840685380969,0.451855993057567,0.3943661971830985,0.0384542267618821,0.0075388026607538,0.1592243238518271,0.0,0.015516319061121109,-0.002551950419249001,-0.028169014084507005,-0.015418264303644999
8,43,lgbm,s1_plus_ig,2.0,0.5,positive_only,s1_plus_ig/mode=positive_only/ratio=2.0/keep=0.5,0.4049461651133073,0.0302588406853809,0.4719532204432488,0.380281690140845,0.0236468045877851,0.997471743010113,0.3666115240611574,S1/smote,0.3808787663308651,0.0258840685380969,0.451855993057567,0.3943661971830985,0.0384542267618821,0.0075388026607538,0.1592243238518271,0.0,0.024067398782442184,0.004374772147284,-0.014084507042253502,-0.014807422174097001
8,43,lgbm,s1_plus_ig,0.25,0.75,positive_only,s1_plus_ig/mode=positive_only/ratio=0.25/keep=0.75,0.3752245732750882,0.0189573459715639,0.4601300909074998,0.3943661971830985,0.0246320052956579,0.9989961332540156,0.4154483411843837,S1/smote,0.3808787663308651,0.0258840685380969,0.451855993057567,0.3943661971830985,0.0384542267618821,0.0075388026607538,0.1592243238518271,0.0,-0.005654193055776913,-0.006926722566533001,0.0,-0.0138222214662242
8,43,lgbm,s1_plus_ig,0.5,0.75,positive_only,s1_plus_ig/mode=positive_only/ratio=0.5/keep=0.75,0.3962024475747451,0.0393729493255559,0.4693299654871481,0.3661971830985915,0.0278046710257529,0.9989961332540156,0.4154483411843837,S1/smote,0.3808787663308651,0.0258840685380969,0.451855993057567,0.3943661971830985,0.0384542267618821,0.0075388026607538,0.1592243238518271,0.0,0.015323681243880005,0.013488880787458999,-0.028169014084507005,-0.0106495557361292
8,43,lgbm,s1_plus_ig,0.75,0.75,positive_only,s1_plus_ig/mode=positive_only/ratio=0.75/keep=0.75,0.4064079921957818,0.0043747721472839,0.4656078113963771,0.3661971830985915,0.0293764416149632,0.9989961332540156,0.4154483411843837,S1/smote,0.3808787663308651,0.0258840685380969,0.451855993057567,0.3943661971830985,0.0384542267618821,0.0075388026607538,0.1592243238518271,0.0,0.025529225864916683,-0.021509296390813,-0.028169014084507005,-0.009077785146918899
8,43,lgbm,s1_plus_ig,1.0,0.75,positive_only,s1_plus_ig/mode=positive_only/ratio=1.0/keep=0.75,0.3467045973107465,0.0061975938753189,0.4473941674407619,0.380281690140845,0.0266241290382469,0.9989961332540156,0.4154483411843837,S1/smote,0.3808787663308651,0.0258840685380969,0.451855993057567,0.3943661971830985,0.0384542267618821,0.0075388026607538,0.1592243238518271,0.0,-0.034174169020118605,-0.019686474662778,-0.014084507042253502,-0.011830097723635202
8,43,lgbm,s1_plus_ig,1.5,0.75,positive_only,s1_plus_ig/mode=positive_only/ratio=1.5/keep=0.75,0.366860108708897,0.0466642362376959,0.4551979556732465,0.380281690140845,0.0212863385081569,0.9989961332540156,0.4154483411843837,S1/smote,0.3808787663308651,0.0258840685380969,0.451855993057567,0.3943661971830985,0.0384542267618821,0.0075388026607538,0.1592243238518271,0.0,-0.014018657621968078,0.020780167699599002,-0.014084507042253502,-0.0171678882537252
8,43,lgbm,s1_plus_ig,2.0,0.75,positive_only,s1_plus_ig/mode=positive_only/ratio=2.0/keep=0.75,0.3955382863304494,0.0459351075464819,0.4658367500217925,0.380281690140845,0.0309078334524331,0.9989961332540156,0.4154483411843837,S1/smote,0.3808787663308651,0.0258840685380969,0.451855993057567,0.3943661971830985,0.0384542267618821,0.0075388026607538,0.1592243238518271,0.0,0.014659519999584314,0.020051039008384997,-0.014084507042253502,-0.007546393309449
8,43,lgbm,s1_plus_ig,0.25,1.0,positive_only,s1_plus_ig/mode=positive_only/ratio=0.25/keep=1.0,0.3752245732750882,0.0189573459715639,0.4601300909074998,0.3943661971830985,0.0246320052956579,0.999888459250446,0.3574613624166032,S1/smote,0.3808787663308651,0.0258840685380969,0.451855993057567,0.3943661971830985,0.0384542267618821,0.0075388026607538,0.1592243238518271,0.0,-0.005654193055776913,-0.006926722566533001,0.0,-0.0138222214662242
8,43,lgbm,s1_plus_ig,0.5,1.0,positive_only,s1_plus_ig/mode=positive_only/ratio=0.5/keep=1.0,0.3962024475747451,0.0393729493255559,0.4693299654871481,0.3661971830985915,0.0278046710257529,0.999888459250446,0.3574613624166032,S1/smote,0.3808787663308651,0.0258840685380969,0.451855993057567,0.3943661971830985,0.0384542267618821,0.0075388026607538,0.1592243238518271,0.0,0.015323681243880005,0.013488880787458999,-0.028169014084507005,-0.0106495557361292
8,43,lgbm,s1_plus_ig,0.75,1.0,positive_only,s1_plus_ig/mode=positive_only/ratio=0.75/keep=1.0,0.4064079921957818,0.0043747721472839,0.4656078113963771,0.3661971830985915,0.0293764416149632,0.999888459250446,0.3574613624166032,S1/smote,0.3808787663308651,0.0258840685380969,0.451855993057567,0.3943661971830985,0.0384542267618821,0.0075388026607538,0.1592243238518271,0.0,0.025529225864916683,-0.021509296390813,-0.028169014084507005,-0.009077785146918899
8,43,lgbm,s1_plus_ig,1.0,1.0,positive_only,s1_plus_ig/mode=positive_only/ratio=1.0/keep=1.0,0.3467045973107465,0.0061975938753189,0.4473941674407619,0.380281690140845,0.0266241290382469,0.999888459250446,0.3574613624166032,S1/smote,0.3808787663308651,0.0258840685380969,0.451855993057567,0.3943661971830985,0.0384542267618821,0.0075388026607538,0.1592243238518271,0.0,-0.034174169020118605,-0.019686474662778,-0.014084507042253502,-0.011830097723635202
8,43,lgbm,s1_plus_ig,1.5,1.0,positive_only,s1_plus_ig/mode=positive_only/ratio=1.5/keep=1.0,0.3586902351655475,0.0120306234050309,0.4351555465464638,0.380281690140845,0.0321489846677399,0.999888459250446,0.3574613624166032,S1/smote,0.3808787663308651,0.0258840685380969,0.451855993057567,0.3943661971830985,0.0384542267618821,0.0075388026607538,0.1592243238518271,0.0,-0.022188531165317604,-0.013853445133066,-0.014084507042253502,-0.0063052420941422035
8,43,lgbm,s1_plus_ig,2.0,1.0,positive_only,s1_plus_ig/mode=positive_only/ratio=2.0/keep=1.0,0.3714691486073583,0.0076558512577469,0.4387607771062446,0.380281690140845,0.0311400529539905,0.999888459250446,0.3574613624166032,S1/smote,0.3808787663308651,0.0258840685380969,0.451855993057567,0.3943661971830985,0.0384542267618821,0.0075388026607538,0.1592243238518271,0.0,-0.009409617723506791,-0.018228217280349998,-0.014084507042253502,-0.007314173807891601
8,44,lgbm,s1_plus_ig,0.25,0.25,positive_only,s1_plus_ig/mode=positive_only/ratio=0.25/keep=0.25,0.3998089361773732,0.0065621582209259,0.4546087981517783,0.380281690140845,0.0318286690962779,0.9257882212968472,0.3930393454911744,S1/random_over,0.4171387054028496,0.0040102078016769,0.4592401779845314,0.380281690140845,0.0321873314999663,0.0004434589800443,-0.0022911101342299,0.0,-0.01732976922547641,0.002551950419249,0.0,-0.00035866240368839786
8,44,lgbm,s1_plus_ig,0.5,0.25,positive_only,s1_plus_ig/mode=positive_only/ratio=0.5/keep=0.25,0.3076376248831494,0.0113014947138169,0.442856241290937,0.380281690140845,0.0342695847738407,0.9257882212968472,0.3930393454911744,S1/random_over,0.4171387054028496,0.0040102078016769,0.4592401779845314,0.380281690140845,0.0321873314999663,0.0004434589800443,-0.0022911101342299,0.0,-0.1095010805197002,0.00729128691214,0.0,0.0020822532738744015
8,44,lgbm,s1_plus_ig,0.75,0.25,positive_only,s1_plus_ig/mode=positive_only/ratio=0.75/keep=0.25,0.3216145502995894,0.0379146919431279,0.4343025477373612,0.380281690140845,0.0247758132463019,0.9257882212968472,0.3930393454911744,S1/random_over,0.4171387054028496,0.0040102078016769,0.4592401779845314,0.380281690140845,0.0321873314999663,0.0004434589800443,-0.0022911101342299,0.0,-0.09552415510326018,0.033904484141451,0.0,-0.007411518253664397
8,44,lgbm,s1_plus_ig,1.0,0.25,positive_only,s1_plus_ig/mode=positive_only/ratio=1.0/keep=0.25,0.3753764842571163,0.0065621582209259,0.4417750000603081,0.3661971830985915,0.0298837401062911,0.9257882212968472,0.3930393454911744,S1/random_over,0.4171387054028496,0.0040102078016769,0.4592401779845314,0.380281690140845,0.0321873314999663,0.0004434589800443,-0.0022911101342299,0.0,-0.0417622211457333,0.002551950419249,-0.014084507042253502,-0.0023035913936751973
8,44,lgbm,s1_plus_ig,1.5,0.25,positive_only,s1_plus_ig/mode=positive_only/ratio=1.5/keep=0.25,0.3304077096911626,0.0087495442945679,0.4367802007494327,0.3943661971830985,0.0347889359412164,0.9257882212968472,0.3930393454911744,S1/random_over,0.4171387054028496,0.0040102078016769,0.4592401779845314,0.380281690140845,0.0321873314999663,0.0004434589800443,-0.0022911101342299,0.0,-0.08673099571168696,0.004739336492890999,0.014084507042253502,0.0026016044412501063
8,44,lgbm,s1_plus_ig,2.0,0.25,positive_only,s1_plus_ig/mode=positive_only/ratio=2.0/keep=0.25,0.347257664581513,0.0080204156033539,0.4463179259852655,0.380281690140845,0.018759578651416,0.9257882212968472,0.3930393454911744,S1/random_over,0.4171387054028496,0.0040102078016769,0.4592401779845314,0.380281690140845,0.0321873314999663,0.0004434589800443,-0.0022911101342299,0.0,-0.06988104082133656,0.004010207801676999,0.0,-0.013427752848550297
8,44,lgbm,s1_plus_ig,0.25,0.5,positive_only,s1_plus_ig/mode=positive_only/ratio=0.25/keep=0.5,0.3998089361773732,0.0065621582209259,0.4546087981517783,0.380281690140845,0.0318286690962779,0.9930472932778108,0.3966593098979475,S1/random_over,0.4171387054028496,0.0040102078016769,0.4592401779845314,0.380281690140845,0.0321873314999663,0.0004434589800443,-0.0022911101342299,0.0,-0.01732976922547641,0.002551950419249,0.0,-0.00035866240368839786
8,44,lgbm,s1_plus_ig,0.5,0.5,positive_only,s1_plus_ig/mode=positive_only/ratio=0.5/keep=0.5,0.3150981880791005,0.0087495442945679,0.4367802007494327,0.380281690140845,0.0307988810143257,0.9930472932778108,0.3966593098979475,S1/random_over,0.4171387054028496,0.0040102078016769,0.4592401779845314,0.380281690140845,0.0321873314999663,0.0004434589800443,-0.0022911101342299,0.0,-0.10204051732374908,0.004739336492890999,0.0,-0.0013884504856405966
8,44,lgbm,s1_plus_ig,0.75,0.5,positive_only,s1_plus_ig/mode=positive_only/ratio=0.75/keep=0.5,0.326580716661114,0.0554137805322639,0.4245569338724207,0.352112676056338,0.0337486824283904,0.9930472932778108,0.3966593098979475,S1/random_over,0.4171387054028496,0.0040102078016769,0.4592401779845314,0.380281690140845,0.0321873314999663,0.0004434589800443,-0.0022911101342299,0.0,-0.0905579887417356,0.051403572730587,-0.028169014084507005,0.0015613509284241045
8,44,lgbm,s1_plus_ig,1.0,0.5,positive_only,s1_plus_ig/mode=positive_only/ratio=1.0/keep=0.5,0.3105663948834701,0.0091141086401749,0.4197935997998507,0.3661971830985915,0.0315920572687579,0.9930472932778108,0.3966593098979475,S1/random_over,0.4171387054028496,0.0040102078016769,0.4592401779845314,0.380281690140845,0.0321873314999663,0.0004434589800443,-0.0022911101342299,0.0,-0.10657231051937949,0.005103900838498,-0.014084507042253502,-0.0005952742312083995
8,44,lgbm,s1_plus_ig,1.5,0.5,positive_only,s1_plus_ig/mode=positive_only/ratio=1.5/keep=0.5,0.3388826191677226,0.0080204156033539,0.4338032329165056,0.3661971830985915,0.0270726193044827,0.9930472932778108,0.3966593098979475,S1/random_over,0.4171387054028496,0.0040102078016769,0.4592401779845314,0.380281690140845,0.0321873314999663,0.0004434589800443,-0.0022911101342299,0.0,-0.07825608623512698,0.004010207801676999,-0.014084507042253502,-0.0051147121954835985
8,44,lgbm,s1_plus_ig,2.0,0.5,positive_only,s1_plus_ig/mode=positive_only/ratio=2.0/keep=0.5,0.3241979074542457,0.0382792562887349,0.4577792861417807,0.3661971830985915,0.02480048736986,0.9930472932778108,0.3966593098979475,S1/random_over,0.4171387054028496,0.0040102078016769,0.4592401779845314,0.380281690140845,0.0321873314999663,0.0004434589800443,-0.0022911101342299,0.0,-0.09294079794860388,0.034269048487058,-0.014084507042253502,-0.007386844130106297
8,44,lgbm,s1_plus_ig,0.25,0.75,positive_only,s1_plus_ig/mode=positive_only/ratio=0.25/keep=0.75,0.3998089361773732,0.0065621582209259,0.4546087981517783,0.380281690140845,0.0318286690962779,0.9955011897679952,0.376663839907335,S1/random_over,0.4171387054028496,0.0040102078016769,0.4592401779845314,0.380281690140845,0.0321873314999663,0.0004434589800443,-0.0022911101342299,0.0,-0.01732976922547641,0.002551950419249,0.0,-0.00035866240368839786
8,44,lgbm,s1_plus_ig,0.5,0.75,positive_only,s1_plus_ig/mode=positive_only/ratio=0.5/keep=0.75,0.3150981880791005,0.0087495442945679,0.4367802007494327,0.380281690140845,0.0307988810143257,0.9955011897679952,0.376663839907335,S1/random_over,0.4171387054028496,0.0040102078016769,0.4592401779845314,0.380281690140845,0.0321873314999663,0.0004434589800443,-0.0022911101342299,0.0,-0.10204051732374908,0.004739336492890999,0.0,-0.0013884504856405966
8,44,lgbm,s1_plus_ig,0.75,0.75,positive_only,s1_plus_ig/mode=positive_only/ratio=0.75/keep=0.75,0.3221731201761525,0.0382792562887349,0.4577792861417807,0.323943661971831,0.0370017059725232,0.9955011897679952,0.376663839907335,S1/random_over,0.4171387054028496,0.0040102078016769,0.4592401779845314,0.380281690140845,0.0321873314999663,0.0004434589800443,-0.0022911101342299,0.0,-0.09496558522669707,0.034269048487058,-0.05633802816901401,0.0048143744725569
8,44,lgbm,s1_plus_ig,1.0,0.75,positive_only,s1_plus_ig/mode=positive_only/ratio=1.0/keep=0.75,0.3122072374884382,0.0433831571272329,0.4682341994237313,0.3661971830985915,0.0449875298092936,0.9955011897679952,0.376663839907335,S1/random_over,0.4171387054028496,0.0040102078016769,0.4592401779845314,0.380281690140845,0.0321873314999663,0.0004434589800443,-0.0022911101342299,0.0,-0.10493146791441138,0.039372949325556,-0.014084507042253502,0.012800198309327306
8,44,lgbm,s1_plus_ig,1.5,0.75,positive_only,s1_plus_ig/mode=positive_only/ratio=1.5/keep=0.75,0.3302480034027887,0.0448414145096609,0.4623221766548429,0.380281690140845,0.0400430941644511,0.9955011897679952,0.376663839907335,S1/random_over,0.4171387054028496,0.0040102078016769,0.4592401779845314,0.380281690140845,0.0321873314999663,0.0004434589800443,-0.0022911101342299,0.0,-0.08689070200006088,0.040831206707984,0.0,0.007855762664484803
8,44,lgbm,s1_plus_ig,2.0,0.75,positive_only,s1_plus_ig/mode=positive_only/ratio=2.0/keep=0.75,0.2905518517192645,0.0441122858184469,0.4731400746878135,0.2957746478873239,0.0365926348657757,0.9955011897679952,0.376663839907335,S1/random_over,0.4171387054028496,0.0040102078016769,0.4592401779845314,0.380281690140845,0.0321873314999663,0.0004434589800443,-0.0022911101342299,0.0,-0.12658685368358508,0.04010207801677,-0.08450704225352113,0.004405303365809403
8,44,lgbm,s1_plus_ig,0.25,1.0,positive_only,s1_plus_ig/mode=positive_only/ratio=0.25/keep=1.0,0.3998089361773732,0.0065621582209259,0.4546087981517783,0.380281690140845,0.0318286690962779,0.9932331945270672,0.3374189313935024,S1/random_over,0.4171387054028496,0.0040102078016769,0.4592401779845314,0.380281690140845,0.0321873314999663,0.0004434589800443,-0.0022911101342299,0.0,-0.01732976922547641,0.002551950419249,0.0,-0.00035866240368839786
8,44,lgbm,s1_plus_ig,0.5,1.0,positive_only,s1_plus_ig/mode=positive_only/ratio=0.5/keep=1.0,0.3150981880791005,0.0087495442945679,0.4367802007494327,0.380281690140845,0.0307988810143257,0.9932331945270672,0.3374189313935024,S1/random_over,0.4171387054028496,0.0040102078016769,0.4592401779845314,0.380281690140845,0.0321873314999663,0.0004434589800443,-0.0022911101342299,0.0,-0.10204051732374908,0.004739336492890999,0.0,-0.0013884504856405966
8,44,lgbm,s1_plus_ig,0.75,1.0,positive_only,s1_plus_ig/mode=positive_only/ratio=0.75/keep=1.0,0.3221731201761525,0.0382792562887349,0.4577792861417807,0.323943661971831,0.0370017059725232,0.9932331945270672,0.3374189313935024,S1/random_over,0.4171387054028496,0.0040102078016769,0.4592401779845314,0.380281690140845,0.0321873314999663,0.0004434589800443,-0.0022911101342299,0.0,-0.09496558522669707,0.034269048487058,-0.05633802816901401,0.0048143744725569
8,44,lgbm,s1_plus_ig,1.0,1.0,positive_only,s1_plus_ig/mode=positive_only/ratio=1.0/keep=1.0,0.3122072374884382,0.0433831571272329,0.4682341994237313,0.3661971830985915,0.0449875298092936,0.9932331945270672,0.3374189313935024,S1/random_over,0.4171387054028496,0.0040102078016769,0.4592401779845314,0.380281690140845,0.0321873314999663,0.0004434589800443,-0.0022911101342299,0.0,-0.10493146791441138,0.039372949325556,-0.014084507042253502,0.012800198309327306
8,44,lgbm,s1_plus_ig,1.5,1.0,positive_only,s1_plus_ig/mode=positive_only/ratio=1.5/keep=1.0,0.341334246906333,0.0448414145096609,0.4305000335597954,0.380281690140845,0.029158566765883,0.9932331945270672,0.3374189313935024,S1/random_over,0.4171387054028496,0.0040102078016769,0.4592401779845314,0.380281690140845,0.0321873314999663,0.0004434589800443,-0.0022911101342299,0.0,-0.07580445849651657,0.040831206707984,0.0,-0.0030287647340832974
8,44,lgbm,s1_plus_ig,2.0,1.0,positive_only,s1_plus_ig/mode=positive_only/ratio=2.0/keep=1.0,0.3017552900822464,0.0083849799489609,0.4414793487603856,0.380281690140845,0.0359459303976208,0.9932331945270672,0.3374189313935024,S1/random_over,0.4171387054028496,0.0040102078016769,0.4592401779845314,0.380281690140845,0.0321873314999663,0.0004434589800443,-0.0022911101342299,0.0,-0.1153834153206032,0.004374772147284,0.0,0.0037585988976545012
8,45,lgbm,s1_plus_ig,0.25,0.25,positive_only,s1_plus_ig/mode=positive_only/ratio=0.25/keep=0.25,0.3930408879097621,0.0393729493255559,0.4855654381601508,0.3943661971830985,0.0414086529415692,0.9568709101725164,0.3615710486591837,S1/random_over,0.4068714041189124,0.0401020780167699,0.4822895766226049,0.3943661971830985,0.0292251849548147,0.0115299334811529,0.1296937179421348,0.0,-0.013830516209150323,-0.0007291286912139983,0.0,0.012183467986754501
8,45,lgbm,s1_plus_ig,0.5,0.25,positive_only,s1_plus_ig/mode=positive_only/ratio=0.5/keep=0.25,0.3976379575242529,0.0419248997448049,0.4743472160965575,0.3943661971830985,0.037157982744446,0.9568709101725164,0.3615710486591837,S1/random_over,0.4068714041189124,0.0401020780167699,0.4822895766226049,0.3943661971830985,0.0292251849548147,0.0115299334811529,0.1296937179421348,0.0,-0.009233446594659522,0.0018228217280350026,0.0,0.007932797789631296
8,45,lgbm,s1_plus_ig,0.75,0.25,positive_only,s1_plus_ig/mode=positive_only/ratio=0.75/keep=0.25,0.4016460556858771,0.0040102078016769,0.4857712521669128,0.380281690140845,0.0328391493499093,0.9568709101725164,0.3615710486591837,S1/random_over,0.4068714041189124,0.0401020780167699,0.4822895766226049,0.3943661971830985,0.0292251849548147,0.0115299334811529,0.1296937179421348,0.0,-0.005225348433035348,-0.036091870215093,-0.014084507042253502,0.0036139643950946
8,45,lgbm,s1_plus_ig,1.0,0.25,positive_only,s1_plus_ig/mode=positive_only/ratio=1.0/keep=0.25,0.3754061213287409,0.0444768501640539,0.4794920959671564,0.3661971830985915,0.0312185366992431,0.9568709101725164,0.3615710486591837,S1/random_over,0.4068714041189124,0.0401020780167699,0.4822895766226049,0.3943661971830985,0.0292251849548147,0.0115299334811529,0.1296937179421348,0.0,-0.03146528279017152,0.004374772147284003,-0.028169014084507005,0.0019933517444283982
8,45,lgbm,s1_plus_ig,1.5,0.25,positive_only,s1_plus_ig/mode=positive_only/ratio=1.5/keep=0.25,0.3983237097051518,0.0499453153481589,0.4430599487498664,0.3661971830985915,0.0422277977513268,0.9568709101725164,0.3615710486591837,S1/random_over,0.4068714041189124,0.0401020780167699,0.4822895766226049,0.3943661971830985,0.0292251849548147,0.0115299334811529,0.1296937179421348,0.0,-0.008547694413760631,0.009843237331389004,-0.028169014084507005,0.013002612796512096
8,45,lgbm,s1_plus_ig,2.0,0.25,positive_only,s1_plus_ig/mode=positive_only/ratio=2.0/keep=0.25,0.3791922598631773,0.0437477214728399,0.4667377996639328,0.3661971830985915,0.0358711750743373,0.9568709101725164,0.3615710486591837,S1/random_over,0.4068714041189124,0.0401020780167699,0.4822895766226049,0.3943661971830985,0.0292251849548147,0.0115299334811529,0.1296937179421348,0.0,-0.027679144255735144,0.003645643456070005,-0.028169014084507005,0.006645990119522598
8,45,lgbm,s1_plus_ig,0.25,0.5,positive_only,s1_plus_ig/mode=positive_only/ratio=0.25/keep=0.5,0.3930408879097621,0.0393729493255559,0.4855654381601508,0.3943661971830985,0.0414086529415692,0.9984756097560976,0.4324768166000418,S1/random_over,0.4068714041189124,0.0401020780167699,0.4822895766226049,0.3943661971830985,0.0292251849548147,0.0115299334811529,0.1296937179421348,0.0,-0.013830516209150323,-0.0007291286912139983,0.0,0.012183467986754501
8,45,lgbm,s1_plus_ig,0.5,0.5,positive_only,s1_plus_ig/mode=positive_only/ratio=0.5/keep=0.5,0.3742724849404878,0.0441122858184469,0.4573296237907053,0.3661971830985915,0.0256428425908733,0.9984756097560976,0.4324768166000418,S1/random_over,0.4068714041189124,0.0401020780167699,0.4822895766226049,0.3943661971830985,0.0292251849548147,0.0115299334811529,0.1296937179421348,0.0,-0.03259891917842461,0.004010207801677004,-0.028169014084507005,-0.0035823423639414
8,45,lgbm,s1_plus_ig,0.75,0.5,positive_only,s1_plus_ig/mode=positive_only/ratio=0.75/keep=0.5,0.4051984964404961,0.0051039008384979,0.452361882513443,0.3661971830985915,0.0365678745246778,0.9984756097560976,0.4324768166000418,S1/random_over,0.4068714041189124,0.0401020780167699,0.4822895766226049,0.3943661971830985,0.0292251849548147,0.0115299334811529,0.1296937179421348,0.0,-0.0016729076784163244,-0.034998177178272,-0.028169014084507005,0.007342689569863101
8,45,lgbm,s1_plus_ig,1.0,0.5,positive_only,s1_plus_ig/mode=positive_only/ratio=1.0/keep=0.5,0.4296780505526704,0.0426540284360189,0.4472167346928526,0.380281690140845,0.0412590016525404,0.9984756097560976,0.4324768166000418,S1/random_over,0.4068714041189124,0.0401020780167699,0.4822895766226049,0.3943661971830985,0.0292251849548147,0.0115299334811529,0.1296937179421348,0.0,0.02280664643375796,0.002551950419249001,-0.014084507042253502,0.0120338166977257
8,45,lgbm,s1_plus_ig,1.5,0.5,positive_only,s1_plus_ig/mode=positive_only/ratio=1.5/keep=0.5,0.3547936797880683,0.0061975938753189,0.4473941674407619,0.380281690140845,0.0355226495013813,0.9984756097560976,0.4324768166000418,S1/random_over,0.4068714041189124,0.0401020780167699,0.4822895766226049,0.3943661971830985,0.0292251849548147,0.0115299334811529,0.1296937179421348,0.0,-0.05207772433084412,-0.033904484141450995,-0.014084507042253502,0.0062974645465666
8,45,lgbm,s1_plus_ig,2.0,0.5,positive_only,s1_plus_ig/mode=positive_only/ratio=2.0/keep=0.5,0.306495523710711,0.0069267225665329,0.4491546023043041,0.380281690140845,0.0370177998716151,0.9984756097560976,0.4324768166000418,S1/random_over,0.4068714041189124,0.0401020780167699,0.4822895766226049,0.3943661971830985,0.0292251849548147,0.0115299334811529,0.1296937179421348,0.0,-0.10037588040820145,-0.033175355450237,-0.014084507042253502,0.007792614916800396
8,45,lgbm,s1_plus_ig,0.25,0.75,positive_only,s1_plus_ig/mode=positive_only/ratio=0.25/keep=0.75,0.3930408879097621,0.0393729493255559,0.4855654381601508,0.3943661971830985,0.0414086529415692,0.9990333135038668,0.3969950155151888,S1/random_over,0.4068714041189124,0.0401020780167699,0.4822895766226049,0.3943661971830985,0.0292251849548147,0.0115299334811529,0.1296937179421348,0.0,-0.013830516209150323,-0.0007291286912139983,0.0,0.012183467986754501
8,45,lgbm,s1_plus_ig,0.5,0.75,positive_only,s1_plus_ig/mode=positive_only/ratio=0.5/keep=0.75,0.3742724849404878,0.0441122858184469,0.4573296237907053,0.3661971830985915,0.0256428425908733,0.9990333135038668,0.3969950155151888,S1/random_over,0.4068714041189124,0.0401020780167699,0.4822895766226049,0.3943661971830985,0.0292251849548147,0.0115299334811529,0.1296937179421348,0.0,-0.03259891917842461,0.004010207801677004,-0.028169014084507005,-0.0035823423639414
8,45,lgbm,s1_plus_ig,0.75,0.75,positive_only,s1_plus_ig/mode=positive_only/ratio=0.75/keep=0.75,0.3604006691312359,0.0528618301130149,0.4405373928022904,0.380281690140845,0.0365381759335953,0.9990333135038668,0.3969950155151888,S1/random_over,0.4068714041189124,0.0401020780167699,0.4822895766226049,0.3943661971830985,0.0292251849548147,0.0115299334811529,0.1296937179421348,0.0,-0.04647073498767651,0.012759752096245004,-0.014084507042253502,0.007312990978780597
8,45,lgbm,s1_plus_ig,1.0,0.75,positive_only,s1_plus_ig/mode=positive_only/ratio=1.0/keep=0.75,0.3429999996148818,0.0076558512577469,0.4387607771062446,0.380281690140845,0.0338367171847724,0.9990333135038668,0.3969950155151888,S1/random_over,0.4068714041189124,0.0401020780167699,0.4822895766226049,0.3943661971830985,0.0292251849548147,0.0115299334811529,0.1296937179421348,0.0,-0.06387140450403062,-0.032446226759023,-0.014084507042253502,0.0046115322299577
8,45,lgbm,s1_plus_ig,1.5,0.75,positive_only,s1_plus_ig/mode=positive_only/ratio=1.5/keep=0.75,0.3294869093585073,0.0477579292745169,0.4432605221586241,0.352112676056338,0.0381832111858345,0.9990333135038668,0.3969950155151888,S1/random_over,0.4068714041189124,0.0401020780167699,0.4822895766226049,0.3943661971830985,0.0292251849548147,0.0115299334811529,0.1296937179421348,0.0,-0.07738449476040515,0.0076558512577470025,-0.04225352112676051,0.008958026231019801
8,45,lgbm,s1_plus_ig,2.0,0.75,positive_only,s1_plus_ig/mode=positive_only/ratio=2.0/keep=0.75,0.332056420334487,0.0477579292745169,0.4510575255733652,0.3661971830985915,0.0335340192918402,0.9990333135038668,0.3969950155151888,S1/random_over,0.4068714041189124,0.0401020780167699,0.4822895766226049,0.3943661971830985,0.0292251849548147,0.0115299334811529,0.1296937179421348,0.0,-0.07481498378442542,0.0076558512577470025,-0.028169014084507005,0.004308834337025502
8,45,lgbm,s1_plus_ig,0.25,1.0,positive_only,s1_plus_ig/mode=positive_only/ratio=0.25/keep=1.0,0.3930408879097621,0.0393729493255559,0.4855654381601508,0.3943661971830985,0.0414086529415692,0.998661511005354,0.4288988369283714,S1/random_over,0.4068714041189124,0.0401020780167699,0.4822895766226049,0.3943661971830985,0.0292251849548147,0.0115299334811529,0.1296937179421348,0.0,-0.013830516209150323,-0.0007291286912139983,0.0,0.012183467986754501
8,45,lgbm,s1_plus_ig,0.5,1.0,positive_only,s1_plus_ig/mode=positive_only/ratio=0.5/keep=1.0,0.3742724849404878,0.0441122858184469,0.4573296237907053,0.3661971830985915,0.0256428425908733,0.998661511005354,0.4288988369283714,S1/random_over,0.4068714041189124,0.0401020780167699,0.4822895766226049,0.3943661971830985,0.0292251849548147,0.0115299334811529,0.1296937179421348,0.0,-0.03259891917842461,0.004010207801677004,-0.028169014084507005,-0.0035823423639414
8,45,lgbm,s1_plus_ig,0.75,1.0,positive_only,s1_plus_ig/mode=positive_only/ratio=0.75/keep=1.0,0.3604006691312359,0.0528618301130149,0.4405373928022904,0.380281690140845,0.0365381759335953,0.998661511005354,0.4288988369283714,S1/random_over,0.4068714041189124,0.0401020780167699,0.4822895766226049,0.3943661971830985,0.0292251849548147,0.0115299334811529,0.1296937179421348,0.0,-0.04647073498767651,0.012759752096245004,-0.014084507042253502,0.007312990978780597
8,45,lgbm,s1_plus_ig,1.0,1.0,positive_only,s1_plus_ig/mode=positive_only/ratio=1.0/keep=1.0,0.3429999996148818,0.0076558512577469,0.4387607771062446,0.380281690140845,0.0338367171847724,0.998661511005354,0.4288988369283714,S1/random_over,0.4068714041189124,0.0401020780167699,0.4822895766226049,0.3943661971830985,0.0292251849548147,0.0115299334811529,0.1296937179421348,0.0,-0.06387140450403062,-0.032446226759023,-0.014084507042253502,0.0046115322299577
8,45,lgbm,s1_plus_ig,1.5,1.0,positive_only,s1_plus_ig/mode=positive_only/ratio=1.5/keep=1.0,0.3582869291346552,0.0058330295297119,0.4532128140709495,0.3661971830985915,0.0319710055015701,0.998661511005354,0.4288988369283714,S1/random_over,0.4068714041189124,0.0401020780167699,0.4822895766226049,0.3943661971830985,0.0292251849548147,0.0115299334811529,0.1296937179421348,0.0,-0.04858447498425722,-0.034269048487057995,-0.028169014084507005,0.002745820546755401
8,45,lgbm,s1_plus_ig,2.0,1.0,positive_only,s1_plus_ig/mode=positive_only/ratio=2.0/keep=1.0,0.3597971308343728,0.0288005833029529,0.4622874181298699,0.3661971830985915,0.0482030538470318,0.998661511005354,0.4288988369283714,S1/random_over,0.4068714041189124,0.0401020780167699,0.4822895766226049,0.3943661971830985,0.0292251849548147,0.0115299334811529,0.1296937179421348,0.0,-0.047074273284539614,-0.011301494713816997,-0.028169014084507005,0.0189778688922171
8,46,lgbm,s1_plus_ig,0.25,0.25,positive_only,s1_plus_ig/mode=positive_only/ratio=0.25/keep=0.25,0.3586308699346889,0.0072912869121399,0.4438750277978368,0.3943661971830985,0.0388832442527128,0.9894408090422367,0.3263987233764274,S1/smote,0.4159014256662958,0.0047393364928909,0.4454443706258415,0.3661971830985915,0.0415182917605993,0.0008869179600886,-0.0032408294992417,0.0,-0.05727055573160689,0.002551950419249,0.028169014084507005,-0.0026350475078864982
8,46,lgbm,s1_plus_ig,0.5,0.25,positive_only,s1_plus_ig/mode=positive_only/ratio=0.5/keep=0.25,0.36943671291172,0.0404666423623769,0.4806732683958719,0.3661971830985915,0.0303887537412408,0.9894408090422367,0.3263987233764274,S1/smote,0.4159014256662958,0.0047393364928909,0.4454443706258415,0.3661971830985915,0.0415182917605993,0.0008869179600886,-0.0032408294992417,0.0,-0.04646471275457581,0.035727305869486005,0.0,-0.011129538019358499
8,46,lgbm,s1_plus_ig,0.75,0.25,positive_only,s1_plus_ig/mode=positive_only/ratio=0.75/keep=0.25,0.433305112315019,0.0360918702150929,0.5010663488808773,0.380281690140845,0.0396975338525199,0.9894408090422367,0.3263987233764274,S1/smote,0.4159014256662958,0.0047393364928909,0.4454443706258415,0.3661971830985915,0.0415182917605993,0.0008869179600886,-0.0032408294992417,0.0,0.017403686648723216,0.031352533722202,0.014084507042253502,-0.0018207579080793956
8,46,lgbm,s1_plus_ig,1.0,0.25,positive_only,s1_plus_ig/mode=positive_only/ratio=1.0/keep=0.25,0.3333336317736606,0.0382792562887349,0.4824531950413906,0.352112676056338,0.0355521414209119,0.9894408090422367,0.3263987233764274,S1/smote,0.4159014256662958,0.0047393364928909,0.4454443706258415,0.3661971830985915,0.0415182917605993,0.0008869179600886,-0.0032408294992417,0.0,-0.08256779389263519,0.033539919795844,-0.014084507042253502,-0.0059661503396874
8,46,lgbm,s1_plus_ig,1.5,0.25,positive_only,s1_plus_ig/mode=positive_only/ratio=1.5/keep=0.25,0.451524389801134,0.0364564345606999,0.4910729352760153,0.3661971830985915,0.0366753618794028,0.9894408090422367,0.3263987233764274,S1/smote,0.4159014256662958,0.0047393364928909,0.4454443706258415,0.3661971830985915,0.0415182917605993,0.0008869179600886,-0.0032408294992417,0.0,0.03562296413483823,0.031717098067809,0.0,-0.0048429298811965005
8,46,lgbm,s1_plus_ig,2.0,0.25,positive_only,s1_plus_ig/mode=positive_only/ratio=2.0/keep=0.25,0.3728199885983232,0.0346336128326649,0.4834184579310728,0.3661971830985915,0.0383894895840716,0.9894408090422367,0.3263987233764274,S1/smote,0.4159014256662958,0.0047393364928909,0.4454443706258415,0.3661971830985915,0.0415182917605993,0.0008869179600886,-0.0032408294992417,0.0,-0.04308143706797257,0.029894276339774005,0.0,-0.003128802176527695
8,46,lgbm,s1_plus_ig,0.25,0.5,positive_only,s1_plus_ig/mode=positive_only/ratio=0.25/keep=0.5,0.3586308699346889,0.0072912869121399,0.4438750277978368,0.3943661971830985,0.0388832442527128,1.0,0.3297663889926996,S1/smote,0.4159014256662958,0.0047393364928909,0.4454443706258415,0.3661971830985915,0.0415182917605993,0.0008869179600886,-0.0032408294992417,0.0,-0.05727055573160689,0.002551950419249,0.028169014084507005,-0.0026350475078864982
8,46,lgbm,s1_plus_ig,0.5,0.5,positive_only,s1_plus_ig/mode=positive_only/ratio=0.5/keep=0.5,0.3378098259898703,0.0328107911046299,0.484270611769034,0.3661971830985915,0.0376142693331085,1.0,0.3297663889926996,S1/smote,0.4159014256662958,0.0047393364928909,0.4454443706258415,0.3661971830985915,0.0415182917605993,0.0008869179600886,-0.0032408294992417,0.0,-0.07809159967642548,0.028071454611739002,0.0,-0.0039040224274907998
8,46,lgbm,s1_plus_ig,0.75,0.5,positive_only,s1_plus_ig/mode=positive_only/ratio=0.75/keep=0.5,0.3335769098441399,0.0419248997448049,0.4502181359301453,0.380281690140845,0.0337791387052908,1.0,0.3297663889926996,S1/smote,0.4159014256662958,0.0047393364928909,0.4454443706258415,0.3661971830985915,0.0415182917605993,0.0008869179600886,-0.0032408294992417,0.0,-0.08232451582215589,0.037185563251914,0.014084507042253502,-0.0077391530553084995
8,46,lgbm,s1_plus_ig,1.0,0.5,positive_only,s1_plus_ig/mode=positive_only/ratio=1.0/keep=0.5,0.3173198260355668,0.0422894640904119,0.4648099077368777,0.380281690140845,0.033861134133258,1.0,0.3297663889926996,S1/smote,0.4159014256662958,0.0047393364928909,0.4454443706258415,0.3661971830985915,0.0415182917605993,0.0008869179600886,-0.0032408294992417,0.0,-0.09858159963072899,0.037550127597521,0.014084507042253502,-0.007657157627341295
8,46,lgbm,s1_plus_ig,1.5,0.5,positive_only,s1_plus_ig/mode=positive_only/ratio=1.5/keep=0.5,0.3214034184055618,0.0375501275975209,0.4776442140295631,0.352112676056338,0.0302728540805387,1.0,0.3297663889926996,S1/smote,0.4159014256662958,0.0047393364928909,0.4454443706258415,0.3661971830985915,0.0415182917605993,0.0008869179600886,-0.0032408294992417,0.0,-0.09449800726073398,0.032810791104630005,-0.014084507042253502,-0.011245437680060599
8,46,lgbm,s1_plus_ig,2.0,0.5,positive_only,s1_plus_ig/mode=positive_only/ratio=2.0/keep=0.5,0.3355385731403039,0.0437477214728399,0.4667377996639328,0.3661971830985915,0.0355800939728157,1.0,0.3297663889926996,S1/smote,0.4159014256662958,0.0047393364928909,0.4454443706258415,0.3661971830985915,0.0415182917605993,0.0008869179600886,-0.0032408294992417,0.0,-0.0803628525259919,0.039008384979949004,0.0,-0.0059381977877835945
8,46,lgbm,s1_plus_ig,0.25,0.75,positive_only,s1_plus_ig/mode=positive_only/ratio=0.25/keep=0.75,0.3586308699346889,0.0072912869121399,0.4438750277978368,0.3943661971830985,0.0388832442527128,1.0,0.2173508679369284,S1/smote,0.4159014256662958,0.0047393364928909,0.4454443706258415,0.3661971830985915,0.0415182917605993,0.0008869179600886,-0.0032408294992417,0.0,-0.05727055573160689,0.002551950419249,0.028169014084507005,-0.0026350475078864982
8,46,lgbm,s1_plus_ig,0.5,0.75,positive_only,s1_plus_ig/mode=positive_only/ratio=0.5/keep=0.75,0.3378098259898703,0.0328107911046299,0.484270611769034,0.3661971830985915,0.0376142693331085,1.0,0.2173508679369284,S1/smote,0.4159014256662958,0.0047393364928909,0.4454443706258415,0.3661971830985915,0.0415182917605993,0.0008869179600886,-0.0032408294992417,0.0,-0.07809159967642548,0.028071454611739002,0.0,-0.0039040224274907998
8,46,lgbm,s1_plus_ig,0.75,0.75,positive_only,s1_plus_ig/mode=positive_only/ratio=0.75/keep=0.75,0.3391471333961962,0.0386438206343419,0.4889004492000406,0.3661971830985915,0.0339767389533347,1.0,0.2173508679369284,S1/smote,0.4159014256662958,0.0047393364928909,0.4454443706258415,0.3661971830985915,0.0415182917605993,0.0008869179600886,-0.0032408294992417,0.0,-0.07675429227009961,0.033904484141451,0.0,-0.007541552807264595
8,46,lgbm,s1_plus_ig,1.0,0.75,positive_only,s1_plus_ig/mode=positive_only/ratio=1.0/keep=0.75,0.3523361514552059,0.0532263944586219,0.4393022437366239,0.3661971830985915,0.0365829770182319,1.0,0.2173508679369284,S1/smote,0.4159014256662958,0.0047393364928909,0.4454443706258415,0.3661971830985915,0.0415182917605993,0.0008869179600886,-0.0032408294992417,0.0,-0.06356527421108987,0.048487057965731,0.0,-0.0049353147423674
8,46,lgbm,s1_plus_ig,1.5,0.75,positive_only,s1_plus_ig/mode=positive_only/ratio=1.5/keep=0.75,0.2813549313238321,0.0408312067079839,0.4218919001553436,0.3098591549295774,0.0454131360811713,1.0,0.2173508679369284,S1/smote,0.4159014256662958,0.0047393364928909,0.4454443706258415,0.3661971830985915,0.0415182917605993,0.0008869179600886,-0.0032408294992417,0.0,-0.13454649434246369,0.036091870215093004,-0.05633802816901412,0.003894844320572001
8,46,lgbm,s1_plus_ig,2.0,0.75,positive_only,s1_plus_ig/mode=positive_only/ratio=2.0/keep=0.75,0.2998691573867014,0.0083849799489609,0.4289943954024638,0.380281690140845,0.0529812013893943,1.0,0.2173508679369284,S1/smote,0.4159014256662958,0.0047393364928909,0.4454443706258415,0.3661971830985915,0.0415182917605993,0.0008869179600886,-0.0032408294992417,0.0,-0.1160322682795944,0.00364564345607,0.014084507042253502,0.011462909628795002
8,46,lgbm,s1_plus_ig,0.25,1.0,positive_only,s1_plus_ig/mode=positive_only/ratio=0.25/keep=1.0,0.3586308699346889,0.0072912869121399,0.4438750277978368,0.3943661971830985,0.0388832442527128,1.0,0.2623152565693085,S1/smote,0.4159014256662958,0.0047393364928909,0.4454443706258415,0.3661971830985915,0.0415182917605993,0.0008869179600886,-0.0032408294992417,0.0,-0.05727055573160689,0.002551950419249,0.028169014084507005,-0.0026350475078864982
8,46,lgbm,s1_plus_ig,0.5,1.0,positive_only,s1_plus_ig/mode=positive_only/ratio=0.5/keep=1.0,0.3378098259898703,0.0328107911046299,0.484270611769034,0.3661971830985915,0.0376142693331085,1.0,0.2623152565693085,S1/smote,0.4159014256662958,0.0047393364928909,0.4454443706258415,0.3661971830985915,0.0415182917605993,0.0008869179600886,-0.0032408294992417,0.0,-0.07809159967642548,0.028071454611739002,0.0,-0.0039040224274907998
8,46,lgbm,s1_plus_ig,0.75,1.0,positive_only,s1_plus_ig/mode=positive_only/ratio=0.75/keep=1.0,0.3391471333961962,0.0386438206343419,0.4889004492000406,0.3661971830985915,0.0339767389533347,1.0,0.2623152565693085,S1/smote,0.4159014256662958,0.0047393364928909,0.4454443706258415,0.3661971830985915,0.0415182917605993,0.0008869179600886,-0.0032408294992417,0.0,-0.07675429227009961,0.033904484141451,0.0,-0.007541552807264595
8,46,lgbm,s1_plus_ig,1.0,1.0,positive_only,s1_plus_ig/mode=positive_only/ratio=1.0/keep=1.0,0.3523361514552059,0.0532263944586219,0.4393022437366239,0.3661971830985915,0.0365829770182319,1.0,0.2623152565693085,S1/smote,0.4159014256662958,0.0047393364928909,0.4454443706258415,0.3661971830985915,0.0415182917605993,0.0008869179600886,-0.0032408294992417,0.0,-0.06356527421108987,0.048487057965731,0.0,-0.0049353147423674
8,46,lgbm,s1_plus_ig,1.5,1.0,positive_only,s1_plus_ig/mode=positive_only/ratio=1.5/keep=1.0,0.325827080380714,0.0072912869121399,0.4310905875136924,0.3661971830985915,0.0323952583460828,1.0,0.2623152565693085,S1/smote,0.4159014256662958,0.0047393364928909,0.4454443706258415,0.3661971830985915,0.0415182917605993,0.0008869179600886,-0.0032408294992417,0.0,-0.09007434528558178,0.002551950419249,0.0,-0.0091230334145165
8,46,lgbm,s1_plus_ig,2.0,1.0,positive_only,s1_plus_ig/mode=positive_only/ratio=2.0/keep=1.0,0.3021795877647032,0.0477579292745169,0.4510575255733652,0.3661971830985915,0.0395323672936458,1.0,0.2623152565693085,S1/smote,0.4159014256662958,0.0047393364928909,0.4454443706258415,0.3661971830985915,0.0415182917605993,0.0008869179600886,-0.0032408294992417,0.0,-0.11372183790159257,0.043018592781626,0.0,-0.0019859244669534967
9,42,lgbm,s1_plus_ig,0.25,0.25,positive_only,s1_plus_ig/mode=positive_only/ratio=0.25/keep=0.25,0.0168093800939196,0.0567164179104477,0.0393447225401486,0.0285714285714285,0.0210801130711977,0.8703923900118906,0.04068187335572,S1/random_over,0.0263539594836844,0.060033167495854,0.0744537125309753,0.0571428571428571,0.0198396284955323,0.0376175548589341,0.0056268607656574,0.0,-0.009544579389764801,-0.0033167495854063006,-0.0285714285714286,0.0012404845756654008
9,42,lgbm,s1_plus_ig,0.5,0.25,positive_only,s1_plus_ig/mode=positive_only/ratio=0.5/keep=0.25,0.0162910754855032,0.6616915422885572,0.0505242753091106,0.0,0.032852824532119,0.8703923900118906,0.04068187335572,S1/random_over,0.0263539594836844,0.060033167495854,0.0744537125309753,0.0571428571428571,0.0198396284955323,0.0376175548589341,0.0056268607656574,0.0,-0.010062883998181203,0.6016583747927032,-0.0571428571428571,0.013013196036586697
9,42,lgbm,s1_plus_ig,0.75,0.25,positive_only,s1_plus_ig/mode=positive_only/ratio=0.75/keep=0.25,0.017756586166857,0.2321724709784411,0.049376510603857,0.0,0.0274470713779414,0.8703923900118906,0.04068187335572,S1/random_over,0.0263539594836844,0.060033167495854,0.0744537125309753,0.0571428571428571,0.0198396284955323,0.0376175548589341,0.0056268607656574,0.0,-0.0085973733168274,0.1721393034825871,-0.0571428571428571,0.0076074428824091
9,42,lgbm,s1_plus_ig,1.0,0.25,positive_only,s1_plus_ig/mode=positive_only/ratio=1.0/keep=0.25,0.0196637917782842,0.1230514096185738,0.0706489646340101,0.0,0.0269743925864379,0.8703923900118906,0.04068187335572,S1/random_over,0.0263539594836844,0.060033167495854,0.0744537125309753,0.0571428571428571,0.0198396284955323,0.0376175548589341,0.0056268607656574,0.0,-0.0066901677054002,0.06301824212271981,-0.0571428571428571,0.007134764090905601
9,42,lgbm,s1_plus_ig,1.5,0.25,positive_only,s1_plus_ig/mode=positive_only/ratio=1.5/keep=0.25,0.0205513674795234,0.0285240464344941,0.0539763842134088,0.0285714285714285,0.0244098313504523,0.8703923900118906,0.04068187335572,S1/random_over,0.0263539594836844,0.060033167495854,0.0744537125309753,0.0571428571428571,0.0198396284955323,0.0376175548589341,0.0056268607656574,0.0,-0.005802592004161,-0.031509121061359904,-0.0285714285714286,0.004570202854919998
9,42,lgbm,s1_plus_ig,2.0,0.25,positive_only,s1_plus_ig/mode=positive_only/ratio=2.0/keep=0.25,0.0247886666102423,0.0063018242122719,0.0654836323970476,0.0571428571428571,0.0352933947130634,0.8703923900118906,0.04068187335572,S1/random_over,0.0263539594836844,0.060033167495854,0.0744537125309753,0.0571428571428571,0.0198396284955323,0.0376175548589341,0.0056268607656574,0.0,-0.0015652928734421027,-0.0537313432835821,0.0,0.015453766217531098
9,42,lgbm,s1_plus_ig,0.25,0.5,positive_only,s1_plus_ig/mode=positive_only/ratio=0.25/keep=0.5,0.0168093800939196,0.0567164179104477,0.0393447225401486,0.0285714285714285,0.0210801130711977,0.9637336504161712,0.0193193921350967,S1/random_over,0.0263539594836844,0.060033167495854,0.0744537125309753,0.0571428571428571,0.0198396284955323,0.0376175548589341,0.0056268607656574,0.0,-0.009544579389764801,-0.0033167495854063006,-0.0285714285714286,0.0012404845756654008
9,42,lgbm,s1_plus_ig,0.5,0.5,positive_only,s1_plus_ig/mode=positive_only/ratio=0.5/keep=0.5,0.0200420978392885,0.2822553897180763,0.0547500735491782,0.0,0.0388001900815722,0.9637336504161712,0.0193193921350967,S1/random_over,0.0263539594836844,0.060033167495854,0.0744537125309753,0.0571428571428571,0.0198396284955323,0.0376175548589341,0.0056268607656574,0.0,-0.0063118616443959,0.2222222222222223,-0.0571428571428571,0.018960561586039898
9,42,lgbm,s1_plus_ig,0.75,0.5,positive_only,s1_plus_ig/mode=positive_only/ratio=0.75/keep=0.5,0.0182518715106736,0.7459369817578773,0.0553550683054574,0.0,0.0231345330841881,0.9637336504161712,0.0193193921350967,S1/random_over,0.0263539594836844,0.060033167495854,0.0744537125309753,0.0571428571428571,0.0198396284955323,0.0376175548589341,0.0056268607656574,0.0,-0.008102087973010801,0.6859038142620233,-0.0571428571428571,0.003294904588655799
9,42,lgbm,s1_plus_ig,1.0,0.5,positive_only,s1_plus_ig/mode=positive_only/ratio=1.0/keep=0.5,0.0230955966038958,0.057379767827529,0.0771712835905071,0.0285714285714285,0.0231973288731948,0.9637336504161712,0.0193193921350967,S1/random_over,0.0263539594836844,0.060033167495854,0.0744537125309753,0.0571428571428571,0.0198396284955323,0.0376175548589341,0.0056268607656574,0.0,-0.0032583628797886004,-0.0026533996683250002,-0.0285714285714286,0.0033577003776625
9,42,lgbm,s1_plus_ig,1.5,0.5,positive_only,s1_plus_ig/mode=positive_only/ratio=1.5/keep=0.5,0.021529573861878,0.0772802653399668,0.0708781368637834,0.0285714285714285,0.0229832457498481,0.9637336504161712,0.0193193921350967,S1/random_over,0.0263539594836844,0.060033167495854,0.0744537125309753,0.0571428571428571,0.0198396284955323,0.0376175548589341,0.0056268607656574,0.0,-0.004824385621806402,0.017247097844112803,-0.0285714285714286,0.003143617254315799
9,42,lgbm,s1_plus_ig,2.0,0.5,positive_only,s1_plus_ig/mode=positive_only/ratio=2.0/keep=0.5,0.0215971096643191,0.147927031509121,0.0750196715394883,0.0285714285714285,0.0291821448795242,0.9637336504161712,0.0193193921350967,S1/random_over,0.0263539594836844,0.060033167495854,0.0744537125309753,0.0571428571428571,0.0198396284955323,0.0376175548589341,0.0056268607656574,0.0,-0.004756849819365302,0.08789386401326701,-0.0285714285714286,0.0093425163839919
9,42,lgbm,s1_plus_ig,0.25,0.75,positive_only,s1_plus_ig/mode=positive_only/ratio=0.25/keep=0.75,0.0168093800939196,0.0567164179104477,0.0393447225401486,0.0285714285714285,0.0210801130711977,0.9747324613555292,0.0176934559690031,S1/random_over,0.0263539594836844,0.060033167495854,0.0744537125309753,0.0571428571428571,0.0198396284955323,0.0376175548589341,0.0056268607656574,0.0,-0.009544579389764801,-0.0033167495854063006,-0.0285714285714286,0.0012404845756654008
9,42,lgbm,s1_plus_ig,0.5,0.75,positive_only,s1_plus_ig/mode=positive_only/ratio=0.5/keep=0.75,0.0200420978392885,0.2822553897180763,0.0547500735491782,0.0,0.0388001900815722,0.9747324613555292,0.0176934559690031,S1/random_over,0.0263539594836844,0.060033167495854,0.0744537125309753,0.0571428571428571,0.0198396284955323,0.0376175548589341,0.0056268607656574,0.0,-0.0063118616443959,0.2222222222222223,-0.0571428571428571,0.018960561586039898
9,42,lgbm,s1_plus_ig,0.75,0.75,positive_only,s1_plus_ig/mode=positive_only/ratio=0.75/keep=0.75,0.0230823736911948,0.0888888888888888,0.0832731725586085,0.0285714285714285,0.030545381358929,0.9747324613555292,0.0176934559690031,S1/random_over,0.0263539594836844,0.060033167495854,0.0744537125309753,0.0571428571428571,0.0198396284955323,0.0376175548589341,0.0056268607656574,0.0,-0.003271585792489602,0.028855721393034793,-0.0285714285714286,0.0107057528633967
9,42,lgbm,s1_plus_ig,1.0,0.75,positive_only,s1_plus_ig/mode=positive_only/ratio=1.0/keep=0.75,0.0166113894421226,0.1966832504145937,0.0542368875969607,0.0,0.0185374254074976,0.9747324613555292,0.0176934559690031,S1/random_over,0.0263539594836844,0.060033167495854,0.0744537125309753,0.0571428571428571,0.0198396284955323,0.0376175548589341,0.0056268607656574,0.0,-0.009742570041561802,0.1366500829187397,-0.0571428571428571,-0.0013022030880346994
9,42,lgbm,s1_plus_ig,1.5,0.75,positive_only,s1_plus_ig/mode=positive_only/ratio=1.5/keep=0.75,0.0205384620080673,0.1330016583747927,0.056487361043197,0.0285714285714285,0.0198659083849225,0.9747324613555292,0.0176934559690031,S1/random_over,0.0263539594836844,0.060033167495854,0.0744537125309753,0.0571428571428571,0.0198396284955323,0.0376175548589341,0.0056268607656574,0.0,-0.005815497475617101,0.0729684908789387,-0.0285714285714286,2.6279889390200956e-05
9,42,lgbm,s1_plus_ig,2.0,0.75,positive_only,s1_plus_ig/mode=positive_only/ratio=2.0/keep=0.75,0.0176766417345962,0.0119402985074626,0.0434031666710843,0.0285714285714285,0.0264577526666487,0.9747324613555292,0.0176934559690031,S1/random_over,0.0263539594836844,0.060033167495854,0.0744537125309753,0.0571428571428571,0.0198396284955323,0.0376175548589341,0.0056268607656574,0.0,-0.008677317749088202,-0.0480928689883914,-0.0285714285714286,0.006618124171116398
9,42,lgbm,s1_plus_ig,0.25,1.0,positive_only,s1_plus_ig/mode=positive_only/ratio=0.25/keep=1.0,0.0168093800939196,0.0567164179104477,0.0393447225401486,0.0285714285714285,0.0210801130711977,0.974435196195006,0.0209803628932613,S1/random_over,0.0263539594836844,0.060033167495854,0.0744537125309753,0.0571428571428571,0.0198396284955323,0.0376175548589341,0.0056268607656574,0.0,-0.009544579389764801,-0.0033167495854063006,-0.0285714285714286,0.0012404845756654008
9,42,lgbm,s1_plus_ig,0.5,1.0,positive_only,s1_plus_ig/mode=positive_only/ratio=0.5/keep=1.0,0.0200420978392885,0.2822553897180763,0.0547500735491782,0.0,0.0388001900815722,0.974435196195006,0.0209803628932613,S1/random_over,0.0263539594836844,0.060033167495854,0.0744537125309753,0.0571428571428571,0.0198396284955323,0.0376175548589341,0.0056268607656574,0.0,-0.0063118616443959,0.2222222222222223,-0.0571428571428571,0.018960561586039898
9,42,lgbm,s1_plus_ig,0.75,1.0,positive_only,s1_plus_ig/mode=positive_only/ratio=0.75/keep=1.0,0.0230823736911948,0.0888888888888888,0.0832731725586085,0.0285714285714285,0.030545381358929,0.974435196195006,0.0209803628932613,S1/random_over,0.0263539594836844,0.060033167495854,0.0744537125309753,0.0571428571428571,0.0198396284955323,0.0376175548589341,0.0056268607656574,0.0,-0.003271585792489602,0.028855721393034793,-0.0285714285714286,0.0107057528633967
9,42,lgbm,s1_plus_ig,1.0,1.0,positive_only,s1_plus_ig/mode=positive_only/ratio=1.0/keep=1.0,0.0166113894421226,0.1966832504145937,0.0542368875969607,0.0,0.0185374254074976,0.974435196195006,0.0209803628932613,S1/random_over,0.0263539594836844,0.060033167495854,0.0744537125309753,0.0571428571428571,0.0198396284955323,0.0376175548589341,0.0056268607656574,0.0,-0.009742570041561802,0.1366500829187397,-0.0571428571428571,-0.0013022030880346994
9,42,lgbm,s1_plus_ig,1.5,1.0,positive_only,s1_plus_ig/mode=positive_only/ratio=1.5/keep=1.0,0.0235856021403076,0.0653399668325041,0.0814018774469885,0.0285714285714285,0.0306551324627008,0.974435196195006,0.0209803628932613,S1/random_over,0.0263539594836844,0.060033167495854,0.0744537125309753,0.0571428571428571,0.0198396284955323,0.0376175548589341,0.0056268607656574,0.0,-0.0027683573433768018,0.0053067993366501046,-0.0285714285714286,0.010815503967168499
9,42,lgbm,s1_plus_ig,2.0,1.0,positive_only,s1_plus_ig/mode=positive_only/ratio=2.0/keep=1.0,0.0188176895043199,0.4043117744610282,0.0609945467755657,0.0,0.0272541410888947,0.974435196195006,0.0209803628932613,S1/random_over,0.0263539594836844,0.060033167495854,0.0744537125309753,0.0571428571428571,0.0198396284955323,0.0376175548589341,0.0056268607656574,0.0,-0.007536269979364501,0.34427860696517415,-0.0571428571428571,0.007414512593362399
9,43,lgbm,s1_plus_ig,0.25,0.25,positive_only,s1_plus_ig/mode=positive_only/ratio=0.25/keep=0.25,0.0178192082984408,0.266334991708126,0.0527004055421639,0.0,0.0314992947011089,0.7407847800237812,0.0270133985257503,S1/random_over,0.0213565664870581,0.2729684908789386,0.0642993709638587,0.0,0.025622440181261,0.2211772901428073,0.0436870350005926,0.0,-0.0035373581886172997,-0.0066334991708125735,0.0,0.005876854519847898
9,43,lgbm,s1_plus_ig,0.5,0.25,positive_only,s1_plus_ig/mode=positive_only/ratio=0.5/keep=0.25,0.0157333401553076,0.2348258706467661,0.0413865876402255,0.0,0.022104654539944,0.7407847800237812,0.0270133985257503,S1/random_over,0.0213565664870581,0.2729684908789386,0.0642993709638587,0.0,0.025622440181261,0.2211772901428073,0.0436870350005926,0.0,-0.005623226331750501,-0.03814262023217249,0.0,-0.0035177856413169985
9,43,lgbm,s1_plus_ig,0.75,0.25,positive_only,s1_plus_ig/mode=positive_only/ratio=0.75/keep=0.25,0.0189892628756851,0.266334991708126,0.0663764627963192,0.0,0.0230192771180815,0.7407847800237812,0.0270133985257503,S1/random_over,0.0213565664870581,0.2729684908789386,0.0642993709638587,0.0,0.025622440181261,0.2211772901428073,0.0436870350005926,0.0,-0.0023673036113729985,-0.0066334991708125735,0.0,-0.0026031630631794984
9,43,lgbm,s1_plus_ig,1.0,0.25,positive_only,s1_plus_ig/mode=positive_only/ratio=1.0/keep=0.25,0.019666218140766,0.1004975124378109,0.0650052491047918,0.0,0.0223010856515385,0.7407847800237812,0.0270133985257503,S1/random_over,0.0213565664870581,0.2729684908789386,0.0642993709638587,0.0,0.025622440181261,0.2211772901428073,0.0436870350005926,0.0,-0.0016903483462921004,-0.1724709784411277,0.0,-0.0033213545297225006
9,43,lgbm,s1_plus_ig,1.5,0.25,positive_only,s1_plus_ig/mode=positive_only/ratio=1.5/keep=0.25,0.017838115880939,0.2961857379767827,0.0706337258754354,0.0,0.025378037718904,0.7407847800237812,0.0270133985257503,S1/random_over,0.0213565664870581,0.2729684908789386,0.0642993709638587,0.0,0.025622440181261,0.2211772901428073,0.0436870350005926,0.0,-0.0035184506061190987,0.023217247097844118,0.0,-0.00024440246235699764
9,43,lgbm,s1_plus_ig,2.0,0.25,positive_only,s1_plus_ig/mode=positive_only/ratio=2.0/keep=0.25,0.0180741992673086,0.4185737976782753,0.0576165992196722,0.0,0.0199404260994027,0.7407847800237812,0.0270133985257503,S1/random_over,0.0213565664870581,0.2729684908789386,0.0642993709638587,0.0,0.025622440181261,0.2211772901428073,0.0436870350005926,0.0,-0.0032823672197494977,0.1456053067993367,0.0,-0.0056820140818583005
9,43,lgbm,s1_plus_ig,0.25,0.5,positive_only,s1_plus_ig/mode=positive_only/ratio=0.25/keep=0.5,0.0178192082984408,0.266334991708126,0.0527004055421639,0.0,0.0314992947011089,0.9803804994054696,0.0188046648769115,S1/random_over,0.0213565664870581,0.2729684908789386,0.0642993709638587,0.0,0.025622440181261,0.2211772901428073,0.0436870350005926,0.0,-0.0035373581886172997,-0.0066334991708125735,0.0,0.005876854519847898
9,43,lgbm,s1_plus_ig,0.5,0.5,positive_only,s1_plus_ig/mode=positive_only/ratio=0.5/keep=0.5,0.0165643208091292,0.3134328358208955,0.0590844941507253,0.0,0.0254800981420106,0.9803804994054696,0.0188046648769115,S1/random_over,0.0213565664870581,0.2729684908789386,0.0642993709638587,0.0,0.025622440181261,0.2211772901428073,0.0436870350005926,0.0,-0.004792245677928898,0.04046434494195689,0.0,-0.00014234203925039823
9,43,lgbm,s1_plus_ig,0.75,0.5,positive_only,s1_plus_ig/mode=positive_only/ratio=0.75/keep=0.5,0.0188226888662931,0.2378109452736318,0.0617650435187353,0.0,0.0230449559726337,0.9803804994054696,0.0188046648769115,S1/random_over,0.0213565664870581,0.2729684908789386,0.0642993709638587,0.0,0.025622440181261,0.2211772901428073,0.0436870350005926,0.0,-0.002533877620764999,-0.03515754560530679,0.0,-0.0025774842086272974
9,43,lgbm,s1_plus_ig,1.0,0.5,positive_only,s1_plus_ig/mode=positive_only/ratio=1.0/keep=0.5,0.0185078173953973,0.4643449419568822,0.0655485514798589,0.0,0.0277251472803579,0.9803804994054696,0.0188046648769115,S1/random_over,0.0213565664870581,0.2729684908789386,0.0642993709638587,0.0,0.025622440181261,0.2211772901428073,0.0436870350005926,0.0,-0.002848749091660798,0.1913764510779436,0.0,0.0021027070990968996
9,43,lgbm,s1_plus_ig,1.5,0.5,positive_only,s1_plus_ig/mode=positive_only/ratio=1.5/keep=0.5,0.0176946873081484,0.2504145936981758,0.0576386140058997,0.0,0.0215308574630252,0.9803804994054696,0.0188046648769115,S1/random_over,0.0213565664870581,0.2729684908789386,0.0642993709638587,0.0,0.025622440181261,0.2211772901428073,0.0436870350005926,0.0,-0.0036618791789096994,-0.022553897180762783,0.0,-0.0040915827182358006
9,43,lgbm,s1_plus_ig,2.0,0.5,positive_only,s1_plus_ig/mode=positive_only/ratio=2.0/keep=0.5,0.0196312694473675,0.1386401326699834,0.0711758567948391,0.0,0.0241295479109213,0.9803804994054696,0.0188046648769115,S1/random_over,0.0213565664870581,0.2729684908789386,0.0642993709638587,0.0,0.025622440181261,0.2211772901428073,0.0436870350005926,0.0,-0.0017252970396905987,-0.1343283582089552,0.0,-0.0014928922703396977
9,43,lgbm,s1_plus_ig,0.25,0.75,positive_only,s1_plus_ig/mode=positive_only/ratio=0.25/keep=0.75,0.0178192082984408,0.266334991708126,0.0527004055421639,0.0,0.0314992947011089,0.9916765755053508,0.0241137546433699,S1/random_over,0.0213565664870581,0.2729684908789386,0.0642993709638587,0.0,0.025622440181261,0.2211772901428073,0.0436870350005926,0.0,-0.0035373581886172997,-0.0066334991708125735,0.0,0.005876854519847898
9,43,lgbm,s1_plus_ig,0.5,0.75,positive_only,s1_plus_ig/mode=positive_only/ratio=0.5/keep=0.75,0.0165643208091292,0.3134328358208955,0.0590844941507253,0.0,0.0254800981420106,0.9916765755053508,0.0241137546433699,S1/random_over,0.0213565664870581,0.2729684908789386,0.0642993709638587,0.0,0.025622440181261,0.2211772901428073,0.0436870350005926,0.0,-0.004792245677928898,0.04046434494195689,0.0,-0.00014234203925039823
9,43,lgbm,s1_plus_ig,0.75,0.75,positive_only,s1_plus_ig/mode=positive_only/ratio=0.75/keep=0.75,0.0181701131608339,0.1611940298507462,0.0605307772476906,0.0,0.021280128301674,0.9916765755053508,0.0241137546433699,S1/random_over,0.0213565664870581,0.2729684908789386,0.0642993709638587,0.0,0.025622440181261,0.2211772901428073,0.0436870350005926,0.0,-0.0031864533262241992,-0.11177446102819238,0.0,-0.0043423118795869985
9,43,lgbm,s1_plus_ig,1.0,0.75,positive_only,s1_plus_ig/mode=positive_only/ratio=1.0/keep=0.75,0.0165144415908374,0.1578772802653399,0.0454777599076801,0.0,0.0232997656642203,0.9916765755053508,0.0241137546433699,S1/random_over,0.0213565664870581,0.2729684908789386,0.0642993709638587,0.0,0.025622440181261,0.2211772901428073,0.0436870350005926,0.0,-0.004842124896220698,-0.1150912106135987,0.0,-0.0023226745170406987
9,43,lgbm,s1_plus_ig,1.5,0.75,positive_only,s1_plus_ig/mode=positive_only/ratio=1.5/keep=0.75,0.0194106641942326,0.2703150912106136,0.0719246530786393,0.0,0.0351627449934698,0.9916765755053508,0.0241137546433699,S1/random_over,0.0213565664870581,0.2729684908789386,0.0642993709638587,0.0,0.025622440181261,0.2211772901428073,0.0436870350005926,0.0,-0.0019459022928254993,-0.002653399668325007,0.0,0.009540304812208803
9,43,lgbm,s1_plus_ig,2.0,0.75,positive_only,s1_plus_ig/mode=positive_only/ratio=2.0/keep=0.75,0.0172910682136866,0.1466003316749585,0.0587248813502962,0.0,0.0246784251261341,0.9916765755053508,0.0241137546433699,S1/random_over,0.0213565664870581,0.2729684908789386,0.0642993709638587,0.0,0.025622440181261,0.2211772901428073,0.0436870350005926,0.0,-0.0040654982733715,-0.1263681592039801,0.0,-0.000944015055126899
9,43,lgbm,s1_plus_ig,0.25,1.0,positive_only,s1_plus_ig/mode=positive_only/ratio=0.25/keep=1.0,0.0178192082984408,0.266334991708126,0.0527004055421639,0.0,0.0314992947011089,0.997027348394768,0.0208349752257788,S1/random_over,0.0213565664870581,0.2729684908789386,0.0642993709638587,0.0,0.025622440181261,0.2211772901428073,0.0436870350005926,0.0,-0.0035373581886172997,-0.0066334991708125735,0.0,0.005876854519847898
9,43,lgbm,s1_plus_ig,0.5,1.0,positive_only,s1_plus_ig/mode=positive_only/ratio=0.5/keep=1.0,0.0165643208091292,0.3134328358208955,0.0590844941507253,0.0,0.0254800981420106,0.997027348394768,0.0208349752257788,S1/random_over,0.0213565664870581,0.2729684908789386,0.0642993709638587,0.0,0.025622440181261,0.2211772901428073,0.0436870350005926,0.0,-0.004792245677928898,0.04046434494195689,0.0,-0.00014234203925039823
9,43,lgbm,s1_plus_ig,0.75,1.0,positive_only,s1_plus_ig/mode=positive_only/ratio=0.75/keep=1.0,0.0181701131608339,0.1611940298507462,0.0605307772476906,0.0,0.021280128301674,0.997027348394768,0.0208349752257788,S1/random_over,0.0213565664870581,0.2729684908789386,0.0642993709638587,0.0,0.025622440181261,0.2211772901428073,0.0436870350005926,0.0,-0.0031864533262241992,-0.11177446102819238,0.0,-0.0043423118795869985
9,43,lgbm,s1_plus_ig,1.0,1.0,positive_only,s1_plus_ig/mode=positive_only/ratio=1.0/keep=1.0,0.0165144415908374,0.1578772802653399,0.0454777599076801,0.0,0.0232997656642203,0.997027348394768,0.0208349752257788,S1/random_over,0.0213565664870581,0.2729684908789386,0.0642993709638587,0.0,0.025622440181261,0.2211772901428073,0.0436870350005926,0.0,-0.004842124896220698,-0.1150912106135987,0.0,-0.0023226745170406987
9,43,lgbm,s1_plus_ig,1.5,1.0,positive_only,s1_plus_ig/mode=positive_only/ratio=1.5/keep=1.0,0.0188236896462321,0.2434494195688225,0.0598933579246549,0.0571428571428571,0.0249496198433316,0.997027348394768,0.0208349752257788,S1/random_over,0.0213565664870581,0.2729684908789386,0.0642993709638587,0.0,0.025622440181261,0.2211772901428073,0.0436870350005926,0.0,-0.002532876840825999,-0.029519071310116107,0.0571428571428571,-0.0006728203379294008
9,43,lgbm,s1_plus_ig,2.0,1.0,positive_only,s1_plus_ig/mode=positive_only/ratio=2.0/keep=1.0,0.0178804657729867,0.3320066334991708,0.0669009961269807,0.0,0.0296570210735768,0.997027348394768,0.0208349752257788,S1/random_over,0.0213565664870581,0.2729684908789386,0.0642993709638587,0.0,0.025622440181261,0.2211772901428073,0.0436870350005926,0.0,-0.0034761007140713986,0.059038142620232215,0.0,0.0040345808923158005
9,44,lgbm,s1_plus_ig,0.25,0.25,positive_only,s1_plus_ig/mode=positive_only/ratio=0.25/keep=0.25,0.0161241391709987,0.2570480928689884,0.0486258323197114,0.0285714285714285,0.03473255582353,0.8906064209274673,0.0444210581817165,S1/random_under_20to1,0.0429791226834077,0.0603648424543946,0.1232833222010628,0.0571428571428571,0.0254566881904494,0.0226401950539881,0.0192042865221556,0.0,-0.026854983512409,0.19668325041459378,-0.0285714285714286,0.009275867633080599
9,44,lgbm,s1_plus_ig,0.5,0.25,positive_only,s1_plus_ig/mode=positive_only/ratio=0.5/keep=0.25,0.0167006868847897,0.2056384742951907,0.0510146470207828,0.0,0.0537042911638184,0.8906064209274673,0.0444210581817165,S1/random_under_20to1,0.0429791226834077,0.0603648424543946,0.1232833222010628,0.0571428571428571,0.0254566881904494,0.0226401950539881,0.0192042865221556,0.0,-0.026278435798618,0.14527363184079609,-0.0571428571428571,0.028247602973368997
9,44,lgbm,s1_plus_ig,0.75,0.25,positive_only,s1_plus_ig/mode=positive_only/ratio=0.75/keep=0.25,0.0152136989064286,0.1532338308457711,0.0473866174336784,0.0,0.0290695721044451,0.8906064209274673,0.0444210581817165,S1/random_under_20to1,0.0429791226834077,0.0603648424543946,0.1232833222010628,0.0571428571428571,0.0254566881904494,0.0226401950539881,0.0192042865221556,0.0,-0.0277654237769791,0.0928689883913765,-0.0571428571428571,0.0036128839139956993
9,44,lgbm,s1_plus_ig,1.0,0.25,positive_only,s1_plus_ig/mode=positive_only/ratio=1.0/keep=0.25,0.0154566592848217,0.8643449419568823,0.0424001914271517,0.0,0.0208821497776642,0.8906064209274673,0.0444210581817165,S1/random_under_20to1,0.0429791226834077,0.0603648424543946,0.1232833222010628,0.0571428571428571,0.0254566881904494,0.0226401950539881,0.0192042865221556,0.0,-0.027522463398586,0.8039800995024877,-0.0571428571428571,-0.004574538412785201
9,44,lgbm,s1_plus_ig,1.5,0.25,positive_only,s1_plus_ig/mode=positive_only/ratio=1.5/keep=0.25,0.0140374173194075,0.8374792703150912,0.0388188122840296,0.0,0.025432329448854,0.8906064209274673,0.0444210581817165,S1/random_under_20to1,0.0429791226834077,0.0603648424543946,0.1232833222010628,0.0571428571428571,0.0254566881904494,0.0226401950539881,0.0192042865221556,0.0,-0.0289417053640002,0.7771144278606966,-0.0571428571428571,-2.4358741595401773e-05
9,44,lgbm,s1_plus_ig,2.0,0.25,positive_only,s1_plus_ig/mode=positive_only/ratio=2.0/keep=0.25,0.0146469808770564,0.2112769485903814,0.0416530420747439,0.0,0.0252322031104775,0.8906064209274673,0.0444210581817165,S1/random_under_20to1,0.0429791226834077,0.0603648424543946,0.1232833222010628,0.0571428571428571,0.0254566881904494,0.0226401950539881,0.0192042865221556,0.0,-0.0283321418063513,0.1509121061359868,-0.0571428571428571,-0.0002244850799719006
9,44,lgbm,s1_plus_ig,0.25,0.5,positive_only,s1_plus_ig/mode=positive_only/ratio=0.25/keep=0.5,0.0161241391709987,0.2570480928689884,0.0486258323197114,0.0285714285714285,0.03473255582353,0.9860285374554102,0.0203252874757241,S1/random_under_20to1,0.0429791226834077,0.0603648424543946,0.1232833222010628,0.0571428571428571,0.0254566881904494,0.0226401950539881,0.0192042865221556,0.0,-0.026854983512409,0.19668325041459378,-0.0285714285714286,0.009275867633080599
9,44,lgbm,s1_plus_ig,0.5,0.5,positive_only,s1_plus_ig/mode=positive_only/ratio=0.5/keep=0.5,0.0179964543778596,0.1316749585406302,0.0571356991494637,0.0,0.0283562274509537,0.9860285374554102,0.0203252874757241,S1/random_under_20to1,0.0429791226834077,0.0603648424543946,0.1232833222010628,0.0571428571428571,0.0254566881904494,0.0226401950539881,0.0192042865221556,0.0,-0.0249826683055481,0.07131011608623558,-0.0571428571428571,0.0028995392605042983
9,44,lgbm,s1_plus_ig,0.75,0.5,positive_only,s1_plus_ig/mode=positive_only/ratio=0.75/keep=0.5,0.016976455647227,0.5373134328358209,0.0561387754312502,0.0,0.0259745081144098,0.9860285374554102,0.0203252874757241,S1/random_under_20to1,0.0429791226834077,0.0603648424543946,0.1232833222010628,0.0571428571428571,0.0254566881904494,0.0226401950539881,0.0192042865221556,0.0,-0.0260026670361807,0.4769485903814263,-0.0571428571428571,0.0005178199239604005
9,44,lgbm,s1_plus_ig,1.0,0.5,positive_only,s1_plus_ig/mode=positive_only/ratio=1.0/keep=0.5,0.0166976274721857,0.6829187396351576,0.0465079646144016,0.0285714285714285,0.0257668269722483,0.9860285374554102,0.0203252874757241,S1/random_under_20to1,0.0429791226834077,0.0603648424543946,0.1232833222010628,0.0571428571428571,0.0254566881904494,0.0226401950539881,0.0192042865221556,0.0,-0.026281495211222,0.622553897180763,-0.0285714285714286,0.0003101387817988979
9,44,lgbm,s1_plus_ig,1.5,0.5,positive_only,s1_plus_ig/mode=positive_only/ratio=1.5/keep=0.5,0.0166375628332837,0.3140961857379767,0.0523747743440095,0.0,0.0266215510583593,0.9860285374554102,0.0203252874757241,S1/random_under_20to1,0.0429791226834077,0.0603648424543946,0.1232833222010628,0.0571428571428571,0.0254566881904494,0.0226401950539881,0.0192042865221556,0.0,-0.026341559850124,0.2537313432835821,-0.0571428571428571,0.0011648628679098993
9,44,lgbm,s1_plus_ig,2.0,0.5,positive_only,s1_plus_ig/mode=positive_only/ratio=2.0/keep=0.5,0.0175331256459278,0.4185737976782753,0.0637721526373686,0.0,0.0249384498797498,0.9860285374554102,0.0203252874757241,S1/random_under_20to1,0.0429791226834077,0.0603648424543946,0.1232833222010628,0.0571428571428571,0.0254566881904494,0.0226401950539881,0.0192042865221556,0.0,-0.0254459970374799,0.3582089552238807,-0.0571428571428571,-0.0005182383106996022
9,44,lgbm,s1_plus_ig,0.25,0.75,positive_only,s1_plus_ig/mode=positive_only/ratio=0.25/keep=0.75,0.0161241391709987,0.2570480928689884,0.0486258323197114,0.0285714285714285,0.03473255582353,0.9800832342449464,0.0259861769328382,S1/random_under_20to1,0.0429791226834077,0.0603648424543946,0.1232833222010628,0.0571428571428571,0.0254566881904494,0.0226401950539881,0.0192042865221556,0.0,-0.026854983512409,0.19668325041459378,-0.0285714285714286,0.009275867633080599
9,44,lgbm,s1_plus_ig,0.5,0.75,positive_only,s1_plus_ig/mode=positive_only/ratio=0.5/keep=0.75,0.0179964543778596,0.1316749585406302,0.0571356991494637,0.0,0.0283562274509537,0.9800832342449464,0.0259861769328382,S1/random_under_20to1,0.0429791226834077,0.0603648424543946,0.1232833222010628,0.0571428571428571,0.0254566881904494,0.0226401950539881,0.0192042865221556,0.0,-0.0249826683055481,0.07131011608623558,-0.0571428571428571,0.0028995392605042983
9,44,lgbm,s1_plus_ig,0.75,0.75,positive_only,s1_plus_ig/mode=positive_only/ratio=0.75/keep=0.75,0.016638293803504,0.6338308457711442,0.0494437296275653,0.0,0.0273124416962672,0.9800832342449464,0.0259861769328382,S1/random_under_20to1,0.0429791226834077,0.0603648424543946,0.1232833222010628,0.0571428571428571,0.0254566881904494,0.0226401950539881,0.0192042865221556,0.0,-0.0263408288799037,0.5734660033167497,-0.0571428571428571,0.001855753505817799
9,44,lgbm,s1_plus_ig,1.0,0.75,positive_only,s1_plus_ig/mode=positive_only/ratio=1.0/keep=0.75,0.0167396629086287,0.527363184079602,0.0459851413804721,0.0,0.0325127663922619,0.9800832342449464,0.0259861769328382,S1/random_under_20to1,0.0429791226834077,0.0603648424543946,0.1232833222010628,0.0571428571428571,0.0254566881904494,0.0226401950539881,0.0192042865221556,0.0,-0.026239459774779,0.4669983416252074,-0.0571428571428571,0.007056078201812501
9,44,lgbm,s1_plus_ig,1.5,0.75,positive_only,s1_plus_ig/mode=positive_only/ratio=1.5/keep=0.75,0.019308266933143,0.1635157545605307,0.0676554417438206,0.0,0.0319755559862639,0.9800832342449464,0.0259861769328382,S1/random_under_20to1,0.0429791226834077,0.0603648424543946,0.1232833222010628,0.0571428571428571,0.0254566881904494,0.0226401950539881,0.0192042865221556,0.0,-0.0236708557502647,0.10315091210613608,-0.0571428571428571,0.006518867795814499
9,44,lgbm,s1_plus_ig,2.0,0.75,positive_only,s1_plus_ig/mode=positive_only/ratio=2.0/keep=0.75,0.0154336513170488,0.1857379767827529,0.0506322553740454,0.0,0.0227634106047998,0.9800832342449464,0.0259861769328382,S1/random_under_20to1,0.0429791226834077,0.0603648424543946,0.1232833222010628,0.0571428571428571,0.0254566881904494,0.0226401950539881,0.0192042865221556,0.0,-0.0275454713663589,0.12537313432835828,-0.0571428571428571,-0.0026932775856496026
9,44,lgbm,s1_plus_ig,0.25,1.0,positive_only,s1_plus_ig/mode=positive_only/ratio=0.25/keep=1.0,0.0161241391709987,0.2570480928689884,0.0486258323197114,0.0285714285714285,0.03473255582353,0.9976218787158144,0.0158034319641184,S1/random_under_20to1,0.0429791226834077,0.0603648424543946,0.1232833222010628,0.0571428571428571,0.0254566881904494,0.0226401950539881,0.0192042865221556,0.0,-0.026854983512409,0.19668325041459378,-0.0285714285714286,0.009275867633080599
9,44,lgbm,s1_plus_ig,0.5,1.0,positive_only,s1_plus_ig/mode=positive_only/ratio=0.5/keep=1.0,0.0179964543778596,0.1316749585406302,0.0571356991494637,0.0,0.0283562274509537,0.9976218787158144,0.0158034319641184,S1/random_under_20to1,0.0429791226834077,0.0603648424543946,0.1232833222010628,0.0571428571428571,0.0254566881904494,0.0226401950539881,0.0192042865221556,0.0,-0.0249826683055481,0.07131011608623558,-0.0571428571428571,0.0028995392605042983
9,44,lgbm,s1_plus_ig,0.75,1.0,positive_only,s1_plus_ig/mode=positive_only/ratio=0.75/keep=1.0,0.016638293803504,0.6338308457711442,0.0494437296275653,0.0,0.0273124416962672,0.9976218787158144,0.0158034319641184,S1/random_under_20to1,0.0429791226834077,0.0603648424543946,0.1232833222010628,0.0571428571428571,0.0254566881904494,0.0226401950539881,0.0192042865221556,0.0,-0.0263408288799037,0.5734660033167497,-0.0571428571428571,0.001855753505817799
9,44,lgbm,s1_plus_ig,1.0,1.0,positive_only,s1_plus_ig/mode=positive_only/ratio=1.0/keep=1.0,0.0167396629086287,0.527363184079602,0.0459851413804721,0.0,0.0325127663922619,0.9976218787158144,0.0158034319641184,S1/random_under_20to1,0.0429791226834077,0.0603648424543946,0.1232833222010628,0.0571428571428571,0.0254566881904494,0.0226401950539881,0.0192042865221556,0.0,-0.026239459774779,0.4669983416252074,-0.0571428571428571,0.007056078201812501
9,44,lgbm,s1_plus_ig,1.5,1.0,positive_only,s1_plus_ig/mode=positive_only/ratio=1.5/keep=1.0,0.020538295293689,0.191044776119403,0.0640054600846458,0.0,0.0412798621252799,0.9976218787158144,0.0158034319641184,S1/random_under_20to1,0.0429791226834077,0.0603648424543946,0.1232833222010628,0.0571428571428571,0.0254566881904494,0.0226401950539881,0.0192042865221556,0.0,-0.022440827389718702,0.13067993366500838,-0.0571428571428571,0.015823173934830497
9,44,lgbm,s1_plus_ig,2.0,1.0,positive_only,s1_plus_ig/mode=positive_only/ratio=2.0/keep=1.0,0.0220099893666717,0.0928689883913764,0.0802723098790168,0.0,0.0336900158089526,0.9976218787158144,0.0158034319641184,S1/random_under_20to1,0.0429791226834077,0.0603648424543946,0.1232833222010628,0.0571428571428571,0.0254566881904494,0.0226401950539881,0.0192042865221556,0.0,-0.020969133316736,0.0325041459369818,-0.0571428571428571,0.008233327618503202
9,45,lgbm,s1_plus_ig,0.25,0.25,positive_only,s1_plus_ig/mode=positive_only/ratio=0.25/keep=0.25,0.0181201204081271,0.0311774461028192,0.0501938719645817,0.0,0.0292377709069367,0.7883472057074912,0.0106687311259491,S1/smote,0.0255115586277704,0.0709784411276948,0.0876742656953848,0.0,0.026656996389038,0.0285614768373389,0.0129355849153459,0.0,-0.007391438219643297,-0.03980099502487561,0.0,0.0025807745178987006
9,45,lgbm,s1_plus_ig,0.5,0.25,positive_only,s1_plus_ig/mode=positive_only/ratio=0.5/keep=0.25,0.0234835790061444,0.0673300165837479,0.0794930467936864,0.0285714285714285,0.023624920744597,0.7883472057074912,0.0106687311259491,S1/smote,0.0255115586277704,0.0709784411276948,0.0876742656953848,0.0,0.026656996389038,0.0285614768373389,0.0129355849153459,0.0,-0.002027979621626,-0.0036484245439468987,0.0285714285714285,-0.0030320756444409992
9,45,lgbm,s1_plus_ig,0.75,0.25,positive_only,s1_plus_ig/mode=positive_only/ratio=0.75/keep=0.25,0.0198759764094997,0.1648424543946932,0.0751544561754734,0.0,0.0273204814694301,0.7883472057074912,0.0106687311259491,S1/smote,0.0255115586277704,0.0709784411276948,0.0876742656953848,0.0,0.026656996389038,0.0285614768373389,0.0129355849153459,0.0,-0.005635582218270697,0.09386401326699839,0.0,0.0006634850803921011
9,45,lgbm,s1_plus_ig,1.0,0.25,positive_only,s1_plus_ig/mode=positive_only/ratio=1.0/keep=0.25,0.0188540972775169,0.6908789386401327,0.0516075247721893,0.0,0.0240218425934345,0.7883472057074912,0.0106687311259491,S1/smote,0.0255115586277704,0.0709784411276948,0.0876742656953848,0.0,0.026656996389038,0.0285614768373389,0.0129355849153459,0.0,-0.0066574613502535,0.6199004975124379,0.0,-0.0026351537956034975
9,45,lgbm,s1_plus_ig,1.5,0.25,positive_only,s1_plus_ig/mode=positive_only/ratio=1.5/keep=0.25,0.018406554366314,0.2845771144278607,0.0540720845001762,0.0,0.0244750271540852,0.7883472057074912,0.0106687311259491,S1/smote,0.0255115586277704,0.0709784411276948,0.0876742656953848,0.0,0.026656996389038,0.0285614768373389,0.0129355849153459,0.0,-0.0071050042614564,0.2135986733001659,0.0,-0.002181969234952799
9,45,lgbm,s1_plus_ig,2.0,0.25,positive_only,s1_plus_ig/mode=positive_only/ratio=2.0/keep=0.25,0.0195199532146295,0.1223880597014925,0.0710212974162174,0.0,0.0264203814697798,0.7883472057074912,0.0106687311259491,S1/smote,0.0255115586277704,0.0709784411276948,0.0876742656953848,0.0,0.026656996389038,0.0285614768373389,0.0129355849153459,0.0,-0.005991605413140897,0.051409618573797694,0.0,-0.00023661491925819692
9,45,lgbm,s1_plus_ig,0.25,0.5,positive_only,s1_plus_ig/mode=positive_only/ratio=0.25/keep=0.5,0.0181201204081271,0.0311774461028192,0.0501938719645817,0.0,0.0292377709069367,0.9780023781212842,0.0176966719299713,S1/smote,0.0255115586277704,0.0709784411276948,0.0876742656953848,0.0,0.026656996389038,0.0285614768373389,0.0129355849153459,0.0,-0.007391438219643297,-0.03980099502487561,0.0,0.0025807745178987006
9,45,lgbm,s1_plus_ig,0.5,0.5,positive_only,s1_plus_ig/mode=positive_only/ratio=0.5/keep=0.5,0.0237482200575597,0.0786069651741293,0.0698307424983611,0.0,0.0287233302350771,0.9780023781212842,0.0176966719299713,S1/smote,0.0255115586277704,0.0709784411276948,0.0876742656953848,0.0,0.026656996389038,0.0285614768373389,0.0129355849153459,0.0,-0.0017633385702106978,0.007628524046434493,0.0,0.0020663338460391
9,45,lgbm,s1_plus_ig,0.75,0.5,positive_only,s1_plus_ig/mode=positive_only/ratio=0.75/keep=0.5,0.0186885288339851,0.1386401326699834,0.0538087314234642,0.0,0.0223358830591462,0.9780023781212842,0.0176966719299713,S1/smote,0.0255115586277704,0.0709784411276948,0.0876742656953848,0.0,0.026656996389038,0.0285614768373389,0.0129355849153459,0.0,-0.006823029793785299,0.0676616915422886,0.0,-0.004321113329891799
9,45,lgbm,s1_plus_ig,1.0,0.5,positive_only,s1_plus_ig/mode=positive_only/ratio=1.0/keep=0.5,0.020551682763815,0.165837479270315,0.0585413937509885,0.0285714285714285,0.0230205239065768,0.9780023781212842,0.0176966719299713,S1/smote,0.0255115586277704,0.0709784411276948,0.0876742656953848,0.0,0.026656996389038,0.0285614768373389,0.0129355849153459,0.0,-0.004959875863955399,0.0948590381426202,0.0285714285714285,-0.0036364724824611977
9,45,lgbm,s1_plus_ig,1.5,0.5,positive_only,s1_plus_ig/mode=positive_only/ratio=1.5/keep=0.5,0.0165669822712491,0.373134328358209,0.049890824917156,0.0,0.0217048086537967,0.9780023781212842,0.0176966719299713,S1/smote,0.0255115586277704,0.0709784411276948,0.0876742656953848,0.0,0.026656996389038,0.0285614768373389,0.0129355849153459,0.0,-0.008944576356521298,0.3021558872305142,0.0,-0.004952187735241299
9,45,lgbm,s1_plus_ig,2.0,0.5,positive_only,s1_plus_ig/mode=positive_only/ratio=2.0/keep=0.5,0.0201003977228122,0.1980099502487562,0.0537503320230835,0.0,0.0224160280228129,0.9780023781212842,0.0176966719299713,S1/smote,0.0255115586277704,0.0709784411276948,0.0876742656953848,0.0,0.026656996389038,0.0285614768373389,0.0129355849153459,0.0,-0.005411160904958197,0.1270315091210614,0.0,-0.0042409683662251
9,45,lgbm,s1_plus_ig,0.25,0.75,positive_only,s1_plus_ig/mode=positive_only/ratio=0.25/keep=0.75,0.0181201204081271,0.0311774461028192,0.0501938719645817,0.0,0.0292377709069367,0.9723543400713436,0.0177667723822265,S1/smote,0.0255115586277704,0.0709784411276948,0.0876742656953848,0.0,0.026656996389038,0.0285614768373389,0.0129355849153459,0.0,-0.007391438219643297,-0.03980099502487561,0.0,0.0025807745178987006
9,45,lgbm,s1_plus_ig,0.5,0.75,positive_only,s1_plus_ig/mode=positive_only/ratio=0.5/keep=0.75,0.0237482200575597,0.0786069651741293,0.0698307424983611,0.0,0.0287233302350771,0.9723543400713436,0.0177667723822265,S1/smote,0.0255115586277704,0.0709784411276948,0.0876742656953848,0.0,0.026656996389038,0.0285614768373389,0.0129355849153459,0.0,-0.0017633385702106978,0.007628524046434493,0.0,0.0020663338460391
9,45,lgbm,s1_plus_ig,0.75,0.75,positive_only,s1_plus_ig/mode=positive_only/ratio=0.75/keep=0.75,0.0220077428122677,0.0786069651741293,0.0698307424983611,0.0,0.0216014320102207,0.9723543400713436,0.0177667723822265,S1/smote,0.0255115586277704,0.0709784411276948,0.0876742656953848,0.0,0.026656996389038,0.0285614768373389,0.0129355849153459,0.0,-0.003503815815502697,0.007628524046434493,0.0,-0.005055564378817299
9,45,lgbm,s1_plus_ig,1.0,0.75,positive_only,s1_plus_ig/mode=positive_only/ratio=1.0/keep=0.75,0.0220053144612475,0.1064676616915422,0.080730732292364,0.0,0.0210342186193522,0.9723543400713436,0.0177667723822265,S1/smote,0.0255115586277704,0.0709784411276948,0.0876742656953848,0.0,0.026656996389038,0.0285614768373389,0.0129355849153459,0.0,-0.0035062441665228983,0.0354892205638474,0.0,-0.0056227777696858
9,45,lgbm,s1_plus_ig,1.5,0.75,positive_only,s1_plus_ig/mode=positive_only/ratio=1.5/keep=0.75,0.0264389410049516,0.0547263681592039,0.105786194690709,0.0,0.0263499723725648,0.9723543400713436,0.0177667723822265,S1/smote,0.0255115586277704,0.0709784411276948,0.0876742656953848,0.0,0.026656996389038,0.0285614768373389,0.0129355849153459,0.0,0.0009273823771812004,-0.016252072968490905,0.0,-0.0003070240164731973
9,45,lgbm,s1_plus_ig,2.0,0.75,positive_only,s1_plus_ig/mode=positive_only/ratio=2.0/keep=0.75,0.0205844459442032,0.1734660033167495,0.0712847153549005,0.0,0.0223443348988817,0.9723543400713436,0.0177667723822265,S1/smote,0.0255115586277704,0.0709784411276948,0.0876742656953848,0.0,0.026656996389038,0.0285614768373389,0.0129355849153459,0.0,-0.004927112683567197,0.10248756218905469,0.0,-0.0043126614901563
9,45,lgbm,s1_plus_ig,0.25,1.0,positive_only,s1_plus_ig/mode=positive_only/ratio=0.25/keep=1.0,0.0181201204081271,0.0311774461028192,0.0501938719645817,0.0,0.0292377709069367,0.9821640903686089,0.0178799247268468,S1/smote,0.0255115586277704,0.0709784411276948,0.0876742656953848,0.0,0.026656996389038,0.0285614768373389,0.0129355849153459,0.0,-0.007391438219643297,-0.03980099502487561,0.0,0.0025807745178987006
9,45,lgbm,s1_plus_ig,0.5,1.0,positive_only,s1_plus_ig/mode=positive_only/ratio=0.5/keep=1.0,0.0237482200575597,0.0786069651741293,0.0698307424983611,0.0,0.0287233302350771,0.9821640903686089,0.0178799247268468,S1/smote,0.0255115586277704,0.0709784411276948,0.0876742656953848,0.0,0.026656996389038,0.0285614768373389,0.0129355849153459,0.0,-0.0017633385702106978,0.007628524046434493,0.0,0.0020663338460391
9,45,lgbm,s1_plus_ig,0.75,1.0,positive_only,s1_plus_ig/mode=positive_only/ratio=0.75/keep=1.0,0.0220077428122677,0.0786069651741293,0.0698307424983611,0.0,0.0216014320102207,0.9821640903686089,0.0178799247268468,S1/smote,0.0255115586277704,0.0709784411276948,0.0876742656953848,0.0,0.026656996389038,0.0285614768373389,0.0129355849153459,0.0,-0.003503815815502697,0.007628524046434493,0.0,-0.005055564378817299
9,45,lgbm,s1_plus_ig,1.0,1.0,positive_only,s1_plus_ig/mode=positive_only/ratio=1.0/keep=1.0,0.0220053144612475,0.1064676616915422,0.080730732292364,0.0,0.0210342186193522,0.9821640903686089,0.0178799247268468,S1/smote,0.0255115586277704,0.0709784411276948,0.0876742656953848,0.0,0.026656996389038,0.0285614768373389,0.0129355849153459,0.0,-0.0035062441665228983,0.0354892205638474,0.0,-0.0056227777696858
9,45,lgbm,s1_plus_ig,1.5,1.0,positive_only,s1_plus_ig/mode=positive_only/ratio=1.5/keep=1.0,0.0244743441373393,0.0882255389718076,0.0837889833888206,0.0285714285714285,0.0246150447701887,0.9821640903686089,0.0178799247268468,S1/smote,0.0255115586277704,0.0709784411276948,0.0876742656953848,0.0,0.026656996389038,0.0285614768373389,0.0129355849153459,0.0,-0.0010372144904310966,0.017247097844112796,0.0285714285714285,-0.0020419516188492984
9,45,lgbm,s1_plus_ig,2.0,1.0,positive_only,s1_plus_ig/mode=positive_only/ratio=2.0/keep=1.0,0.0174257117440021,0.2570480928689884,0.055546293157096,0.0,0.0239849498661588,0.9821640903686089,0.0178799247268468,S1/smote,0.0255115586277704,0.0709784411276948,0.0876742656953848,0.0,0.026656996389038,0.0285614768373389,0.0129355849153459,0.0,-0.008085846883768299,0.18606965174129358,0.0,-0.002672046522879199
9,46,lgbm,s1_plus_ig,0.25,0.25,positive_only,s1_plus_ig/mode=positive_only/ratio=0.25/keep=0.25,0.0185230998856294,0.053731343283582,0.0549467849867694,0.0,0.021851236176155,0.8596908442330559,0.0449220114939323,S1/random_under_10to1,0.0282793941802352,0.2683250414593698,0.0861783453803615,0.0285714285714285,0.0344379535246074,0.2117729014280738,0.0471225541572211,0.0,-0.0097562942946058,-0.2145936981757878,-0.0285714285714285,-0.0125867173484524
9,46,lgbm,s1_plus_ig,0.5,0.25,positive_only,s1_plus_ig/mode=positive_only/ratio=0.5/keep=0.25,0.0159398472884312,0.4530679933665008,0.0436446742687108,0.0285714285714285,0.0290732269782007,0.8596908442330559,0.0449220114939323,S1/random_under_10to1,0.0282793941802352,0.2683250414593698,0.0861783453803615,0.0285714285714285,0.0344379535246074,0.2117729014280738,0.0471225541572211,0.0,-0.012339546891804002,0.18474295190713097,0.0,-0.005364726546406698
9,46,lgbm,s1_plus_ig,0.75,0.25,positive_only,s1_plus_ig/mode=positive_only/ratio=0.75/keep=0.25,0.019490679131771,0.0633499170812603,0.0590718026703714,0.0,0.026723154349133,0.8596908442330559,0.0449220114939323,S1/random_under_10to1,0.0282793941802352,0.2683250414593698,0.0861783453803615,0.0285714285714285,0.0344379535246074,0.2117729014280738,0.0471225541572211,0.0,-0.0087887150484642,-0.2049751243781095,-0.0285714285714285,-0.0077147991754744
9,46,lgbm,s1_plus_ig,1.0,0.25,positive_only,s1_plus_ig/mode=positive_only/ratio=1.0/keep=0.25,0.0170664335594186,0.3983416252072968,0.05003302035044,0.0,0.0289692715888521,0.8596908442330559,0.0449220114939323,S1/random_under_10to1,0.0282793941802352,0.2683250414593698,0.0861783453803615,0.0285714285714285,0.0344379535246074,0.2117729014280738,0.0471225541572211,0.0,-0.0112129606208166,0.13001658374792702,-0.0285714285714285,-0.005468681935755299
9,46,lgbm,s1_plus_ig,1.5,0.25,positive_only,s1_plus_ig/mode=positive_only/ratio=1.5/keep=0.25,0.0193490367952868,0.4809286898839137,0.0558232112138535,0.0,0.0243913226245774,0.8596908442330559,0.0449220114939323,S1/random_under_10to1,0.0282793941802352,0.2683250414593698,0.0861783453803615,0.0285714285714285,0.0344379535246074,0.2117729014280738,0.0471225541572211,0.0,-0.0089303573849484,0.21260364842454388,-0.0285714285714285,-0.01004663090003
9,46,lgbm,s1_plus_ig,2.0,0.25,positive_only,s1_plus_ig/mode=positive_only/ratio=2.0/keep=0.25,0.016480753873327,0.2928689883913764,0.0516901153958798,0.0,0.0249479256312336,0.8596908442330559,0.0449220114939323,S1/random_under_10to1,0.0282793941802352,0.2683250414593698,0.0861783453803615,0.0285714285714285,0.0344379535246074,0.2117729014280738,0.0471225541572211,0.0,-0.011798640306908203,0.024543946932006566,-0.0285714285714285,-0.0094900278933738
9,46,lgbm,s1_plus_ig,0.25,0.5,positive_only,s1_plus_ig/mode=positive_only/ratio=0.25/keep=0.5,0.0185230998856294,0.053731343283582,0.0549467849867694,0.0,0.021851236176155,0.9503567181926278,0.0526648695105427,S1/random_under_10to1,0.0282793941802352,0.2683250414593698,0.0861783453803615,0.0285714285714285,0.0344379535246074,0.2117729014280738,0.0471225541572211,0.0,-0.0097562942946058,-0.2145936981757878,-0.0285714285714285,-0.0125867173484524
9,46,lgbm,s1_plus_ig,0.5,0.5,positive_only,s1_plus_ig/mode=positive_only/ratio=0.5/keep=0.5,0.0210856919748625,0.0371475953565505,0.0741599081416105,0.0,0.0174932019728107,0.9503567181926278,0.0526648695105427,S1/random_under_10to1,0.0282793941802352,0.2683250414593698,0.0861783453803615,0.0285714285714285,0.0344379535246074,0.2117729014280738,0.0471225541572211,0.0,-0.007193702205372701,-0.23117744610281932,-0.0285714285714285,-0.0169447515517967
9,46,lgbm,s1_plus_ig,0.75,0.5,positive_only,s1_plus_ig/mode=positive_only/ratio=0.75/keep=0.5,0.0200110499315408,0.4749585406301824,0.0814801099253283,0.0,0.0277430575302134,0.9503567181926278,0.0526648695105427,S1/random_under_10to1,0.0282793941802352,0.2683250414593698,0.0861783453803615,0.0285714285714285,0.0344379535246074,0.2117729014280738,0.0471225541572211,0.0,-0.008268344248694402,0.20663349917081258,-0.0285714285714285,-0.0066948959943940005
9,46,lgbm,s1_plus_ig,1.0,0.5,positive_only,s1_plus_ig/mode=positive_only/ratio=1.0/keep=0.5,0.0180819159823735,0.2096185737976783,0.0718486998318573,0.0,0.0350914121663121,0.9503567181926278,0.0526648695105427,S1/random_under_10to1,0.0282793941802352,0.2683250414593698,0.0861783453803615,0.0285714285714285,0.0344379535246074,0.2117729014280738,0.0471225541572211,0.0,-0.010197478197861702,-0.05870646766169152,-0.0285714285714285,0.0006534586417046989
9,46,lgbm,s1_plus_ig,1.5,0.5,positive_only,s1_plus_ig/mode=positive_only/ratio=1.5/keep=0.5,0.0215604857161974,0.1621890547263681,0.0763903847323086,0.0,0.0288984806278618,0.9503567181926278,0.0526648695105427,S1/random_under_10to1,0.0282793941802352,0.2683250414593698,0.0861783453803615,0.0285714285714285,0.0344379535246074,0.2117729014280738,0.0471225541572211,0.0,-0.0067189084640378,-0.1061359867330017,-0.0285714285714285,-0.005539472896745598
9,46,lgbm,s1_plus_ig,2.0,0.5,positive_only,s1_plus_ig/mode=positive_only/ratio=2.0/keep=0.5,0.0175775337513606,0.1940298507462686,0.0628403876541643,0.0,0.0308062387367352,0.9503567181926278,0.0526648695105427,S1/random_under_10to1,0.0282793941802352,0.2683250414593698,0.0861783453803615,0.0285714285714285,0.0344379535246074,0.2117729014280738,0.0471225541572211,0.0,-0.0107018604288746,-0.0742951907131012,-0.0285714285714285,-0.003631714787872199
9,46,lgbm,s1_plus_ig,0.25,0.75,positive_only,s1_plus_ig/mode=positive_only/ratio=0.25/keep=0.75,0.0185230998856294,0.053731343283582,0.0549467849867694,0.0,0.021851236176155,0.9753269916765754,0.0223932878828997,S1/random_under_10to1,0.0282793941802352,0.2683250414593698,0.0861783453803615,0.0285714285714285,0.0344379535246074,0.2117729014280738,0.0471225541572211,0.0,-0.0097562942946058,-0.2145936981757878,-0.0285714285714285,-0.0125867173484524
9,46,lgbm,s1_plus_ig,0.5,0.75,positive_only,s1_plus_ig/mode=positive_only/ratio=0.5/keep=0.75,0.0210856919748625,0.0371475953565505,0.0741599081416105,0.0,0.0174932019728107,0.9753269916765754,0.0223932878828997,S1/random_under_10to1,0.0282793941802352,0.2683250414593698,0.0861783453803615,0.0285714285714285,0.0344379535246074,0.2117729014280738,0.0471225541572211,0.0,-0.007193702205372701,-0.23117744610281932,-0.0285714285714285,-0.0169447515517967
9,46,lgbm,s1_plus_ig,0.75,0.75,positive_only,s1_plus_ig/mode=positive_only/ratio=0.75/keep=0.75,0.0142822842991635,0.5777777777777777,0.0479593787364729,0.0,0.0219505653048567,0.9753269916765754,0.0223932878828997,S1/random_under_10to1,0.0282793941802352,0.2683250414593698,0.0861783453803615,0.0285714285714285,0.0344379535246074,0.2117729014280738,0.0471225541572211,0.0,-0.0139971098810717,0.3094527363184079,-0.0285714285714285,-0.012487388219750699
9,46,lgbm,s1_plus_ig,1.0,0.75,positive_only,s1_plus_ig/mode=positive_only/ratio=1.0/keep=0.75,0.0152838664062885,0.2703150912106136,0.0651243344457821,0.0,0.02509156830257,0.9753269916765754,0.0223932878828997,S1/random_under_10to1,0.0282793941802352,0.2683250414593698,0.0861783453803615,0.0285714285714285,0.0344379535246074,0.2117729014280738,0.0471225541572211,0.0,-0.012995527773946702,0.001990049751243783,-0.0285714285714285,-0.009346385222037401
9,46,lgbm,s1_plus_ig,1.5,0.75,positive_only,s1_plus_ig/mode=positive_only/ratio=1.5/keep=0.75,0.0188097327882898,0.6424543946932006,0.0605259296547657,0.0,0.0268801153149542,0.9753269916765754,0.0223932878828997,S1/random_under_10to1,0.0282793941802352,0.2683250414593698,0.0861783453803615,0.0285714285714285,0.0344379535246074,0.2117729014280738,0.0471225541572211,0.0,-0.0094696613919454,0.37412935323383084,-0.0285714285714285,-0.007557838209653198
9,46,lgbm,s1_plus_ig,2.0,0.75,positive_only,s1_plus_ig/mode=positive_only/ratio=2.0/keep=0.75,0.0195179604266703,0.1429519071310116,0.0775547133763266,0.0,0.0228625828657954,0.9753269916765754,0.0223932878828997,S1/random_under_10to1,0.0282793941802352,0.2683250414593698,0.0861783453803615,0.0285714285714285,0.0344379535246074,0.2117729014280738,0.0471225541572211,0.0,-0.0087614337535649,-0.1253731343283582,-0.0285714285714285,-0.011575370658812
9,46,lgbm,s1_plus_ig,0.25,1.0,positive_only,s1_plus_ig/mode=positive_only/ratio=0.25/keep=1.0,0.0185230998856294,0.053731343283582,0.0549467849867694,0.0,0.021851236176155,0.9684898929845422,0.0173934449264994,S1/random_under_10to1,0.0282793941802352,0.2683250414593698,0.0861783453803615,0.0285714285714285,0.0344379535246074,0.2117729014280738,0.0471225541572211,0.0,-0.0097562942946058,-0.2145936981757878,-0.0285714285714285,-0.0125867173484524
9,46,lgbm,s1_plus_ig,0.5,1.0,positive_only,s1_plus_ig/mode=positive_only/ratio=0.5/keep=1.0,0.0210856919748625,0.0371475953565505,0.0741599081416105,0.0,0.0174932019728107,0.9684898929845422,0.0173934449264994,S1/random_under_10to1,0.0282793941802352,0.2683250414593698,0.0861783453803615,0.0285714285714285,0.0344379535246074,0.2117729014280738,0.0471225541572211,0.0,-0.007193702205372701,-0.23117744610281932,-0.0285714285714285,-0.0169447515517967
9,46,lgbm,s1_plus_ig,0.75,1.0,positive_only,s1_plus_ig/mode=positive_only/ratio=0.75/keep=1.0,0.0142822842991635,0.5777777777777777,0.0479593787364729,0.0,0.0219505653048567,0.9684898929845422,0.0173934449264994,S1/random_under_10to1,0.0282793941802352,0.2683250414593698,0.0861783453803615,0.0285714285714285,0.0344379535246074,0.2117729014280738,0.0471225541572211,0.0,-0.0139971098810717,0.3094527363184079,-0.0285714285714285,-0.012487388219750699
9,46,lgbm,s1_plus_ig,1.0,1.0,positive_only,s1_plus_ig/mode=positive_only/ratio=1.0/keep=1.0,0.0152838664062885,0.2703150912106136,0.0651243344457821,0.0,0.02509156830257,0.9684898929845422,0.0173934449264994,S1/random_under_10to1,0.0282793941802352,0.2683250414593698,0.0861783453803615,0.0285714285714285,0.0344379535246074,0.2117729014280738,0.0471225541572211,0.0,-0.012995527773946702,0.001990049751243783,-0.0285714285714285,-0.009346385222037401
9,46,lgbm,s1_plus_ig,1.5,1.0,positive_only,s1_plus_ig/mode=positive_only/ratio=1.5/keep=1.0,0.0189742850774721,0.2799336650082918,0.0689011865017348,0.0,0.0217998306819844,0.9684898929845422,0.0173934449264994,S1/random_under_10to1,0.0282793941802352,0.2683250414593698,0.0861783453803615,0.0285714285714285,0.0344379535246074,0.2117729014280738,0.0471225541572211,0.0,-0.009305109102763102,0.011608623548922004,-0.0285714285714285,-0.012638122842623
9,46,lgbm,s1_plus_ig,2.0,1.0,positive_only,s1_plus_ig/mode=positive_only/ratio=2.0/keep=1.0,0.0193615863681473,0.1522388059701492,0.0645484022166767,0.0,0.0290624006864071,0.9684898929845422,0.0173934449264994,S1/random_under_10to1,0.0282793941802352,0.2683250414593698,0.0861783453803615,0.0285714285714285,0.0344379535246074,0.2117729014280738,0.0471225541572211,0.0,-0.0089178078120879,-0.11608623548922062,-0.0285714285714285,-0.0053755528382002996
10,42,lgbm,s1_plus_ig,0.25,0.25,positive_only,s1_plus_ig/mode=positive_only/ratio=0.25/keep=0.25,0.1478412201605018,0.016540119023189,0.2943593201024677,0.3247524752475247,0.1534082106128773,0.997001133786848,0.0546195451217567,S1/random_over,0.1546902132427592,0.0149189411040426,0.2612599090054349,0.2811881188118812,0.1117756564210388,0.011810463406536,0.2064449589912186,0.1799591002044989,-0.006848993082257393,0.0016211779191463976,0.04356435643564349,0.04163255419183849
10,42,lgbm,s1_plus_ig,0.5,0.25,positive_only,s1_plus_ig/mode=positive_only/ratio=0.5/keep=0.25,0.1553937201896245,0.0123948286476503,0.2966338310417314,0.3386138613861386,0.1518781190396653,0.997001133786848,0.0546195451217567,S1/random_over,0.1546902132427592,0.0149189411040426,0.2612599090054349,0.2811881188118812,0.1117756564210388,0.011810463406536,0.2064449589912186,0.1799591002044989,0.000703506946865301,-0.002524112456392301,0.057425742574257366,0.0401024626186265
10,42,lgbm,s1_plus_ig,0.75,0.25,positive_only,s1_plus_ig/mode=positive_only/ratio=0.75/keep=0.25,0.1422724491992424,0.0114098091524728,0.2835686600221155,0.3207920792079208,0.1427552813800358,0.997001133786848,0.0546195451217567,S1/random_over,0.1546902132427592,0.0149189411040426,0.2612599090054349,0.2811881188118812,0.1117756564210388,0.011810463406536,0.2064449589912186,0.1799591002044989,-0.012417764043516799,-0.003509131951569801,0.039603960396039584,0.03097962495899699
10,42,lgbm,s1_plus_ig,1.0,0.25,positive_only,s1_plus_ig/mode=positive_only/ratio=1.0/keep=0.25,0.1477501370714864,0.0103632259388467,0.2902239559347725,0.3405940594059406,0.1346220443788859,0.997001133786848,0.0546195451217567,S1/random_over,0.1546902132427592,0.0149189411040426,0.2612599090054349,0.2811881188118812,0.1117756564210388,0.011810463406536,0.2064449589912186,0.1799591002044989,-0.006940076171272791,-0.0045557151651959005,0.0594059405940594,0.02284638795784709
10,42,lgbm,s1_plus_ig,1.5,0.25,positive_only,s1_plus_ig/mode=positive_only/ratio=1.5/keep=0.25,0.1362036119269685,0.0137697516930022,0.2704103572910014,0.291089108910891,0.1333425134570323,0.997001133786848,0.0546195451217567,S1/random_over,0.1546902132427592,0.0149189411040426,0.2612599090054349,0.2811881188118812,0.1117756564210388,0.011810463406536,0.2064449589912186,0.1799591002044989,-0.01848660131579069,-0.0011491894110404015,0.009900990099009799,0.021566857035993495
10,42,lgbm,s1_plus_ig,2.0,0.25,positive_only,s1_plus_ig/mode=positive_only/ratio=2.0/keep=0.25,0.153118202912206,0.014405910116971,0.2867249335103864,0.3207920792079208,0.1354051161910424,0.997001133786848,0.0546195451217567,S1/random_over,0.1546902132427592,0.0149189411040426,0.2612599090054349,0.2811881188118812,0.1117756564210388,0.011810463406536,0.2064449589912186,0.1799591002044989,-0.0015720103305532085,-0.0005130309870716009,0.039603960396039584,0.023629459770003594
10,42,lgbm,s1_plus_ig,0.25,0.5,positive_only,s1_plus_ig/mode=positive_only/ratio=0.25/keep=0.5,0.1478412201605018,0.016540119023189,0.2943593201024677,0.3247524752475247,0.1534082106128773,0.9999361484760768,0.0617124566063435,S1/random_over,0.1546902132427592,0.0149189411040426,0.2612599090054349,0.2811881188118812,0.1117756564210388,0.011810463406536,0.2064449589912186,0.1799591002044989,-0.006848993082257393,0.0016211779191463976,0.04356435643564349,0.04163255419183849
10,42,lgbm,s1_plus_ig,0.5,0.5,positive_only,s1_plus_ig/mode=positive_only/ratio=0.5/keep=0.5,0.1567711600821568,0.0129078596347219,0.300030335837619,0.3425742574257426,0.1458481483636607,0.9999361484760768,0.0617124566063435,S1/random_over,0.1546902132427592,0.0149189411040426,0.2612599090054349,0.2811881188118812,0.1117756564210388,0.011810463406536,0.2064449589912186,0.1799591002044989,0.002080946839397607,-0.0020110814693207,0.061386138613861385,0.034072491942621894
10,42,lgbm,s1_plus_ig,0.75,0.5,positive_only,s1_plus_ig/mode=positive_only/ratio=0.75/keep=0.5,0.1927984243724976,0.0088856966960804,0.3142556000404549,0.3623762376237623,0.1628286895669993,0.9999361484760768,0.0617124566063435,S1/random_over,0.1546902132427592,0.0149189411040426,0.2612599090054349,0.2811881188118812,0.1117756564210388,0.011810463406536,0.2064449589912186,0.1799591002044989,0.03810821112973842,-0.006033244407962201,0.0811881188118811,0.051053033145960505
10,42,lgbm,s1_plus_ig,1.0,0.5,positive_only,s1_plus_ig/mode=positive_only/ratio=1.0/keep=0.5,0.1519189752321854,0.0129489021136876,0.2886211985978588,0.3227722772277228,0.1509880070172533,0.9999361484760768,0.0617124566063435,S1/random_over,0.1546902132427592,0.0149189411040426,0.2612599090054349,0.2811881188118812,0.1117756564210388,0.011810463406536,0.2064449589912186,0.1799591002044989,-0.002771238010573801,-0.0019700389903550015,0.041584158415841566,0.03921235059621449
10,42,lgbm,s1_plus_ig,1.5,0.5,positive_only,s1_plus_ig/mode=positive_only/ratio=1.5/keep=0.5,0.1856806782295024,0.0047404063205417,0.3003483725275474,0.3465346534653465,0.1471339311613995,0.9999361484760768,0.0617124566063435,S1/random_over,0.1546902132427592,0.0149189411040426,0.2612599090054349,0.2811881188118812,0.1117756564210388,0.011810463406536,0.2064449589912186,0.1799591002044989,0.03099046498674321,-0.0101785347835009,0.0653465346534653,0.0353582747403607
10,42,lgbm,s1_plus_ig,2.0,0.5,positive_only,s1_plus_ig/mode=positive_only/ratio=2.0/keep=0.5,0.1840115108758276,0.0075928586086599,0.2986258235140953,0.3366336633663366,0.1616558219752628,0.9999361484760768,0.0617124566063435,S1/random_over,0.1546902132427592,0.0149189411040426,0.2612599090054349,0.2811881188118812,0.1117756564210388,0.011810463406536,0.2064449589912186,0.1799591002044989,0.0293212976330684,-0.0073260824953827,0.055445544554455384,0.04988016555422399
10,42,lgbm,s1_plus_ig,0.25,0.75,positive_only,s1_plus_ig/mode=positive_only/ratio=0.25/keep=0.75,0.1478412201605018,0.016540119023189,0.2943593201024677,0.3247524752475247,0.1534082106128773,0.9999702026221692,0.0661192845789487,S1/random_over,0.1546902132427592,0.0149189411040426,0.2612599090054349,0.2811881188118812,0.1117756564210388,0.011810463406536,0.2064449589912186,0.1799591002044989,-0.006848993082257393,0.0016211779191463976,0.04356435643564349,0.04163255419183849
10,42,lgbm,s1_plus_ig,0.5,0.75,positive_only,s1_plus_ig/mode=positive_only/ratio=0.5/keep=0.75,0.1567711600821568,0.0129078596347219,0.300030335837619,0.3425742574257426,0.1458481483636607,0.9999702026221692,0.0661192845789487,S1/random_over,0.1546902132427592,0.0149189411040426,0.2612599090054349,0.2811881188118812,0.1117756564210388,0.011810463406536,0.2064449589912186,0.1799591002044989,0.002080946839397607,-0.0020110814693207,0.061386138613861385,0.034072491942621894
10,42,lgbm,s1_plus_ig,0.75,0.75,positive_only,s1_plus_ig/mode=positive_only/ratio=0.75/keep=0.75,0.1681999010462017,0.0099938436281551,0.3079450866235075,0.3643564356435643,0.1815953440880205,0.9999702026221692,0.0661192845789487,S1/random_over,0.1546902132427592,0.0149189411040426,0.2612599090054349,0.2811881188118812,0.1117756564210388,0.011810463406536,0.2064449589912186,0.1799591002044989,0.0135096878034425,-0.004925097475887501,0.08316831683168308,0.0698196876669817
10,42,lgbm,s1_plus_ig,1.0,0.75,positive_only,s1_plus_ig/mode=positive_only/ratio=1.0/keep=0.75,0.154557622374355,0.0104863533757438,0.2858708094157029,0.3306930693069307,0.1782929035174318,0.9999702026221692,0.0661192845789487,S1/random_over,0.1546902132427592,0.0149189411040426,0.2612599090054349,0.2811881188118812,0.1117756564210388,0.011810463406536,0.2064449589912186,0.1799591002044989,-0.00013259086840419765,-0.0044325877282988015,0.04950495049504949,0.06651724709639299
10,42,lgbm,s1_plus_ig,1.5,0.75,positive_only,s1_plus_ig/mode=positive_only/ratio=1.5/keep=0.75,0.1456244912139474,0.0183870305766468,0.2800240446493485,0.2732673267326733,0.1601872170577236,0.9999702026221692,0.0661192845789487,S1/random_over,0.1546902132427592,0.0149189411040426,0.2612599090054349,0.2811881188118812,0.1117756564210388,0.011810463406536,0.2064449589912186,0.1799591002044989,-0.009065722028811785,0.0034680894726041977,-0.007920792079207928,0.048411560636684794
10,42,lgbm,s1_plus_ig,2.0,0.75,positive_only,s1_plus_ig/mode=positive_only/ratio=2.0/keep=0.75,0.1203993619572986,0.0229222245023599,0.2569788182865391,0.2534653465346534,0.1217055661337599,0.9999702026221692,0.0661192845789487,S1/random_over,0.1546902132427592,0.0149189411040426,0.2612599090054349,0.2811881188118812,0.1117756564210388,0.011810463406536,0.2064449589912186,0.1799591002044989,-0.0342908512854606,0.008003283398317301,-0.027722772277227803,0.009929909712721091
10,42,lgbm,s1_plus_ig,0.25,1.0,positive_only,s1_plus_ig/mode=positive_only/ratio=0.25/keep=1.0,0.1478412201605018,0.016540119023189,0.2943593201024677,0.3247524752475247,0.1534082106128773,0.9999815540042,0.0901565661284577,S1/random_over,0.1546902132427592,0.0149189411040426,0.2612599090054349,0.2811881188118812,0.1117756564210388,0.011810463406536,0.2064449589912186,0.1799591002044989,-0.006848993082257393,0.0016211779191463976,0.04356435643564349,0.04163255419183849
10,42,lgbm,s1_plus_ig,0.5,1.0,positive_only,s1_plus_ig/mode=positive_only/ratio=0.5/keep=1.0,0.1567711600821568,0.0129078596347219,0.300030335837619,0.3425742574257426,0.1458481483636607,0.9999815540042,0.0901565661284577,S1/random_over,0.1546902132427592,0.0149189411040426,0.2612599090054349,0.2811881188118812,0.1117756564210388,0.011810463406536,0.2064449589912186,0.1799591002044989,0.002080946839397607,-0.0020110814693207,0.061386138613861385,0.034072491942621894
10,42,lgbm,s1_plus_ig,0.75,1.0,positive_only,s1_plus_ig/mode=positive_only/ratio=0.75/keep=1.0,0.1681999010462017,0.0099938436281551,0.3079450866235075,0.3643564356435643,0.1815953440880205,0.9999815540042,0.0901565661284577,S1/random_over,0.1546902132427592,0.0149189411040426,0.2612599090054349,0.2811881188118812,0.1117756564210388,0.011810463406536,0.2064449589912186,0.1799591002044989,0.0135096878034425,-0.004925097475887501,0.08316831683168308,0.0698196876669817
10,42,lgbm,s1_plus_ig,1.0,1.0,positive_only,s1_plus_ig/mode=positive_only/ratio=1.0/keep=1.0,0.154557622374355,0.0104863533757438,0.2858708094157029,0.3306930693069307,0.1782929035174318,0.9999815540042,0.0901565661284577,S1/random_over,0.1546902132427592,0.0149189411040426,0.2612599090054349,0.2811881188118812,0.1117756564210388,0.011810463406536,0.2064449589912186,0.1799591002044989,-0.00013259086840419765,-0.0044325877282988015,0.04950495049504949,0.06651724709639299
10,42,lgbm,s1_plus_ig,1.5,1.0,positive_only,s1_plus_ig/mode=positive_only/ratio=1.5/keep=1.0,0.179760430190388,0.014262261440591,0.2905999027225656,0.3287128712871287,0.1420567128351232,0.9999815540042,0.0901565661284577,S1/random_over,0.1546902132427592,0.0149189411040426,0.2612599090054349,0.2811881188118812,0.1117756564210388,0.011810463406536,0.2064449589912186,0.1799591002044989,0.025070216947628815,-0.0006566796634516012,0.04752475247524751,0.030281056414084392
10,42,lgbm,s1_plus_ig,2.0,1.0,positive_only,s1_plus_ig/mode=positive_only/ratio=2.0/keep=1.0,0.1630165194337968,0.0086804843012517,0.2870272499873608,0.3306930693069307,0.14976427325475,0.9999815540042,0.0901565661284577,S1/random_over,0.1546902132427592,0.0149189411040426,0.2612599090054349,0.2811881188118812,0.1117756564210388,0.011810463406536,0.2064449589912186,0.1799591002044989,0.008326306191037608,-0.006238456802790901,0.04950495049504949,0.0379886168337112
10,43,lgbm,s1_plus_ig,0.25,0.25,positive_only,s1_plus_ig/mode=positive_only/ratio=0.25/keep=0.25,0.1401763833586083,0.0142212189616252,0.2802340023933719,0.3029702970297029,0.1276019938170836,0.99468820861678,0.0999891311109845,S1/random_over,0.1938855735064714,0.0137492304535193,0.288301529857114,0.3168316831683168,0.1694145233878041,0.0124270739458331,0.2652221887692944,0.278118609406953,-0.0537091901478631,0.0004719885081059007,-0.013861386138613874,-0.041812529570720514
10,43,lgbm,s1_plus_ig,0.5,0.25,positive_only,s1_plus_ig/mode=positive_only/ratio=0.5/keep=0.25,0.1487524754726413,0.011225117997127,0.2825226547704232,0.3207920792079208,0.1877062870636558,0.99468820861678,0.0999891311109845,S1/random_over,0.1938855735064714,0.0137492304535193,0.288301529857114,0.3168316831683168,0.1694145233878041,0.0124270739458331,0.2652221887692944,0.278118609406953,-0.04513309803383009,-0.002524112456392299,0.003960396039604019,0.018291763675851697
10,43,lgbm,s1_plus_ig,0.75,0.25,positive_only,s1_plus_ig/mode=positive_only/ratio=0.75/keep=0.25,0.139844943201629,0.0135234968192078,0.2697242913538925,0.300990099009901,0.1464473321772913,0.99468820861678,0.0999891311109845,S1/random_over,0.1938855735064714,0.0137492304535193,0.288301529857114,0.3168316831683168,0.1694145233878041,0.0124270739458331,0.2652221887692944,0.278118609406953,-0.05404063030484241,-0.0002257336343114997,-0.0158415841584158,-0.0229671912105128
10,43,lgbm,s1_plus_ig,1.0,0.25,positive_only,s1_plus_ig/mode=positive_only/ratio=1.0/keep=0.25,0.1597620400520654,0.0112045967576441,0.2900439337907149,0.3346534653465347,0.1564411147496604,0.99468820861678,0.0999891311109845,S1/random_over,0.1938855735064714,0.0137492304535193,0.288301529857114,0.3168316831683168,0.1694145233878041,0.0124270739458331,0.2652221887692944,0.278118609406953,-0.034123533454405997,-0.0025446336958752005,0.017821782178217893,-0.012973408638143696
10,43,lgbm,s1_plus_ig,1.5,0.25,positive_only,s1_plus_ig/mode=positive_only/ratio=1.5/keep=0.25,0.161822169804731,0.0137697516930022,0.2854136582530253,0.3267326732673267,0.1620734759978344,0.99468820861678,0.0999891311109845,S1/random_over,0.1938855735064714,0.0137492304535193,0.288301529857114,0.3168316831683168,0.1694145233878041,0.0124270739458331,0.2652221887692944,0.278118609406953,-0.032063403701740406,2.0521239482899564e-05,0.00990099009900991,-0.007341047389969713
10,43,lgbm,s1_plus_ig,2.0,0.25,positive_only,s1_plus_ig/mode=positive_only/ratio=2.0/keep=0.25,0.1414505964372368,0.0132977631848963,0.2674777894805545,0.297029702970297,0.1246528760691713,0.99468820861678,0.0999891311109845,S1/random_over,0.1938855735064714,0.0137492304535193,0.288301529857114,0.3168316831683168,0.1694145233878041,0.0124270739458331,0.2652221887692944,0.278118609406953,-0.05243497706923461,-0.0004514672686229994,-0.019801980198019764,-0.0447616473186328
10,43,lgbm,s1_plus_ig,0.25,0.5,positive_only,s1_plus_ig/mode=positive_only/ratio=0.25/keep=0.5,0.1401763833586083,0.0142212189616252,0.2802340023933719,0.3029702970297029,0.1276019938170836,0.9997587831318464,0.0851038536470139,S1/random_over,0.1938855735064714,0.0137492304535193,0.288301529857114,0.3168316831683168,0.1694145233878041,0.0124270739458331,0.2652221887692944,0.278118609406953,-0.0537091901478631,0.0004719885081059007,-0.013861386138613874,-0.041812529570720514
10,43,lgbm,s1_plus_ig,0.5,0.5,positive_only,s1_plus_ig/mode=positive_only/ratio=0.5/keep=0.5,0.1382819174843745,0.010609480812641,0.2800461904789916,0.3207920792079208,0.1335616936428927,0.9997587831318464,0.0851038536470139,S1/random_over,0.1938855735064714,0.0137492304535193,0.288301529857114,0.3168316831683168,0.1694145233878041,0.0124270739458331,0.2652221887692944,0.278118609406953,-0.05560365602209691,-0.003139749640878299,0.003960396039604019,-0.03585282974491141
10,43,lgbm,s1_plus_ig,0.75,0.5,positive_only,s1_plus_ig/mode=positive_only/ratio=0.75/keep=0.5,0.1489968595492893,0.0100964498255694,0.2734367852626702,0.3128712871287128,0.1220591697150829,0.9997587831318464,0.0851038536470139,S1/random_over,0.1938855735064714,0.0137492304535193,0.288301529857114,0.3168316831683168,0.1694145233878041,0.0124270739458331,0.2652221887692944,0.278118609406953,-0.04488871395718211,-0.0036527806279499,-0.003960396039603964,-0.0473553536727212
10,43,lgbm,s1_plus_ig,1.0,0.5,positive_only,s1_plus_ig/mode=positive_only/ratio=1.0/keep=0.5,0.1145028617979692,0.0179560845475066,0.2656440697152716,0.2257425742574257,0.1253151632970859,0.9997587831318464,0.0851038536470139,S1/random_over,0.1938855735064714,0.0137492304535193,0.288301529857114,0.3168316831683168,0.1694145233878041,0.0124270739458331,0.2652221887692944,0.278118609406953,-0.0793827117085022,0.0042068540939873,-0.09108910891089109,-0.044099360090718215
10,43,lgbm,s1_plus_ig,1.5,0.5,positive_only,s1_plus_ig/mode=positive_only/ratio=1.5/keep=0.5,0.1576097275181181,0.0160065667966345,0.2869993868062395,0.3188118811881188,0.1337311719088445,0.9997587831318464,0.0851038536470139,S1/random_over,0.1938855735064714,0.0137492304535193,0.288301529857114,0.3168316831683168,0.1694145233878041,0.0124270739458331,0.2652221887692944,0.278118609406953,-0.03627584598835329,0.0022573363431152016,0.0019801980198020375,-0.035683351478959596
10,43,lgbm,s1_plus_ig,2.0,0.5,positive_only,s1_plus_ig/mode=positive_only/ratio=2.0/keep=0.5,0.1674412339712066,0.0103221834598809,0.2891795290782564,0.3346534653465347,0.148666729205237,0.9997587831318464,0.0851038536470139,S1/random_over,0.1938855735064714,0.0137492304535193,0.288301529857114,0.3168316831683168,0.1694145233878041,0.0124270739458331,0.2652221887692944,0.278118609406953,-0.026444339535264788,-0.0034270469936384003,0.017821782178217893,-0.020747794182567114
10,43,lgbm,s1_plus_ig,0.25,0.75,positive_only,s1_plus_ig/mode=positive_only/ratio=0.25/keep=0.75,0.1401763833586083,0.0142212189616252,0.2802340023933719,0.3029702970297029,0.1276019938170836,0.9999702026221692,0.0938355600619354,S1/random_over,0.1938855735064714,0.0137492304535193,0.288301529857114,0.3168316831683168,0.1694145233878041,0.0124270739458331,0.2652221887692944,0.278118609406953,-0.0537091901478631,0.0004719885081059007,-0.013861386138613874,-0.041812529570720514
10,43,lgbm,s1_plus_ig,0.5,0.75,positive_only,s1_plus_ig/mode=positive_only/ratio=0.5/keep=0.75,0.1382819174843745,0.010609480812641,0.2800461904789916,0.3207920792079208,0.1335616936428927,0.9999702026221692,0.0938355600619354,S1/random_over,0.1938855735064714,0.0137492304535193,0.288301529857114,0.3168316831683168,0.1694145233878041,0.0124270739458331,0.2652221887692944,0.278118609406953,-0.05560365602209691,-0.003139749640878299,0.003960396039604019,-0.03585282974491141
10,43,lgbm,s1_plus_ig,0.75,0.75,positive_only,s1_plus_ig/mode=positive_only/ratio=0.75/keep=0.75,0.1560249519234051,0.0125384773240303,0.2882640664651001,0.3287128712871287,0.1546155750805922,0.9999702026221692,0.0938355600619354,S1/random_over,0.1938855735064714,0.0137492304535193,0.288301529857114,0.3168316831683168,0.1694145233878041,0.0124270739458331,0.2652221887692944,0.278118609406953,-0.0378606215830663,-0.0012107531294889996,0.011881188118811947,-0.014798948307211901
10,43,lgbm,s1_plus_ig,1.0,0.75,positive_only,s1_plus_ig/mode=positive_only/ratio=1.0/keep=0.75,0.1600376558006221,0.0111635542786784,0.3020862809034684,0.3465346534653465,0.1553911282096372,0.9999702026221692,0.0938355600619354,S1/random_over,0.1938855735064714,0.0137492304535193,0.288301529857114,0.3168316831683168,0.1694145233878041,0.0124270739458331,0.2652221887692944,0.278118609406953,-0.0338479177058493,-0.002585676174840899,0.02970297029702973,-0.014023395178166892
10,43,lgbm,s1_plus_ig,1.5,0.75,positive_only,s1_plus_ig/mode=positive_only/ratio=1.5/keep=0.75,0.1612256046805542,0.0145495587933511,0.2868593011985286,0.3108910891089109,0.1635790938270084,0.9999702026221692,0.0938355600619354,S1/random_over,0.1938855735064714,0.0137492304535193,0.288301529857114,0.3168316831683168,0.1694145233878041,0.0124270739458331,0.2652221887692944,0.278118609406953,-0.03265996882591721,0.000800328339831801,-0.00594059405940589,-0.0058354295607957185
10,43,lgbm,s1_plus_ig,2.0,0.75,positive_only,s1_plus_ig/mode=positive_only/ratio=2.0/keep=0.75,0.147973581243644,0.0143853888774882,0.2882280924448456,0.3029702970297029,0.1483721222530927,0.9999702026221692,0.0938355600619354,S1/random_over,0.1938855735064714,0.0137492304535193,0.288301529857114,0.3168316831683168,0.1694145233878041,0.0124270739458331,0.2652221887692944,0.278118609406953,-0.04591199226282741,0.0006361584239689012,-0.013861386138613874,-0.021042401134711397
10,43,lgbm,s1_plus_ig,0.25,1.0,positive_only,s1_plus_ig/mode=positive_only/ratio=0.25/keep=1.0,0.1401763833586083,0.0142212189616252,0.2802340023933719,0.3029702970297029,0.1276019938170836,0.9999929053862308,0.1090252700313142,S1/random_over,0.1938855735064714,0.0137492304535193,0.288301529857114,0.3168316831683168,0.1694145233878041,0.0124270739458331,0.2652221887692944,0.278118609406953,-0.0537091901478631,0.0004719885081059007,-0.013861386138613874,-0.041812529570720514
10,43,lgbm,s1_plus_ig,0.5,1.0,positive_only,s1_plus_ig/mode=positive_only/ratio=0.5/keep=1.0,0.1382819174843745,0.010609480812641,0.2800461904789916,0.3207920792079208,0.1335616936428927,0.9999929053862308,0.1090252700313142,S1/random_over,0.1938855735064714,0.0137492304535193,0.288301529857114,0.3168316831683168,0.1694145233878041,0.0124270739458331,0.2652221887692944,0.278118609406953,-0.05560365602209691,-0.003139749640878299,0.003960396039604019,-0.03585282974491141
10,43,lgbm,s1_plus_ig,0.75,1.0,positive_only,s1_plus_ig/mode=positive_only/ratio=0.75/keep=1.0,0.1560249519234051,0.0125384773240303,0.2882640664651001,0.3287128712871287,0.1546155750805922,0.9999929053862308,0.1090252700313142,S1/random_over,0.1938855735064714,0.0137492304535193,0.288301529857114,0.3168316831683168,0.1694145233878041,0.0124270739458331,0.2652221887692944,0.278118609406953,-0.0378606215830663,-0.0012107531294889996,0.011881188118811947,-0.014798948307211901
10,43,lgbm,s1_plus_ig,1.0,1.0,positive_only,s1_plus_ig/mode=positive_only/ratio=1.0/keep=1.0,0.1600376558006221,0.0111635542786784,0.3020862809034684,0.3465346534653465,0.1553911282096372,0.9999929053862308,0.1090252700313142,S1/random_over,0.1938855735064714,0.0137492304535193,0.288301529857114,0.3168316831683168,0.1694145233878041,0.0124270739458331,0.2652221887692944,0.278118609406953,-0.0338479177058493,-0.002585676174840899,0.02970297029702973,-0.014023395178166892
10,43,lgbm,s1_plus_ig,1.5,1.0,positive_only,s1_plus_ig/mode=positive_only/ratio=1.5/keep=1.0,0.1624189459969097,0.0126205622819618,0.2832903482259585,0.3287128712871287,0.1620572302486599,0.9999929053862308,0.1090252700313142,S1/random_over,0.1938855735064714,0.0137492304535193,0.288301529857114,0.3168316831683168,0.1694145233878041,0.0124270739458331,0.2652221887692944,0.278118609406953,-0.031466627509561695,-0.0011286681715575002,0.011881188118811947,-0.007357293139144211
10,43,lgbm,s1_plus_ig,2.0,1.0,positive_only,s1_plus_ig/mode=positive_only/ratio=2.0/keep=1.0,0.1838765049582783,0.0147752924276626,0.2994556603806068,0.3386138613861386,0.1403054378693395,0.9999929053862308,0.1090252700313142,S1/random_over,0.1938855735064714,0.0137492304535193,0.288301529857114,0.3168316831683168,0.1694145233878041,0.0124270739458331,0.2652221887692944,0.278118609406953,-0.010009068548193112,0.0010260619741433007,0.0217821782178218,-0.02910908551846461
10,44,lgbm,s1_plus_ig,0.25,0.25,positive_only,s1_plus_ig/mode=positive_only/ratio=0.25/keep=0.25,0.1565763042069921,0.0124769136055817,0.2888462953776226,0.3267326732673267,0.1433575633643938,0.9990136054421768,0.0642565928051202,S1/random_over,0.1634896268230056,0.0105273958547096,0.2764058474199133,0.3207920792079208,0.1524688712540768,0.0088459896599155,0.2569720074095475,0.2576687116564417,-0.0069133226160135175,0.0019495177508721002,0.00594059405940589,-0.009111307889683007
10,44,lgbm,s1_plus_ig,0.5,0.25,positive_only,s1_plus_ig/mode=positive_only/ratio=0.5/keep=0.25,0.1529740255820724,0.0117381489841986,0.284630896296244,0.3168316831683168,0.1450637273748332,0.9990136054421768,0.0642565928051202,S1/random_over,0.1634896268230056,0.0105273958547096,0.2764058474199133,0.3207920792079208,0.1524688712540768,0.0088459896599155,0.2569720074095475,0.2576687116564417,-0.010515601240933203,0.0012107531294889996,-0.003960396039604019,-0.0074051438792435975
10,44,lgbm,s1_plus_ig,0.75,0.25,positive_only,s1_plus_ig/mode=positive_only/ratio=0.75/keep=0.25,0.1392530040649611,0.0092756002462548,0.2875330530811954,0.3326732673267327,0.142220536905553,0.9990136054421768,0.0642565928051202,S1/random_over,0.1634896268230056,0.0105273958547096,0.2764058474199133,0.3207920792079208,0.1524688712540768,0.0088459896599155,0.2569720074095475,0.2576687116564417,-0.0242366227580445,-0.0012517956084548004,0.011881188118811892,-0.010248334348523791
10,44,lgbm,s1_plus_ig,1.0,0.25,positive_only,s1_plus_ig/mode=positive_only/ratio=1.0/keep=0.25,0.1541563681111085,0.0121075312948902,0.2980518660627975,0.3425742574257426,0.1493636851742149,0.9990136054421768,0.0642565928051202,S1/random_over,0.1634896268230056,0.0105273958547096,0.2764058474199133,0.3207920792079208,0.1524688712540768,0.0088459896599155,0.2569720074095475,0.2576687116564417,-0.009333258711897108,0.0015801354401806002,0.0217821782178218,-0.0031051860798619046
10,44,lgbm,s1_plus_ig,1.5,0.25,positive_only,s1_plus_ig/mode=positive_only/ratio=1.5/keep=0.25,0.1437318440993771,0.0094602914016006,0.2992304335062443,0.3465346534653465,0.1378120472022955,0.9990136054421768,0.0642565928051202,S1/random_over,0.1634896268230056,0.0105273958547096,0.2764058474199133,0.3207920792079208,0.1524688712540768,0.0088459896599155,0.2569720074095475,0.2576687116564417,-0.01975778272362852,-0.001067104453109001,0.02574257425742571,-0.014656824051781286
10,44,lgbm,s1_plus_ig,2.0,0.25,positive_only,s1_plus_ig/mode=positive_only/ratio=2.0/keep=0.25,0.176144733108174,0.0083726657090088,0.3149807813593259,0.3702970297029703,0.1485995432977852,0.9990136054421768,0.0642565928051202,S1/random_over,0.1634896268230056,0.0105273958547096,0.2764058474199133,0.3207920792079208,0.1524688712540768,0.0088459896599155,0.2569720074095475,0.2576687116564417,0.012655106285168388,-0.002154730145700801,0.04950495049504949,-0.0038693279562915794
10,44,lgbm,s1_plus_ig,0.25,0.5,positive_only,s1_plus_ig/mode=positive_only/ratio=0.25/keep=0.5,0.1565763042069921,0.0124769136055817,0.2888462953776226,0.3267326732673267,0.1433575633643938,0.9998680401838924,0.0538565019968725,S1/random_over,0.1634896268230056,0.0105273958547096,0.2764058474199133,0.3207920792079208,0.1524688712540768,0.0088459896599155,0.2569720074095475,0.2576687116564417,-0.0069133226160135175,0.0019495177508721002,0.00594059405940589,-0.009111307889683007
10,44,lgbm,s1_plus_ig,0.5,0.5,positive_only,s1_plus_ig/mode=positive_only/ratio=0.5/keep=0.5,0.1462359226407336,0.0099938436281551,0.2883431360464875,0.3386138613861386,0.1421337394537457,0.9998680401838924,0.0538565019968725,S1/random_over,0.1634896268230056,0.0105273958547096,0.2764058474199133,0.3207920792079208,0.1524688712540768,0.0088459896599155,0.2569720074095475,0.2576687116564417,-0.01725370418227201,-0.0005335522265545005,0.017821782178217782,-0.010335131800331104
10,44,lgbm,s1_plus_ig,0.75,0.5,positive_only,s1_plus_ig/mode=positive_only/ratio=0.75/keep=0.5,0.1474278992306643,0.0120870100554073,0.2869370480599373,0.3267326732673267,0.154093838205463,0.9998680401838924,0.0538565019968725,S1/random_over,0.1634896268230056,0.0105273958547096,0.2764058474199133,0.3207920792079208,0.1524688712540768,0.0088459896599155,0.2569720074095475,0.2576687116564417,-0.016061727592341313,0.0015596142006977006,0.00594059405940589,0.0016249669513861975
10,44,lgbm,s1_plus_ig,1.0,0.5,positive_only,s1_plus_ig/mode=positive_only/ratio=1.0/keep=0.5,0.1549513985359084,0.0132361994664477,0.2915046148152678,0.3346534653465347,0.1554201014596002,0.9998680401838924,0.0538565019968725,S1/random_over,0.1634896268230056,0.0105273958547096,0.2764058474199133,0.3207920792079208,0.1524688712540768,0.0088459896599155,0.2569720074095475,0.2576687116564417,-0.008538228287097216,0.0027088036117381004,0.013861386138613874,0.002951230205523403
10,44,lgbm,s1_plus_ig,1.5,0.5,positive_only,s1_plus_ig/mode=positive_only/ratio=1.5/keep=0.5,0.1710413047621789,0.0125589985635132,0.2894701605092274,0.3247524752475247,0.1514794078049003,0.9998680401838924,0.0538565019968725,S1/random_over,0.1634896268230056,0.0105273958547096,0.2764058474199133,0.3207920792079208,0.1524688712540768,0.0088459896599155,0.2569720074095475,0.2576687116564417,0.007551677939173301,0.0020316027088035996,0.003960396039603908,-0.0009894634491764975
10,44,lgbm,s1_plus_ig,2.0,0.5,positive_only,s1_plus_ig/mode=positive_only/ratio=2.0/keep=0.5,0.1422622387697096,0.0203570695670018,0.2735652757237732,0.291089108910891,0.1319928187386079,0.9998680401838924,0.0538565019968725,S1/random_over,0.1634896268230056,0.0105273958547096,0.2764058474199133,0.3207920792079208,0.1524688712540768,0.0088459896599155,0.2569720074095475,0.2576687116564417,-0.02122738805329602,0.009829673712292201,-0.029702970297029785,-0.020476052515468884
10,44,lgbm,s1_plus_ig,0.25,0.75,positive_only,s1_plus_ig/mode=positive_only/ratio=0.25/keep=0.75,0.1565763042069921,0.0124769136055817,0.2888462953776226,0.3267326732673267,0.1433575633643938,0.9998524320336,0.0811973171568702,S1/random_over,0.1634896268230056,0.0105273958547096,0.2764058474199133,0.3207920792079208,0.1524688712540768,0.0088459896599155,0.2569720074095475,0.2576687116564417,-0.0069133226160135175,0.0019495177508721002,0.00594059405940589,-0.009111307889683007
10,44,lgbm,s1_plus_ig,0.5,0.75,positive_only,s1_plus_ig/mode=positive_only/ratio=0.5/keep=0.75,0.1462359226407336,0.0099938436281551,0.2883431360464875,0.3386138613861386,0.1421337394537457,0.9998524320336,0.0811973171568702,S1/random_over,0.1634896268230056,0.0105273958547096,0.2764058474199133,0.3207920792079208,0.1524688712540768,0.0088459896599155,0.2569720074095475,0.2576687116564417,-0.01725370418227201,-0.0005335522265545005,0.017821782178217782,-0.010335131800331104
10,44,lgbm,s1_plus_ig,0.75,0.75,positive_only,s1_plus_ig/mode=positive_only/ratio=0.75/keep=0.75,0.1660277399147227,0.0117176277447157,0.2905816454094748,0.3366336633663366,0.1616865055576032,0.9998524320336,0.0811973171568702,S1/random_over,0.1634896268230056,0.0105273958547096,0.2764058474199133,0.3207920792079208,0.1524688712540768,0.0088459896599155,0.2569720074095475,0.2576687116564417,0.002538113091717087,0.0011902318900061,0.0158415841584158,0.0092176343035264
10,44,lgbm,s1_plus_ig,1.0,0.75,positive_only,s1_plus_ig/mode=positive_only/ratio=1.0/keep=0.75,0.1288390061643533,0.0188179766057869,0.267478954402086,0.2594059405940594,0.1279829285499313,0.9998524320336,0.0811973171568702,S1/random_over,0.1634896268230056,0.0105273958547096,0.2764058474199133,0.3207920792079208,0.1524688712540768,0.0088459896599155,0.2569720074095475,0.2576687116564417,-0.03465062065865232,0.0082905807510773,-0.061386138613861385,-0.024485942704145502
10,44,lgbm,s1_plus_ig,1.5,0.75,positive_only,s1_plus_ig/mode=positive_only/ratio=1.5/keep=0.75,0.1565327018076754,0.0073466037348655,0.2734740344540304,0.3069306930693069,0.1637402377395578,0.9998524320336,0.0811973171568702,S1/random_over,0.1634896268230056,0.0105273958547096,0.2764058474199133,0.3207920792079208,0.1524688712540768,0.0088459896599155,0.2569720074095475,0.2576687116564417,-0.006956925015330212,-0.0031807921198441,-0.013861386138613874,0.011271366485480994
10,44,lgbm,s1_plus_ig,2.0,0.75,positive_only,s1_plus_ig/mode=positive_only/ratio=2.0/keep=0.75,0.1457086928224746,0.0183254668581982,0.2706412099307145,0.291089108910891,0.1479534240339899,0.9998524320336,0.0811973171568702,S1/random_over,0.1634896268230056,0.0105273958547096,0.2764058474199133,0.3207920792079208,0.1524688712540768,0.0088459896599155,0.2569720074095475,0.2576687116564417,-0.017780934000531018,0.0077980710034885985,-0.029702970297029785,-0.004515447220086899
10,44,lgbm,s1_plus_ig,0.25,1.0,positive_only,s1_plus_ig/mode=positive_only/ratio=0.25/keep=1.0,0.1565763042069921,0.0124769136055817,0.2888462953776226,0.3267326732673267,0.1433575633643938,0.999909188943754,0.0980747948455839,S1/random_over,0.1634896268230056,0.0105273958547096,0.2764058474199133,0.3207920792079208,0.1524688712540768,0.0088459896599155,0.2569720074095475,0.2576687116564417,-0.0069133226160135175,0.0019495177508721002,0.00594059405940589,-0.009111307889683007
10,44,lgbm,s1_plus_ig,0.5,1.0,positive_only,s1_plus_ig/mode=positive_only/ratio=0.5/keep=1.0,0.1462359226407336,0.0099938436281551,0.2883431360464875,0.3386138613861386,0.1421337394537457,0.999909188943754,0.0980747948455839,S1/random_over,0.1634896268230056,0.0105273958547096,0.2764058474199133,0.3207920792079208,0.1524688712540768,0.0088459896599155,0.2569720074095475,0.2576687116564417,-0.01725370418227201,-0.0005335522265545005,0.017821782178217782,-0.010335131800331104
10,44,lgbm,s1_plus_ig,0.75,1.0,positive_only,s1_plus_ig/mode=positive_only/ratio=0.75/keep=1.0,0.1660277399147227,0.0117176277447157,0.2905816454094748,0.3366336633663366,0.1616865055576032,0.999909188943754,0.0980747948455839,S1/random_over,0.1634896268230056,0.0105273958547096,0.2764058474199133,0.3207920792079208,0.1524688712540768,0.0088459896599155,0.2569720074095475,0.2576687116564417,0.002538113091717087,0.0011902318900061,0.0158415841584158,0.0092176343035264
10,44,lgbm,s1_plus_ig,1.0,1.0,positive_only,s1_plus_ig/mode=positive_only/ratio=1.0/keep=1.0,0.1288390061643533,0.0188179766057869,0.267478954402086,0.2594059405940594,0.1279829285499313,0.999909188943754,0.0980747948455839,S1/random_over,0.1634896268230056,0.0105273958547096,0.2764058474199133,0.3207920792079208,0.1524688712540768,0.0088459896599155,0.2569720074095475,0.2576687116564417,-0.03465062065865232,0.0082905807510773,-0.061386138613861385,-0.024485942704145502
10,44,lgbm,s1_plus_ig,1.5,1.0,positive_only,s1_plus_ig/mode=positive_only/ratio=1.5/keep=1.0,0.1837878617241992,0.004699363841576,0.2992949691764748,0.3346534653465347,0.1862797853026359,0.999909188943754,0.0980747948455839,S1/random_over,0.1634896268230056,0.0105273958547096,0.2764058474199133,0.3207920792079208,0.1524688712540768,0.0088459896599155,0.2569720074095475,0.2576687116564417,0.02029823490119359,-0.0058280320131336005,0.013861386138613874,0.0338109140485591
10,44,lgbm,s1_plus_ig,2.0,1.0,positive_only,s1_plus_ig/mode=positive_only/ratio=2.0/keep=1.0,0.1577782764895447,0.0082084957931459,0.2834577172324345,0.3247524752475247,0.1532119404732652,0.999909188943754,0.0980747948455839,S1/random_over,0.1634896268230056,0.0105273958547096,0.2764058474199133,0.3207920792079208,0.1524688712540768,0.0088459896599155,0.2569720074095475,0.2576687116564417,-0.005711350333460902,-0.002318900061563701,0.003960396039603908,0.0007430692191884025
10,45,lgbm,s1_plus_ig,0.25,0.25,positive_only,s1_plus_ig/mode=positive_only/ratio=0.25/keep=0.25,0.1334606224600968,0.0091935152883234,0.2534814223655515,0.2851485148514851,0.1607048948117587,0.998843537414966,0.0562577144369155,S1/random_over,0.1712604944245175,0.0033654832751898,0.2640898726199012,0.295049504950495,0.1543918508053457,0.0028221790067827,0.197412172476684,0.2699386503067484,-0.037799871964420695,0.005828032013133599,-0.009900990099009854,0.006313044006412999
10,45,lgbm,s1_plus_ig,0.5,0.25,positive_only,s1_plus_ig/mode=positive_only/ratio=0.5/keep=0.25,0.1452301726496072,0.0122922224502359,0.270731512753817,0.3069306930693069,0.1439372161642847,0.998843537414966,0.0562577144369155,S1/random_over,0.1712604944245175,0.0033654832751898,0.2640898726199012,0.295049504950495,0.1543918508053457,0.0028221790067827,0.197412172476684,0.2699386503067484,-0.026030321774910298,0.0089267391750461,0.011881188118811947,-0.010454634641061
10,45,lgbm,s1_plus_ig,0.75,0.25,positive_only,s1_plus_ig/mode=positive_only/ratio=0.75/keep=0.25,0.1278907392129852,0.0101990560229837,0.2506558607421343,0.2891089108910891,0.1239147882948393,0.998843537414966,0.0562577144369155,S1/random_over,0.1712604944245175,0.0033654832751898,0.2640898726199012,0.295049504950495,0.1543918508053457,0.0028221790067827,0.197412172476684,0.2699386503067484,-0.0433697552115323,0.006833572747793899,-0.00594059405940589,-0.0304770625105064
10,45,lgbm,s1_plus_ig,1.0,0.25,positive_only,s1_plus_ig/mode=positive_only/ratio=1.0/keep=0.25,0.1584648031078037,0.009706546275395,0.2855255080628822,0.3326732673267327,0.1542939338134023,0.998843537414966,0.0562577144369155,S1/random_over,0.1712604944245175,0.0033654832751898,0.2640898726199012,0.295049504950495,0.1543918508053457,0.0028221790067827,0.197412172476684,0.2699386503067484,-0.012795691316713792,0.0063410630002052,0.03762376237623771,-9.791699194339198e-05
10,45,lgbm,s1_plus_ig,1.5,0.25,positive_only,s1_plus_ig/mode=positive_only/ratio=1.5/keep=0.25,0.1184445883798637,0.0120459675764416,0.2497564148163927,0.2752475247524752,0.1209583567241068,0.998843537414966,0.0562577144369155,S1/random_over,0.1712604944245175,0.0033654832751898,0.2640898726199012,0.295049504950495,0.1543918508053457,0.0028221790067827,0.197412172476684,0.2699386503067484,-0.05281590604465379,0.0086804843012518,-0.019801980198019764,-0.0334334940812389
10,45,lgbm,s1_plus_ig,2.0,0.25,positive_only,s1_plus_ig/mode=positive_only/ratio=2.0/keep=0.25,0.1762364423451408,0.0080032833983172,0.2911528549582778,0.3346534653465347,0.1664173482339491,0.998843537414966,0.0562577144369155,S1/random_over,0.1712604944245175,0.0033654832751898,0.2640898726199012,0.295049504950495,0.1543918508053457,0.0028221790067827,0.197412172476684,0.2699386503067484,0.004975947920623308,0.0046378001231274,0.039603960396039695,0.012025497428603399
10,45,lgbm,s1_plus_ig,0.25,0.5,positive_only,s1_plus_ig/mode=positive_only/ratio=0.25/keep=0.5,0.1334606224600968,0.0091935152883234,0.2534814223655515,0.2851485148514851,0.1607048948117587,0.9999432430898462,0.0465831021095749,S1/random_over,0.1712604944245175,0.0033654832751898,0.2640898726199012,0.295049504950495,0.1543918508053457,0.0028221790067827,0.197412172476684,0.2699386503067484,-0.037799871964420695,0.005828032013133599,-0.009900990099009854,0.006313044006412999
10,45,lgbm,s1_plus_ig,0.5,0.5,positive_only,s1_plus_ig/mode=positive_only/ratio=0.5/keep=0.5,0.1408481445246981,0.0155345782885286,0.2646056451966499,0.2811881188118812,0.1525685180263117,0.9999432430898462,0.0465831021095749,S1/random_over,0.1712604944245175,0.0033654832751898,0.2640898726199012,0.295049504950495,0.1543918508053457,0.0028221790067827,0.197412172476684,0.2699386503067484,-0.03041234989981939,0.0121690950133388,-0.013861386138613763,-0.0018233327790340148
10,45,lgbm,s1_plus_ig,0.75,0.5,positive_only,s1_plus_ig/mode=positive_only/ratio=0.75/keep=0.5,0.1755278279937865,0.0068746152267596,0.3214368796871203,0.3643564356435643,0.1654576816977455,0.9999432430898462,0.0465831021095749,S1/random_over,0.1712604944245175,0.0033654832751898,0.2640898726199012,0.295049504950495,0.1543918508053457,0.0028221790067827,0.197412172476684,0.2699386503067484,0.004267333569269005,0.0035091319515698004,0.06930693069306931,0.011065830892399792
10,45,lgbm,s1_plus_ig,1.0,0.5,positive_only,s1_plus_ig/mode=positive_only/ratio=1.0/keep=0.5,0.1672401742607364,0.0088036117381489,0.3044391789019459,0.3564356435643564,0.1542446656799314,0.9999432430898462,0.0465831021095749,S1/random_over,0.1712604944245175,0.0033654832751898,0.2640898726199012,0.295049504950495,0.1543918508053457,0.0028221790067827,0.197412172476684,0.2699386503067484,-0.004020320163781094,0.0054381284629591,0.06138613861386144,-0.00014718512541431195
10,45,lgbm,s1_plus_ig,1.5,0.5,positive_only,s1_plus_ig/mode=positive_only/ratio=1.5/keep=0.5,0.1744516451075462,0.0114303303919556,0.2963875911163142,0.3405940594059406,0.1578930337014427,0.9999432430898462,0.0465831021095749,S1/random_over,0.1712604944245175,0.0033654832751898,0.2640898726199012,0.295049504950495,0.1543918508053457,0.0028221790067827,0.197412172476684,0.2699386503067484,0.0031911506830287206,0.0080648471167658,0.04554455445544564,0.0035011828960969937
10,45,lgbm,s1_plus_ig,2.0,0.5,positive_only,s1_plus_ig/mode=positive_only/ratio=2.0/keep=0.5,0.1730678228901595,0.0080853683562487,0.2965517078908701,0.3386138613861386,0.1644540496842789,0.9999432430898462,0.0465831021095749,S1/random_over,0.1712604944245175,0.0033654832751898,0.2640898726199012,0.295049504950495,0.1543918508053457,0.0028221790067827,0.197412172476684,0.2699386503067484,0.0018073284656420219,0.004719885081058899,0.0435643564356436,0.010062198878933198
10,45,lgbm,s1_plus_ig,0.25,0.75,positive_only,s1_plus_ig/mode=positive_only/ratio=0.25/keep=0.75,0.1334606224600968,0.0091935152883234,0.2534814223655515,0.2851485148514851,0.1607048948117587,0.9999631080084,0.0415525444738313,S1/random_over,0.1712604944245175,0.0033654832751898,0.2640898726199012,0.295049504950495,0.1543918508053457,0.0028221790067827,0.197412172476684,0.2699386503067484,-0.037799871964420695,0.005828032013133599,-0.009900990099009854,0.006313044006412999
10,45,lgbm,s1_plus_ig,0.5,0.75,positive_only,s1_plus_ig/mode=positive_only/ratio=0.5/keep=0.75,0.1408481445246981,0.0155345782885286,0.2646056451966499,0.2811881188118812,0.1525685180263117,0.9999631080084,0.0415525444738313,S1/random_over,0.1712604944245175,0.0033654832751898,0.2640898726199012,0.295049504950495,0.1543918508053457,0.0028221790067827,0.197412172476684,0.2699386503067484,-0.03041234989981939,0.0121690950133388,-0.013861386138613763,-0.0018233327790340148
10,45,lgbm,s1_plus_ig,0.75,0.75,positive_only,s1_plus_ig/mode=positive_only/ratio=0.75/keep=0.75,0.1502800804411497,0.0136261030166222,0.2866640274604804,0.3207920792079208,0.1785654300444058,0.9999631080084,0.0415525444738313,S1/random_over,0.1712604944245175,0.0033654832751898,0.2640898726199012,0.295049504950495,0.1543918508053457,0.0028221790067827,0.197412172476684,0.2699386503067484,-0.02098041398336778,0.0102606197414324,0.02574257425742582,0.024173579239060106
10,45,lgbm,s1_plus_ig,1.0,0.75,positive_only,s1_plus_ig/mode=positive_only/ratio=1.0/keep=0.75,0.1572801704216613,0.013502975579725,0.2891103714064937,0.3306930693069307,0.1525374189734227,0.9999631080084,0.0415525444738313,S1/random_over,0.1712604944245175,0.0033654832751898,0.2640898726199012,0.295049504950495,0.1543918508053457,0.0028221790067827,0.197412172476684,0.2699386503067484,-0.013980324002856204,0.010137492304535199,0.03564356435643573,-0.0018544318319229924
10,45,lgbm,s1_plus_ig,1.5,0.75,positive_only,s1_plus_ig/mode=positive_only/ratio=1.5/keep=0.75,0.1275592469944293,0.0132567207059306,0.2775543103072391,0.2712871287128713,0.1365384586692268,0.9999631080084,0.0415525444738313,S1/random_over,0.1712604944245175,0.0033654832751898,0.2640898726199012,0.295049504950495,0.1543918508053457,0.0028221790067827,0.197412172476684,0.2699386503067484,-0.043701247430088186,0.0098912374307408,-0.023762376237623672,-0.017853392136118917
10,45,lgbm,s1_plus_ig,2.0,0.75,positive_only,s1_plus_ig/mode=positive_only/ratio=2.0/keep=0.75,0.1357953841540064,0.0179766057869895,0.280337308806066,0.2871287128712871,0.1497574440510528,0.9999631080084,0.0415525444738313,S1/random_over,0.1712604944245175,0.0033654832751898,0.2640898726199012,0.295049504950495,0.1543918508053457,0.0028221790067827,0.197412172476684,0.2699386503067484,-0.03546511027051108,0.0146111225117997,-0.007920792079207872,-0.0046344067542929135
10,45,lgbm,s1_plus_ig,0.25,1.0,positive_only,s1_plus_ig/mode=positive_only/ratio=0.25/keep=1.0,0.1334606224600968,0.0091935152883234,0.2534814223655515,0.2851485148514851,0.1607048948117587,0.9999900675407232,0.0472990874885582,S1/random_over,0.1712604944245175,0.0033654832751898,0.2640898726199012,0.295049504950495,0.1543918508053457,0.0028221790067827,0.197412172476684,0.2699386503067484,-0.037799871964420695,0.005828032013133599,-0.009900990099009854,0.006313044006412999
10,45,lgbm,s1_plus_ig,0.5,1.0,positive_only,s1_plus_ig/mode=positive_only/ratio=0.5/keep=1.0,0.1408481445246981,0.0155345782885286,0.2646056451966499,0.2811881188118812,0.1525685180263117,0.9999900675407232,0.0472990874885582,S1/random_over,0.1712604944245175,0.0033654832751898,0.2640898726199012,0.295049504950495,0.1543918508053457,0.0028221790067827,0.197412172476684,0.2699386503067484,-0.03041234989981939,0.0121690950133388,-0.013861386138613763,-0.0018233327790340148
10,45,lgbm,s1_plus_ig,0.75,1.0,positive_only,s1_plus_ig/mode=positive_only/ratio=0.75/keep=1.0,0.1502800804411497,0.0136261030166222,0.2866640274604804,0.3207920792079208,0.1785654300444058,0.9999900675407232,0.0472990874885582,S1/random_over,0.1712604944245175,0.0033654832751898,0.2640898726199012,0.295049504950495,0.1543918508053457,0.0028221790067827,0.197412172476684,0.2699386503067484,-0.02098041398336778,0.0102606197414324,0.02574257425742582,0.024173579239060106
10,45,lgbm,s1_plus_ig,1.0,1.0,positive_only,s1_plus_ig/mode=positive_only/ratio=1.0/keep=1.0,0.1572801704216613,0.013502975579725,0.2891103714064937,0.3306930693069307,0.1525374189734227,0.9999900675407232,0.0472990874885582,S1/random_over,0.1712604944245175,0.0033654832751898,0.2640898726199012,0.295049504950495,0.1543918508053457,0.0028221790067827,0.197412172476684,0.2699386503067484,-0.013980324002856204,0.010137492304535199,0.03564356435643573,-0.0018544318319229924
10,45,lgbm,s1_plus_ig,1.5,1.0,positive_only,s1_plus_ig/mode=positive_only/ratio=1.5/keep=1.0,0.1735446854148943,0.0085778781038374,0.3026987545171156,0.3485148514851485,0.1728702757128972,0.9999900675407232,0.0472990874885582,S1/random_over,0.1712604944245175,0.0033654832751898,0.2640898726199012,0.295049504950495,0.1543918508053457,0.0028221790067827,0.197412172476684,0.2699386503067484,0.0022841909903768,0.005212394828647599,0.05346534653465351,0.0184784249075515
10,45,lgbm,s1_plus_ig,2.0,1.0,positive_only,s1_plus_ig/mode=positive_only/ratio=2.0/keep=1.0,0.16012906847069,0.0122922224502359,0.3018280044918845,0.3465346534653465,0.142675085240591,0.9999900675407232,0.0472990874885582,S1/random_over,0.1712604944245175,0.0033654832751898,0.2640898726199012,0.295049504950495,0.1543918508053457,0.0028221790067827,0.197412172476684,0.2699386503067484,-0.01113142595382749,0.0089267391750461,0.05148514851485153,-0.011716765564754705
10,46,lgbm,s1_plus_ig,0.25,0.25,positive_only,s1_plus_ig/mode=positive_only/ratio=0.25/keep=0.25,0.1611357011524756,0.0125179560845475,0.3010067965273982,0.3504950495049505,0.1439231158783213,0.9977097505668934,0.0526167110766301,S1/random_over,0.177102118897366,0.0135850605376564,0.2951644863913446,0.3287128712871287,0.1431791559838318,0.0123084949959683,0.2678298063438694,0.2699386503067484,-0.015966417744890382,-0.0010671044531089004,0.021782178217821746,0.0007439598944894987
10,46,lgbm,s1_plus_ig,0.5,0.25,positive_only,s1_plus_ig/mode=positive_only/ratio=0.5/keep=0.25,0.1342488913739337,0.0131130720295505,0.2746501080989966,0.3069306930693069,0.1099568299602862,0.9977097505668934,0.0526167110766301,S1/random_over,0.177102118897366,0.0135850605376564,0.2951644863913446,0.3287128712871287,0.1431791559838318,0.0123084949959683,0.2678298063438694,0.2699386503067484,-0.04285322752343229,-0.00047198850810589894,-0.0217821782178218,-0.03322232602354559
10,46,lgbm,s1_plus_ig,0.75,0.25,positive_only,s1_plus_ig/mode=positive_only/ratio=0.75/keep=0.25,0.1540001417005162,0.0090703878514262,0.2947552488057776,0.3326732673267327,0.1201165846054416,0.9977097505668934,0.0526167110766301,S1/random_over,0.177102118897366,0.0135850605376564,0.2951644863913446,0.3287128712871287,0.1431791559838318,0.0123084949959683,0.2678298063438694,0.2699386503067484,-0.023101977196849782,-0.0045146726862302,0.003960396039603964,-0.023062571378390198
10,46,lgbm,s1_plus_ig,1.0,0.25,positive_only,s1_plus_ig/mode=positive_only/ratio=1.0/keep=0.25,0.1592738491824241,0.0109583418838497,0.2897029132935734,0.3306930693069307,0.1234908646246152,0.9977097505668934,0.0526167110766301,S1/random_over,0.177102118897366,0.0135850605376564,0.2951644863913446,0.3287128712871287,0.1431791559838318,0.0123084949959683,0.2678298063438694,0.2699386503067484,-0.01782826971494189,-0.0026267186538067,0.001980198019801982,-0.019688291359216598
10,46,lgbm,s1_plus_ig,1.5,0.25,positive_only,s1_plus_ig/mode=positive_only/ratio=1.5/keep=0.25,0.156770284350257,0.0082905807510773,0.2872655841903691,0.3267326732673267,0.1097637609952497,0.9977097505668934,0.0526167110766301,S1/random_over,0.177102118897366,0.0135850605376564,0.2951644863913446,0.3287128712871287,0.1431791559838318,0.0123084949959683,0.2678298063438694,0.2699386503067484,-0.02033183454710899,-0.0052944797865791,-0.0019801980198020375,-0.03341539498858209
10,46,lgbm,s1_plus_ig,2.0,0.25,positive_only,s1_plus_ig/mode=positive_only/ratio=2.0/keep=0.25,0.1380676483841726,0.0091319515698748,0.2750665513152782,0.3108910891089109,0.1087654810803981,0.9977097505668934,0.0526167110766301,S1/random_over,0.177102118897366,0.0135850605376564,0.2951644863913446,0.3287128712871287,0.1431791559838318,0.0123084949959683,0.2678298063438694,0.2699386503067484,-0.03903447051319339,-0.0044531089677816,-0.017821782178217838,-0.034413674903433694
10,46,lgbm,s1_plus_ig,0.25,0.5,positive_only,s1_plus_ig/mode=positive_only/ratio=0.25/keep=0.5,0.1611357011524756,0.0125179560845475,0.3010067965273982,0.3504950495049505,0.1439231158783213,0.9999702026221692,0.056102281024818,S1/random_over,0.177102118897366,0.0135850605376564,0.2951644863913446,0.3287128712871287,0.1431791559838318,0.0123084949959683,0.2678298063438694,0.2699386503067484,-0.015966417744890382,-0.0010671044531089004,0.021782178217821746,0.0007439598944894987
10,46,lgbm,s1_plus_ig,0.5,0.5,positive_only,s1_plus_ig/mode=positive_only/ratio=0.5/keep=0.5,0.1557190503851097,0.0081058895957315,0.3139834904005242,0.3584158415841584,0.1279609823248487,0.9999702026221692,0.056102281024818,S1/random_over,0.177102118897366,0.0135850605376564,0.2951644863913446,0.3287128712871287,0.1431791559838318,0.0123084949959683,0.2678298063438694,0.2699386503067484,-0.021383068512256298,-0.005479170941924899,0.029702970297029674,-0.015218173658983092
10,46,lgbm,s1_plus_ig,0.75,0.5,positive_only,s1_plus_ig/mode=positive_only/ratio=0.75/keep=0.5,0.1278259608640185,0.0166222039811204,0.2607232287898834,0.291089108910891,0.1281207747886623,0.9999702026221692,0.056102281024818,S1/random_over,0.177102118897366,0.0135850605376564,0.2951644863913446,0.3287128712871287,0.1431791559838318,0.0123084949959683,0.2678298063438694,0.2699386503067484,-0.04927615803334748,0.003037143443463999,-0.03762376237623771,-0.015058381195169501
10,46,lgbm,s1_plus_ig,1.0,0.5,positive_only,s1_plus_ig/mode=positive_only/ratio=1.0/keep=0.5,0.155151644217847,0.0071413913400369,0.2918976051378493,0.3306930693069307,0.1269315925302895,0.9999702026221692,0.056102281024818,S1/random_over,0.177102118897366,0.0135850605376564,0.2951644863913446,0.3287128712871287,0.1431791559838318,0.0123084949959683,0.2678298063438694,0.2699386503067484,-0.021950474679518994,-0.0064436691976195,0.001980198019801982,-0.016247563453542307
10,46,lgbm,s1_plus_ig,1.5,0.5,positive_only,s1_plus_ig/mode=positive_only/ratio=1.5/keep=0.5,0.1357435728689988,0.0156577057254258,0.2806539603250103,0.3207920792079208,0.1244144934590987,0.9999702026221692,0.056102281024818,S1/random_over,0.177102118897366,0.0135850605376564,0.2951644863913446,0.3287128712871287,0.1431791559838318,0.0123084949959683,0.2678298063438694,0.2699386503067484,-0.041358546028367194,0.0020726451877694004,-0.007920792079207928,-0.01876466252473309
10,46,lgbm,s1_plus_ig,2.0,0.5,positive_only,s1_plus_ig/mode=positive_only/ratio=2.0/keep=0.5,0.1356112565438605,0.0205622819618304,0.2746854281118477,0.3029702970297029,0.1345790586604766,0.9999702026221692,0.056102281024818,S1/random_over,0.177102118897366,0.0135850605376564,0.2951644863913446,0.3287128712871287,0.1431791559838318,0.0123084949959683,0.2678298063438694,0.2699386503067484,-0.04149086235350549,0.0069772214241739985,-0.02574257425742582,-0.008600097323355205
10,46,lgbm,s1_plus_ig,0.25,0.75,positive_only,s1_plus_ig/mode=positive_only/ratio=0.25/keep=0.75,0.1611357011524756,0.0125179560845475,0.3010067965273982,0.3504950495049505,0.1439231158783213,0.9999602701628924,0.0651136939154582,S1/random_over,0.177102118897366,0.0135850605376564,0.2951644863913446,0.3287128712871287,0.1431791559838318,0.0123084949959683,0.2678298063438694,0.2699386503067484,-0.015966417744890382,-0.0010671044531089004,0.021782178217821746,0.0007439598944894987
10,46,lgbm,s1_plus_ig,0.5,0.75,positive_only,s1_plus_ig/mode=positive_only/ratio=0.5/keep=0.75,0.1557190503851097,0.0081058895957315,0.3139834904005242,0.3584158415841584,0.1279609823248487,0.9999602701628924,0.0651136939154582,S1/random_over,0.177102118897366,0.0135850605376564,0.2951644863913446,0.3287128712871287,0.1431791559838318,0.0123084949959683,0.2678298063438694,0.2699386503067484,-0.021383068512256298,-0.005479170941924899,0.029702970297029674,-0.015218173658983092
10,46,lgbm,s1_plus_ig,0.75,0.75,positive_only,s1_plus_ig/mode=positive_only/ratio=0.75/keep=0.75,0.1362809566304454,0.0105068746152267,0.2736002331352737,0.3089108910891089,0.1391634908002233,0.9999602701628924,0.0651136939154582,S1/random_over,0.177102118897366,0.0135850605376564,0.2951644863913446,0.3287128712871287,0.1431791559838318,0.0123084949959683,0.2678298063438694,0.2699386503067484,-0.04082116226692059,-0.0030781859224296992,-0.01980198019801982,-0.004015665183608491
10,46,lgbm,s1_plus_ig,1.0,0.75,positive_only,s1_plus_ig/mode=positive_only/ratio=1.0/keep=0.75,0.153477175467376,0.0123127436897188,0.2790994925786473,0.3168316831683168,0.1397066806970081,0.9999602701628924,0.0651136939154582,S1/random_over,0.177102118897366,0.0135850605376564,0.2951644863913446,0.3287128712871287,0.1431791559838318,0.0123084949959683,0.2678298063438694,0.2699386503067484,-0.023624943429989997,-0.0012723168479375994,-0.011881188118811947,-0.0034724752868237063
10,46,lgbm,s1_plus_ig,1.5,0.75,positive_only,s1_plus_ig/mode=positive_only/ratio=1.5/keep=0.75,0.1410056582392909,0.0185717217319926,0.2800158009286505,0.297029702970297,0.1320572841336978,0.9999602701628924,0.0651136939154582,S1/random_over,0.177102118897366,0.0135850605376564,0.2951644863913446,0.3287128712871287,0.1431791559838318,0.0123084949959683,0.2678298063438694,0.2699386503067484,-0.03609646065807509,0.0049866611943362015,-0.03168316831683171,-0.011121871850133996
10,46,lgbm,s1_plus_ig,2.0,0.75,positive_only,s1_plus_ig/mode=positive_only/ratio=2.0/keep=0.75,0.1471156945710542,0.0082290170326287,0.2864555113349575,0.3306930693069307,0.1365554998239032,0.9999602701628924,0.0651136939154582,S1/random_over,0.177102118897366,0.0135850605376564,0.2951644863913446,0.3287128712871287,0.1431791559838318,0.0123084949959683,0.2678298063438694,0.2699386503067484,-0.029986424326311795,-0.0053560435050277,0.001980198019801982,-0.006623656159928604
10,46,lgbm,s1_plus_ig,0.25,1.0,positive_only,s1_plus_ig/mode=positive_only/ratio=0.25/keep=1.0,0.1611357011524756,0.0125179560845475,0.3010067965273982,0.3504950495049505,0.1439231158783213,0.9999914864634768,0.0777096696599547,S1/random_over,0.177102118897366,0.0135850605376564,0.2951644863913446,0.3287128712871287,0.1431791559838318,0.0123084949959683,0.2678298063438694,0.2699386503067484,-0.015966417744890382,-0.0010671044531089004,0.021782178217821746,0.0007439598944894987
10,46,lgbm,s1_plus_ig,0.5,1.0,positive_only,s1_plus_ig/mode=positive_only/ratio=0.5/keep=1.0,0.1557190503851097,0.0081058895957315,0.3139834904005242,0.3584158415841584,0.1279609823248487,0.9999914864634768,0.0777096696599547,S1/random_over,0.177102118897366,0.0135850605376564,0.2951644863913446,0.3287128712871287,0.1431791559838318,0.0123084949959683,0.2678298063438694,0.2699386503067484,-0.021383068512256298,-0.005479170941924899,0.029702970297029674,-0.015218173658983092
10,46,lgbm,s1_plus_ig,0.75,1.0,positive_only,s1_plus_ig/mode=positive_only/ratio=0.75/keep=1.0,0.1362809566304454,0.0105068746152267,0.2736002331352737,0.3089108910891089,0.1391634908002233,0.9999914864634768,0.0777096696599547,S1/random_over,0.177102118897366,0.0135850605376564,0.2951644863913446,0.3287128712871287,0.1431791559838318,0.0123084949959683,0.2678298063438694,0.2699386503067484,-0.04082116226692059,-0.0030781859224296992,-0.01980198019801982,-0.004015665183608491
10,46,lgbm,s1_plus_ig,1.0,1.0,positive_only,s1_plus_ig/mode=positive_only/ratio=1.0/keep=1.0,0.153477175467376,0.0123127436897188,0.2790994925786473,0.3168316831683168,0.1397066806970081,0.9999914864634768,0.0777096696599547,S1/random_over,0.177102118897366,0.0135850605376564,0.2951644863913446,0.3287128712871287,0.1431791559838318,0.0123084949959683,0.2678298063438694,0.2699386503067484,-0.023624943429989997,-0.0012723168479375994,-0.011881188118811947,-0.0034724752868237063
10,46,lgbm,s1_plus_ig,1.5,1.0,positive_only,s1_plus_ig/mode=positive_only/ratio=1.5/keep=1.0,0.1469207566279975,0.0168479376154319,0.2706447901982627,0.299009900990099,0.1297672777438184,0.9999914864634768,0.0777096696599547,S1/random_over,0.177102118897366,0.0135850605376564,0.2951644863913446,0.3287128712871287,0.1431791559838318,0.0123084949959683,0.2678298063438694,0.2699386503067484,-0.03018136226936849,0.0032628770777755004,-0.02970297029702973,-0.013411878240013386
10,46,lgbm,s1_plus_ig,2.0,1.0,positive_only,s1_plus_ig/mode=positive_only/ratio=2.0/keep=1.0,0.1248028495617537,0.0238456802790888,0.2579044392908173,0.2336633663366336,0.1283109922955913,0.9999914864634768,0.0777096696599547,S1/random_over,0.177102118897366,0.0135850605376564,0.2951644863913446,0.3287128712871287,0.1431791559838318,0.0123084949959683,0.2678298063438694,0.2699386503067484,-0.05229926933561228,0.010260619741432402,-0.09504950495049513,-0.01486816368824051
