task_id,seed,classifier,method,ratio,s3_ig_keep_rate,ddpm_train_mode,candidate_key,val_PR_AUC,val_FPR,val_MCC,val_Recall_at_FPR010,test_PR_AUC,real_vs_synth_auc,tstr_pr_auc,safe_baseline_method,safe_baseline_val_PR_AUC,safe_baseline_val_FPR,safe_baseline_val_MCC,safe_baseline_val_Recall_at_FPR010,safe_baseline_test_PR_AUC,safe_baseline_test_FPR,safe_baseline_test_MCC,safe_baseline_test_Recall_at_FPR010,val_gain,val_fpr_excess,val_recall_fpr010_gain,delta_vs_safe_baseline_test
0,42,xgb,s1_plus_ig,0.25,0.25,positive_only,s1_plus_ig/mode=positive_only/ratio=0.25/keep=0.25,0.1920069026202877,0.1224256292906178,0.3743421972922062,0.044776119402985,0.149999965886186,0.9603024574669188,0.2178746222293201,S1/smote,0.1987164848963753,0.154462242562929,0.3108657291221456,0.044776119402985,0.1485041238027822,0.2138554216867469,0.3301247654640677,0.0,-0.006709582276087617,-0.03203661327231121,0.0,0.0014958420834038089
0,42,xgb,s1_plus_ig,0.5,0.25,positive_only,s1_plus_ig/mode=positive_only/ratio=0.5/keep=0.25,0.1736258095334962,0.148741418764302,0.33648301735289,0.0298507462686567,0.1323354483972558,0.9603024574669188,0.2178746222293201,S1/smote,0.1987164848963753,0.154462242562929,0.3108657291221456,0.044776119402985,0.1485041238027822,0.2138554216867469,0.3301247654640677,0.0,-0.025090675362879095,-0.005720823798627012,-0.014925373134328304,-0.016168675405526384
0,42,xgb,s1_plus_ig,0.75,0.25,positive_only,s1_plus_ig/mode=positive_only/ratio=0.75/keep=0.25,0.1763678534531975,0.1338672768878718,0.3289106451977107,0.0298507462686567,0.1338079499104816,0.9603024574669188,0.2178746222293201,S1/smote,0.1987164848963753,0.154462242562929,0.3108657291221456,0.044776119402985,0.1485041238027822,0.2138554216867469,0.3301247654640677,0.0,-0.022348631443177808,-0.020594965675057197,-0.014925373134328304,-0.014696173892300601
0,42,xgb,s1_plus_ig,1.0,0.25,positive_only,s1_plus_ig/mode=positive_only/ratio=1.0/keep=0.25,0.1898885405211478,0.1235697940503432,0.3725456403271236,0.044776119402985,0.1312151918640639,0.9603024574669188,0.2178746222293201,S1/smote,0.1987164848963753,0.154462242562929,0.3108657291221456,0.044776119402985,0.1485041238027822,0.2138554216867469,0.3301247654640677,0.0,-0.00882794437522752,-0.03089244851258581,0.0,-0.017288931938718277
0,42,xgb,s1_plus_ig,1.5,0.25,positive_only,s1_plus_ig/mode=positive_only/ratio=1.5/keep=0.25,0.1824046792159186,0.1350114416475972,0.3646571620480367,0.0298507462686567,0.1517608132113437,0.9603024574669188,0.2178746222293201,S1/smote,0.1987164848963753,0.154462242562929,0.3108657291221456,0.044776119402985,0.1485041238027822,0.2138554216867469,0.3301247654640677,0.0,-0.016311805680456704,-0.0194508009153318,-0.014925373134328304,0.0032566894085614972
0,42,xgb,s1_plus_ig,2.0,0.25,positive_only,s1_plus_ig/mode=positive_only/ratio=2.0/keep=0.25,0.1914626119306902,0.1132723112128146,0.3892947408892181,0.044776119402985,0.1498086428200282,0.9603024574669188,0.2178746222293201,S1/smote,0.1987164848963753,0.154462242562929,0.3108657291221456,0.044776119402985,0.1485041238027822,0.2138554216867469,0.3301247654640677,0.0,-0.00725387296568511,-0.04118993135011441,0.0,0.0013045190172460142
0,42,xgb,s1_plus_ig,0.25,0.5,positive_only,s1_plus_ig/mode=positive_only/ratio=0.25/keep=0.5,0.1920069026202877,0.1224256292906178,0.3743421972922062,0.044776119402985,0.149999965886186,0.9927536231884058,0.2576844866252016,S1/smote,0.1987164848963753,0.154462242562929,0.3108657291221456,0.044776119402985,0.1485041238027822,0.2138554216867469,0.3301247654640677,0.0,-0.006709582276087617,-0.03203661327231121,0.0,0.0014958420834038089
0,42,xgb,s1_plus_ig,0.5,0.5,positive_only,s1_plus_ig/mode=positive_only/ratio=0.5/keep=0.5,0.1844894715015656,0.1350114416475972,0.3738953629841083,0.0149253731343283,0.1367227766393779,0.9927536231884058,0.2576844866252016,S1/smote,0.1987164848963753,0.154462242562929,0.3108657291221456,0.044776119402985,0.1485041238027822,0.2138554216867469,0.3301247654640677,0.0,-0.014227013394809696,-0.0194508009153318,-0.029850746268656702,-0.011781347163404288
0,42,xgb,s1_plus_ig,0.75,0.5,positive_only,s1_plus_ig/mode=positive_only/ratio=0.75/keep=0.5,0.1861090672387882,0.143020594965675,0.3070228609209792,0.0597014925373134,0.126876036936088,0.9927536231884058,0.2576844866252016,S1/smote,0.1987164848963753,0.154462242562929,0.3108657291221456,0.044776119402985,0.1485041238027822,0.2138554216867469,0.3301247654640677,0.0,-0.012607417657587106,-0.011441647597253995,0.014925373134328394,-0.02162808686669418
0,42,xgb,s1_plus_ig,1.0,0.5,positive_only,s1_plus_ig/mode=positive_only/ratio=1.0/keep=0.5,0.17946911592017,0.1418764302059496,0.3272052980733575,0.0298507462686567,0.1306883354107571,0.9927536231884058,0.2576844866252016,S1/smote,0.1987164848963753,0.154462242562929,0.3108657291221456,0.044776119402985,0.1485041238027822,0.2138554216867469,0.3301247654640677,0.0,-0.019247368976205298,-0.01258581235697942,-0.014925373134328304,-0.017815788392025078
0,42,xgb,s1_plus_ig,1.5,0.5,positive_only,s1_plus_ig/mode=positive_only/ratio=1.5/keep=0.5,0.1802448317673163,0.125858123569794,0.3595651020350633,0.0298507462686567,0.128759654537848,0.9927536231884058,0.2576844866252016,S1/smote,0.1987164848963753,0.154462242562929,0.3108657291221456,0.044776119402985,0.1485041238027822,0.2138554216867469,0.3301247654640677,0.0,-0.018471653129059018,-0.028604118993135003,-0.014925373134328304,-0.0197444692649342
0,42,xgb,s1_plus_ig,2.0,0.5,positive_only,s1_plus_ig/mode=positive_only/ratio=2.0/keep=0.5,0.203367963553345,0.1052631578947368,0.422570444141209,0.044776119402985,0.1321326473706903,0.9927536231884058,0.2576844866252016,S1/smote,0.1987164848963753,0.154462242562929,0.3108657291221456,0.044776119402985,0.1485041238027822,0.2138554216867469,0.3301247654640677,0.0,0.0046514786569696875,-0.049199084668192214,0.0,-0.016371476432091886
0,42,xgb,s1_plus_ig,0.25,0.75,positive_only,s1_plus_ig/mode=positive_only/ratio=0.25/keep=0.75,0.1920069026202877,0.1224256292906178,0.3743421972922062,0.044776119402985,0.149999965886186,0.9932367149758454,0.2397184818191053,S1/smote,0.1987164848963753,0.154462242562929,0.3108657291221456,0.044776119402985,0.1485041238027822,0.2138554216867469,0.3301247654640677,0.0,-0.006709582276087617,-0.03203661327231121,0.0,0.0014958420834038089
0,42,xgb,s1_plus_ig,0.5,0.75,positive_only,s1_plus_ig/mode=positive_only/ratio=0.5/keep=0.75,0.1844894715015656,0.1350114416475972,0.3738953629841083,0.0149253731343283,0.1367227766393779,0.9932367149758454,0.2397184818191053,S1/smote,0.1987164848963753,0.154462242562929,0.3108657291221456,0.044776119402985,0.1485041238027822,0.2138554216867469,0.3301247654640677,0.0,-0.014227013394809696,-0.0194508009153318,-0.029850746268656702,-0.011781347163404288
0,42,xgb,s1_plus_ig,0.75,0.75,positive_only,s1_plus_ig/mode=positive_only/ratio=0.75/keep=0.75,0.2049178998311962,0.131578947368421,0.3974164278468404,0.0298507462686567,0.1398096232697964,0.9932367149758454,0.2397184818191053,S1/smote,0.1987164848963753,0.154462242562929,0.3108657291221456,0.044776119402985,0.1485041238027822,0.2138554216867469,0.3301247654640677,0.0,0.0062014149348209036,-0.02288329519450802,-0.014925373134328304,-0.008694500532985788
0,42,xgb,s1_plus_ig,1.0,0.75,positive_only,s1_plus_ig/mode=positive_only/ratio=1.0/keep=0.75,0.2022558542470746,0.1327231121281464,0.3864966725805725,0.0149253731343283,0.1426970920486705,0.9932367149758454,0.2397184818191053,S1/smote,0.1987164848963753,0.154462242562929,0.3108657291221456,0.044776119402985,0.1485041238027822,0.2138554216867469,0.3301247654640677,0.0,0.0035393693506992896,-0.021739130434782622,-0.029850746268656702,-0.00580703175411168
0,42,xgb,s1_plus_ig,1.5,0.75,positive_only,s1_plus_ig/mode=positive_only/ratio=1.5/keep=0.75,0.2016168071129255,0.11441647597254,0.3777833701455185,0.044776119402985,0.1383672418222005,0.9932367149758454,0.2397184818191053,S1/smote,0.1987164848963753,0.154462242562929,0.3108657291221456,0.044776119402985,0.1485041238027822,0.2138554216867469,0.3301247654640677,0.0,0.002900322216550205,-0.04004576659038901,0.0,-0.010136881980581686
0,42,xgb,s1_plus_ig,2.0,0.75,positive_only,s1_plus_ig/mode=positive_only/ratio=2.0/keep=0.75,0.1893367189373525,0.1235697940503432,0.3725456403271236,0.0298507462686567,0.1536812661350349,0.9932367149758454,0.2397184818191053,S1/smote,0.1987164848963753,0.154462242562929,0.3108657291221456,0.044776119402985,0.1485041238027822,0.2138554216867469,0.3301247654640677,0.0,-0.009379765959022818,-0.03089244851258581,-0.014925373134328304,0.005177142332252721
0,42,xgb,s1_plus_ig,0.25,1.0,positive_only,s1_plus_ig/mode=positive_only/ratio=0.25/keep=1.0,0.1920069026202877,0.1224256292906178,0.3743421972922062,0.044776119402985,0.149999965886186,0.9985507246376812,0.2642149104421918,S1/smote,0.1987164848963753,0.154462242562929,0.3108657291221456,0.044776119402985,0.1485041238027822,0.2138554216867469,0.3301247654640677,0.0,-0.006709582276087617,-0.03203661327231121,0.0,0.0014958420834038089
0,42,xgb,s1_plus_ig,0.5,1.0,positive_only,s1_plus_ig/mode=positive_only/ratio=0.5/keep=1.0,0.1844894715015656,0.1350114416475972,0.3738953629841083,0.0149253731343283,0.1367227766393779,0.9985507246376812,0.2642149104421918,S1/smote,0.1987164848963753,0.154462242562929,0.3108657291221456,0.044776119402985,0.1485041238027822,0.2138554216867469,0.3301247654640677,0.0,-0.014227013394809696,-0.0194508009153318,-0.029850746268656702,-0.011781347163404288
0,42,xgb,s1_plus_ig,0.75,1.0,positive_only,s1_plus_ig/mode=positive_only/ratio=0.75/keep=1.0,0.2049178998311962,0.131578947368421,0.3974164278468404,0.0298507462686567,0.1398096232697964,0.9985507246376812,0.2642149104421918,S1/smote,0.1987164848963753,0.154462242562929,0.3108657291221456,0.044776119402985,0.1485041238027822,0.2138554216867469,0.3301247654640677,0.0,0.0062014149348209036,-0.02288329519450802,-0.014925373134328304,-0.008694500532985788
0,42,xgb,s1_plus_ig,1.0,1.0,positive_only,s1_plus_ig/mode=positive_only/ratio=1.0/keep=1.0,0.2022558542470746,0.1327231121281464,0.3864966725805725,0.0149253731343283,0.1426970920486705,0.9985507246376812,0.2642149104421918,S1/smote,0.1987164848963753,0.154462242562929,0.3108657291221456,0.044776119402985,0.1485041238027822,0.2138554216867469,0.3301247654640677,0.0,0.0035393693506992896,-0.021739130434782622,-0.029850746268656702,-0.00580703175411168
0,42,xgb,s1_plus_ig,1.5,1.0,positive_only,s1_plus_ig/mode=positive_only/ratio=1.5/keep=1.0,0.225378444290291,0.1304347826086956,0.3991645764094371,0.0298507462686567,0.1606819740506661,0.9985507246376812,0.2642149104421918,S1/smote,0.1987164848963753,0.154462242562929,0.3108657291221456,0.044776119402985,0.1485041238027822,0.2138554216867469,0.3301247654640677,0.0,0.02666195939391569,-0.024027459954233416,-0.014925373134328304,0.012177850247883898
0,42,xgb,s1_plus_ig,2.0,1.0,positive_only,s1_plus_ig/mode=positive_only/ratio=2.0/keep=1.0,0.2293342271866895,0.137299771167048,0.4160645259211707,0.0298507462686567,0.1554383485421601,0.9985507246376812,0.2642149104421918,S1/smote,0.1987164848963753,0.154462242562929,0.3108657291221456,0.044776119402985,0.1485041238027822,0.2138554216867469,0.3301247654640677,0.0,0.030617742290314193,-0.017162471395881007,-0.014925373134328304,0.006934224739377909
0,43,xgb,s1_plus_ig,0.25,0.25,positive_only,s1_plus_ig/mode=positive_only/ratio=0.25/keep=0.25,0.1911782256411719,0.1395881006864988,0.3581128142974307,0.0298507462686567,0.135358867232459,0.8241965973534972,0.2087357897431697,S1/random_under_20to1,0.2160766088958314,0.108695652173913,0.3284488695389133,0.0597014925373134,0.1445488984588507,0.1997991967871485,0.3049829253718672,0.02,-0.024898383254659512,0.030892448512585796,-0.0298507462686567,-0.009190031226391698
0,43,xgb,s1_plus_ig,0.5,0.25,positive_only,s1_plus_ig/mode=positive_only/ratio=0.5/keep=0.25,0.1780349769310217,0.0961098398169336,0.3606137318589413,0.0149253731343283,0.1418052671858426,0.8241965973534972,0.2087357897431697,S1/random_under_20to1,0.2160766088958314,0.108695652173913,0.3284488695389133,0.0597014925373134,0.1445488984588507,0.1997991967871485,0.3049829253718672,0.02,-0.038041631964809725,-0.012585812356979392,-0.04477611940298509,-0.0027436312730080847
0,43,xgb,s1_plus_ig,0.75,0.25,positive_only,s1_plus_ig/mode=positive_only/ratio=0.75/keep=0.25,0.175175853570252,0.1098398169336384,0.3464419191000216,0.0149253731343283,0.1341768717693275,0.8241965973534972,0.2087357897431697,S1/random_under_20to1,0.2160766088958314,0.108695652173913,0.3284488695389133,0.0597014925373134,0.1445488984588507,0.1997991967871485,0.3049829253718672,0.02,-0.04090075532557941,0.0011441647597253968,-0.04477611940298509,-0.010372026689523195
0,43,xgb,s1_plus_ig,1.0,0.25,positive_only,s1_plus_ig/mode=positive_only/ratio=1.0/keep=0.25,0.1826145927310325,0.0926773455377574,0.3568582959338564,0.0149253731343283,0.1351341251323824,0.8241965973534972,0.2087357897431697,S1/random_under_20to1,0.2160766088958314,0.108695652173913,0.3284488695389133,0.0597014925373134,0.1445488984588507,0.1997991967871485,0.3049829253718672,0.02,-0.03346201616479891,-0.016018306636155596,-0.04477611940298509,-0.009414773326468284
0,43,xgb,s1_plus_ig,1.5,0.25,positive_only,s1_plus_ig/mode=positive_only/ratio=1.5/keep=0.25,0.1733537475604777,0.11441647597254,0.3487375915991439,0.0149253731343283,0.1458964768342872,0.8241965973534972,0.2087357897431697,S1/random_under_20to1,0.2160766088958314,0.108695652173913,0.3284488695389133,0.0597014925373134,0.1445488984588507,0.1997991967871485,0.3049829253718672,0.02,-0.04272286133535372,0.005720823798626998,-0.04477611940298509,0.0013475783754365034
0,43,xgb,s1_plus_ig,2.0,0.25,positive_only,s1_plus_ig/mode=positive_only/ratio=2.0/keep=0.25,0.1822342111075424,0.1109839816933638,0.3445434220274386,0.0149253731343283,0.1503023456963098,0.8241965973534972,0.2087357897431697,S1/random_under_20to1,0.2160766088958314,0.108695652173913,0.3284488695389133,0.0597014925373134,0.1445488984588507,0.1997991967871485,0.3049829253718672,0.02,-0.033842397788289014,0.0022883295194508074,-0.04477611940298509,0.005753447237459103
0,43,xgb,s1_plus_ig,0.25,0.5,positive_only,s1_plus_ig/mode=positive_only/ratio=0.25/keep=0.5,0.1911782256411719,0.1395881006864988,0.3581128142974307,0.0298507462686567,0.135358867232459,0.9217391304347826,0.2211101439122724,S1/random_under_20to1,0.2160766088958314,0.108695652173913,0.3284488695389133,0.0597014925373134,0.1445488984588507,0.1997991967871485,0.3049829253718672,0.02,-0.024898383254659512,0.030892448512585796,-0.0298507462686567,-0.009190031226391698
0,43,xgb,s1_plus_ig,0.5,0.5,positive_only,s1_plus_ig/mode=positive_only/ratio=0.5/keep=0.5,0.1566150697228334,0.1750572082379862,0.2866558177001967,0.0149253731343283,0.1224259604336997,0.9217391304347826,0.2211101439122724,S1/random_under_20to1,0.2160766088958314,0.108695652173913,0.3284488695389133,0.0597014925373134,0.1445488984588507,0.1997991967871485,0.3049829253718672,0.02,-0.05946153917299801,0.06636155606407321,-0.04477611940298509,-0.022122938025150987
0,43,xgb,s1_plus_ig,0.75,0.5,positive_only,s1_plus_ig/mode=positive_only/ratio=0.75/keep=0.5,0.1732595662022957,0.205949656750572,0.2893246683524216,0.0298507462686567,0.1268396060163877,0.9217391304347826,0.2211101439122724,S1/random_under_20to1,0.2160766088958314,0.108695652173913,0.3284488695389133,0.0597014925373134,0.1445488984588507,0.1997991967871485,0.3049829253718672,0.02,-0.0428170426935357,0.097254004576659,-0.0298507462686567,-0.017709292442463
0,43,xgb,s1_plus_ig,1.0,0.5,positive_only,s1_plus_ig/mode=positive_only/ratio=1.0/keep=0.5,0.1822453807559722,0.1498855835240274,0.3258385434966045,0.0298507462686567,0.1313597814013722,0.9217391304347826,0.2211101439122724,S1/random_under_20to1,0.2160766088958314,0.108695652173913,0.3284488695389133,0.0597014925373134,0.1445488984588507,0.1997991967871485,0.3049829253718672,0.02,-0.0338312281398592,0.041189931350114395,-0.0298507462686567,-0.013189117057478494
0,43,xgb,s1_plus_ig,1.5,0.5,positive_only,s1_plus_ig/mode=positive_only/ratio=1.5/keep=0.5,0.1728130139779711,0.1567505720823798,0.3262025648581974,0.0149253731343283,0.1370452405283663,0.9217391304347826,0.2211101439122724,S1/random_under_20to1,0.2160766088958314,0.108695652173913,0.3284488695389133,0.0597014925373134,0.1445488984588507,0.1997991967871485,0.3049829253718672,0.02,-0.043263594917860304,0.0480549199084668,-0.04477611940298509,-0.007503657930484381
0,43,xgb,s1_plus_ig,2.0,0.5,positive_only,s1_plus_ig/mode=positive_only/ratio=2.0/keep=0.5,0.1697134409703169,0.200228832951945,0.3036116587140766,0.0298507462686567,0.1300943840826661,0.9217391304347826,0.2211101439122724,S1/random_under_20to1,0.2160766088958314,0.108695652173913,0.3284488695389133,0.0597014925373134,0.1445488984588507,0.1997991967871485,0.3049829253718672,0.02,-0.04636316792551451,0.09153318077803199,-0.0298507462686567,-0.014454514376184585
0,43,xgb,s1_plus_ig,0.25,0.75,positive_only,s1_plus_ig/mode=positive_only/ratio=0.25/keep=0.75,0.1911782256411719,0.1395881006864988,0.3581128142974307,0.0298507462686567,0.135358867232459,0.9536231884057972,0.241291512035845,S1/random_under_20to1,0.2160766088958314,0.108695652173913,0.3284488695389133,0.0597014925373134,0.1445488984588507,0.1997991967871485,0.3049829253718672,0.02,-0.024898383254659512,0.030892448512585796,-0.0298507462686567,-0.009190031226391698
0,43,xgb,s1_plus_ig,0.5,0.75,positive_only,s1_plus_ig/mode=positive_only/ratio=0.5/keep=0.75,0.1566150697228334,0.1750572082379862,0.2866558177001967,0.0149253731343283,0.1224259604336997,0.9536231884057972,0.241291512035845,S1/random_under_20to1,0.2160766088958314,0.108695652173913,0.3284488695389133,0.0597014925373134,0.1445488984588507,0.1997991967871485,0.3049829253718672,0.02,-0.05946153917299801,0.06636155606407321,-0.04477611940298509,-0.022122938025150987
0,43,xgb,s1_plus_ig,0.75,0.75,positive_only,s1_plus_ig/mode=positive_only/ratio=0.75/keep=0.75,0.1637068895834195,0.1624713958810068,0.3191578079641877,0.0149253731343283,0.1275990733172736,0.9536231884057972,0.241291512035845,S1/random_under_20to1,0.2160766088958314,0.108695652173913,0.3284488695389133,0.0597014925373134,0.1445488984588507,0.1997991967871485,0.3049829253718672,0.02,-0.05236971931241191,0.053775743707093815,-0.04477611940298509,-0.016949825141577085
0,43,xgb,s1_plus_ig,1.0,0.75,positive_only,s1_plus_ig/mode=positive_only/ratio=1.0/keep=0.75,0.1737698859780472,0.154462242562929,0.301700710607682,0.0149253731343283,0.1442104213050049,0.9536231884057972,0.241291512035845,S1/random_under_20to1,0.2160766088958314,0.108695652173913,0.3284488695389133,0.0597014925373134,0.1445488984588507,0.1997991967871485,0.3049829253718672,0.02,-0.0423067229177842,0.04576659038901601,-0.04477611940298509,-0.0003384771538458009
0,43,xgb,s1_plus_ig,1.5,0.75,positive_only,s1_plus_ig/mode=positive_only/ratio=1.5/keep=0.75,0.1737818159695214,0.1727688787185354,0.3247627330083062,0.0149253731343283,0.1290755366503907,0.9536231884057972,0.241291512035845,S1/random_under_20to1,0.2160766088958314,0.108695652173913,0.3284488695389133,0.0597014925373134,0.1445488984588507,0.1997991967871485,0.3049829253718672,0.02,-0.04229479292631,0.06407322654462241,-0.04477611940298509,-0.015473361808459984
0,43,xgb,s1_plus_ig,2.0,0.75,positive_only,s1_plus_ig/mode=positive_only/ratio=2.0/keep=0.75,0.1777269755882935,0.17162471395881,0.3083584110900238,0.0298507462686567,0.1294066270093028,0.9536231884057972,0.241291512035845,S1/random_under_20to1,0.2160766088958314,0.108695652173913,0.3284488695389133,0.0597014925373134,0.1445488984588507,0.1997991967871485,0.3049829253718672,0.02,-0.038349633307537906,0.06292906178489699,-0.0298507462686567,-0.015142271449547884
0,43,xgb,s1_plus_ig,0.25,1.0,positive_only,s1_plus_ig/mode=positive_only/ratio=0.25/keep=1.0,0.1911782256411719,0.1395881006864988,0.3581128142974307,0.0298507462686567,0.135358867232459,0.9570048309178744,0.2379303303820727,S1/random_under_20to1,0.2160766088958314,0.108695652173913,0.3284488695389133,0.0597014925373134,0.1445488984588507,0.1997991967871485,0.3049829253718672,0.02,-0.024898383254659512,0.030892448512585796,-0.0298507462686567,-0.009190031226391698
0,43,xgb,s1_plus_ig,0.5,1.0,positive_only,s1_plus_ig/mode=positive_only/ratio=0.5/keep=1.0,0.1566150697228334,0.1750572082379862,0.2866558177001967,0.0149253731343283,0.1224259604336997,0.9570048309178744,0.2379303303820727,S1/random_under_20to1,0.2160766088958314,0.108695652173913,0.3284488695389133,0.0597014925373134,0.1445488984588507,0.1997991967871485,0.3049829253718672,0.02,-0.05946153917299801,0.06636155606407321,-0.04477611940298509,-0.022122938025150987
0,43,xgb,s1_plus_ig,0.75,1.0,positive_only,s1_plus_ig/mode=positive_only/ratio=0.75/keep=1.0,0.1637068895834195,0.1624713958810068,0.3191578079641877,0.0149253731343283,0.1275990733172736,0.9570048309178744,0.2379303303820727,S1/random_under_20to1,0.2160766088958314,0.108695652173913,0.3284488695389133,0.0597014925373134,0.1445488984588507,0.1997991967871485,0.3049829253718672,0.02,-0.05236971931241191,0.053775743707093815,-0.04477611940298509,-0.016949825141577085
0,43,xgb,s1_plus_ig,1.0,1.0,positive_only,s1_plus_ig/mode=positive_only/ratio=1.0/keep=1.0,0.1737698859780472,0.154462242562929,0.301700710607682,0.0149253731343283,0.1442104213050049,0.9570048309178744,0.2379303303820727,S1/random_under_20to1,0.2160766088958314,0.108695652173913,0.3284488695389133,0.0597014925373134,0.1445488984588507,0.1997991967871485,0.3049829253718672,0.02,-0.0423067229177842,0.04576659038901601,-0.04477611940298509,-0.0003384771538458009
0,43,xgb,s1_plus_ig,1.5,1.0,positive_only,s1_plus_ig/mode=positive_only/ratio=1.5/keep=1.0,0.1925986381599395,0.1155606407322654,0.3758881612542689,0.0298507462686567,0.1524253062421121,0.9570048309178744,0.2379303303820727,S1/random_under_20to1,0.2160766088958314,0.108695652173913,0.3284488695389133,0.0597014925373134,0.1445488984588507,0.1997991967871485,0.3049829253718672,0.02,-0.023477970735891918,0.0068649885583523945,-0.0298507462686567,0.007876407783261402
0,43,xgb,s1_plus_ig,2.0,1.0,positive_only,s1_plus_ig/mode=positive_only/ratio=2.0/keep=1.0,0.1856055055525921,0.1224256292906178,0.3743421972922062,0.0298507462686567,0.1540271343039462,0.9570048309178744,0.2379303303820727,S1/random_under_20to1,0.2160766088958314,0.108695652173913,0.3284488695389133,0.0597014925373134,0.1445488984588507,0.1997991967871485,0.3049829253718672,0.02,-0.030471103343239325,0.013729977116704803,-0.0298507462686567,0.009478235845095523
0,44,xgb,s1_plus_ig,0.25,0.25,positive_only,s1_plus_ig/mode=positive_only/ratio=0.25/keep=0.25,0.1854703309915061,0.1556064073226544,0.3456996655856091,0.0149253731343283,0.138726881965528,0.7448015122873346,0.1547712601338914,S1/random_under_10to1,0.1911284608900699,0.1395881006864988,0.3581128142974307,0.0298507462686567,0.1432842759302617,0.2078313253012048,0.3262481576749034,0.0,-0.005658129898563818,0.01601830663615561,-0.014925373134328398,-0.0045573939647337025
0,44,xgb,s1_plus_ig,0.5,0.25,positive_only,s1_plus_ig/mode=positive_only/ratio=0.5/keep=0.25,0.1720037163201545,0.1338672768878718,0.3099484194355029,0.0298507462686567,0.145588026477017,0.7448015122873346,0.1547712601338914,S1/random_under_10to1,0.1911284608900699,0.1395881006864988,0.3581128142974307,0.0298507462686567,0.1432842759302617,0.2078313253012048,0.3262481576749034,0.0,-0.01912474456991542,-0.005720823798626984,0.0,0.002303750546755301
0,44,xgb,s1_plus_ig,0.75,0.25,positive_only,s1_plus_ig/mode=positive_only/ratio=0.75/keep=0.25,0.1800955781448134,0.1475972540045766,0.3379939299570098,0.0298507462686567,0.1391272869446375,0.7448015122873346,0.1547712601338914,S1/random_under_10to1,0.1911284608900699,0.1395881006864988,0.3581128142974307,0.0298507462686567,0.1432842759302617,0.2078313253012048,0.3262481576749034,0.0,-0.011032882745256517,0.008009153318077805,0.0,-0.004156988985624194
0,44,xgb,s1_plus_ig,1.0,0.25,positive_only,s1_plus_ig/mode=positive_only/ratio=1.0/keep=0.25,0.1761716683123345,0.160183066361556,0.303849236495675,0.0298507462686567,0.1402169735426441,0.7448015122873346,0.1547712601338914,S1/random_under_10to1,0.1911284608900699,0.1395881006864988,0.3581128142974307,0.0298507462686567,0.1432842759302617,0.2078313253012048,0.3262481576749034,0.0,-0.014956792577735412,0.020594965675057197,0.0,-0.0030673023876175987
0,44,xgb,s1_plus_ig,1.5,0.25,positive_only,s1_plus_ig/mode=positive_only/ratio=1.5/keep=0.25,0.1762755698657374,0.1327231121281464,0.2923697966567379,0.0298507462686567,0.1511249835997319,0.7448015122873346,0.1547712601338914,S1/random_under_10to1,0.1911284608900699,0.1395881006864988,0.3581128142974307,0.0298507462686567,0.1432842759302617,0.2078313253012048,0.3262481576749034,0.0,-0.014852891024332515,-0.006864988558352408,0.0,0.007840707669470204
0,44,xgb,s1_plus_ig,2.0,0.25,positive_only,s1_plus_ig/mode=positive_only/ratio=2.0/keep=0.25,0.1664902334500497,0.131578947368421,0.3226828964578194,0.0149253731343283,0.1484876963085937,0.7448015122873346,0.1547712601338914,S1/random_under_10to1,0.1911284608900699,0.1395881006864988,0.3581128142974307,0.0298507462686567,0.1432842759302617,0.2078313253012048,0.3262481576749034,0.0,-0.0246382274400202,-0.008009153318077805,-0.014925373134328398,0.005203420378332019
0,44,xgb,s1_plus_ig,0.25,0.5,positive_only,s1_plus_ig/mode=positive_only/ratio=0.25/keep=0.5,0.1854703309915061,0.1556064073226544,0.3456996655856091,0.0149253731343283,0.138726881965528,0.9743961352657003,0.1803723418726733,S1/random_under_10to1,0.1911284608900699,0.1395881006864988,0.3581128142974307,0.0298507462686567,0.1432842759302617,0.2078313253012048,0.3262481576749034,0.0,-0.005658129898563818,0.01601830663615561,-0.014925373134328398,-0.0045573939647337025
0,44,xgb,s1_plus_ig,0.5,0.5,positive_only,s1_plus_ig/mode=positive_only/ratio=0.5/keep=0.5,0.172272969898101,0.1281464530892448,0.3084191261204934,0.0298507462686567,0.1585547008222906,0.9743961352657003,0.1803723418726733,S1/random_under_10to1,0.1911284608900699,0.1395881006864988,0.3581128142974307,0.0298507462686567,0.1432842759302617,0.2078313253012048,0.3262481576749034,0.0,-0.0188554909919689,-0.011441647597253995,0.0,0.0152704248920289
0,44,xgb,s1_plus_ig,0.75,0.5,positive_only,s1_plus_ig/mode=positive_only/ratio=0.75/keep=0.5,0.1643239086254586,0.148741418764302,0.318131371798763,0.0149253731343283,0.1420911263056469,0.9743961352657003,0.1803723418726733,S1/random_under_10to1,0.1911284608900699,0.1395881006864988,0.3581128142974307,0.0298507462686567,0.1432842759302617,0.2078313253012048,0.3262481576749034,0.0,-0.026804552264611314,0.009153318077803202,-0.014925373134328398,-0.001193149624614781
0,44,xgb,s1_plus_ig,1.0,0.5,positive_only,s1_plus_ig/mode=positive_only/ratio=1.0/keep=0.5,0.1753194939452181,0.120137299771167,0.349320680836174,0.0149253731343283,0.1498412569698207,0.9743961352657003,0.1803723418726733,S1/random_under_10to1,0.1911284608900699,0.1395881006864988,0.3581128142974307,0.0298507462686567,0.1432842759302617,0.2078313253012048,0.3262481576749034,0.0,-0.015808966944851816,-0.0194508009153318,-0.014925373134328398,0.006556981039559012
0,44,xgb,s1_plus_ig,1.5,0.5,positive_only,s1_plus_ig/mode=positive_only/ratio=1.5/keep=0.5,0.1944384807248498,0.1109839816933638,0.3738941302602981,0.0149253731343283,0.1509670518273364,0.9743961352657003,0.1803723418726733,S1/random_under_10to1,0.1911284608900699,0.1395881006864988,0.3581128142974307,0.0298507462686567,0.1432842759302617,0.2078313253012048,0.3262481576749034,0.0,0.0033100198347798815,-0.02860411899313499,-0.014925373134328398,0.007682775897074723
0,44,xgb,s1_plus_ig,2.0,0.5,positive_only,s1_plus_ig/mode=positive_only/ratio=2.0/keep=0.5,0.1835725881971626,0.1178489702517162,0.3625639460246622,0.0149253731343283,0.1319656073628945,0.9743961352657003,0.1803723418726733,S1/random_under_10to1,0.1911284608900699,0.1395881006864988,0.3581128142974307,0.0298507462686567,0.1432842759302617,0.2078313253012048,0.3262481576749034,0.0,-0.007555872692907306,-0.021739130434782594,-0.014925373134328398,-0.011318668567367185
0,44,xgb,s1_plus_ig,0.25,0.75,positive_only,s1_plus_ig/mode=positive_only/ratio=0.25/keep=0.75,0.1854703309915061,0.1556064073226544,0.3456996655856091,0.0149253731343283,0.138726881965528,0.9830917874396136,0.2018239042514437,S1/random_under_10to1,0.1911284608900699,0.1395881006864988,0.3581128142974307,0.0298507462686567,0.1432842759302617,0.2078313253012048,0.3262481576749034,0.0,-0.005658129898563818,0.01601830663615561,-0.014925373134328398,-0.0045573939647337025
0,44,xgb,s1_plus_ig,0.5,0.75,positive_only,s1_plus_ig/mode=positive_only/ratio=0.5/keep=0.75,0.172272969898101,0.1281464530892448,0.3084191261204934,0.0298507462686567,0.1585547008222906,0.9830917874396136,0.2018239042514437,S1/random_under_10to1,0.1911284608900699,0.1395881006864988,0.3581128142974307,0.0298507462686567,0.1432842759302617,0.2078313253012048,0.3262481576749034,0.0,-0.0188554909919689,-0.011441647597253995,0.0,0.0152704248920289
0,44,xgb,s1_plus_ig,0.75,0.75,positive_only,s1_plus_ig/mode=positive_only/ratio=0.75/keep=0.75,0.1823945329639738,0.1338672768878718,0.3289106451977107,0.0149253731343283,0.1555203972872554,0.9830917874396136,0.2018239042514437,S1/random_under_10to1,0.1911284608900699,0.1395881006864988,0.3581128142974307,0.0298507462686567,0.1432842759302617,0.2078313253012048,0.3262481576749034,0.0,-0.008733927926096119,-0.005720823798626984,-0.014925373134328398,0.012236121356993701
0,44,xgb,s1_plus_ig,1.0,0.75,positive_only,s1_plus_ig/mode=positive_only/ratio=1.0/keep=0.75,0.1812025665419467,0.1270022883295194,0.3483658844720091,0.0298507462686567,0.139686231924406,0.9830917874396136,0.2018239042514437,S1/random_under_10to1,0.1911284608900699,0.1395881006864988,0.3581128142974307,0.0298507462686567,0.1432842759302617,0.2078313253012048,0.3262481576749034,0.0,-0.009925894348123215,-0.012585812356979392,0.0,-0.0035980440058556995
0,44,xgb,s1_plus_ig,1.5,0.75,positive_only,s1_plus_ig/mode=positive_only/ratio=1.5/keep=0.75,0.1957305719078465,0.1681922196796338,0.3390031972094048,0.044776119402985,0.149484590906052,0.9830917874396136,0.2018239042514437,S1/random_under_10to1,0.1911284608900699,0.1395881006864988,0.3581128142974307,0.0298507462686567,0.1432842759302617,0.2078313253012048,0.3262481576749034,0.0,0.004602111017776606,0.028604118993135003,0.014925373134328304,0.006200314975790322
0,44,xgb,s1_plus_ig,2.0,0.75,positive_only,s1_plus_ig/mode=positive_only/ratio=2.0/keep=0.75,0.1928664179810961,0.160183066361556,0.3309458558067104,0.044776119402985,0.1522753411496109,0.9830917874396136,0.2018239042514437,S1/random_under_10to1,0.1911284608900699,0.1395881006864988,0.3581128142974307,0.0298507462686567,0.1432842759302617,0.2078313253012048,0.3262481576749034,0.0,0.0017379570910261988,0.020594965675057197,0.014925373134328304,0.008991065219349198
0,44,xgb,s1_plus_ig,0.25,1.0,positive_only,s1_plus_ig/mode=positive_only/ratio=0.25/keep=1.0,0.1854703309915061,0.1556064073226544,0.3456996655856091,0.0149253731343283,0.138726881965528,0.9280193236714976,0.2459038450200416,S1/random_under_10to1,0.1911284608900699,0.1395881006864988,0.3581128142974307,0.0298507462686567,0.1432842759302617,0.2078313253012048,0.3262481576749034,0.0,-0.005658129898563818,0.01601830663615561,-0.014925373134328398,-0.0045573939647337025
0,44,xgb,s1_plus_ig,0.5,1.0,positive_only,s1_plus_ig/mode=positive_only/ratio=0.5/keep=1.0,0.172272969898101,0.1281464530892448,0.3084191261204934,0.0298507462686567,0.1585547008222906,0.9280193236714976,0.2459038450200416,S1/random_under_10to1,0.1911284608900699,0.1395881006864988,0.3581128142974307,0.0298507462686567,0.1432842759302617,0.2078313253012048,0.3262481576749034,0.0,-0.0188554909919689,-0.011441647597253995,0.0,0.0152704248920289
0,44,xgb,s1_plus_ig,0.75,1.0,positive_only,s1_plus_ig/mode=positive_only/ratio=0.75/keep=1.0,0.1823945329639738,0.1338672768878718,0.3289106451977107,0.0149253731343283,0.1555203972872554,0.9280193236714976,0.2459038450200416,S1/random_under_10to1,0.1911284608900699,0.1395881006864988,0.3581128142974307,0.0298507462686567,0.1432842759302617,0.2078313253012048,0.3262481576749034,0.0,-0.008733927926096119,-0.005720823798626984,-0.014925373134328398,0.012236121356993701
0,44,xgb,s1_plus_ig,1.0,1.0,positive_only,s1_plus_ig/mode=positive_only/ratio=1.0/keep=1.0,0.1812025665419467,0.1270022883295194,0.3483658844720091,0.0298507462686567,0.139686231924406,0.9280193236714976,0.2459038450200416,S1/random_under_10to1,0.1911284608900699,0.1395881006864988,0.3581128142974307,0.0298507462686567,0.1432842759302617,0.2078313253012048,0.3262481576749034,0.0,-0.009925894348123215,-0.012585812356979392,0.0,-0.0035980440058556995
0,44,xgb,s1_plus_ig,1.5,1.0,positive_only,s1_plus_ig/mode=positive_only/ratio=1.5/keep=1.0,0.2075465951757679,0.1281464530892448,0.3934667424317495,0.0298507462686567,0.1509939217675883,0.9280193236714976,0.2459038450200416,S1/random_under_10to1,0.1911284608900699,0.1395881006864988,0.3581128142974307,0.0298507462686567,0.1432842759302617,0.2078313253012048,0.3262481576749034,0.0,0.016418134285697994,-0.011441647597253995,0.0,0.007709645837326612
0,44,xgb,s1_plus_ig,2.0,1.0,positive_only,s1_plus_ig/mode=positive_only/ratio=2.0/keep=1.0,0.1997645264093909,0.1224256292906178,0.3648650568967856,0.0298507462686567,0.1613160317736126,0.9280193236714976,0.2459038450200416,S1/random_under_10to1,0.1911284608900699,0.1395881006864988,0.3581128142974307,0.0298507462686567,0.1432842759302617,0.2078313253012048,0.3262481576749034,0.0,0.008636065519321001,-0.017162471395880993,0.0,0.0180317558433509
0,45,xgb,s1_plus_ig,0.25,0.25,positive_only,s1_plus_ig/mode=positive_only/ratio=0.25/keep=0.25,0.1797946954739034,0.148741418764302,0.3546889462047234,0.044776119402985,0.1614047753822592,0.7353497164461248,0.1829731923003877,S1/random_under_10to1,0.2027160163707735,0.1178489702517162,0.2740286085005267,0.044776119402985,0.1272430987852716,0.1957831325301204,0.2794669625173157,0.0,-0.0229213208968701,0.030892448512585796,0.0,0.0341616765969876
0,45,xgb,s1_plus_ig,0.5,0.25,positive_only,s1_plus_ig/mode=positive_only/ratio=0.5/keep=0.25,0.170784315845899,0.160183066361556,0.3129151878898075,0.044776119402985,0.1356344578953507,0.7353497164461248,0.1829731923003877,S1/random_under_10to1,0.2027160163707735,0.1178489702517162,0.2740286085005267,0.044776119402985,0.1272430987852716,0.1957831325301204,0.2794669625173157,0.0,-0.031931700524874485,0.04233409610983979,0.0,0.0083913591100791
0,45,xgb,s1_plus_ig,0.75,0.25,positive_only,s1_plus_ig/mode=positive_only/ratio=0.75/keep=0.25,0.1810118709156069,0.1739130434782608,0.3057435067479779,0.044776119402985,0.1288026256437701,0.7353497164461248,0.1829731923003877,S1/random_under_10to1,0.2027160163707735,0.1178489702517162,0.2740286085005267,0.044776119402985,0.1272430987852716,0.1957831325301204,0.2794669625173157,0.0,-0.021704145455166607,0.05606407322654461,0.0,0.0015595268584985
0,45,xgb,s1_plus_ig,1.0,0.25,positive_only,s1_plus_ig/mode=positive_only/ratio=1.0/keep=0.25,0.1733209319363318,0.165903890160183,0.3328915315962047,0.0298507462686567,0.1309674195695311,0.7353497164461248,0.1829731923003877,S1/random_under_10to1,0.2027160163707735,0.1178489702517162,0.2740286085005267,0.044776119402985,0.1272430987852716,0.1957831325301204,0.2794669625173157,0.0,-0.029395084434441693,0.0480549199084668,-0.014925373134328304,0.003724320784259494
0,45,xgb,s1_plus_ig,1.5,0.25,positive_only,s1_plus_ig/mode=positive_only/ratio=1.5/keep=0.25,0.1536801636401458,0.2231121281464531,0.2646181675245921,0.0149253731343283,0.1279876187556926,0.7353497164461248,0.1829731923003877,S1/random_under_10to1,0.2027160163707735,0.1178489702517162,0.2740286085005267,0.044776119402985,0.1272430987852716,0.1957831325301204,0.2794669625173157,0.0,-0.04903585273062769,0.10526315789473689,-0.029850746268656702,0.0007445199704209926
0,45,xgb,s1_plus_ig,2.0,0.25,positive_only,s1_plus_ig/mode=positive_only/ratio=2.0/keep=0.25,0.1580868027691662,0.2471395881006865,0.2603716815580507,0.044776119402985,0.1267733684409691,0.7353497164461248,0.1829731923003877,S1/random_under_10to1,0.2027160163707735,0.1178489702517162,0.2740286085005267,0.044776119402985,0.1272430987852716,0.1957831325301204,0.2794669625173157,0.0,-0.04462921360160729,0.1292906178489703,0.0,-0.0004697303443025047
0,45,xgb,s1_plus_ig,0.25,0.5,positive_only,s1_plus_ig/mode=positive_only/ratio=0.25/keep=0.5,0.1797946954739034,0.148741418764302,0.3546889462047234,0.044776119402985,0.1614047753822592,0.8429951690821256,0.2224659262666611,S1/random_under_10to1,0.2027160163707735,0.1178489702517162,0.2740286085005267,0.044776119402985,0.1272430987852716,0.1957831325301204,0.2794669625173157,0.0,-0.0229213208968701,0.030892448512585796,0.0,0.0341616765969876
0,45,xgb,s1_plus_ig,0.5,0.5,positive_only,s1_plus_ig/mode=positive_only/ratio=0.5/keep=0.5,0.175362744024612,0.1647597254004576,0.3253570492620277,0.0298507462686567,0.124822399715868,0.8429951690821256,0.2224659262666611,S1/random_under_10to1,0.2027160163707735,0.1178489702517162,0.2740286085005267,0.044776119402985,0.1272430987852716,0.1957831325301204,0.2794669625173157,0.0,-0.0273532723461615,0.046910755148741407,-0.014925373134328304,-0.0024206990694035924
0,45,xgb,s1_plus_ig,0.75,0.5,positive_only,s1_plus_ig/mode=positive_only/ratio=0.75/keep=0.5,0.1963069818992493,0.1350114416475972,0.317854923921374,0.044776119402985,0.1324999210020279,0.8429951690821256,0.2224659262666611,S1/random_under_10to1,0.2027160163707735,0.1178489702517162,0.2740286085005267,0.044776119402985,0.1272430987852716,0.1957831325301204,0.2794669625173157,0.0,-0.006409034471524189,0.017162471395881007,0.0,0.005256822216756302
0,45,xgb,s1_plus_ig,1.0,0.5,positive_only,s1_plus_ig/mode=positive_only/ratio=1.0/keep=0.5,0.1884824157751276,0.1292906178489702,0.3259674493459006,0.0597014925373134,0.1257598364847882,0.8429951690821256,0.2224659262666611,S1/random_under_10to1,0.2027160163707735,0.1178489702517162,0.2740286085005267,0.044776119402985,0.1272430987852716,0.1957831325301204,0.2794669625173157,0.0,-0.014233600595645907,0.011441647597253995,0.014925373134328394,-0.0014832623004834011
0,45,xgb,s1_plus_ig,1.5,0.5,positive_only,s1_plus_ig/mode=positive_only/ratio=1.5/keep=0.5,0.183340447626141,0.1224256292906178,0.3361569835171923,0.0298507462686567,0.1284254499206344,0.8429951690821256,0.2224659262666611,S1/random_under_10to1,0.2027160163707735,0.1178489702517162,0.2740286085005267,0.044776119402985,0.1272430987852716,0.1957831325301204,0.2794669625173157,0.0,-0.019375568744632504,0.004576659038901601,-0.014925373134328304,0.0011823511353628025
0,45,xgb,s1_plus_ig,2.0,0.5,positive_only,s1_plus_ig/mode=positive_only/ratio=2.0/keep=0.5,0.1879624023143998,0.102974828375286,0.36819103751156,0.0,0.1317207047258121,0.8429951690821256,0.2224659262666611,S1/random_under_10to1,0.2027160163707735,0.1178489702517162,0.2740286085005267,0.044776119402985,0.1272430987852716,0.1957831325301204,0.2794669625173157,0.0,-0.014753614056373682,-0.0148741418764302,-0.044776119402985,0.004477605940540502
0,45,xgb,s1_plus_ig,0.25,0.75,positive_only,s1_plus_ig/mode=positive_only/ratio=0.25/keep=0.75,0.1797946954739034,0.148741418764302,0.3546889462047234,0.044776119402985,0.1614047753822592,0.9304347826086956,0.2516475341205458,S1/random_under_10to1,0.2027160163707735,0.1178489702517162,0.2740286085005267,0.044776119402985,0.1272430987852716,0.1957831325301204,0.2794669625173157,0.0,-0.0229213208968701,0.030892448512585796,0.0,0.0341616765969876
0,45,xgb,s1_plus_ig,0.5,0.75,positive_only,s1_plus_ig/mode=positive_only/ratio=0.5/keep=0.75,0.175362744024612,0.1647597254004576,0.3253570492620277,0.0298507462686567,0.124822399715868,0.9304347826086956,0.2516475341205458,S1/random_under_10to1,0.2027160163707735,0.1178489702517162,0.2740286085005267,0.044776119402985,0.1272430987852716,0.1957831325301204,0.2794669625173157,0.0,-0.0273532723461615,0.046910755148741407,-0.014925373134328304,-0.0024206990694035924
0,45,xgb,s1_plus_ig,0.75,0.75,positive_only,s1_plus_ig/mode=positive_only/ratio=0.75/keep=0.75,0.1865916951657878,0.1247139588100686,0.3422866845862687,0.044776119402985,0.1306569344460398,0.9304347826086956,0.2516475341205458,S1/random_under_10to1,0.2027160163707735,0.1178489702517162,0.2740286085005267,0.044776119402985,0.1272430987852716,0.1957831325301204,0.2794669625173157,0.0,-0.016124321204985692,0.0068649885583523945,0.0,0.003413835660768194
0,45,xgb,s1_plus_ig,1.0,0.75,positive_only,s1_plus_ig/mode=positive_only/ratio=1.0/keep=0.75,0.2033751202067927,0.131578947368421,0.351022087750384,0.044776119402985,0.1312150259225312,0.9304347826086956,0.2516475341205458,S1/random_under_10to1,0.2027160163707735,0.1178489702517162,0.2740286085005267,0.044776119402985,0.1272430987852716,0.1957831325301204,0.2794669625173157,0.0,0.0006591038360191925,0.013729977116704789,0.0,0.0039719271372596066
0,45,xgb,s1_plus_ig,1.5,0.75,positive_only,s1_plus_ig/mode=positive_only/ratio=1.5/keep=0.75,0.2076015764842219,0.1270022883295194,0.3578281012457134,0.044776119402985,0.1335207666196053,0.9304347826086956,0.2516475341205458,S1/random_under_10to1,0.2027160163707735,0.1178489702517162,0.2740286085005267,0.044776119402985,0.1272430987852716,0.1957831325301204,0.2794669625173157,0.0,0.004885560113448401,0.009153318077803202,0.0,0.0062776678343337
0,45,xgb,s1_plus_ig,2.0,0.75,positive_only,s1_plus_ig/mode=positive_only/ratio=2.0/keep=0.75,0.1901049930336255,0.1384439359267734,0.3504922627831784,0.0298507462686567,0.1274896404432131,0.9304347826086956,0.2516475341205458,S1/random_under_10to1,0.2027160163707735,0.1178489702517162,0.2740286085005267,0.044776119402985,0.1272430987852716,0.1957831325301204,0.2794669625173157,0.0,-0.012611023337148003,0.020594965675057197,-0.014925373134328304,0.00024654165794149585
0,45,xgb,s1_plus_ig,0.25,1.0,positive_only,s1_plus_ig/mode=positive_only/ratio=0.25/keep=1.0,0.1797946954739034,0.148741418764302,0.3546889462047234,0.044776119402985,0.1614047753822592,0.846376811594203,0.2804351544949779,S1/random_under_10to1,0.2027160163707735,0.1178489702517162,0.2740286085005267,0.044776119402985,0.1272430987852716,0.1957831325301204,0.2794669625173157,0.0,-0.0229213208968701,0.030892448512585796,0.0,0.0341616765969876
0,45,xgb,s1_plus_ig,0.5,1.0,positive_only,s1_plus_ig/mode=positive_only/ratio=0.5/keep=1.0,0.175362744024612,0.1647597254004576,0.3253570492620277,0.0298507462686567,0.124822399715868,0.846376811594203,0.2804351544949779,S1/random_under_10to1,0.2027160163707735,0.1178489702517162,0.2740286085005267,0.044776119402985,0.1272430987852716,0.1957831325301204,0.2794669625173157,0.0,-0.0273532723461615,0.046910755148741407,-0.014925373134328304,-0.0024206990694035924
0,45,xgb,s1_plus_ig,0.75,1.0,positive_only,s1_plus_ig/mode=positive_only/ratio=0.75/keep=1.0,0.1865916951657878,0.1247139588100686,0.3422866845862687,0.044776119402985,0.1306569344460398,0.846376811594203,0.2804351544949779,S1/random_under_10to1,0.2027160163707735,0.1178489702517162,0.2740286085005267,0.044776119402985,0.1272430987852716,0.1957831325301204,0.2794669625173157,0.0,-0.016124321204985692,0.0068649885583523945,0.0,0.003413835660768194
0,45,xgb,s1_plus_ig,1.0,1.0,positive_only,s1_plus_ig/mode=positive_only/ratio=1.0/keep=1.0,0.2033751202067927,0.131578947368421,0.351022087750384,0.044776119402985,0.1312150259225312,0.846376811594203,0.2804351544949779,S1/random_under_10to1,0.2027160163707735,0.1178489702517162,0.2740286085005267,0.044776119402985,0.1272430987852716,0.1957831325301204,0.2794669625173157,0.0,0.0006591038360191925,0.013729977116704789,0.0,0.0039719271372596066
0,45,xgb,s1_plus_ig,1.5,1.0,positive_only,s1_plus_ig/mode=positive_only/ratio=1.5/keep=1.0,0.1940287500101959,0.0983981693363844,0.3462320681155073,0.044776119402985,0.1500852042439162,0.846376811594203,0.2804351544949779,S1/random_under_10to1,0.2027160163707735,0.1178489702517162,0.2740286085005267,0.044776119402985,0.1272430987852716,0.1957831325301204,0.2794669625173157,0.0,-0.008687266360577595,-0.0194508009153318,0.0,0.022842105458644596
0,45,xgb,s1_plus_ig,2.0,1.0,positive_only,s1_plus_ig/mode=positive_only/ratio=2.0/keep=1.0,0.2095976760055989,0.1475972540045766,0.3743132187878953,0.0597014925373134,0.1526306035625953,0.846376811594203,0.2804351544949779,S1/random_under_10to1,0.2027160163707735,0.1178489702517162,0.2740286085005267,0.044776119402985,0.1272430987852716,0.1957831325301204,0.2794669625173157,0.0,0.006881659634825399,0.0297482837528604,0.014925373134328394,0.02538750477732371
0,46,xgb,s1_plus_ig,0.25,0.25,positive_only,s1_plus_ig/mode=positive_only/ratio=0.25/keep=0.25,0.1669336514719457,0.148741418764302,0.2903207288535487,0.0149253731343283,0.1328951485076595,0.7996219281663516,0.2193255117202165,S1/random_under_10to1,0.2101479835790066,0.1384439359267734,0.313140654394552,0.044776119402985,0.1368791539239914,0.2048192771084337,0.3002489038930883,0.0,-0.04321433210706091,0.010297482837528599,-0.029850746268656702,-0.003984005416331898
0,46,xgb,s1_plus_ig,0.5,0.25,positive_only,s1_plus_ig/mode=positive_only/ratio=0.5/keep=0.25,0.1658912331497071,0.1807780320366132,0.2715222182385748,0.044776119402985,0.1501194035369352,0.7996219281663516,0.2193255117202165,S1/random_under_10to1,0.2101479835790066,0.1384439359267734,0.313140654394552,0.044776119402985,0.1368791539239914,0.2048192771084337,0.3002489038930883,0.0,-0.044256750429299496,0.04233409610983979,0.0,0.013240249612943816
0,46,xgb,s1_plus_ig,0.75,0.25,positive_only,s1_plus_ig/mode=positive_only/ratio=0.75/keep=0.25,0.1542084905890201,0.1876430205949656,0.264330650980069,0.044776119402985,0.1461852196693019,0.7996219281663516,0.2193255117202165,S1/random_under_10to1,0.2101479835790066,0.1384439359267734,0.313140654394552,0.044776119402985,0.1368791539239914,0.2048192771084337,0.3002489038930883,0.0,-0.05593949298998652,0.0491990846681922,0.0,0.00930606574531051
0,46,xgb,s1_plus_ig,1.0,0.25,positive_only,s1_plus_ig/mode=positive_only/ratio=1.0/keep=0.25,0.1664802501885226,0.1693363844393592,0.3020688482121618,0.0298507462686567,0.1729318177465828,0.7996219281663516,0.2193255117202165,S1/random_under_10to1,0.2101479835790066,0.1384439359267734,0.313140654394552,0.044776119402985,0.1368791539239914,0.2048192771084337,0.3002489038930883,0.0,-0.04366773339048399,0.030892448512585796,-0.014925373134328304,0.036052663822591424
0,46,xgb,s1_plus_ig,1.5,0.25,positive_only,s1_plus_ig/mode=positive_only/ratio=1.5/keep=0.25,0.1649618208371286,0.17162471395881,0.2994437064736779,0.0149253731343283,0.1666220585623418,0.7996219281663516,0.2193255117202165,S1/random_under_10to1,0.2101479835790066,0.1384439359267734,0.313140654394552,0.044776119402985,0.1368791539239914,0.2048192771084337,0.3002489038930883,0.0,-0.045186162741878005,0.03318077803203659,-0.029850746268656702,0.029742904638350415
0,46,xgb,s1_plus_ig,2.0,0.25,positive_only,s1_plus_ig/mode=positive_only/ratio=2.0/keep=0.25,0.170468658015725,0.1453089244851258,0.3410490052488449,0.0298507462686567,0.1656471054970177,0.7996219281663516,0.2193255117202165,S1/random_under_10to1,0.2101479835790066,0.1384439359267734,0.313140654394552,0.044776119402985,0.1368791539239914,0.2048192771084337,0.3002489038930883,0.0,-0.0396793255632816,0.006864988558352408,-0.014925373134328304,0.028767951573026307
0,46,xgb,s1_plus_ig,0.25,0.5,positive_only,s1_plus_ig/mode=positive_only/ratio=0.25/keep=0.5,0.1669336514719457,0.148741418764302,0.2903207288535487,0.0149253731343283,0.1328951485076595,0.919806763285024,0.250116280684926,S1/random_under_10to1,0.2101479835790066,0.1384439359267734,0.313140654394552,0.044776119402985,0.1368791539239914,0.2048192771084337,0.3002489038930883,0.0,-0.04321433210706091,0.010297482837528599,-0.029850746268656702,-0.003984005416331898
0,46,xgb,s1_plus_ig,0.5,0.5,positive_only,s1_plus_ig/mode=positive_only/ratio=0.5/keep=0.5,0.160414287931524,0.1395881006864988,0.3115935869820825,0.0298507462686567,0.1498332764440601,0.919806763285024,0.250116280684926,S1/random_under_10to1,0.2101479835790066,0.1384439359267734,0.313140654394552,0.044776119402985,0.1368791539239914,0.2048192771084337,0.3002489038930883,0.0,-0.04973369564748259,0.0011441647597253968,-0.014925373134328304,0.012954122520068723
0,46,xgb,s1_plus_ig,0.75,0.5,positive_only,s1_plus_ig/mode=positive_only/ratio=0.75/keep=0.5,0.1855151999641966,0.1212814645308924,0.337906716439256,0.0298507462686567,0.1552785813035179,0.919806763285024,0.250116280684926,S1/random_under_10to1,0.2101479835790066,0.1384439359267734,0.313140654394552,0.044776119402985,0.1368791539239914,0.2048192771084337,0.3002489038930883,0.0,-0.02463278361481,-0.017162471395880993,-0.014925373134328304,0.018399427379526517
0,46,xgb,s1_plus_ig,1.0,0.5,positive_only,s1_plus_ig/mode=positive_only/ratio=1.0/keep=0.5,0.1646267705867875,0.1556064073226544,0.309443061017802,0.0298507462686567,0.1551390231982695,0.919806763285024,0.250116280684926,S1/random_under_10to1,0.2101479835790066,0.1384439359267734,0.313140654394552,0.044776119402985,0.1368791539239914,0.2048192771084337,0.3002489038930883,0.0,-0.04552121299221909,0.017162471395881007,-0.014925373134328304,0.018259869274278112
0,46,xgb,s1_plus_ig,1.5,0.5,positive_only,s1_plus_ig/mode=positive_only/ratio=1.5/keep=0.5,0.1788131674760716,0.1475972540045766,0.3196159993424661,0.044776119402985,0.1476200268059448,0.919806763285024,0.250116280684926,S1/random_under_10to1,0.2101479835790066,0.1384439359267734,0.313140654394552,0.044776119402985,0.1368791539239914,0.2048192771084337,0.3002489038930883,0.0,-0.03133481610293501,0.009153318077803202,0.0,0.010740872881953412
0,46,xgb,s1_plus_ig,2.0,0.5,positive_only,s1_plus_ig/mode=positive_only/ratio=2.0/keep=0.5,0.1804649608890492,0.1235697940503432,0.3247747474879138,0.044776119402985,0.1488436845334028,0.919806763285024,0.250116280684926,S1/random_under_10to1,0.2101479835790066,0.1384439359267734,0.313140654394552,0.044776119402985,0.1368791539239914,0.2048192771084337,0.3002489038930883,0.0,-0.0296830226899574,-0.0148741418764302,0.0,0.011964530609411411
0,46,xgb,s1_plus_ig,0.25,0.75,positive_only,s1_plus_ig/mode=positive_only/ratio=0.25/keep=0.75,0.1669336514719457,0.148741418764302,0.2903207288535487,0.0149253731343283,0.1328951485076595,0.9318840579710144,0.2512913537688957,S1/random_under_10to1,0.2101479835790066,0.1384439359267734,0.313140654394552,0.044776119402985,0.1368791539239914,0.2048192771084337,0.3002489038930883,0.0,-0.04321433210706091,0.010297482837528599,-0.029850746268656702,-0.003984005416331898
0,46,xgb,s1_plus_ig,0.5,0.75,positive_only,s1_plus_ig/mode=positive_only/ratio=0.5/keep=0.75,0.160414287931524,0.1395881006864988,0.3115935869820825,0.0298507462686567,0.1498332764440601,0.9318840579710144,0.2512913537688957,S1/random_under_10to1,0.2101479835790066,0.1384439359267734,0.313140654394552,0.044776119402985,0.1368791539239914,0.2048192771084337,0.3002489038930883,0.0,-0.04973369564748259,0.0011441647597253968,-0.014925373134328304,0.012954122520068723
0,46,xgb,s1_plus_ig,0.75,0.75,positive_only,s1_plus_ig/mode=positive_only/ratio=0.75/keep=0.75,0.179213933149704,0.1224256292906178,0.3457732381394819,0.0298507462686567,0.1441093948723329,0.9318840579710144,0.2512913537688957,S1/random_under_10to1,0.2101479835790066,0.1384439359267734,0.313140654394552,0.044776119402985,0.1368791539239914,0.2048192771084337,0.3002489038930883,0.0,-0.030934050429302612,-0.016018306636155596,-0.014925373134328304,0.007230240948341515
0,46,xgb,s1_plus_ig,1.0,0.75,positive_only,s1_plus_ig/mode=positive_only/ratio=1.0/keep=0.75,0.2063613152320098,0.1109839816933638,0.3641628665946641,0.0298507462686567,0.154268417428141,0.9318840579710144,0.2512913537688957,S1/random_under_10to1,0.2101479835790066,0.1384439359267734,0.313140654394552,0.044776119402985,0.1368791539239914,0.2048192771084337,0.3002489038930883,0.0,-0.003786668346996813,-0.027459954233409592,-0.014925373134328304,0.017389263504149627
0,46,xgb,s1_plus_ig,1.5,0.75,positive_only,s1_plus_ig/mode=positive_only/ratio=1.5/keep=0.75,0.233791908719934,0.1167048054919908,0.4491588425394972,0.0298507462686567,0.1443951536035887,0.9318840579710144,0.2512913537688957,S1/random_under_10to1,0.2101479835790066,0.1384439359267734,0.313140654394552,0.044776119402985,0.1368791539239914,0.2048192771084337,0.3002489038930883,0.0,0.02364392514092739,-0.021739130434782594,-0.014925373134328304,0.007515999679597318
0,46,xgb,s1_plus_ig,2.0,0.75,positive_only,s1_plus_ig/mode=positive_only/ratio=2.0/keep=0.75,0.2330036398039138,0.1292906178489702,0.4554570633757765,0.044776119402985,0.1519965197020705,0.9318840579710144,0.2512913537688957,S1/random_under_10to1,0.2101479835790066,0.1384439359267734,0.313140654394552,0.044776119402985,0.1368791539239914,0.2048192771084337,0.3002489038930883,0.0,0.022855656224907206,-0.009153318077803202,0.0,0.015117365778079123
0,46,xgb,s1_plus_ig,0.25,1.0,positive_only,s1_plus_ig/mode=positive_only/ratio=0.25/keep=1.0,0.1669336514719457,0.148741418764302,0.2903207288535487,0.0149253731343283,0.1328951485076595,0.9062801932367148,0.2269371718091002,S1/random_under_10to1,0.2101479835790066,0.1384439359267734,0.313140654394552,0.044776119402985,0.1368791539239914,0.2048192771084337,0.3002489038930883,0.0,-0.04321433210706091,0.010297482837528599,-0.029850746268656702,-0.003984005416331898
0,46,xgb,s1_plus_ig,0.5,1.0,positive_only,s1_plus_ig/mode=positive_only/ratio=0.5/keep=1.0,0.160414287931524,0.1395881006864988,0.3115935869820825,0.0298507462686567,0.1498332764440601,0.9062801932367148,0.2269371718091002,S1/random_under_10to1,0.2101479835790066,0.1384439359267734,0.313140654394552,0.044776119402985,0.1368791539239914,0.2048192771084337,0.3002489038930883,0.0,-0.04973369564748259,0.0011441647597253968,-0.014925373134328304,0.012954122520068723
0,46,xgb,s1_plus_ig,0.75,1.0,positive_only,s1_plus_ig/mode=positive_only/ratio=0.75/keep=1.0,0.179213933149704,0.1224256292906178,0.3457732381394819,0.0298507462686567,0.1441093948723329,0.9062801932367148,0.2269371718091002,S1/random_under_10to1,0.2101479835790066,0.1384439359267734,0.313140654394552,0.044776119402985,0.1368791539239914,0.2048192771084337,0.3002489038930883,0.0,-0.030934050429302612,-0.016018306636155596,-0.014925373134328304,0.007230240948341515
0,46,xgb,s1_plus_ig,1.0,1.0,positive_only,s1_plus_ig/mode=positive_only/ratio=1.0/keep=1.0,0.2063613152320098,0.1109839816933638,0.3641628665946641,0.0298507462686567,0.154268417428141,0.9062801932367148,0.2269371718091002,S1/random_under_10to1,0.2101479835790066,0.1384439359267734,0.313140654394552,0.044776119402985,0.1368791539239914,0.2048192771084337,0.3002489038930883,0.0,-0.003786668346996813,-0.027459954233409592,-0.014925373134328304,0.017389263504149627
0,46,xgb,s1_plus_ig,1.5,1.0,positive_only,s1_plus_ig/mode=positive_only/ratio=1.5/keep=1.0,0.2068861821786297,0.102974828375286,0.3879472690761476,0.044776119402985,0.1386696115669101,0.9062801932367148,0.2269371718091002,S1/random_under_10to1,0.2101479835790066,0.1384439359267734,0.313140654394552,0.044776119402985,0.1368791539239914,0.2048192771084337,0.3002489038930883,0.0,-0.003261801400376907,-0.0354691075514874,0.0,0.0017904576429187136
0,46,xgb,s1_plus_ig,2.0,1.0,positive_only,s1_plus_ig/mode=positive_only/ratio=2.0/keep=1.0,0.2076814711444607,0.1304347826086956,0.352702744352372,0.0597014925373134,0.1506274627404455,0.9062801932367148,0.2269371718091002,S1/random_under_10to1,0.2101479835790066,0.1384439359267734,0.313140654394552,0.044776119402985,0.1368791539239914,0.2048192771084337,0.3002489038930883,0.0,-0.0024665124345459033,-0.008009153318077805,0.014925373134328394,0.013748308816454113
1,42,xgb,s1_plus_ig,0.25,0.25,positive_only,s1_plus_ig/mode=positive_only/ratio=0.25/keep=0.25,0.1545267706092093,0.0869565217391304,0.2404215889274406,0.1184210526315789,0.161500855368253,0.946668388429752,0.1269147153071589,S1/smote,0.1624355315466772,0.0219130434782608,0.2643536257398683,0.131578947368421,0.1699162891881112,0.0170662332385209,0.1719048571469073,0.1150442477876106,-0.007908760937467896,0.0650434782608696,-0.01315789473684209,-0.008415433819858181
1,42,xgb,s1_plus_ig,0.5,0.25,positive_only,s1_plus_ig/mode=positive_only/ratio=0.5/keep=0.25,0.1402009390576343,0.0313043478260869,0.2533392517972594,0.1184210526315789,0.147986086902279,0.946668388429752,0.1269147153071589,S1/smote,0.1624355315466772,0.0219130434782608,0.2643536257398683,0.131578947368421,0.1699162891881112,0.0170662332385209,0.1719048571469073,0.1150442477876106,-0.022234592489042887,0.009391304347826097,-0.01315789473684209,-0.0219302022858322
1,42,xgb,s1_plus_ig,0.75,0.25,positive_only,s1_plus_ig/mode=positive_only/ratio=0.75/keep=0.25,0.1522814387355265,0.0469565217391304,0.2564578881567707,0.1578947368421052,0.1639997002760799,0.946668388429752,0.1269147153071589,S1/smote,0.1624355315466772,0.0219130434782608,0.2643536257398683,0.131578947368421,0.1699162891881112,0.0170662332385209,0.1719048571469073,0.1150442477876106,-0.010154092811150706,0.025043478260869598,0.02631578947368421,-0.005916588912031284
1,42,xgb,s1_plus_ig,1.0,0.25,positive_only,s1_plus_ig/mode=positive_only/ratio=1.0/keep=0.25,0.1481696238934205,0.0344347826086956,0.2606874522112155,0.1052631578947368,0.1668777611343627,0.946668388429752,0.1269147153071589,S1/smote,0.1624355315466772,0.0219130434782608,0.2643536257398683,0.131578947368421,0.1699162891881112,0.0170662332385209,0.1719048571469073,0.1150442477876106,-0.014265907653256693,0.012521739130434799,-0.026315789473684195,-0.0030385280537484904
1,42,xgb,s1_plus_ig,1.5,0.25,positive_only,s1_plus_ig/mode=positive_only/ratio=1.5/keep=0.25,0.147271344139126,0.0420869565217391,0.2360809658000404,0.1052631578947368,0.1539714949909348,0.946668388429752,0.1269147153071589,S1/smote,0.1624355315466772,0.0219130434782608,0.2643536257398683,0.131578947368421,0.1699162891881112,0.0170662332385209,0.1719048571469073,0.1150442477876106,-0.01516418740755121,0.0201739130434783,-0.026315789473684195,-0.0159447941971764
1,42,xgb,s1_plus_ig,2.0,0.25,positive_only,s1_plus_ig/mode=positive_only/ratio=2.0/keep=0.25,0.1588472939562642,0.0368695652173913,0.2431049071114101,0.1447368421052631,0.1474530562968005,0.946668388429752,0.1269147153071589,S1/smote,0.1624355315466772,0.0219130434782608,0.2643536257398683,0.131578947368421,0.1699162891881112,0.0170662332385209,0.1719048571469073,0.1150442477876106,-0.0035882375904129904,0.0149565217391305,0.013157894736842118,-0.02246323289131069
1,42,xgb,s1_plus_ig,0.25,0.5,positive_only,s1_plus_ig/mode=positive_only/ratio=0.25/keep=0.5,0.1545267706092093,0.0869565217391304,0.2404215889274406,0.1184210526315789,0.161500855368253,0.9825,0.1531274404179846,S1/smote,0.1624355315466772,0.0219130434782608,0.2643536257398683,0.131578947368421,0.1699162891881112,0.0170662332385209,0.1719048571469073,0.1150442477876106,-0.007908760937467896,0.0650434782608696,-0.01315789473684209,-0.008415433819858181
1,42,xgb,s1_plus_ig,0.5,0.5,positive_only,s1_plus_ig/mode=positive_only/ratio=0.5/keep=0.5,0.1427928262895107,0.0685217391304347,0.237986458078476,0.1052631578947368,0.1513148435502123,0.9825,0.1531274404179846,S1/smote,0.1624355315466772,0.0219130434782608,0.2643536257398683,0.131578947368421,0.1699162891881112,0.0170662332385209,0.1719048571469073,0.1150442477876106,-0.019642705257166493,0.046608695652173904,-0.026315789473684195,-0.018601445637898895
1,42,xgb,s1_plus_ig,0.75,0.5,positive_only,s1_plus_ig/mode=positive_only/ratio=0.75/keep=0.5,0.1501922767258851,0.0347826086956521,0.2594426572329513,0.1184210526315789,0.1508939850334967,0.9825,0.1531274404179846,S1/smote,0.1624355315466772,0.0219130434782608,0.2643536257398683,0.131578947368421,0.1699162891881112,0.0170662332385209,0.1719048571469073,0.1150442477876106,-0.01224325482079211,0.012869565217391299,-0.01315789473684209,-0.019022304154614478
1,42,xgb,s1_plus_ig,1.0,0.5,positive_only,s1_plus_ig/mode=positive_only/ratio=1.0/keep=0.5,0.1517905533627185,0.056,0.2573259960802026,0.1447368421052631,0.1542600567207728,0.9825,0.1531274404179846,S1/smote,0.1624355315466772,0.0219130434782608,0.2643536257398683,0.131578947368421,0.1699162891881112,0.0170662332385209,0.1719048571469073,0.1150442477876106,-0.010644978183958709,0.0340869565217392,0.013157894736842118,-0.015656232467338382
1,42,xgb,s1_plus_ig,1.5,0.5,positive_only,s1_plus_ig/mode=positive_only/ratio=1.5/keep=0.5,0.1663911445147645,0.032,0.2602926030637237,0.1710526315789473,0.1903613289377942,0.9825,0.1531274404179846,S1/smote,0.1624355315466772,0.0219130434782608,0.2643536257398683,0.131578947368421,0.1699162891881112,0.0170662332385209,0.1719048571469073,0.1150442477876106,0.003955612968087302,0.010086956521739202,0.0394736842105263,0.02044503974968301
1,42,xgb,s1_plus_ig,2.0,0.5,positive_only,s1_plus_ig/mode=positive_only/ratio=2.0/keep=0.5,0.1546069473924826,0.0772173913043478,0.2431960676648154,0.1842105263157894,0.1484147766743239,0.9825,0.1531274404179846,S1/smote,0.1624355315466772,0.0219130434782608,0.2643536257398683,0.131578947368421,0.1699162891881112,0.0170662332385209,0.1719048571469073,0.1150442477876106,-0.007828584154194601,0.055304347826086994,0.05263157894736842,-0.02150151251378729
1,42,xgb,s1_plus_ig,0.25,0.75,positive_only,s1_plus_ig/mode=positive_only/ratio=0.25/keep=0.75,0.1545267706092093,0.0869565217391304,0.2404215889274406,0.1184210526315789,0.161500855368253,0.989025974025974,0.1561085829454825,S1/smote,0.1624355315466772,0.0219130434782608,0.2643536257398683,0.131578947368421,0.1699162891881112,0.0170662332385209,0.1719048571469073,0.1150442477876106,-0.007908760937467896,0.0650434782608696,-0.01315789473684209,-0.008415433819858181
1,42,xgb,s1_plus_ig,0.5,0.75,positive_only,s1_plus_ig/mode=positive_only/ratio=0.5/keep=0.75,0.1427928262895107,0.0685217391304347,0.237986458078476,0.1052631578947368,0.1513148435502123,0.989025974025974,0.1561085829454825,S1/smote,0.1624355315466772,0.0219130434782608,0.2643536257398683,0.131578947368421,0.1699162891881112,0.0170662332385209,0.1719048571469073,0.1150442477876106,-0.019642705257166493,0.046608695652173904,-0.026315789473684195,-0.018601445637898895
1,42,xgb,s1_plus_ig,0.75,0.75,positive_only,s1_plus_ig/mode=positive_only/ratio=0.75/keep=0.75,0.1383074340798436,0.0782608695652174,0.234464508889016,0.131578947368421,0.1541937620292202,0.989025974025974,0.1561085829454825,S1/smote,0.1624355315466772,0.0219130434782608,0.2643536257398683,0.131578947368421,0.1699162891881112,0.0170662332385209,0.1719048571469073,0.1150442477876106,-0.024128097466833587,0.0563478260869566,0.0,-0.015722527158890998
1,42,xgb,s1_plus_ig,1.0,0.75,positive_only,s1_plus_ig/mode=positive_only/ratio=1.0/keep=0.75,0.1537146638604112,0.0754782608695652,0.2532680599768807,0.131578947368421,0.1528357914075929,0.989025974025974,0.1561085829454825,S1/smote,0.1624355315466772,0.0219130434782608,0.2643536257398683,0.131578947368421,0.1699162891881112,0.0170662332385209,0.1719048571469073,0.1150442477876106,-0.00872086768626601,0.053565217391304404,0.0,-0.01708049778051829
1,42,xgb,s1_plus_ig,1.5,0.75,positive_only,s1_plus_ig/mode=positive_only/ratio=1.5/keep=0.75,0.1482823494409547,0.0667826086956521,0.255978455659642,0.1184210526315789,0.1484272632039449,0.989025974025974,0.1561085829454825,S1/smote,0.1624355315466772,0.0219130434782608,0.2643536257398683,0.131578947368421,0.1699162891881112,0.0170662332385209,0.1719048571469073,0.1150442477876106,-0.0141531821057225,0.0448695652173913,-0.01315789473684209,-0.0214890259841663
1,42,xgb,s1_plus_ig,2.0,0.75,positive_only,s1_plus_ig/mode=positive_only/ratio=2.0/keep=0.75,0.145313716612759,0.0633043478260869,0.2485213475692965,0.131578947368421,0.1411538760624017,0.989025974025974,0.1561085829454825,S1/smote,0.1624355315466772,0.0219130434782608,0.2643536257398683,0.131578947368421,0.1699162891881112,0.0170662332385209,0.1719048571469073,0.1150442477876106,-0.017121814933918206,0.041391304347826105,0.0,-0.028762413125709485
1,42,xgb,s1_plus_ig,0.25,1.0,positive_only,s1_plus_ig/mode=positive_only/ratio=0.25/keep=1.0,0.1545267706092093,0.0869565217391304,0.2404215889274406,0.1184210526315789,0.161500855368253,0.9912987012987012,0.192808848185973,S1/smote,0.1624355315466772,0.0219130434782608,0.2643536257398683,0.131578947368421,0.1699162891881112,0.0170662332385209,0.1719048571469073,0.1150442477876106,-0.007908760937467896,0.0650434782608696,-0.01315789473684209,-0.008415433819858181
1,42,xgb,s1_plus_ig,0.5,1.0,positive_only,s1_plus_ig/mode=positive_only/ratio=0.5/keep=1.0,0.1427928262895107,0.0685217391304347,0.237986458078476,0.1052631578947368,0.1513148435502123,0.9912987012987012,0.192808848185973,S1/smote,0.1624355315466772,0.0219130434782608,0.2643536257398683,0.131578947368421,0.1699162891881112,0.0170662332385209,0.1719048571469073,0.1150442477876106,-0.019642705257166493,0.046608695652173904,-0.026315789473684195,-0.018601445637898895
1,42,xgb,s1_plus_ig,0.75,1.0,positive_only,s1_plus_ig/mode=positive_only/ratio=0.75/keep=1.0,0.1383074340798436,0.0782608695652174,0.234464508889016,0.131578947368421,0.1541937620292202,0.9912987012987012,0.192808848185973,S1/smote,0.1624355315466772,0.0219130434782608,0.2643536257398683,0.131578947368421,0.1699162891881112,0.0170662332385209,0.1719048571469073,0.1150442477876106,-0.024128097466833587,0.0563478260869566,0.0,-0.015722527158890998
1,42,xgb,s1_plus_ig,1.0,1.0,positive_only,s1_plus_ig/mode=positive_only/ratio=1.0/keep=1.0,0.1537146638604112,0.0754782608695652,0.2532680599768807,0.131578947368421,0.1528357914075929,0.9912987012987012,0.192808848185973,S1/smote,0.1624355315466772,0.0219130434782608,0.2643536257398683,0.131578947368421,0.1699162891881112,0.0170662332385209,0.1719048571469073,0.1150442477876106,-0.00872086768626601,0.053565217391304404,0.0,-0.01708049778051829
1,42,xgb,s1_plus_ig,1.5,1.0,positive_only,s1_plus_ig/mode=positive_only/ratio=1.5/keep=1.0,0.1621907010621706,0.0257391304347826,0.2769600300809247,0.1052631578947368,0.1456350373636601,0.9912987012987012,0.192808848185973,S1/smote,0.1624355315466772,0.0219130434782608,0.2643536257398683,0.131578947368421,0.1699162891881112,0.0170662332385209,0.1719048571469073,0.1150442477876106,-0.00024483048450660294,0.003826086956521802,-0.026315789473684195,-0.024281251824451094
1,42,xgb,s1_plus_ig,2.0,1.0,positive_only,s1_plus_ig/mode=positive_only/ratio=2.0/keep=1.0,0.1626019543588181,0.0184347826086956,0.2727924063152625,0.131578947368421,0.1275381798447054,0.9912987012987012,0.192808848185973,S1/smote,0.1624355315466772,0.0219130434782608,0.2643536257398683,0.131578947368421,0.1699162891881112,0.0170662332385209,0.1719048571469073,0.1150442477876106,0.00016642281214090948,-0.003478260869565198,0.0,-0.0423781093434058
1,43,xgb,s1_plus_ig,0.25,0.25,positive_only,s1_plus_ig/mode=positive_only/ratio=0.25/keep=0.25,0.1835351184774629,0.0045217391304347,0.2650742012809561,0.1973684210526315,0.1694562426871025,0.9488636363636364,0.1217917690276647,S0/none,0.1949171146290706,0.0330434782608695,0.2936907006628565,0.1842105263157894,0.1551732120349525,0.0434782608695652,0.1651090692613449,0.0707964601769911,-0.011381996151607704,-0.0285217391304348,0.01315789473684209,0.014283030652150003
1,43,xgb,s1_plus_ig,0.5,0.25,positive_only,s1_plus_ig/mode=positive_only/ratio=0.5/keep=0.25,0.1619163286469279,0.0900869565217391,0.2420879495712471,0.131578947368421,0.1426545396523248,0.9488636363636364,0.1217917690276647,S0/none,0.1949171146290706,0.0330434782608695,0.2936907006628565,0.1842105263157894,0.1551732120349525,0.0434782608695652,0.1651090692613449,0.0707964601769911,-0.033000785982142705,0.057043478260869605,-0.05263157894736842,-0.012518672382627688
1,43,xgb,s1_plus_ig,0.75,0.25,positive_only,s1_plus_ig/mode=positive_only/ratio=0.75/keep=0.25,0.1617436165835518,0.0674782608695652,0.2833112421211337,0.1184210526315789,0.1426095051408757,0.9488636363636364,0.1217917690276647,S0/none,0.1949171146290706,0.0330434782608695,0.2936907006628565,0.1842105263157894,0.1551732120349525,0.0434782608695652,0.1651090692613449,0.0707964601769911,-0.03317349804551881,0.034434782608695695,-0.06578947368421051,-0.012563706894076793
1,43,xgb,s1_plus_ig,1.0,0.25,positive_only,s1_plus_ig/mode=positive_only/ratio=1.0/keep=0.25,0.1487302785973301,0.0459130434782608,0.259375057001344,0.1052631578947368,0.1412272361011639,0.9488636363636364,0.1217917690276647,S0/none,0.1949171146290706,0.0330434782608695,0.2936907006628565,0.1842105263157894,0.1551732120349525,0.0434782608695652,0.1651090692613449,0.0707964601769911,-0.04618683603174051,0.012869565217391299,-0.07894736842105261,-0.013945975933788601
1,43,xgb,s1_plus_ig,1.5,0.25,positive_only,s1_plus_ig/mode=positive_only/ratio=1.5/keep=0.25,0.1762991276411522,0.0758260869565217,0.2664547378606786,0.1447368421052631,0.1311468011271709,0.9488636363636364,0.1217917690276647,S0/none,0.1949171146290706,0.0330434782608695,0.2936907006628565,0.1842105263157894,0.1551732120349525,0.0434782608695652,0.1651090692613449,0.0707964601769911,-0.018617986987918417,0.042782608695652195,-0.0394736842105263,-0.024026410907781598
1,43,xgb,s1_plus_ig,2.0,0.25,positive_only,s1_plus_ig/mode=positive_only/ratio=2.0/keep=0.25,0.1654916673189723,0.0605217391304347,0.2469925265791061,0.131578947368421,0.1301433378184304,0.9488636363636364,0.1217917690276647,S0/none,0.1949171146290706,0.0330434782608695,0.2936907006628565,0.1842105263157894,0.1551732120349525,0.0434782608695652,0.1651090692613449,0.0707964601769911,-0.0294254473100983,0.027478260869565202,-0.05263157894736842,-0.025029874216522086
1,43,xgb,s1_plus_ig,0.25,0.5,positive_only,s1_plus_ig/mode=positive_only/ratio=0.25/keep=0.5,0.1835351184774629,0.0045217391304347,0.2650742012809561,0.1973684210526315,0.1694562426871025,0.9836363636363636,0.1559564205025872,S0/none,0.1949171146290706,0.0330434782608695,0.2936907006628565,0.1842105263157894,0.1551732120349525,0.0434782608695652,0.1651090692613449,0.0707964601769911,-0.011381996151607704,-0.0285217391304348,0.01315789473684209,0.014283030652150003
1,43,xgb,s1_plus_ig,0.5,0.5,positive_only,s1_plus_ig/mode=positive_only/ratio=0.5/keep=0.5,0.1558606323060044,0.0594782608695652,0.2492971711328848,0.0921052631578947,0.1459026614543908,0.9836363636363636,0.1559564205025872,S0/none,0.1949171146290706,0.0330434782608695,0.2936907006628565,0.1842105263157894,0.1551732120349525,0.0434782608695652,0.1651090692613449,0.0707964601769911,-0.039056482323066216,0.026434782608695702,-0.0921052631578947,-0.009270550580561698
1,43,xgb,s1_plus_ig,0.75,0.5,positive_only,s1_plus_ig/mode=positive_only/ratio=0.75/keep=0.5,0.1651020793909744,0.0323478260869565,0.2589726068495249,0.1052631578947368,0.1534873352289184,0.9836363636363636,0.1559564205025872,S0/none,0.1949171146290706,0.0330434782608695,0.2936907006628565,0.1842105263157894,0.1551732120349525,0.0434782608695652,0.1651090692613449,0.0707964601769911,-0.0298150352380962,-0.000695652173913,-0.07894736842105261,-0.0016858768060341034
1,43,xgb,s1_plus_ig,1.0,0.5,positive_only,s1_plus_ig/mode=positive_only/ratio=1.0/keep=0.5,0.1615952280995484,0.0730434782608695,0.2578413786244168,0.131578947368421,0.160824810010635,0.9836363636363636,0.1559564205025872,S0/none,0.1949171146290706,0.0330434782608695,0.2936907006628565,0.1842105263157894,0.1551732120349525,0.0434782608695652,0.1651090692613449,0.0707964601769911,-0.0333218865295222,0.04,-0.05263157894736842,0.005651597975682515
1,43,xgb,s1_plus_ig,1.5,0.5,positive_only,s1_plus_ig/mode=positive_only/ratio=1.5/keep=0.5,0.1764243241730661,0.064,0.2618387716131705,0.1578947368421052,0.1473046624650358,0.9836363636363636,0.1559564205025872,S0/none,0.1949171146290706,0.0330434782608695,0.2936907006628565,0.1842105263157894,0.1551732120349525,0.0434782608695652,0.1651090692613449,0.0707964601769911,-0.018492790456004493,0.0309565217391305,-0.02631578947368421,-0.0078685495699167
1,43,xgb,s1_plus_ig,2.0,0.5,positive_only,s1_plus_ig/mode=positive_only/ratio=2.0/keep=0.5,0.1734401249984989,0.0685217391304347,0.2524560752634505,0.131578947368421,0.1233041786019245,0.9836363636363636,0.1559564205025872,S0/none,0.1949171146290706,0.0330434782608695,0.2936907006628565,0.1842105263157894,0.1551732120349525,0.0434782608695652,0.1651090692613449,0.0707964601769911,-0.021476989630571708,0.0354782608695652,-0.05263157894736842,-0.03186903343302799
1,43,xgb,s1_plus_ig,0.25,0.75,positive_only,s1_plus_ig/mode=positive_only/ratio=0.25/keep=0.75,0.1835351184774629,0.0045217391304347,0.2650742012809561,0.1973684210526315,0.1694562426871025,0.98237012987013,0.1752010452601169,S0/none,0.1949171146290706,0.0330434782608695,0.2936907006628565,0.1842105263157894,0.1551732120349525,0.0434782608695652,0.1651090692613449,0.0707964601769911,-0.011381996151607704,-0.0285217391304348,0.01315789473684209,0.014283030652150003
1,43,xgb,s1_plus_ig,0.5,0.75,positive_only,s1_plus_ig/mode=positive_only/ratio=0.5/keep=0.75,0.1558606323060044,0.0594782608695652,0.2492971711328848,0.0921052631578947,0.1459026614543908,0.98237012987013,0.1752010452601169,S0/none,0.1949171146290706,0.0330434782608695,0.2936907006628565,0.1842105263157894,0.1551732120349525,0.0434782608695652,0.1651090692613449,0.0707964601769911,-0.039056482323066216,0.026434782608695702,-0.0921052631578947,-0.009270550580561698
1,43,xgb,s1_plus_ig,0.75,0.75,positive_only,s1_plus_ig/mode=positive_only/ratio=0.75/keep=0.75,0.1584206944433799,0.0563478260869565,0.2487347798153656,0.1578947368421052,0.1412012445245075,0.98237012987013,0.1752010452601169,S0/none,0.1949171146290706,0.0330434782608695,0.2936907006628565,0.1842105263157894,0.1551732120349525,0.0434782608695652,0.1651090692613449,0.0707964601769911,-0.036496420185690714,0.023304347826087,-0.02631578947368421,-0.013971967510444994
1,43,xgb,s1_plus_ig,1.0,0.75,positive_only,s1_plus_ig/mode=positive_only/ratio=1.0/keep=0.75,0.1682034568319286,0.0525217391304347,0.2659418682718492,0.1710526315789473,0.1501333685646831,0.98237012987013,0.1752010452601169,S0/none,0.1949171146290706,0.0330434782608695,0.2936907006628565,0.1842105263157894,0.1551732120349525,0.0434782608695652,0.1651090692613449,0.0707964601769911,-0.026713657797141993,0.019478260869565202,-0.013157894736842118,-0.005039843470269395
1,43,xgb,s1_plus_ig,1.5,0.75,positive_only,s1_plus_ig/mode=positive_only/ratio=1.5/keep=0.75,0.176833559420722,0.0146086956521739,0.2620609416324483,0.1710526315789473,0.1542998643706321,0.98237012987013,0.1752010452601169,S0/none,0.1949171146290706,0.0330434782608695,0.2936907006628565,0.1842105263157894,0.1551732120349525,0.0434782608695652,0.1651090692613449,0.0707964601769911,-0.018083555208348617,-0.0184347826086956,-0.013157894736842118,-0.0008733476643204008
1,43,xgb,s1_plus_ig,2.0,0.75,positive_only,s1_plus_ig/mode=positive_only/ratio=2.0/keep=0.75,0.160888740338101,0.0299130434782608,0.258795123495564,0.1447368421052631,0.1414630299515261,0.98237012987013,0.1752010452601169,S0/none,0.1949171146290706,0.0330434782608695,0.2936907006628565,0.1842105263157894,0.1551732120349525,0.0434782608695652,0.1651090692613449,0.0707964601769911,-0.03402837429096961,-0.0031304347826087014,-0.0394736842105263,-0.013710182083426392
1,43,xgb,s1_plus_ig,0.25,1.0,positive_only,s1_plus_ig/mode=positive_only/ratio=0.25/keep=1.0,0.1835351184774629,0.0045217391304347,0.2650742012809561,0.1973684210526315,0.1694562426871025,0.9883116883116884,0.182479845978404,S0/none,0.1949171146290706,0.0330434782608695,0.2936907006628565,0.1842105263157894,0.1551732120349525,0.0434782608695652,0.1651090692613449,0.0707964601769911,-0.011381996151607704,-0.0285217391304348,0.01315789473684209,0.014283030652150003
1,43,xgb,s1_plus_ig,0.5,1.0,positive_only,s1_plus_ig/mode=positive_only/ratio=0.5/keep=1.0,0.1558606323060044,0.0594782608695652,0.2492971711328848,0.0921052631578947,0.1459026614543908,0.9883116883116884,0.182479845978404,S0/none,0.1949171146290706,0.0330434782608695,0.2936907006628565,0.1842105263157894,0.1551732120349525,0.0434782608695652,0.1651090692613449,0.0707964601769911,-0.039056482323066216,0.026434782608695702,-0.0921052631578947,-0.009270550580561698
1,43,xgb,s1_plus_ig,0.75,1.0,positive_only,s1_plus_ig/mode=positive_only/ratio=0.75/keep=1.0,0.1584206944433799,0.0563478260869565,0.2487347798153656,0.1578947368421052,0.1412012445245075,0.9883116883116884,0.182479845978404,S0/none,0.1949171146290706,0.0330434782608695,0.2936907006628565,0.1842105263157894,0.1551732120349525,0.0434782608695652,0.1651090692613449,0.0707964601769911,-0.036496420185690714,0.023304347826087,-0.02631578947368421,-0.013971967510444994
1,43,xgb,s1_plus_ig,1.0,1.0,positive_only,s1_plus_ig/mode=positive_only/ratio=1.0/keep=1.0,0.1682034568319286,0.0525217391304347,0.2659418682718492,0.1710526315789473,0.1501333685646831,0.9883116883116884,0.182479845978404,S0/none,0.1949171146290706,0.0330434782608695,0.2936907006628565,0.1842105263157894,0.1551732120349525,0.0434782608695652,0.1651090692613449,0.0707964601769911,-0.026713657797141993,0.019478260869565202,-0.013157894736842118,-0.005039843470269395
1,43,xgb,s1_plus_ig,1.5,1.0,positive_only,s1_plus_ig/mode=positive_only/ratio=1.5/keep=1.0,0.1487534773933483,0.0751304347826087,0.2539109014861928,0.0921052631578947,0.1242410319839976,0.9883116883116884,0.182479845978404,S0/none,0.1949171146290706,0.0330434782608695,0.2936907006628565,0.1842105263157894,0.1551732120349525,0.0434782608695652,0.1651090692613449,0.0707964601769911,-0.04616363723572231,0.042086956521739195,-0.0921052631578947,-0.030932180050954897
1,43,xgb,s1_plus_ig,2.0,1.0,positive_only,s1_plus_ig/mode=positive_only/ratio=2.0/keep=1.0,0.1796659124907303,0.0184347826086956,0.2612517973879688,0.1710526315789473,0.1275957267503289,0.9883116883116884,0.182479845978404,S0/none,0.1949171146290706,0.0330434782608695,0.2936907006628565,0.1842105263157894,0.1551732120349525,0.0434782608695652,0.1651090692613449,0.0707964601769911,-0.015251202138340303,-0.0146086956521739,-0.013157894736842118,-0.027577485284623587
1,44,xgb,s1_plus_ig,0.25,0.25,positive_only,s1_plus_ig/mode=positive_only/ratio=0.25/keep=0.25,0.1695565680259778,0.0448695652173913,0.2623674311787386,0.1447368421052631,0.1809963669624914,0.9260072314049588,0.1274923926078988,S1/random_under_20to1,0.1965896714738536,0.0281739130434782,0.266013528327547,0.131578947368421,0.1848467854371829,0.0219422998780983,0.2276144117097809,0.079646017699115,-0.027033103447875795,0.0166956521739131,0.013157894736842118,-0.003850418474691475
1,44,xgb,s1_plus_ig,0.5,0.25,positive_only,s1_plus_ig/mode=positive_only/ratio=0.5/keep=0.25,0.1694529132135317,0.0330434782608695,0.2844626005471409,0.1842105263157894,0.1561183666045284,0.9260072314049588,0.1274923926078988,S1/random_under_20to1,0.1965896714738536,0.0281739130434782,0.266013528327547,0.131578947368421,0.1848467854371829,0.0219422998780983,0.2276144117097809,0.079646017699115,-0.027136758260321886,0.004869565217391302,0.05263157894736842,-0.02872841883265448
1,44,xgb,s1_plus_ig,0.75,0.25,positive_only,s1_plus_ig/mode=positive_only/ratio=0.75/keep=0.25,0.1641045693581711,0.0132173913043478,0.2725140075268579,0.1842105263157894,0.160125535615397,0.9260072314049588,0.1274923926078988,S1/random_under_20to1,0.1965896714738536,0.0281739130434782,0.266013528327547,0.131578947368421,0.1848467854371829,0.0219422998780983,0.2276144117097809,0.079646017699115,-0.03248510211568248,-0.014956521739130398,0.05263157894736842,-0.02472124982178589
1,44,xgb,s1_plus_ig,1.0,0.25,positive_only,s1_plus_ig/mode=positive_only/ratio=1.0/keep=0.25,0.1711150452797349,0.0236521739130434,0.2768044721778985,0.1710526315789473,0.1395983850108612,0.9260072314049588,0.1274923926078988,S1/random_under_20to1,0.1965896714738536,0.0281739130434782,0.266013528327547,0.131578947368421,0.1848467854371829,0.0219422998780983,0.2276144117097809,0.079646017699115,-0.025474626194118694,-0.004521739130434799,0.0394736842105263,-0.045248400426321694
1,44,xgb,s1_plus_ig,1.5,0.25,positive_only,s1_plus_ig/mode=positive_only/ratio=1.5/keep=0.25,0.1464303674793271,0.0500869565217391,0.2643255155225759,0.1578947368421052,0.1389243559949784,0.9260072314049588,0.1274923926078988,S1/random_under_20to1,0.1965896714738536,0.0281739130434782,0.266013528327547,0.131578947368421,0.1848467854371829,0.0219422998780983,0.2276144117097809,0.079646017699115,-0.05015930399452648,0.0219130434782609,0.02631578947368421,-0.04592242944220448
1,44,xgb,s1_plus_ig,2.0,0.25,positive_only,s1_plus_ig/mode=positive_only/ratio=2.0/keep=0.25,0.1826294682564293,0.0184347826086956,0.2727924063152625,0.1578947368421052,0.1468057473613118,0.9260072314049588,0.1274923926078988,S1/random_under_20to1,0.1965896714738536,0.0281739130434782,0.266013528327547,0.131578947368421,0.1848467854371829,0.0219422998780983,0.2276144117097809,0.079646017699115,-0.013960203217424277,-0.009739130434782597,0.02631578947368421,-0.038041038075871086
1,44,xgb,s1_plus_ig,0.25,0.5,positive_only,s1_plus_ig/mode=positive_only/ratio=0.25/keep=0.5,0.1695565680259778,0.0448695652173913,0.2623674311787386,0.1447368421052631,0.1809963669624914,0.9947402597402596,0.1482491029713167,S1/random_under_20to1,0.1965896714738536,0.0281739130434782,0.266013528327547,0.131578947368421,0.1848467854371829,0.0219422998780983,0.2276144117097809,0.079646017699115,-0.027033103447875795,0.0166956521739131,0.013157894736842118,-0.003850418474691475
1,44,xgb,s1_plus_ig,0.5,0.5,positive_only,s1_plus_ig/mode=positive_only/ratio=0.5/keep=0.5,0.1820991716491653,0.0236521739130434,0.2662635635203915,0.1842105263157894,0.1565163817599353,0.9947402597402596,0.1482491029713167,S1/random_under_20to1,0.1965896714738536,0.0281739130434782,0.266013528327547,0.131578947368421,0.1848467854371829,0.0219422998780983,0.2276144117097809,0.079646017699115,-0.01449049982468828,-0.004521739130434799,0.05263157894736842,-0.028330403677247595
1,44,xgb,s1_plus_ig,0.75,0.5,positive_only,s1_plus_ig/mode=positive_only/ratio=0.75/keep=0.5,0.1892793081425288,0.0667826086956521,0.2632300220739133,0.1710526315789473,0.1549993673285415,0.9947402597402596,0.1482491029713167,S1/random_under_20to1,0.1965896714738536,0.0281739130434782,0.266013528327547,0.131578947368421,0.1848467854371829,0.0219422998780983,0.2276144117097809,0.079646017699115,-0.007310363331324787,0.0386086956521739,0.0394736842105263,-0.029847418108641388
1,44,xgb,s1_plus_ig,1.0,0.5,positive_only,s1_plus_ig/mode=positive_only/ratio=1.0/keep=0.5,0.1768211767617066,0.024695652173913,0.2819895028969147,0.1973684210526315,0.1485480625153476,0.9947402597402596,0.1482491029713167,S1/random_under_20to1,0.1965896714738536,0.0281739130434782,0.266013528327547,0.131578947368421,0.1848467854371829,0.0219422998780983,0.2276144117097809,0.079646017699115,-0.019768494712146978,-0.003478260869565198,0.06578947368421051,-0.03629872292183528
1,44,xgb,s1_plus_ig,1.5,0.5,positive_only,s1_plus_ig/mode=positive_only/ratio=1.5/keep=0.5,0.1621001822028882,0.072,0.2457098412623856,0.1578947368421052,0.141320249662515,0.9947402597402596,0.1482491029713167,S1/random_under_20to1,0.1965896714738536,0.0281739130434782,0.266013528327547,0.131578947368421,0.1848467854371829,0.0219422998780983,0.2276144117097809,0.079646017699115,-0.0344894892709654,0.04382608695652179,0.02631578947368421,-0.04352653577466789
1,44,xgb,s1_plus_ig,2.0,0.5,positive_only,s1_plus_ig/mode=positive_only/ratio=2.0/keep=0.5,0.167161460161001,0.0761739130434782,0.2519925653650556,0.1842105263157894,0.1417483936375843,0.9947402597402596,0.1482491029713167,S1/random_under_20to1,0.1965896714738536,0.0281739130434782,0.266013528327547,0.131578947368421,0.1848467854371829,0.0219422998780983,0.2276144117097809,0.079646017699115,-0.029428211312852587,0.048,0.05263157894736842,-0.043098391799598595
1,44,xgb,s1_plus_ig,0.25,0.75,positive_only,s1_plus_ig/mode=positive_only/ratio=0.25/keep=0.75,0.1695565680259778,0.0448695652173913,0.2623674311787386,0.1447368421052631,0.1809963669624914,0.9991233766233768,0.167755440973252,S1/random_under_20to1,0.1965896714738536,0.0281739130434782,0.266013528327547,0.131578947368421,0.1848467854371829,0.0219422998780983,0.2276144117097809,0.079646017699115,-0.027033103447875795,0.0166956521739131,0.013157894736842118,-0.003850418474691475
1,44,xgb,s1_plus_ig,0.5,0.75,positive_only,s1_plus_ig/mode=positive_only/ratio=0.5/keep=0.75,0.1820991716491653,0.0236521739130434,0.2662635635203915,0.1842105263157894,0.1565163817599353,0.9991233766233768,0.167755440973252,S1/random_under_20to1,0.1965896714738536,0.0281739130434782,0.266013528327547,0.131578947368421,0.1848467854371829,0.0219422998780983,0.2276144117097809,0.079646017699115,-0.01449049982468828,-0.004521739130434799,0.05263157894736842,-0.028330403677247595
1,44,xgb,s1_plus_ig,0.75,0.75,positive_only,s1_plus_ig/mode=positive_only/ratio=0.75/keep=0.75,0.1797761008439961,0.0135652173913043,0.2698043045549916,0.1842105263157894,0.1760929192087224,0.9991233766233768,0.167755440973252,S1/random_under_20to1,0.1965896714738536,0.0281739130434782,0.266013528327547,0.131578947368421,0.1848467854371829,0.0219422998780983,0.2276144117097809,0.079646017699115,-0.0168135706298575,-0.014608695652173898,0.05263157894736842,-0.0087538662284605
1,44,xgb,s1_plus_ig,1.0,0.75,positive_only,s1_plus_ig/mode=positive_only/ratio=1.0/keep=0.75,0.1580110639707236,0.0511304347826086,0.2454782302822574,0.1447368421052631,0.1570884850623579,0.9991233766233768,0.167755440973252,S1/random_under_20to1,0.1965896714738536,0.0281739130434782,0.266013528327547,0.131578947368421,0.1848467854371829,0.0219422998780983,0.2276144117097809,0.079646017699115,-0.03857860750313,0.0229565217391304,0.013157894736842118,-0.02775830037482499
1,44,xgb,s1_plus_ig,1.5,0.75,positive_only,s1_plus_ig/mode=positive_only/ratio=1.5/keep=0.75,0.1566254736438845,0.0525217391304347,0.2659418682718492,0.1447368421052631,0.1408481222707762,0.9991233766233768,0.167755440973252,S1/random_under_20to1,0.1965896714738536,0.0281739130434782,0.266013528327547,0.131578947368421,0.1848467854371829,0.0219422998780983,0.2276144117097809,0.079646017699115,-0.0399641978299691,0.024347826086956504,0.013157894736842118,-0.04399866316640669
1,44,xgb,s1_plus_ig,2.0,0.75,positive_only,s1_plus_ig/mode=positive_only/ratio=2.0/keep=0.75,0.160194175945886,0.057391304347826,0.2617341283635752,0.1578947368421052,0.1498338206179791,0.9991233766233768,0.167755440973252,S1/random_under_20to1,0.1965896714738536,0.0281739130434782,0.266013528327547,0.131578947368421,0.1848467854371829,0.0219422998780983,0.2276144117097809,0.079646017699115,-0.036395495527967586,0.029217391304347803,0.02631578947368421,-0.035012964819203796
1,44,xgb,s1_plus_ig,0.25,1.0,positive_only,s1_plus_ig/mode=positive_only/ratio=0.25/keep=1.0,0.1695565680259778,0.0448695652173913,0.2623674311787386,0.1447368421052631,0.1809963669624914,0.996396103896104,0.1838509981017542,S1/random_under_20to1,0.1965896714738536,0.0281739130434782,0.266013528327547,0.131578947368421,0.1848467854371829,0.0219422998780983,0.2276144117097809,0.079646017699115,-0.027033103447875795,0.0166956521739131,0.013157894736842118,-0.003850418474691475
1,44,xgb,s1_plus_ig,0.5,1.0,positive_only,s1_plus_ig/mode=positive_only/ratio=0.5/keep=1.0,0.1820991716491653,0.0236521739130434,0.2662635635203915,0.1842105263157894,0.1565163817599353,0.996396103896104,0.1838509981017542,S1/random_under_20to1,0.1965896714738536,0.0281739130434782,0.266013528327547,0.131578947368421,0.1848467854371829,0.0219422998780983,0.2276144117097809,0.079646017699115,-0.01449049982468828,-0.004521739130434799,0.05263157894736842,-0.028330403677247595
1,44,xgb,s1_plus_ig,0.75,1.0,positive_only,s1_plus_ig/mode=positive_only/ratio=0.75/keep=1.0,0.1797761008439961,0.0135652173913043,0.2698043045549916,0.1842105263157894,0.1760929192087224,0.996396103896104,0.1838509981017542,S1/random_under_20to1,0.1965896714738536,0.0281739130434782,0.266013528327547,0.131578947368421,0.1848467854371829,0.0219422998780983,0.2276144117097809,0.079646017699115,-0.0168135706298575,-0.014608695652173898,0.05263157894736842,-0.0087538662284605
1,44,xgb,s1_plus_ig,1.0,1.0,positive_only,s1_plus_ig/mode=positive_only/ratio=1.0/keep=1.0,0.1580110639707236,0.0511304347826086,0.2454782302822574,0.1447368421052631,0.1570884850623579,0.996396103896104,0.1838509981017542,S1/random_under_20to1,0.1965896714738536,0.0281739130434782,0.266013528327547,0.131578947368421,0.1848467854371829,0.0219422998780983,0.2276144117097809,0.079646017699115,-0.03857860750313,0.0229565217391304,0.013157894736842118,-0.02775830037482499
1,44,xgb,s1_plus_ig,1.5,1.0,positive_only,s1_plus_ig/mode=positive_only/ratio=1.5/keep=1.0,0.1721360444784727,0.033391304347826,0.2831091579285169,0.1578947368421052,0.1298147664836438,0.996396103896104,0.1838509981017542,S1/random_under_20to1,0.1965896714738536,0.0281739130434782,0.266013528327547,0.131578947368421,0.1848467854371829,0.0219422998780983,0.2276144117097809,0.079646017699115,-0.024453626995380895,0.005217391304347802,0.02631578947368421,-0.0550320189535391
1,44,xgb,s1_plus_ig,2.0,1.0,positive_only,s1_plus_ig/mode=positive_only/ratio=2.0/keep=1.0,0.1753941265589263,0.0626086956521739,0.2722736025749755,0.2105263157894736,0.1820223139719921,0.996396103896104,0.1838509981017542,S1/random_under_20to1,0.1965896714738536,0.0281739130434782,0.266013528327547,0.131578947368421,0.1848467854371829,0.0219422998780983,0.2276144117097809,0.079646017699115,-0.021195544914927283,0.0344347826086957,0.0789473684210526,-0.0028244714651907976
1,45,xgb,s1_plus_ig,0.25,0.25,positive_only,s1_plus_ig/mode=positive_only/ratio=0.25/keep=0.25,0.1691942040998643,0.0111304347826086,0.2634800884981908,0.1184210526315789,0.1880799806565159,0.928589876033058,0.1529763520629807,S1/random_over,0.1708014302438271,0.088695652173913,0.2573490025497009,0.1710526315789473,0.1547774947707244,0.1178382771231206,0.1861893999788444,0.0884955752212389,-0.0016072261439628033,-0.0775652173913044,-0.05263157894736839,0.033302485885791516
1,45,xgb,s1_plus_ig,0.5,0.25,positive_only,s1_plus_ig/mode=positive_only/ratio=0.5/keep=0.25,0.1647039225965059,0.0594782608695652,0.2416613996165996,0.1710526315789473,0.1660001365835332,0.928589876033058,0.1529763520629807,S1/random_over,0.1708014302438271,0.088695652173913,0.2573490025497009,0.1710526315789473,0.1547774947707244,0.1178382771231206,0.1861893999788444,0.0884955752212389,-0.006097507647321199,-0.029217391304347792,0.0,0.011222641812808798
1,45,xgb,s1_plus_ig,0.75,0.25,positive_only,s1_plus_ig/mode=positive_only/ratio=0.75/keep=0.25,0.1718594998288151,0.025391304347826,0.268349450353132,0.1578947368421052,0.1634947487049989,0.928589876033058,0.1529763520629807,S1/random_over,0.1708014302438271,0.088695652173913,0.2573490025497009,0.1710526315789473,0.1547774947707244,0.1178382771231206,0.1861893999788444,0.0884955752212389,0.0010580695849879973,-0.06330434782608699,-0.01315789473684209,0.0087172539342745
1,45,xgb,s1_plus_ig,1.0,0.25,positive_only,s1_plus_ig/mode=positive_only/ratio=1.0/keep=0.25,0.1447110597203448,0.0507826086956521,0.2544405485081562,0.0789473684210526,0.1696985918142474,0.928589876033058,0.1529763520629807,S1/random_over,0.1708014302438271,0.088695652173913,0.2573490025497009,0.1710526315789473,0.1547774947707244,0.1178382771231206,0.1861893999788444,0.0884955752212389,-0.026090370523482315,-0.0379130434782609,-0.09210526315789469,0.014921097043523013
1,45,xgb,s1_plus_ig,1.5,0.25,positive_only,s1_plus_ig/mode=positive_only/ratio=1.5/keep=0.25,0.1677041678483367,0.0473043478260869,0.2637603257668085,0.1447368421052631,0.1531474252669135,0.928589876033058,0.1529763520629807,S1/random_over,0.1708014302438271,0.088695652173913,0.2573490025497009,0.1710526315789473,0.1547774947707244,0.1178382771231206,0.1861893999788444,0.0884955752212389,-0.0030972623954904077,-0.0413913043478261,-0.02631578947368418,-0.0016300695038108937
1,45,xgb,s1_plus_ig,2.0,0.25,positive_only,s1_plus_ig/mode=positive_only/ratio=2.0/keep=0.25,0.1620303072313607,0.0233043478260869,0.2465210020874952,0.1184210526315789,0.166418018807878,0.928589876033058,0.1529763520629807,S1/random_over,0.1708014302438271,0.088695652173913,0.2573490025497009,0.1710526315789473,0.1547774947707244,0.1178382771231206,0.1861893999788444,0.0884955752212389,-0.008771123012466409,-0.0653913043478261,-0.05263157894736839,0.011640524037153599
1,45,xgb,s1_plus_ig,0.25,0.5,positive_only,s1_plus_ig/mode=positive_only/ratio=0.25/keep=0.5,0.1691942040998643,0.0111304347826086,0.2634800884981908,0.1184210526315789,0.1880799806565159,0.9771428571428572,0.1670080071601951,S1/random_over,0.1708014302438271,0.088695652173913,0.2573490025497009,0.1710526315789473,0.1547774947707244,0.1178382771231206,0.1861893999788444,0.0884955752212389,-0.0016072261439628033,-0.0775652173913044,-0.05263157894736839,0.033302485885791516
1,45,xgb,s1_plus_ig,0.5,0.5,positive_only,s1_plus_ig/mode=positive_only/ratio=0.5/keep=0.5,0.1752706320408642,0.016,0.2525438147695927,0.1842105263157894,0.1750276184148746,0.9771428571428572,0.1670080071601951,S1/random_over,0.1708014302438271,0.088695652173913,0.2573490025497009,0.1710526315789473,0.1547774947707244,0.1178382771231206,0.1861893999788444,0.0884955752212389,0.004469201797037109,-0.072695652173913,0.013157894736842118,0.020250123644150214
1,45,xgb,s1_plus_ig,0.75,0.5,positive_only,s1_plus_ig/mode=positive_only/ratio=0.75/keep=0.5,0.1703455431817553,0.0212173913043478,0.2570082234764635,0.1578947368421052,0.1830290907165593,0.9771428571428572,0.1670080071601951,S1/random_over,0.1708014302438271,0.088695652173913,0.2573490025497009,0.1710526315789473,0.1547774947707244,0.1178382771231206,0.1861893999788444,0.0884955752212389,-0.00045588706207180807,-0.0674782608695652,-0.01315789473684209,0.0282515959458349
1,45,xgb,s1_plus_ig,1.0,0.5,positive_only,s1_plus_ig/mode=positive_only/ratio=1.0/keep=0.5,0.1465931321844268,0.065391304347826,0.2368081356774542,0.131578947368421,0.1569428857651333,0.9771428571428572,0.1670080071601951,S1/random_over,0.1708014302438271,0.088695652173913,0.2573490025497009,0.1710526315789473,0.1547774947707244,0.1178382771231206,0.1861893999788444,0.0884955752212389,-0.024208298059400307,-0.023304347826086994,-0.0394736842105263,0.0021653909944089056
1,45,xgb,s1_plus_ig,1.5,0.5,positive_only,s1_plus_ig/mode=positive_only/ratio=1.5/keep=0.5,0.1634485053289626,0.0528695652173913,0.2571386909701382,0.1578947368421052,0.1349130816769678,0.9771428571428572,0.1670080071601951,S1/random_over,0.1708014302438271,0.088695652173913,0.2573490025497009,0.1710526315789473,0.1547774947707244,0.1178382771231206,0.1861893999788444,0.0884955752212389,-0.0073529249148645,-0.035826086956521695,-0.01315789473684209,-0.019864413093756583
1,45,xgb,s1_plus_ig,2.0,0.5,positive_only,s1_plus_ig/mode=positive_only/ratio=2.0/keep=0.5,0.1527997468447666,0.072,0.2527950629143387,0.1447368421052631,0.1411624950186177,0.9771428571428572,0.1670080071601951,S1/random_over,0.1708014302438271,0.088695652173913,0.2573490025497009,0.1710526315789473,0.1547774947707244,0.1178382771231206,0.1861893999788444,0.0884955752212389,-0.018001683399060497,-0.016695652173913,-0.02631578947368418,-0.013614999752106699
1,45,xgb,s1_plus_ig,0.25,0.75,positive_only,s1_plus_ig/mode=positive_only/ratio=0.25/keep=0.75,0.1691942040998643,0.0111304347826086,0.2634800884981908,0.1184210526315789,0.1880799806565159,0.9882467532467532,0.1336721946631227,S1/random_over,0.1708014302438271,0.088695652173913,0.2573490025497009,0.1710526315789473,0.1547774947707244,0.1178382771231206,0.1861893999788444,0.0884955752212389,-0.0016072261439628033,-0.0775652173913044,-0.05263157894736839,0.033302485885791516
1,45,xgb,s1_plus_ig,0.5,0.75,positive_only,s1_plus_ig/mode=positive_only/ratio=0.5/keep=0.75,0.1752706320408642,0.016,0.2525438147695927,0.1842105263157894,0.1750276184148746,0.9882467532467532,0.1336721946631227,S1/random_over,0.1708014302438271,0.088695652173913,0.2573490025497009,0.1710526315789473,0.1547774947707244,0.1178382771231206,0.1861893999788444,0.0884955752212389,0.004469201797037109,-0.072695652173913,0.013157894736842118,0.020250123644150214
1,45,xgb,s1_plus_ig,0.75,0.75,positive_only,s1_plus_ig/mode=positive_only/ratio=0.75/keep=0.75,0.1655290327465157,0.0883478260869565,0.2513722525584366,0.131578947368421,0.1353173757417107,0.9882467532467532,0.1336721946631227,S1/random_over,0.1708014302438271,0.088695652173913,0.2573490025497009,0.1710526315789473,0.1547774947707244,0.1178382771231206,0.1861893999788444,0.0884955752212389,-0.0052723974973113985,-0.0003478260869564931,-0.0394736842105263,-0.01946011902901368
1,45,xgb,s1_plus_ig,1.0,0.75,positive_only,s1_plus_ig/mode=positive_only/ratio=1.0/keep=0.75,0.1480383928104714,0.072695652173913,0.2444056335528593,0.1052631578947368,0.1490308037787513,0.9882467532467532,0.1336721946631227,S1/random_over,0.1708014302438271,0.088695652173913,0.2573490025497009,0.1710526315789473,0.1547774947707244,0.1178382771231206,0.1861893999788444,0.0884955752212389,-0.0227630374333557,-0.016,-0.0657894736842105,-0.005746690991973086
1,45,xgb,s1_plus_ig,1.5,0.75,positive_only,s1_plus_ig/mode=positive_only/ratio=1.5/keep=0.75,0.1498593995238075,0.0779130434782608,0.2419729708068835,0.131578947368421,0.1403718637055134,0.9882467532467532,0.1336721946631227,S1/random_over,0.1708014302438271,0.088695652173913,0.2573490025497009,0.1710526315789473,0.1547774947707244,0.1178382771231206,0.1861893999788444,0.0884955752212389,-0.0209420307200196,-0.010782608695652202,-0.0394736842105263,-0.014405631065210978
1,45,xgb,s1_plus_ig,2.0,0.75,positive_only,s1_plus_ig/mode=positive_only/ratio=2.0/keep=0.75,0.1653333363112901,0.073391304347826,0.2501587260767527,0.1052631578947368,0.1263543369117932,0.9882467532467532,0.1336721946631227,S1/random_over,0.1708014302438271,0.088695652173913,0.2573490025497009,0.1710526315789473,0.1547774947707244,0.1178382771231206,0.1861893999788444,0.0884955752212389,-0.005468093932536999,-0.015304347826087,-0.0657894736842105,-0.02842315785893118
1,45,xgb,s1_plus_ig,0.25,1.0,positive_only,s1_plus_ig/mode=positive_only/ratio=0.25/keep=1.0,0.1691942040998643,0.0111304347826086,0.2634800884981908,0.1184210526315789,0.1880799806565159,0.989090909090909,0.1481003447372335,S1/random_over,0.1708014302438271,0.088695652173913,0.2573490025497009,0.1710526315789473,0.1547774947707244,0.1178382771231206,0.1861893999788444,0.0884955752212389,-0.0016072261439628033,-0.0775652173913044,-0.05263157894736839,0.033302485885791516
1,45,xgb,s1_plus_ig,0.5,1.0,positive_only,s1_plus_ig/mode=positive_only/ratio=0.5/keep=1.0,0.1752706320408642,0.016,0.2525438147695927,0.1842105263157894,0.1750276184148746,0.989090909090909,0.1481003447372335,S1/random_over,0.1708014302438271,0.088695652173913,0.2573490025497009,0.1710526315789473,0.1547774947707244,0.1178382771231206,0.1861893999788444,0.0884955752212389,0.004469201797037109,-0.072695652173913,0.013157894736842118,0.020250123644150214
1,45,xgb,s1_plus_ig,0.75,1.0,positive_only,s1_plus_ig/mode=positive_only/ratio=0.75/keep=1.0,0.1655290327465157,0.0883478260869565,0.2513722525584366,0.131578947368421,0.1353173757417107,0.989090909090909,0.1481003447372335,S1/random_over,0.1708014302438271,0.088695652173913,0.2573490025497009,0.1710526315789473,0.1547774947707244,0.1178382771231206,0.1861893999788444,0.0884955752212389,-0.0052723974973113985,-0.0003478260869564931,-0.0394736842105263,-0.01946011902901368
1,45,xgb,s1_plus_ig,1.0,1.0,positive_only,s1_plus_ig/mode=positive_only/ratio=1.0/keep=1.0,0.1480383928104714,0.072695652173913,0.2444056335528593,0.1052631578947368,0.1490308037787513,0.989090909090909,0.1481003447372335,S1/random_over,0.1708014302438271,0.088695652173913,0.2573490025497009,0.1710526315789473,0.1547774947707244,0.1178382771231206,0.1861893999788444,0.0884955752212389,-0.0227630374333557,-0.016,-0.0657894736842105,-0.005746690991973086
1,45,xgb,s1_plus_ig,1.5,1.0,positive_only,s1_plus_ig/mode=positive_only/ratio=1.5/keep=1.0,0.1424149735175419,0.0622608695652173,0.2582147081303528,0.0921052631578947,0.1336297580343455,0.989090909090909,0.1481003447372335,S1/random_over,0.1708014302438271,0.088695652173913,0.2573490025497009,0.1710526315789473,0.1547774947707244,0.1178382771231206,0.1861893999788444,0.0884955752212389,-0.028386456726285203,-0.026434782608695695,-0.07894736842105259,-0.021147736736378875
1,45,xgb,s1_plus_ig,2.0,1.0,positive_only,s1_plus_ig/mode=positive_only/ratio=2.0/keep=1.0,0.1454777145377498,0.0685217391304347,0.2524560752634505,0.1052631578947368,0.128020572859809,0.989090909090909,0.1481003447372335,S1/random_over,0.1708014302438271,0.088695652173913,0.2573490025497009,0.1710526315789473,0.1547774947707244,0.1178382771231206,0.1861893999788444,0.0884955752212389,-0.025323715706077304,-0.020173913043478292,-0.0657894736842105,-0.026756921910915388
1,46,xgb,s1_plus_ig,0.25,0.25,positive_only,s1_plus_ig/mode=positive_only/ratio=0.25/keep=0.25,0.1554315590111447,0.0302608695652173,0.2475994098673438,0.1447368421052631,0.1677494303502075,0.9501549586776858,0.184011062336122,S1/random_over,0.1928817530951471,0.0267826086956521,0.2620132312610824,0.1710526315789473,0.172879776685548,0.0247866720845184,0.1878822254641679,0.1061946902654867,-0.03745019408400241,0.003478260869565198,-0.02631578947368418,-0.0051303463353404855
1,46,xgb,s1_plus_ig,0.5,0.25,positive_only,s1_plus_ig/mode=positive_only/ratio=0.5/keep=0.25,0.1679880051209406,0.0521739130434782,0.2668387416092168,0.1578947368421052,0.1605681341989218,0.9501549586776858,0.184011062336122,S1/random_over,0.1928817530951471,0.0267826086956521,0.2620132312610824,0.1710526315789473,0.172879776685548,0.0247866720845184,0.1878822254641679,0.1061946902654867,-0.024893747974206515,0.0253913043478261,-0.01315789473684209,-0.012311642486626195
1,46,xgb,s1_plus_ig,0.75,0.25,positive_only,s1_plus_ig/mode=positive_only/ratio=0.75/keep=0.25,0.1786648407088593,0.0149565217391304,0.2719950691840652,0.1710526315789473,0.1406369369164759,0.9501549586776858,0.184011062336122,S1/random_over,0.1928817530951471,0.0267826086956521,0.2620132312610824,0.1710526315789473,0.172879776685548,0.0247866720845184,0.1878822254641679,0.1061946902654867,-0.014216912386287806,-0.011826086956521702,0.0,-0.03224283976907208
1,46,xgb,s1_plus_ig,1.0,0.25,positive_only,s1_plus_ig/mode=positive_only/ratio=1.0/keep=0.25,0.1720541861187712,0.0393043478260869,0.2884541479698588,0.131578947368421,0.1418779035224335,0.9501549586776858,0.184011062336122,S1/random_over,0.1928817530951471,0.0267826086956521,0.2620132312610824,0.1710526315789473,0.172879776685548,0.0247866720845184,0.1878822254641679,0.1061946902654867,-0.02082756697637589,0.012521739130434795,-0.0394736842105263,-0.03100187316311448
1,46,xgb,s1_plus_ig,1.5,0.25,positive_only,s1_plus_ig/mode=positive_only/ratio=1.5/keep=0.25,0.1792345075365663,0.0205217391304347,0.2607455782346448,0.1710526315789473,0.1568019286744973,0.9501549586776858,0.184011062336122,S1/random_over,0.1928817530951471,0.0267826086956521,0.2620132312610824,0.1710526315789473,0.172879776685548,0.0247866720845184,0.1878822254641679,0.1061946902654867,-0.013647245558580795,-0.006260869565217403,0.0,-0.016077848011050694
1,46,xgb,s1_plus_ig,2.0,0.25,positive_only,s1_plus_ig/mode=positive_only/ratio=2.0/keep=0.25,0.1733212272163283,0.0180869565217391,0.2749340529489018,0.1447368421052631,0.1586058879296888,0.9501549586776858,0.184011062336122,S1/random_over,0.1928817530951471,0.0267826086956521,0.2620132312610824,0.1710526315789473,0.172879776685548,0.0247866720845184,0.1878822254641679,0.1061946902654867,-0.01956052587881879,-0.008695652173913,-0.02631578947368418,-0.014273888755859193
1,46,xgb,s1_plus_ig,0.25,0.5,positive_only,s1_plus_ig/mode=positive_only/ratio=0.25/keep=0.5,0.1554315590111447,0.0302608695652173,0.2475994098673438,0.1447368421052631,0.1677494303502075,0.9785389610389612,0.1789377619068434,S1/random_over,0.1928817530951471,0.0267826086956521,0.2620132312610824,0.1710526315789473,0.172879776685548,0.0247866720845184,0.1878822254641679,0.1061946902654867,-0.03745019408400241,0.003478260869565198,-0.02631578947368418,-0.0051303463353404855
1,46,xgb,s1_plus_ig,0.5,0.5,positive_only,s1_plus_ig/mode=positive_only/ratio=0.5/keep=0.5,0.1904029296668874,0.0375652173913043,0.2768847227289938,0.1710526315789473,0.174247110525279,0.9785389610389612,0.1789377619068434,S1/random_over,0.1928817530951471,0.0267826086956521,0.2620132312610824,0.1710526315789473,0.172879776685548,0.0247866720845184,0.1878822254641679,0.1061946902654867,-0.0024788234282596966,0.010782608695652198,0.0,0.0013673338397310053
1,46,xgb,s1_plus_ig,0.75,0.5,positive_only,s1_plus_ig/mode=positive_only/ratio=0.75/keep=0.5,0.1919833539584082,0.0045217391304347,0.2822740282106881,0.1973684210526315,0.1487277302038162,0.9785389610389612,0.1789377619068434,S1/random_over,0.1928817530951471,0.0267826086956521,0.2620132312610824,0.1710526315789473,0.172879776685548,0.0247866720845184,0.1878822254641679,0.1061946902654867,-0.0008983991367388922,-0.022260869565217403,0.02631578947368421,-0.024152046481731804
1,46,xgb,s1_plus_ig,1.0,0.5,positive_only,s1_plus_ig/mode=positive_only/ratio=1.0/keep=0.5,0.2040497386471722,0.008695652173913,0.2731331704854433,0.2105263157894736,0.1639715903665875,0.9785389610389612,0.1789377619068434,S1/random_over,0.1928817530951471,0.0267826086956521,0.2620132312610824,0.1710526315789473,0.172879776685548,0.0247866720845184,0.1878822254641679,0.1061946902654867,0.011167985552025111,-0.0180869565217391,0.0394736842105263,-0.008908186318960482
1,46,xgb,s1_plus_ig,1.5,0.5,positive_only,s1_plus_ig/mode=positive_only/ratio=1.5/keep=0.5,0.1907532649642514,0.0198260869565217,0.2646162508799626,0.1973684210526315,0.1428279559921562,0.9785389610389612,0.1789377619068434,S1/random_over,0.1928817530951471,0.0267826086956521,0.2620132312610824,0.1710526315789473,0.172879776685548,0.0247866720845184,0.1878822254641679,0.1061946902654867,-0.002128488130895695,-0.006956521739130403,0.02631578947368421,-0.030051820693391795
1,46,xgb,s1_plus_ig,2.0,0.5,positive_only,s1_plus_ig/mode=positive_only/ratio=2.0/keep=0.5,0.1669809081341975,0.041391304347826,0.2729320850342049,0.1052631578947368,0.1162789850110944,0.9785389610389612,0.1789377619068434,S1/random_over,0.1928817530951471,0.0267826086956521,0.2620132312610824,0.1710526315789473,0.172879776685548,0.0247866720845184,0.1878822254641679,0.1061946902654867,-0.025900844960949604,0.0146086956521739,-0.0657894736842105,-0.05660079167445359
1,46,xgb,s1_plus_ig,0.25,0.75,positive_only,s1_plus_ig/mode=positive_only/ratio=0.25/keep=0.75,0.1554315590111447,0.0302608695652173,0.2475994098673438,0.1447368421052631,0.1677494303502075,0.9950324675324675,0.1850428010973515,S1/random_over,0.1928817530951471,0.0267826086956521,0.2620132312610824,0.1710526315789473,0.172879776685548,0.0247866720845184,0.1878822254641679,0.1061946902654867,-0.03745019408400241,0.003478260869565198,-0.02631578947368418,-0.0051303463353404855
1,46,xgb,s1_plus_ig,0.5,0.75,positive_only,s1_plus_ig/mode=positive_only/ratio=0.5/keep=0.75,0.1904029296668874,0.0375652173913043,0.2768847227289938,0.1710526315789473,0.174247110525279,0.9950324675324675,0.1850428010973515,S1/random_over,0.1928817530951471,0.0267826086956521,0.2620132312610824,0.1710526315789473,0.172879776685548,0.0247866720845184,0.1878822254641679,0.1061946902654867,-0.0024788234282596966,0.010782608695652198,0.0,0.0013673338397310053
1,46,xgb,s1_plus_ig,0.75,0.75,positive_only,s1_plus_ig/mode=positive_only/ratio=0.75/keep=0.75,0.2143496694360372,0.0215652173913043,0.2770720102314208,0.1578947368421052,0.1546260651931,0.9950324675324675,0.1850428010973515,S1/random_over,0.1928817530951471,0.0267826086956521,0.2620132312610824,0.1710526315789473,0.172879776685548,0.0247866720845184,0.1878822254641679,0.1061946902654867,0.021467916340890097,-0.005217391304347802,-0.01315789473684209,-0.018253711492448005
1,46,xgb,s1_plus_ig,1.0,0.75,positive_only,s1_plus_ig/mode=positive_only/ratio=1.0/keep=0.75,0.198921081676576,0.0041739130434782,0.2884161077019427,0.2105263157894736,0.1532478810664225,0.9950324675324675,0.1850428010973515,S1/random_over,0.1928817530951471,0.0267826086956521,0.2620132312610824,0.1710526315789473,0.172879776685548,0.0247866720845184,0.1878822254641679,0.1061946902654867,0.006039328581428888,-0.022608695652173903,0.0394736842105263,-0.019631895619125483
1,46,xgb,s1_plus_ig,1.5,0.75,positive_only,s1_plus_ig/mode=positive_only/ratio=1.5/keep=0.75,0.1946523173164037,0.0354782608695652,0.2843533126302918,0.1710526315789473,0.1332757338916989,0.9950324675324675,0.1850428010973515,S1/random_over,0.1928817530951471,0.0267826086956521,0.2620132312610824,0.1710526315789473,0.172879776685548,0.0247866720845184,0.1878822254641679,0.1061946902654867,0.0017705642212565986,0.0086956521739131,0.0,-0.039604042793849104
1,46,xgb,s1_plus_ig,2.0,0.75,positive_only,s1_plus_ig/mode=positive_only/ratio=2.0/keep=0.75,0.1711573398005534,0.0591304347826086,0.2652769984324137,0.131578947368421,0.1383444168509651,0.9950324675324675,0.1850428010973515,S1/random_over,0.1928817530951471,0.0267826086956521,0.2620132312610824,0.1710526315789473,0.172879776685548,0.0247866720845184,0.1878822254641679,0.1061946902654867,-0.02172441329459371,0.032347826086956494,-0.0394736842105263,-0.03453535983458289
1,46,xgb,s1_plus_ig,0.25,1.0,positive_only,s1_plus_ig/mode=positive_only/ratio=0.25/keep=1.0,0.1554315590111447,0.0302608695652173,0.2475994098673438,0.1447368421052631,0.1677494303502075,0.9967207792207792,0.1771106250506872,S1/random_over,0.1928817530951471,0.0267826086956521,0.2620132312610824,0.1710526315789473,0.172879776685548,0.0247866720845184,0.1878822254641679,0.1061946902654867,-0.03745019408400241,0.003478260869565198,-0.02631578947368418,-0.0051303463353404855
1,46,xgb,s1_plus_ig,0.5,1.0,positive_only,s1_plus_ig/mode=positive_only/ratio=0.5/keep=1.0,0.1904029296668874,0.0375652173913043,0.2768847227289938,0.1710526315789473,0.174247110525279,0.9967207792207792,0.1771106250506872,S1/random_over,0.1928817530951471,0.0267826086956521,0.2620132312610824,0.1710526315789473,0.172879776685548,0.0247866720845184,0.1878822254641679,0.1061946902654867,-0.0024788234282596966,0.010782608695652198,0.0,0.0013673338397310053
1,46,xgb,s1_plus_ig,0.75,1.0,positive_only,s1_plus_ig/mode=positive_only/ratio=0.75/keep=1.0,0.2143496694360372,0.0215652173913043,0.2770720102314208,0.1578947368421052,0.1546260651931,0.9967207792207792,0.1771106250506872,S1/random_over,0.1928817530951471,0.0267826086956521,0.2620132312610824,0.1710526315789473,0.172879776685548,0.0247866720845184,0.1878822254641679,0.1061946902654867,0.021467916340890097,-0.005217391304347802,-0.01315789473684209,-0.018253711492448005
1,46,xgb,s1_plus_ig,1.0,1.0,positive_only,s1_plus_ig/mode=positive_only/ratio=1.0/keep=1.0,0.198921081676576,0.0041739130434782,0.2884161077019427,0.2105263157894736,0.1532478810664225,0.9967207792207792,0.1771106250506872,S1/random_over,0.1928817530951471,0.0267826086956521,0.2620132312610824,0.1710526315789473,0.172879776685548,0.0247866720845184,0.1878822254641679,0.1061946902654867,0.006039328581428888,-0.022608695652173903,0.0394736842105263,-0.019631895619125483
1,46,xgb,s1_plus_ig,1.5,1.0,positive_only,s1_plus_ig/mode=positive_only/ratio=1.5/keep=1.0,0.2251929801027855,0.0076521739130434,0.3139569900513787,0.2368421052631578,0.152985739207921,0.9967207792207792,0.1771106250506872,S1/random_over,0.1928817530951471,0.0267826086956521,0.2620132312610824,0.1710526315789473,0.172879776685548,0.0247866720845184,0.1878822254641679,0.1061946902654867,0.03231122700763839,-0.019130434782608702,0.06578947368421051,-0.019894037477626997
1,46,xgb,s1_plus_ig,2.0,1.0,positive_only,s1_plus_ig/mode=positive_only/ratio=2.0/keep=1.0,0.2121071749290126,0.0233043478260869,0.3198917701120525,0.1973684210526315,0.1706434331630039,0.9967207792207792,0.1771106250506872,S1/random_over,0.1928817530951471,0.0267826086956521,0.2620132312610824,0.1710526315789473,0.172879776685548,0.0247866720845184,0.1878822254641679,0.1061946902654867,0.019225421833865497,-0.0034782608695652015,0.02631578947368421,-0.002236343522544093
2,42,xgb,s1_plus_ig,0.25,0.25,positive_only,s1_plus_ig/mode=positive_only/ratio=0.25/keep=0.25,0.0358815435629827,0.1121026687064423,0.0990022007011401,0.0212765957446808,0.0308160769688202,0.9827981488074048,0.0170449258698598,S1/smote,0.0420107211409514,0.0605983341832398,0.1098033364785023,0.0372340425531914,0.0356697584382251,0.0550472255017709,0.056188513175296,0.0260869565217391,-0.0061291775779687,0.051504334523202494,-0.0159574468085106,-0.004853681469404899
2,42,xgb,s1_plus_ig,0.5,0.25,positive_only,s1_plus_ig/mode=positive_only/ratio=0.5/keep=0.25,0.0304625496558573,0.1692163861975182,0.0807959650714015,0.0159574468085106,0.0256036510020458,0.9827981488074048,0.0170449258698598,S1/smote,0.0420107211409514,0.0605983341832398,0.1098033364785023,0.0372340425531914,0.0356697584382251,0.0550472255017709,0.056188513175296,0.0260869565217391,-0.011548171485094096,0.10861805201427839,-0.0212765957446808,-0.010066107436179299
2,42,xgb,s1_plus_ig,0.75,0.25,positive_only,s1_plus_ig/mode=positive_only/ratio=0.75/keep=0.25,0.0310758457329562,0.3358830528641849,0.0849570555489166,0.026595744680851,0.0331648419681078,0.9827981488074048,0.0170449258698598,S1/smote,0.0420107211409514,0.0605983341832398,0.1098033364785023,0.0372340425531914,0.0356697584382251,0.0550472255017709,0.056188513175296,0.0260869565217391,-0.010934875407995197,0.2752847186809451,-0.010638297872340396,-0.002504916470117295
2,42,xgb,s1_plus_ig,1.0,0.25,positive_only,s1_plus_ig/mode=positive_only/ratio=1.0/keep=0.25,0.0321920571311564,0.2247152813190549,0.0893227447143157,0.026595744680851,0.0278523768309416,0.9827981488074048,0.0170449258698598,S1/smote,0.0420107211409514,0.0605983341832398,0.1098033364785023,0.0372340425531914,0.0356697584382251,0.0550472255017709,0.056188513175296,0.0260869565217391,-0.009818664009794996,0.1641169471358151,-0.010638297872340396,-0.0078173816072835
2,42,xgb,s1_plus_ig,1.5,0.25,positive_only,s1_plus_ig/mode=positive_only/ratio=1.5/keep=0.25,0.0336835394075232,0.1655617882032976,0.0949011334094141,0.026595744680851,0.0323646912870503,0.9827981488074048,0.0170449258698598,S1/smote,0.0420107211409514,0.0605983341832398,0.1098033364785023,0.0372340425531914,0.0356697584382251,0.0550472255017709,0.056188513175296,0.0260869565217391,-0.008327181733428196,0.10496345402005779,-0.010638297872340396,-0.0033050671511747967
2,42,xgb,s1_plus_ig,2.0,0.25,positive_only,s1_plus_ig/mode=positive_only/ratio=2.0/keep=0.25,0.0333035124917306,0.2686554479007309,0.0912644654147637,0.0212765957446808,0.0301537343622835,0.9827981488074048,0.0170449258698598,S1/smote,0.0420107211409514,0.0605983341832398,0.1098033364785023,0.0372340425531914,0.0356697584382251,0.0550472255017709,0.056188513175296,0.0260869565217391,-0.008707208649220796,0.20805711371749114,-0.0159574468085106,-0.005516024075941598
2,42,xgb,s1_plus_ig,0.25,0.5,positive_only,s1_plus_ig/mode=positive_only/ratio=0.25/keep=0.5,0.0358815435629827,0.1121026687064423,0.0990022007011401,0.0212765957446808,0.0308160769688202,0.9975898896404416,0.0194555937682482,S1/smote,0.0420107211409514,0.0605983341832398,0.1098033364785023,0.0372340425531914,0.0356697584382251,0.0550472255017709,0.056188513175296,0.0260869565217391,-0.0061291775779687,0.051504334523202494,-0.0159574468085106,-0.004853681469404899
2,42,xgb,s1_plus_ig,0.5,0.5,positive_only,s1_plus_ig/mode=positive_only/ratio=0.5/keep=0.5,0.0309824959669027,0.1137174910759816,0.0836016288719855,0.0159574468085106,0.0313276600824502,0.9975898896404416,0.0194555937682482,S1/smote,0.0420107211409514,0.0605983341832398,0.1098033364785023,0.0372340425531914,0.0356697584382251,0.0550472255017709,0.056188513175296,0.0260869565217391,-0.011028225174048698,0.0531191568927418,-0.0212765957446808,-0.004342098355774898
2,42,xgb,s1_plus_ig,0.75,0.5,positive_only,s1_plus_ig/mode=positive_only/ratio=0.75/keep=0.5,0.0379064797360119,0.0875403705592384,0.1068659572543265,0.0212765957446808,0.0369335180488477,0.9975898896404416,0.0194555937682482,S1/smote,0.0420107211409514,0.0605983341832398,0.1098033364785023,0.0372340425531914,0.0356697584382251,0.0550472255017709,0.056188513175296,0.0260869565217391,-0.0041042414049395,0.026942036375998596,-0.0159574468085106,0.0012637596106226043
2,42,xgb,s1_plus_ig,1.0,0.5,positive_only,s1_plus_ig/mode=positive_only/ratio=1.0/keep=0.5,0.0307117554829942,0.2867584565697773,0.0744336503944198,0.0319148936170212,0.0349972857617273,0.9975898896404416,0.0194555937682482,S1/smote,0.0420107211409514,0.0605983341832398,0.1098033364785023,0.0372340425531914,0.0356697584382251,0.0550472255017709,0.056188513175296,0.0260869565217391,-0.011298965657957197,0.2261601223865375,-0.0053191489361702,-0.0006724726764977956
2,42,xgb,s1_plus_ig,1.5,0.5,positive_only,s1_plus_ig/mode=positive_only/ratio=1.5/keep=0.5,0.0345926920338616,0.0806561278259391,0.0927043001933204,0.0053191489361702,0.039710817625728,0.9975898896404416,0.0194555937682482,S1/smote,0.0420107211409514,0.0605983341832398,0.1098033364785023,0.0372340425531914,0.0356697584382251,0.0550472255017709,0.056188513175296,0.0260869565217391,-0.007418029107089795,0.0200577936426993,-0.0319148936170212,0.004041059187502902
2,42,xgb,s1_plus_ig,2.0,0.5,positive_only,s1_plus_ig/mode=positive_only/ratio=2.0/keep=0.5,0.0552982862360074,0.0542240353561108,0.1158732133701507,0.0851063829787234,0.0437313436934943,0.9975898896404416,0.0194555937682482,S1/smote,0.0420107211409514,0.0605983341832398,0.1098033364785023,0.0372340425531914,0.0356697584382251,0.0550472255017709,0.056188513175296,0.0260869565217391,0.013287565095056006,-0.006374298827129005,0.047872340425532005,0.008061585255269205
2,42,xgb,s1_plus_ig,0.25,0.75,positive_only,s1_plus_ig/mode=positive_only/ratio=0.25/keep=0.75,0.0358815435629827,0.1121026687064423,0.0990022007011401,0.0212765957446808,0.0308160769688202,0.9986507653969384,0.0185628994443494,S1/smote,0.0420107211409514,0.0605983341832398,0.1098033364785023,0.0372340425531914,0.0356697584382251,0.0550472255017709,0.056188513175296,0.0260869565217391,-0.0061291775779687,0.051504334523202494,-0.0159574468085106,-0.004853681469404899
2,42,xgb,s1_plus_ig,0.5,0.75,positive_only,s1_plus_ig/mode=positive_only/ratio=0.5/keep=0.75,0.0309824959669027,0.1137174910759816,0.0836016288719855,0.0159574468085106,0.0313276600824502,0.9986507653969384,0.0185628994443494,S1/smote,0.0420107211409514,0.0605983341832398,0.1098033364785023,0.0372340425531914,0.0356697584382251,0.0550472255017709,0.056188513175296,0.0260869565217391,-0.011028225174048698,0.0531191568927418,-0.0212765957446808,-0.004342098355774898
2,42,xgb,s1_plus_ig,0.75,0.75,positive_only,s1_plus_ig/mode=positive_only/ratio=0.75/keep=0.75,0.0358448597320289,0.0843107258201597,0.1054245827333611,0.0159574468085106,0.0350481610670447,0.9986507653969384,0.0185628994443494,S1/smote,0.0420107211409514,0.0605983341832398,0.1098033364785023,0.0372340425531914,0.0356697584382251,0.0550472255017709,0.056188513175296,0.0260869565217391,-0.006165861408922495,0.02371239163691989,-0.0212765957446808,-0.0006215973711804004
2,42,xgb,s1_plus_ig,1.0,0.75,positive_only,s1_plus_ig/mode=positive_only/ratio=1.0/keep=0.75,0.0306420694373865,0.1200917899031106,0.079327982881905,0.0159574468085106,0.0367163592670709,0.9986507653969384,0.0185628994443494,S1/smote,0.0420107211409514,0.0605983341832398,0.1098033364785023,0.0372340425531914,0.0356697584382251,0.0550472255017709,0.056188513175296,0.0260869565217391,-0.011368651703564898,0.0594934557198708,-0.0212765957446808,0.0010466008288457992
2,42,xgb,s1_plus_ig,1.5,0.75,positive_only,s1_plus_ig/mode=positive_only/ratio=1.5/keep=0.75,0.0351526717933258,0.1336902940676525,0.0957234437547265,0.0319148936170212,0.0405504111339425,0.9986507653969384,0.0185628994443494,S1/smote,0.0420107211409514,0.0605983341832398,0.1098033364785023,0.0372340425531914,0.0356697584382251,0.0550472255017709,0.056188513175296,0.0260869565217391,-0.0068580493476256,0.07309195988441271,-0.0053191489361702,0.0048806526957174
2,42,xgb,s1_plus_ig,2.0,0.75,positive_only,s1_plus_ig/mode=positive_only/ratio=2.0/keep=0.75,0.0321928402382534,0.156637769845317,0.0874912096834751,0.0212765957446808,0.0395463703361051,0.9986507653969384,0.0185628994443494,S1/smote,0.0420107211409514,0.0605983341832398,0.1098033364785023,0.0372340425531914,0.0356697584382251,0.0550472255017709,0.056188513175296,0.0260869565217391,-0.009817880902697994,0.09603943566207719,-0.0159574468085106,0.0038766118978800015
2,42,xgb,s1_plus_ig,0.25,1.0,positive_only,s1_plus_ig/mode=positive_only/ratio=0.25/keep=1.0,0.0358815435629827,0.1121026687064423,0.0990022007011401,0.0212765957446808,0.0308160769688202,0.998935564257743,0.0175785935835838,S1/smote,0.0420107211409514,0.0605983341832398,0.1098033364785023,0.0372340425531914,0.0356697584382251,0.0550472255017709,0.056188513175296,0.0260869565217391,-0.0061291775779687,0.051504334523202494,-0.0159574468085106,-0.004853681469404899
2,42,xgb,s1_plus_ig,0.5,1.0,positive_only,s1_plus_ig/mode=positive_only/ratio=0.5/keep=1.0,0.0309824959669027,0.1137174910759816,0.0836016288719855,0.0159574468085106,0.0313276600824502,0.998935564257743,0.0175785935835838,S1/smote,0.0420107211409514,0.0605983341832398,0.1098033364785023,0.0372340425531914,0.0356697584382251,0.0550472255017709,0.056188513175296,0.0260869565217391,-0.011028225174048698,0.0531191568927418,-0.0212765957446808,-0.004342098355774898
2,42,xgb,s1_plus_ig,0.75,1.0,positive_only,s1_plus_ig/mode=positive_only/ratio=0.75/keep=1.0,0.0358448597320289,0.0843107258201597,0.1054245827333611,0.0159574468085106,0.0350481610670447,0.998935564257743,0.0175785935835838,S1/smote,0.0420107211409514,0.0605983341832398,0.1098033364785023,0.0372340425531914,0.0356697584382251,0.0550472255017709,0.056188513175296,0.0260869565217391,-0.006165861408922495,0.02371239163691989,-0.0212765957446808,-0.0006215973711804004
2,42,xgb,s1_plus_ig,1.0,1.0,positive_only,s1_plus_ig/mode=positive_only/ratio=1.0/keep=1.0,0.0306420694373865,0.1200917899031106,0.079327982881905,0.0159574468085106,0.0367163592670709,0.998935564257743,0.0175785935835838,S1/smote,0.0420107211409514,0.0605983341832398,0.1098033364785023,0.0372340425531914,0.0356697584382251,0.0550472255017709,0.056188513175296,0.0260869565217391,-0.011368651703564898,0.0594934557198708,-0.0212765957446808,0.0010466008288457992
2,42,xgb,s1_plus_ig,1.5,1.0,positive_only,s1_plus_ig/mode=positive_only/ratio=1.5/keep=1.0,0.029204017366311,0.2499575046744858,0.0684513680747413,0.026595744680851,0.0284930092148473,0.998935564257743,0.0175785935835838,S1/smote,0.0420107211409514,0.0605983341832398,0.1098033364785023,0.0372340425531914,0.0356697584382251,0.0550472255017709,0.056188513175296,0.0260869565217391,-0.012806703774640396,0.189359170491246,-0.010638297872340396,-0.0071767492233777985
2,42,xgb,s1_plus_ig,2.0,1.0,positive_only,s1_plus_ig/mode=positive_only/ratio=2.0/keep=1.0,0.0293309119402952,0.4567397586265511,0.0665587227895029,0.0159574468085106,0.0325901670084495,0.998935564257743,0.0175785935835838,S1/smote,0.0420107211409514,0.0605983341832398,0.1098033364785023,0.0372340425531914,0.0356697584382251,0.0550472255017709,0.056188513175296,0.0260869565217391,-0.012679809200656197,0.3961414244433113,-0.0212765957446808,-0.0030795914297755966
2,43,xgb,s1_plus_ig,0.25,0.25,positive_only,s1_plus_ig/mode=positive_only/ratio=0.25/keep=0.25,0.0365402272261015,0.0541390447050824,0.1021391049962975,0.0212765957446808,0.032316769798237,0.955870416518334,0.0156327667832448,S1/smote,0.0390378161174411,0.0690124086350501,0.1022397624403792,0.026595744680851,0.0315238663310793,0.0510625737898465,0.0652919885831435,0.008695652173913,-0.0024975888913396013,-0.014873363929967694,-0.005319148936170203,0.000792903467157699
2,43,xgb,s1_plus_ig,0.5,0.25,positive_only,s1_plus_ig/mode=positive_only/ratio=0.5/keep=0.25,0.0260176030563036,0.4116097229304776,0.0746689928764224,0.0212765957446808,0.0307919013034087,0.955870416518334,0.0156327667832448,S1/smote,0.0390378161174411,0.0690124086350501,0.1022397624403792,0.026595744680851,0.0315238663310793,0.0510625737898465,0.0652919885831435,0.008695652173913,-0.0130202130611375,0.3425973142954275,-0.005319148936170203,-0.0007319650276705995
2,43,xgb,s1_plus_ig,0.75,0.25,positive_only,s1_plus_ig/mode=positive_only/ratio=0.75/keep=0.25,0.0275260732969389,0.3413224545300017,0.0776740142825123,0.0212765957446808,0.0276076622232878,0.955870416518334,0.0156327667832448,S1/smote,0.0390378161174411,0.0690124086350501,0.1022397624403792,0.026595744680851,0.0315238663310793,0.0510625737898465,0.0652919885831435,0.008695652173913,-0.011511742820502203,0.2723100458949516,-0.005319148936170203,-0.003916204107791501
2,43,xgb,s1_plus_ig,1.0,0.25,positive_only,s1_plus_ig/mode=positive_only/ratio=1.0/keep=0.25,0.0345822049340944,0.2587115417304096,0.0846784024471048,0.0425531914893617,0.0309499948028943,0.955870416518334,0.0156327667832448,S1/smote,0.0390378161174411,0.0690124086350501,0.1022397624403792,0.026595744680851,0.0315238663310793,0.0510625737898465,0.0652919885831435,0.008695652173913,-0.004455611183346704,0.18969913309535952,0.0159574468085107,-0.0005738715281849993
2,43,xgb,s1_plus_ig,1.5,0.25,positive_only,s1_plus_ig/mode=positive_only/ratio=1.5/keep=0.25,0.0347608224299725,0.0830358660547339,0.0951305481087625,0.026595744680851,0.0296542580263689,0.955870416518334,0.0156327667832448,S1/smote,0.0390378161174411,0.0690124086350501,0.1022397624403792,0.026595744680851,0.0315238663310793,0.0510625737898465,0.0652919885831435,0.008695652173913,-0.004276993687468603,0.014023457419683805,0.0,-0.001869608304710401
2,43,xgb,s1_plus_ig,2.0,0.25,positive_only,s1_plus_ig/mode=positive_only/ratio=2.0/keep=0.25,0.0377365243052203,0.1225565187829338,0.0993840576656698,0.0319148936170212,0.0333161358825246,0.955870416518334,0.0156327667832448,S1/smote,0.0390378161174411,0.0690124086350501,0.1022397624403792,0.026595744680851,0.0315238663310793,0.0510625737898465,0.0652919885831435,0.008695652173913,-0.0013012918122208006,0.05354411014788371,0.005319148936170196,0.0017922695514452983
2,43,xgb,s1_plus_ig,0.25,0.5,positive_only,s1_plus_ig/mode=positive_only/ratio=0.25/keep=0.5,0.0365402272261015,0.0541390447050824,0.1021391049962975,0.0212765957446808,0.032316769798237,0.9922783908864364,0.0195344210186683,S1/smote,0.0390378161174411,0.0690124086350501,0.1022397624403792,0.026595744680851,0.0315238663310793,0.0510625737898465,0.0652919885831435,0.008695652173913,-0.0024975888913396013,-0.014873363929967694,-0.005319148936170203,0.000792903467157699
2,43,xgb,s1_plus_ig,0.5,0.5,positive_only,s1_plus_ig/mode=positive_only/ratio=0.5/keep=0.5,0.0326583739576531,0.0917049124596294,0.085278843841178,0.0106382978723404,0.0270334723622919,0.9922783908864364,0.0195344210186683,S1/smote,0.0390378161174411,0.0690124086350501,0.1022397624403792,0.026595744680851,0.0315238663310793,0.0510625737898465,0.0652919885831435,0.008695652173913,-0.006379442159788001,0.02269250382457931,-0.015957446808510602,-0.0044903939687874
2,43,xgb,s1_plus_ig,0.75,0.5,positive_only,s1_plus_ig/mode=positive_only/ratio=0.75/keep=0.5,0.0294051681173377,0.4342172361040285,0.0831606649833619,0.0159574468085106,0.0318173461110275,0.9922783908864364,0.0195344210186683,S1/smote,0.0390378161174411,0.0690124086350501,0.1022397624403792,0.026595744680851,0.0315238663310793,0.0510625737898465,0.0652919885831435,0.008695652173913,-0.0096326480001034,0.3652048274689784,-0.010638297872340403,0.0002934797799482025
2,43,xgb,s1_plus_ig,1.0,0.5,positive_only,s1_plus_ig/mode=positive_only/ratio=1.0/keep=0.5,0.0303849754315493,0.2361890192078871,0.0875848856867526,0.026595744680851,0.0282487809694799,0.9922783908864364,0.0195344210186683,S1/smote,0.0390378161174411,0.0690124086350501,0.1022397624403792,0.026595744680851,0.0315238663310793,0.0510625737898465,0.0652919885831435,0.008695652173913,-0.0086528406858918,0.167176610572837,0.0,-0.0032750853615994002
2,43,xgb,s1_plus_ig,1.5,0.5,positive_only,s1_plus_ig/mode=positive_only/ratio=1.5/keep=0.5,0.0272048691753718,0.2134965153833078,0.0815583464477266,0.0159574468085106,0.0302401712202845,0.9922783908864364,0.0195344210186683,S1/smote,0.0390378161174411,0.0690124086350501,0.1022397624403792,0.026595744680851,0.0315238663310793,0.0510625737898465,0.0652919885831435,0.008695652173913,-0.011832946942069301,0.1444841067482577,-0.010638297872340403,-0.0012836951107948018
2,43,xgb,s1_plus_ig,2.0,0.5,positive_only,s1_plus_ig/mode=positive_only/ratio=2.0/keep=0.5,0.0262462397996097,0.2744348121706612,0.0832159578421853,0.0212765957446808,0.0285714753188832,0.9922783908864364,0.0195344210186683,S1/smote,0.0390378161174411,0.0690124086350501,0.1022397624403792,0.026595744680851,0.0315238663310793,0.0510625737898465,0.0652919885831435,0.008695652173913,-0.012791576317831403,0.2054224035356111,-0.005319148936170203,-0.0029523910121961004
2,43,xgb,s1_plus_ig,0.25,0.75,positive_only,s1_plus_ig/mode=positive_only/ratio=0.25/keep=0.75,0.0365402272261015,0.0541390447050824,0.1021391049962975,0.0212765957446808,0.032316769798237,0.9858988964044144,0.0193503688460663,S1/smote,0.0390378161174411,0.0690124086350501,0.1022397624403792,0.026595744680851,0.0315238663310793,0.0510625737898465,0.0652919885831435,0.008695652173913,-0.0024975888913396013,-0.014873363929967694,-0.005319148936170203,0.000792903467157699
2,43,xgb,s1_plus_ig,0.5,0.75,positive_only,s1_plus_ig/mode=positive_only/ratio=0.5/keep=0.75,0.0326583739576531,0.0917049124596294,0.085278843841178,0.0106382978723404,0.0270334723622919,0.9858988964044144,0.0193503688460663,S1/smote,0.0390378161174411,0.0690124086350501,0.1022397624403792,0.026595744680851,0.0315238663310793,0.0510625737898465,0.0652919885831435,0.008695652173913,-0.006379442159788001,0.02269250382457931,-0.015957446808510602,-0.0044903939687874
2,43,xgb,s1_plus_ig,0.75,0.75,positive_only,s1_plus_ig/mode=positive_only/ratio=0.75/keep=0.75,0.0264359861099323,0.4192588815230325,0.0752333226485669,0.0053191489361702,0.02400066528595,0.9858988964044144,0.0193503688460663,S1/smote,0.0390378161174411,0.0690124086350501,0.1022397624403792,0.026595744680851,0.0315238663310793,0.0510625737898465,0.0652919885831435,0.008695652173913,-0.0126018300075088,0.3502464728879824,-0.021276595744680802,-0.0075232010451293
2,43,xgb,s1_plus_ig,1.0,0.75,positive_only,s1_plus_ig/mode=positive_only/ratio=1.0/keep=0.75,0.0285051329343182,0.3476967533571307,0.0798342144466244,0.0159574468085106,0.026440752190214,0.9858988964044144,0.0193503688460663,S1/smote,0.0390378161174411,0.0690124086350501,0.1022397624403792,0.026595744680851,0.0315238663310793,0.0510625737898465,0.0652919885831435,0.008695652173913,-0.0105326831831229,0.2786843447220806,-0.010638297872340403,-0.005083114140865302
2,43,xgb,s1_plus_ig,1.5,0.75,positive_only,s1_plus_ig/mode=positive_only/ratio=1.5/keep=0.75,0.0346835134901145,0.1035186129525752,0.0931517778339564,0.0106382978723404,0.0305901056928568,0.9858988964044144,0.0193503688460663,S1/smote,0.0390378161174411,0.0690124086350501,0.1022397624403792,0.026595744680851,0.0315238663310793,0.0510625737898465,0.0652919885831435,0.008695652173913,-0.004354302627326605,0.0345062043175251,-0.015957446808510602,-0.0009337606382225014
2,43,xgb,s1_plus_ig,2.0,0.75,positive_only,s1_plus_ig/mode=positive_only/ratio=2.0/keep=0.75,0.0284276498157315,0.3206697263301037,0.0829220498920876,0.0212765957446808,0.0308475335444137,0.9858988964044144,0.0193503688460663,S1/smote,0.0390378161174411,0.0690124086350501,0.1022397624403792,0.026595744680851,0.0315238663310793,0.0510625737898465,0.0652919885831435,0.008695652173913,-0.010610166301709602,0.2516573176950536,-0.005319148936170203,-0.000676332786665599
2,43,xgb,s1_plus_ig,0.25,1.0,positive_only,s1_plus_ig/mode=positive_only/ratio=0.25/keep=1.0,0.0365402272261015,0.0541390447050824,0.1021391049962975,0.0212765957446808,0.032316769798237,0.99436810252759,0.0216153806525183,S1/smote,0.0390378161174411,0.0690124086350501,0.1022397624403792,0.026595744680851,0.0315238663310793,0.0510625737898465,0.0652919885831435,0.008695652173913,-0.0024975888913396013,-0.014873363929967694,-0.005319148936170203,0.000792903467157699
2,43,xgb,s1_plus_ig,0.5,1.0,positive_only,s1_plus_ig/mode=positive_only/ratio=0.5/keep=1.0,0.0326583739576531,0.0917049124596294,0.085278843841178,0.0106382978723404,0.0270334723622919,0.99436810252759,0.0216153806525183,S1/smote,0.0390378161174411,0.0690124086350501,0.1022397624403792,0.026595744680851,0.0315238663310793,0.0510625737898465,0.0652919885831435,0.008695652173913,-0.006379442159788001,0.02269250382457931,-0.015957446808510602,-0.0044903939687874
2,43,xgb,s1_plus_ig,0.75,1.0,positive_only,s1_plus_ig/mode=positive_only/ratio=0.75/keep=1.0,0.0264359861099323,0.4192588815230325,0.0752333226485669,0.0053191489361702,0.02400066528595,0.99436810252759,0.0216153806525183,S1/smote,0.0390378161174411,0.0690124086350501,0.1022397624403792,0.026595744680851,0.0315238663310793,0.0510625737898465,0.0652919885831435,0.008695652173913,-0.0126018300075088,0.3502464728879824,-0.021276595744680802,-0.0075232010451293
2,43,xgb,s1_plus_ig,1.0,1.0,positive_only,s1_plus_ig/mode=positive_only/ratio=1.0/keep=1.0,0.0285051329343182,0.3476967533571307,0.0798342144466244,0.0159574468085106,0.026440752190214,0.99436810252759,0.0216153806525183,S1/smote,0.0390378161174411,0.0690124086350501,0.1022397624403792,0.026595744680851,0.0315238663310793,0.0510625737898465,0.0652919885831435,0.008695652173913,-0.0105326831831229,0.2786843447220806,-0.010638297872340403,-0.005083114140865302
2,43,xgb,s1_plus_ig,1.5,1.0,positive_only,s1_plus_ig/mode=positive_only/ratio=1.5/keep=1.0,0.0227699245660504,0.4721230664626891,0.0665727802417844,0.0053191489361702,0.0245308863615094,0.99436810252759,0.0216153806525183,S1/smote,0.0390378161174411,0.0690124086350501,0.1022397624403792,0.026595744680851,0.0315238663310793,0.0510625737898465,0.0652919885831435,0.008695652173913,-0.0162678915513907,0.403110657827639,-0.021276595744680802,-0.0069929799695699
2,43,xgb,s1_plus_ig,2.0,1.0,positive_only,s1_plus_ig/mode=positive_only/ratio=2.0/keep=1.0,0.0308670542909351,0.1282508924018358,0.0877617599565186,0.0159574468085106,0.0285555207300942,0.99436810252759,0.0216153806525183,S1/smote,0.0390378161174411,0.0690124086350501,0.1022397624403792,0.026595744680851,0.0315238663310793,0.0510625737898465,0.0652919885831435,0.008695652173913,-0.008170761826506001,0.0592384837667857,-0.010638297872340403,-0.002968345600985099
2,44,xgb,s1_plus_ig,0.25,0.25,positive_only,s1_plus_ig/mode=positive_only/ratio=0.25/keep=0.25,0.0339298115128055,0.170916199218086,0.0971767074600129,0.0159574468085106,0.0274133845631682,0.9686578853684584,0.0231858919651585,S1/smote,0.039431898244569,0.1268910419853816,0.1002621726346012,0.026595744680851,0.0269977198693528,0.1034533648170011,0.0439395023537091,0.017391304347826,-0.0055020867317635,0.04402515723270442,-0.010638297872340403,0.0004156646938153971
2,44,xgb,s1_plus_ig,0.5,0.25,positive_only,s1_plus_ig/mode=positive_only/ratio=0.5/keep=0.25,0.0294980636179231,0.1740608533061363,0.0835060035760919,0.0212765957446808,0.0310196403063019,0.9686578853684584,0.0231858919651585,S1/smote,0.039431898244569,0.1268910419853816,0.1002621726346012,0.026595744680851,0.0269977198693528,0.1034533648170011,0.0439395023537091,0.017391304347826,-0.009933834626645897,0.047169811320754707,-0.005319148936170203,0.0040219204369491
2,44,xgb,s1_plus_ig,0.75,0.25,positive_only,s1_plus_ig/mode=positive_only/ratio=0.75/keep=0.25,0.0331481040400308,0.1800951895291518,0.0923493790207208,0.0159574468085106,0.0302531575973313,0.9686578853684584,0.0231858919651585,S1/smote,0.039431898244569,0.1268910419853816,0.1002621726346012,0.026595744680851,0.0269977198693528,0.1034533648170011,0.0439395023537091,0.017391304347826,-0.006283794204538194,0.0532041475437702,-0.010638297872340403,0.003255437727978497
2,44,xgb,s1_plus_ig,1.0,0.25,positive_only,s1_plus_ig/mode=positive_only/ratio=1.0/keep=0.25,0.034426245865265,0.0729219785823559,0.0979991222020166,0.0212765957446808,0.0347417144145679,0.9686578853684584,0.0231858919651585,S1/smote,0.039431898244569,0.1268910419853816,0.1002621726346012,0.026595744680851,0.0269977198693528,0.1034533648170011,0.0439395023537091,0.017391304347826,-0.005005652379303997,-0.053969063403025694,-0.005319148936170203,0.007743994545215099
2,44,xgb,s1_plus_ig,1.5,0.25,positive_only,s1_plus_ig/mode=positive_only/ratio=1.5/keep=0.25,0.0348734979230843,0.1988781234064253,0.0914077847466662,0.0372340425531914,0.0352606510637695,0.9686578853684584,0.0231858919651585,S1/smote,0.039431898244569,0.1268910419853816,0.1002621726346012,0.026595744680851,0.0269977198693528,0.1034533648170011,0.0439395023537091,0.017391304347826,-0.004558400321484697,0.07198708142104371,0.010638297872340396,0.0082629311944167
2,44,xgb,s1_plus_ig,2.0,0.25,positive_only,s1_plus_ig/mode=positive_only/ratio=2.0/keep=0.25,0.0285943350724558,0.3284038755736869,0.0747971286394226,0.0159574468085106,0.0304114600554631,0.9686578853684584,0.0231858919651585,S1/smote,0.039431898244569,0.1268910419853816,0.1002621726346012,0.026595744680851,0.0269977198693528,0.1034533648170011,0.0439395023537091,0.017391304347826,-0.010837563172113197,0.2015128335883053,-0.010638297872340403,0.0034137401861102992
2,44,xgb,s1_plus_ig,0.25,0.5,positive_only,s1_plus_ig/mode=positive_only/ratio=0.25/keep=0.5,0.0339298115128055,0.170916199218086,0.0971767074600129,0.0159574468085106,0.0274133845631682,0.9930224279102884,0.0154566060495219,S1/smote,0.039431898244569,0.1268910419853816,0.1002621726346012,0.026595744680851,0.0269977198693528,0.1034533648170011,0.0439395023537091,0.017391304347826,-0.0055020867317635,0.04402515723270442,-0.010638297872340403,0.0004156646938153971
2,44,xgb,s1_plus_ig,0.5,0.5,positive_only,s1_plus_ig/mode=positive_only/ratio=0.5/keep=0.5,0.0327973047289256,0.1693013768485466,0.0859503106251691,0.0106382978723404,0.0293108403675289,0.9930224279102884,0.0154566060495219,S1/smote,0.039431898244569,0.1268910419853816,0.1002621726346012,0.026595744680851,0.0269977198693528,0.1034533648170011,0.0439395023537091,0.017391304347826,-0.006634593515643397,0.042410334863165006,-0.015957446808510602,0.0023131204981760994
2,44,xgb,s1_plus_ig,0.75,0.5,positive_only,s1_plus_ig/mode=positive_only/ratio=0.75/keep=0.5,0.0360668007411753,0.0576236613972463,0.0975682668932649,0.0319148936170212,0.0278268518999069,0.9930224279102884,0.0154566060495219,S1/smote,0.039431898244569,0.1268910419853816,0.1002621726346012,0.026595744680851,0.0269977198693528,0.1034533648170011,0.0439395023537091,0.017391304347826,-0.003365097503393699,-0.0692673805881353,0.005319148936170196,0.0008291320305540972
2,44,xgb,s1_plus_ig,1.0,0.5,positive_only,s1_plus_ig/mode=positive_only/ratio=1.0/keep=0.5,0.0294203401999453,0.2579466258711542,0.0804860439660421,0.0053191489361702,0.0266500898488373,0.9930224279102884,0.0154566060495219,S1/smote,0.039431898244569,0.1268910419853816,0.1002621726346012,0.026595744680851,0.0269977198693528,0.1034533648170011,0.0439395023537091,0.017391304347826,-0.010011558044623697,0.1310555838857726,-0.021276595744680802,-0.00034763002051550057
2,44,xgb,s1_plus_ig,1.5,0.5,positive_only,s1_plus_ig/mode=positive_only/ratio=1.5/keep=0.5,0.0356556671652672,0.0752167261601223,0.0956349400858062,0.0159574468085106,0.0287201356872815,0.9930224279102884,0.0154566060495219,S1/smote,0.039431898244569,0.1268910419853816,0.1002621726346012,0.026595744680851,0.0269977198693528,0.1034533648170011,0.0439395023537091,0.017391304347826,-0.003776231079301799,-0.05167431582525929,-0.010638297872340403,0.0017224158179286984
2,44,xgb,s1_plus_ig,2.0,0.5,positive_only,s1_plus_ig/mode=positive_only/ratio=2.0/keep=0.5,0.0299464429476578,0.4069352371239164,0.0732876944508285,0.0159574468085106,0.033974173290899,0.9930224279102884,0.0154566060495219,S1/smote,0.039431898244569,0.1268910419853816,0.1002621726346012,0.026595744680851,0.0269977198693528,0.1034533648170011,0.0439395023537091,0.017391304347826,-0.009485455296911197,0.2800441951385348,-0.010638297872340403,0.006976453421546201
2,44,xgb,s1_plus_ig,0.25,0.75,positive_only,s1_plus_ig/mode=positive_only/ratio=0.25/keep=0.75,0.0339298115128055,0.170916199218086,0.0971767074600129,0.0159574468085106,0.0274133845631682,0.992249911000356,0.0180037916458074,S1/smote,0.039431898244569,0.1268910419853816,0.1002621726346012,0.026595744680851,0.0269977198693528,0.1034533648170011,0.0439395023537091,0.017391304347826,-0.0055020867317635,0.04402515723270442,-0.010638297872340403,0.0004156646938153971
2,44,xgb,s1_plus_ig,0.5,0.75,positive_only,s1_plus_ig/mode=positive_only/ratio=0.5/keep=0.75,0.0327973047289256,0.1693013768485466,0.0859503106251691,0.0106382978723404,0.0293108403675289,0.992249911000356,0.0180037916458074,S1/smote,0.039431898244569,0.1268910419853816,0.1002621726346012,0.026595744680851,0.0269977198693528,0.1034533648170011,0.0439395023537091,0.017391304347826,-0.006634593515643397,0.042410334863165006,-0.015957446808510602,0.0023131204981760994
2,44,xgb,s1_plus_ig,0.75,0.75,positive_only,s1_plus_ig/mode=positive_only/ratio=0.75/keep=0.75,0.028522977481618,0.3610402855685874,0.0825981814755122,0.0212765957446808,0.0260216025376963,0.992249911000356,0.0180037916458074,S1/smote,0.039431898244569,0.1268910419853816,0.1002621726346012,0.026595744680851,0.0269977198693528,0.1034533648170011,0.0439395023537091,0.017391304347826,-0.010908920762950997,0.23414924358320582,-0.005319148936170203,-0.0009761173316565029
2,44,xgb,s1_plus_ig,1.0,0.75,positive_only,s1_plus_ig/mode=positive_only/ratio=1.0/keep=0.75,0.0363500082453358,0.089410164881863,0.0984057658368309,0.0319148936170212,0.0354670491306546,0.992249911000356,0.0180037916458074,S1/smote,0.039431898244569,0.1268910419853816,0.1002621726346012,0.026595744680851,0.0269977198693528,0.1034533648170011,0.0439395023537091,0.017391304347826,-0.0030818899992331936,-0.03748087710351859,0.005319148936170196,0.008469329261301797
2,44,xgb,s1_plus_ig,1.5,0.75,positive_only,s1_plus_ig/mode=positive_only/ratio=1.5/keep=0.75,0.0343506405809908,0.1549379568247492,0.0938100085391528,0.0159574468085106,0.0451754307999823,0.992249911000356,0.0180037916458074,S1/smote,0.039431898244569,0.1268910419853816,0.1002621726346012,0.026595744680851,0.0269977198693528,0.1034533648170011,0.0439395023537091,0.017391304347826,-0.005081257663578198,0.02804691483936761,-0.010638297872340403,0.018177710930629497
2,44,xgb,s1_plus_ig,2.0,0.75,positive_only,s1_plus_ig/mode=positive_only/ratio=2.0/keep=0.75,0.0321393097708397,0.0729219785823559,0.090653591860599,0.0159574468085106,0.0333046241243405,0.992249911000356,0.0180037916458074,S1/smote,0.039431898244569,0.1268910419853816,0.1002621726346012,0.026595744680851,0.0269977198693528,0.1034533648170011,0.0439395023537091,0.017391304347826,-0.0072925884737292945,-0.053969063403025694,-0.010638297872340403,0.0063069042549877
2,44,xgb,s1_plus_ig,0.25,1.0,positive_only,s1_plus_ig/mode=positive_only/ratio=0.25/keep=1.0,0.0339298115128055,0.170916199218086,0.0971767074600129,0.0159574468085106,0.0274133845631682,0.9978248487006052,0.0252901215073935,S1/smote,0.039431898244569,0.1268910419853816,0.1002621726346012,0.026595744680851,0.0269977198693528,0.1034533648170011,0.0439395023537091,0.017391304347826,-0.0055020867317635,0.04402515723270442,-0.010638297872340403,0.0004156646938153971
2,44,xgb,s1_plus_ig,0.5,1.0,positive_only,s1_plus_ig/mode=positive_only/ratio=0.5/keep=1.0,0.0327973047289256,0.1693013768485466,0.0859503106251691,0.0106382978723404,0.0293108403675289,0.9978248487006052,0.0252901215073935,S1/smote,0.039431898244569,0.1268910419853816,0.1002621726346012,0.026595744680851,0.0269977198693528,0.1034533648170011,0.0439395023537091,0.017391304347826,-0.006634593515643397,0.042410334863165006,-0.015957446808510602,0.0023131204981760994
2,44,xgb,s1_plus_ig,0.75,1.0,positive_only,s1_plus_ig/mode=positive_only/ratio=0.75/keep=1.0,0.028522977481618,0.3610402855685874,0.0825981814755122,0.0212765957446808,0.0260216025376963,0.9978248487006052,0.0252901215073935,S1/smote,0.039431898244569,0.1268910419853816,0.1002621726346012,0.026595744680851,0.0269977198693528,0.1034533648170011,0.0439395023537091,0.017391304347826,-0.010908920762950997,0.23414924358320582,-0.005319148936170203,-0.0009761173316565029
2,44,xgb,s1_plus_ig,1.0,1.0,positive_only,s1_plus_ig/mode=positive_only/ratio=1.0/keep=1.0,0.0363500082453358,0.089410164881863,0.0984057658368309,0.0319148936170212,0.0354670491306546,0.9978248487006052,0.0252901215073935,S1/smote,0.039431898244569,0.1268910419853816,0.1002621726346012,0.026595744680851,0.0269977198693528,0.1034533648170011,0.0439395023537091,0.017391304347826,-0.0030818899992331936,-0.03748087710351859,0.005319148936170196,0.008469329261301797
2,44,xgb,s1_plus_ig,1.5,1.0,positive_only,s1_plus_ig/mode=positive_only/ratio=1.5/keep=1.0,0.0430198557594391,0.0605983341832398,0.1098033364785023,0.0319148936170212,0.0383164184046748,0.9978248487006052,0.0252901215073935,S1/smote,0.039431898244569,0.1268910419853816,0.1002621726346012,0.026595744680851,0.0269977198693528,0.1034533648170011,0.0439395023537091,0.017391304347826,0.0035879575148701007,-0.06629270780214179,0.005319148936170196,0.011318698535321997
2,44,xgb,s1_plus_ig,2.0,1.0,positive_only,s1_plus_ig/mode=positive_only/ratio=2.0/keep=1.0,0.044480692287261,0.0633180350161482,0.1063741095687394,0.0478723404255319,0.0358659079809351,0.9978248487006052,0.0252901215073935,S1/smote,0.039431898244569,0.1268910419853816,0.1002621726346012,0.026595744680851,0.0269977198693528,0.1034533648170011,0.0439395023537091,0.017391304347826,0.005048794042692005,-0.06357300696923339,0.0212765957446809,0.008868188111582298
2,45,xgb,s1_plus_ig,0.25,0.25,positive_only,s1_plus_ig/mode=positive_only/ratio=0.25/keep=0.25,0.0311138773326453,0.3513513513513513,0.0814575430827615,0.0106382978723404,0.0279821591936553,0.9662228551085796,0.0173515693910994,S1/smote,0.0393445077186777,0.0447050824409315,0.1014836819293876,0.026595744680851,0.037992359674982,0.025383707201889,0.1091172302700849,0.008695652173913,-0.008230630386032403,0.3066462689104198,-0.015957446808510602,-0.010010200481326698
2,45,xgb,s1_plus_ig,0.5,0.25,positive_only,s1_plus_ig/mode=positive_only/ratio=0.5/keep=0.25,0.027420539764348,0.3171851096379398,0.0784354805352735,0.0106382978723404,0.0268092998092358,0.9662228551085796,0.0173515693910994,S1/smote,0.0393445077186777,0.0447050824409315,0.1014836819293876,0.026595744680851,0.037992359674982,0.025383707201889,0.1091172302700849,0.008695652173913,-0.011923967954329703,0.27248002719700826,-0.015957446808510602,-0.011183059865746196
2,45,xgb,s1_plus_ig,0.75,0.25,positive_only,s1_plus_ig/mode=positive_only/ratio=0.75/keep=0.25,0.0324773269928904,0.0972293047764745,0.0852402097439698,0.0106382978723404,0.0271444358726817,0.9662228551085796,0.0173515693910994,S1/smote,0.0393445077186777,0.0447050824409315,0.1014836819293876,0.026595744680851,0.037992359674982,0.025383707201889,0.1091172302700849,0.008695652173913,-0.006867180725787299,0.052524222335543,-0.015957446808510602,-0.010847923802300298
2,45,xgb,s1_plus_ig,1.0,0.25,positive_only,s1_plus_ig/mode=positive_only/ratio=1.0/keep=0.25,0.0288417707684919,0.1579126296107428,0.0814481736681642,0.0159574468085106,0.0285964848007636,0.9662228551085796,0.0173515693910994,S1/smote,0.0393445077186777,0.0447050824409315,0.1014836819293876,0.026595744680851,0.037992359674982,0.025383707201889,0.1091172302700849,0.008695652173913,-0.0105027369501858,0.1132075471698113,-0.010638297872340403,-0.009395874874218398
2,45,xgb,s1_plus_ig,1.5,0.25,positive_only,s1_plus_ig/mode=positive_only/ratio=1.5/keep=0.25,0.0339827625502255,0.1364099949005609,0.086450716690161,0.0159574468085106,0.0298913331522562,0.9662228551085796,0.0173515693910994,S1/smote,0.0393445077186777,0.0447050824409315,0.1014836819293876,0.026595744680851,0.037992359674982,0.025383707201889,0.1091172302700849,0.008695652173913,-0.005361745168452205,0.09170491245962942,-0.010638297872340403,-0.008101026522725797
2,45,xgb,s1_plus_ig,2.0,0.25,positive_only,s1_plus_ig/mode=positive_only/ratio=2.0/keep=0.25,0.0341206020489083,0.0835458099609043,0.0969632954076559,0.0159574468085106,0.0317634122176452,0.9662228551085796,0.0173515693910994,S1/smote,0.0393445077186777,0.0447050824409315,0.1014836819293876,0.026595744680851,0.037992359674982,0.025383707201889,0.1091172302700849,0.008695652173913,-0.005223905669769401,0.0388407275199728,-0.010638297872340403,-0.006228947457336799
2,45,xgb,s1_plus_ig,0.25,0.5,positive_only,s1_plus_ig/mode=positive_only/ratio=0.25/keep=0.5,0.0311138773326453,0.3513513513513513,0.0814575430827615,0.0106382978723404,0.0279821591936553,0.9933855464578142,0.0197813391289711,S1/smote,0.0393445077186777,0.0447050824409315,0.1014836819293876,0.026595744680851,0.037992359674982,0.025383707201889,0.1091172302700849,0.008695652173913,-0.008230630386032403,0.3066462689104198,-0.015957446808510602,-0.010010200481326698
2,45,xgb,s1_plus_ig,0.5,0.5,positive_only,s1_plus_ig/mode=positive_only/ratio=0.5/keep=0.5,0.029625789828943,0.2156212816590175,0.1028157057818842,0.0053191489361702,0.0305985975589347,0.9933855464578142,0.0197813391289711,S1/smote,0.0393445077186777,0.0447050824409315,0.1014836819293876,0.026595744680851,0.037992359674982,0.025383707201889,0.1091172302700849,0.008695652173913,-0.0097187178897347,0.170916199218086,-0.021276595744680802,-0.007393762116047298
2,45,xgb,s1_plus_ig,0.75,0.5,positive_only,s1_plus_ig/mode=positive_only/ratio=0.75/keep=0.5,0.0298021066806163,0.1671766105728369,0.0870657334346008,0.0106382978723404,0.0304062912714132,0.9933855464578142,0.0197813391289711,S1/smote,0.0393445077186777,0.0447050824409315,0.1014836819293876,0.026595744680851,0.037992359674982,0.025383707201889,0.1091172302700849,0.008695652173913,-0.0095424010380614,0.1224715281319054,-0.015957446808510602,-0.007586068403568798
2,45,xgb,s1_plus_ig,1.0,0.5,positive_only,s1_plus_ig/mode=positive_only/ratio=1.0/keep=0.5,0.0304467335383758,0.2925378208397076,0.083975294333784,0.0159574468085106,0.0307252818054355,0.9933855464578142,0.0197813391289711,S1/smote,0.0393445077186777,0.0447050824409315,0.1014836819293876,0.026595744680851,0.037992359674982,0.025383707201889,0.1091172302700849,0.008695652173913,-0.008897774180301903,0.2478327383987761,-0.010638297872340403,-0.0072670778695464976
2,45,xgb,s1_plus_ig,1.5,0.5,positive_only,s1_plus_ig/mode=positive_only/ratio=1.5/keep=0.5,0.0264505319768546,0.2372089070202278,0.071795825974765,0.0106382978723404,0.0340167800265222,0.9933855464578142,0.0197813391289711,S1/smote,0.0393445077186777,0.0447050824409315,0.1014836819293876,0.026595744680851,0.037992359674982,0.025383707201889,0.1091172302700849,0.008695652173913,-0.012893975741823101,0.1925038245792963,-0.015957446808510602,-0.0039755796484598
2,45,xgb,s1_plus_ig,2.0,0.5,positive_only,s1_plus_ig/mode=positive_only/ratio=2.0/keep=0.5,0.0269706698919579,0.34667686554479,0.0718588197292985,0.0106382978723404,0.0317861650762976,0.9933855464578142,0.0197813391289711,S1/smote,0.0393445077186777,0.0447050824409315,0.1014836819293876,0.026595744680851,0.037992359674982,0.025383707201889,0.1091172302700849,0.008695652173913,-0.012373837826719802,0.30197178310385847,-0.015957446808510602,-0.006206194598684399
2,45,xgb,s1_plus_ig,0.25,0.75,positive_only,s1_plus_ig/mode=positive_only/ratio=0.25/keep=0.75,0.0311138773326453,0.3513513513513513,0.0814575430827615,0.0106382978723404,0.0279821591936553,0.9922036311854754,0.0174179306212741,S1/smote,0.0393445077186777,0.0447050824409315,0.1014836819293876,0.026595744680851,0.037992359674982,0.025383707201889,0.1091172302700849,0.008695652173913,-0.008230630386032403,0.3066462689104198,-0.015957446808510602,-0.010010200481326698
2,45,xgb,s1_plus_ig,0.5,0.75,positive_only,s1_plus_ig/mode=positive_only/ratio=0.5/keep=0.75,0.029625789828943,0.2156212816590175,0.1028157057818842,0.0053191489361702,0.0305985975589347,0.9922036311854754,0.0174179306212741,S1/smote,0.0393445077186777,0.0447050824409315,0.1014836819293876,0.026595744680851,0.037992359674982,0.025383707201889,0.1091172302700849,0.008695652173913,-0.0097187178897347,0.170916199218086,-0.021276595744680802,-0.007393762116047298
2,45,xgb,s1_plus_ig,0.75,0.75,positive_only,s1_plus_ig/mode=positive_only/ratio=0.75/keep=0.75,0.0296172936378877,0.2239503654597994,0.0912165139152282,0.0159574468085106,0.0301964479792396,0.9922036311854754,0.0174179306212741,S1/smote,0.0393445077186777,0.0447050824409315,0.1014836819293876,0.026595744680851,0.037992359674982,0.025383707201889,0.1091172302700849,0.008695652173913,-0.009727214080790001,0.1792452830188679,-0.010638297872340403,-0.007795911695742397
2,45,xgb,s1_plus_ig,1.0,0.75,positive_only,s1_plus_ig/mode=positive_only/ratio=1.0/keep=0.75,0.0281495775507455,0.3202447730749617,0.0788399758457441,0.0106382978723404,0.0295937318431575,0.9922036311854754,0.0174179306212741,S1/smote,0.0393445077186777,0.0447050824409315,0.1014836819293876,0.026595744680851,0.037992359674982,0.025383707201889,0.1091172302700849,0.008695652173913,-0.011194930167932202,0.27553969063403017,-0.015957446808510602,-0.008398627831824497
2,45,xgb,s1_plus_ig,1.5,0.75,positive_only,s1_plus_ig/mode=positive_only/ratio=1.5/keep=0.75,0.031840138196223,0.2259901410844807,0.0903350412134908,0.0053191489361702,0.0306629077165596,0.9922036311854754,0.0174179306212741,S1/smote,0.0393445077186777,0.0447050824409315,0.1014836819293876,0.026595744680851,0.037992359674982,0.025383707201889,0.1091172302700849,0.008695652173913,-0.007504369522454701,0.1812850586435492,-0.021276595744680802,-0.007329451958422398
2,45,xgb,s1_plus_ig,2.0,0.75,positive_only,s1_plus_ig/mode=positive_only/ratio=2.0/keep=0.75,0.0276235040291796,0.1993030766615672,0.0765300215076937,0.0212765957446808,0.0303368931289086,0.9922036311854754,0.0174179306212741,S1/smote,0.0393445077186777,0.0447050824409315,0.1014836819293876,0.026595744680851,0.037992359674982,0.025383707201889,0.1091172302700849,0.008695652173913,-0.011721003689498102,0.15459799422063572,-0.005319148936170203,-0.007655466546073398
2,45,xgb,s1_plus_ig,0.25,1.0,positive_only,s1_plus_ig/mode=positive_only/ratio=0.25/keep=1.0,0.0311138773326453,0.3513513513513513,0.0814575430827615,0.0106382978723404,0.0279821591936553,0.9932253470986114,0.0176307824758222,S1/smote,0.0393445077186777,0.0447050824409315,0.1014836819293876,0.026595744680851,0.037992359674982,0.025383707201889,0.1091172302700849,0.008695652173913,-0.008230630386032403,0.3066462689104198,-0.015957446808510602,-0.010010200481326698
2,45,xgb,s1_plus_ig,0.5,1.0,positive_only,s1_plus_ig/mode=positive_only/ratio=0.5/keep=1.0,0.029625789828943,0.2156212816590175,0.1028157057818842,0.0053191489361702,0.0305985975589347,0.9932253470986114,0.0176307824758222,S1/smote,0.0393445077186777,0.0447050824409315,0.1014836819293876,0.026595744680851,0.037992359674982,0.025383707201889,0.1091172302700849,0.008695652173913,-0.0097187178897347,0.170916199218086,-0.021276595744680802,-0.007393762116047298
2,45,xgb,s1_plus_ig,0.75,1.0,positive_only,s1_plus_ig/mode=positive_only/ratio=0.75/keep=1.0,0.0296172936378877,0.2239503654597994,0.0912165139152282,0.0159574468085106,0.0301964479792396,0.9932253470986114,0.0176307824758222,S1/smote,0.0393445077186777,0.0447050824409315,0.1014836819293876,0.026595744680851,0.037992359674982,0.025383707201889,0.1091172302700849,0.008695652173913,-0.009727214080790001,0.1792452830188679,-0.010638297872340403,-0.007795911695742397
2,45,xgb,s1_plus_ig,1.0,1.0,positive_only,s1_plus_ig/mode=positive_only/ratio=1.0/keep=1.0,0.0281495775507455,0.3202447730749617,0.0788399758457441,0.0106382978723404,0.0295937318431575,0.9932253470986114,0.0176307824758222,S1/smote,0.0393445077186777,0.0447050824409315,0.1014836819293876,0.026595744680851,0.037992359674982,0.025383707201889,0.1091172302700849,0.008695652173913,-0.011194930167932202,0.27553969063403017,-0.015957446808510602,-0.008398627831824497
2,45,xgb,s1_plus_ig,1.5,1.0,positive_only,s1_plus_ig/mode=positive_only/ratio=1.5/keep=1.0,0.0299865933654856,0.4055753867074622,0.0723245807552187,0.0319148936170212,0.0293937239411565,0.9932253470986114,0.0176307824758222,S1/smote,0.0393445077186777,0.0447050824409315,0.1014836819293876,0.026595744680851,0.037992359674982,0.025383707201889,0.1091172302700849,0.008695652173913,-0.009357914353192102,0.36087030426653066,0.005319148936170196,-0.008598635733825497
2,45,xgb,s1_plus_ig,2.0,1.0,positive_only,s1_plus_ig/mode=positive_only/ratio=2.0/keep=1.0,0.0259355857531247,0.2882882882882883,0.0652069494099043,0.0212765957446808,0.0310726912551453,0.9932253470986114,0.0176307824758222,S1/smote,0.0393445077186777,0.0447050824409315,0.1014836819293876,0.026595744680851,0.037992359674982,0.025383707201889,0.1091172302700849,0.008695652173913,-0.013408921965553003,0.2435832058473568,-0.005319148936170203,-0.006919668419836697
2,46,xgb,s1_plus_ig,0.25,0.25,positive_only,s1_plus_ig/mode=positive_only/ratio=0.25/keep=0.25,0.0322765402021581,0.2485976542580316,0.0886404645218958,0.0212765957446808,0.0272052823428305,0.9902741189035243,0.0195873214714391,S1/smote,0.0408855671098336,0.1697263301036886,0.0995485291864283,0.0478723404255319,0.0323312539938137,0.1292798110979929,0.0466094537641808,0.008695652173913,-0.008609026907675496,0.078871324154343,-0.026595744680851102,-0.005125971650983201
2,46,xgb,s1_plus_ig,0.5,0.25,positive_only,s1_plus_ig/mode=positive_only/ratio=0.5/keep=0.25,0.0325156569634062,0.1075981642019377,0.0921207623478253,0.0106382978723404,0.0269402929516294,0.9902741189035243,0.0195873214714391,S1/smote,0.0408855671098336,0.1697263301036886,0.0995485291864283,0.0478723404255319,0.0323312539938137,0.1292798110979929,0.0466094537641808,0.008695652173913,-0.0083699101464274,-0.062128165901750895,-0.0372340425531915,-0.005390961042184301
2,46,xgb,s1_plus_ig,0.75,0.25,positive_only,s1_plus_ig/mode=positive_only/ratio=0.75/keep=0.25,0.0306103258560846,0.3404725480197178,0.0848766314354002,0.0319148936170212,0.0311205749088474,0.9902741189035243,0.0195873214714391,S1/smote,0.0408855671098336,0.1697263301036886,0.0995485291864283,0.0478723404255319,0.0323312539938137,0.1292798110979929,0.0466094537641808,0.008695652173913,-0.010275241253748998,0.17074621791602923,-0.015957446808510703,-0.0012106790849663006
2,46,xgb,s1_plus_ig,1.0,0.25,positive_only,s1_plus_ig/mode=positive_only/ratio=1.0/keep=0.25,0.0271845548921959,0.4426313105558389,0.0729205868506776,0.0212765957446808,0.0278944295911138,0.9902741189035243,0.0195873214714391,S1/smote,0.0408855671098336,0.1697263301036886,0.0995485291864283,0.0478723404255319,0.0323312539938137,0.1292798110979929,0.0466094537641808,0.008695652173913,-0.013701012217637698,0.2729049804521503,-0.026595744680851102,-0.004436824402699904
2,46,xgb,s1_plus_ig,1.5,0.25,positive_only,s1_plus_ig/mode=positive_only/ratio=1.5/keep=0.25,0.0374894460095367,0.0926398096209416,0.1087866608049677,0.0159574468085106,0.0320225007208405,0.9902741189035243,0.0195873214714391,S1/smote,0.0408855671098336,0.1697263301036886,0.0995485291864283,0.0478723404255319,0.0323312539938137,0.1292798110979929,0.0466094537641808,0.008695652173913,-0.0033961211002968977,-0.077086520482747,-0.0319148936170213,-0.0003087532729732015
2,46,xgb,s1_plus_ig,2.0,0.25,positive_only,s1_plus_ig/mode=positive_only/ratio=2.0/keep=0.25,0.0361123750578221,0.1245113037565867,0.0999694550361276,0.026595744680851,0.0310808841156743,0.9902741189035243,0.0195873214714391,S1/smote,0.0408855671098336,0.1697263301036886,0.0995485291864283,0.0478723404255319,0.0323312539938137,0.1292798110979929,0.0466094537641808,0.008695652173913,-0.004773192052011495,-0.045215026347101894,-0.0212765957446809,-0.0012503698781394026
2,46,xgb,s1_plus_ig,0.25,0.5,positive_only,s1_plus_ig/mode=positive_only/ratio=0.25/keep=0.5,0.0322765402021581,0.2485976542580316,0.0886404645218958,0.0212765957446808,0.0272052823428305,0.9979565681737272,0.0205107954345283,S1/smote,0.0408855671098336,0.1697263301036886,0.0995485291864283,0.0478723404255319,0.0323312539938137,0.1292798110979929,0.0466094537641808,0.008695652173913,-0.008609026907675496,0.078871324154343,-0.026595744680851102,-0.005125971650983201
2,46,xgb,s1_plus_ig,0.5,0.5,positive_only,s1_plus_ig/mode=positive_only/ratio=0.5/keep=0.5,0.03495652354129,0.11907190209077,0.0998944197349742,0.0053191489361702,0.0265541788729293,0.9979565681737272,0.0205107954345283,S1/smote,0.0408855671098336,0.1697263301036886,0.0995485291864283,0.0478723404255319,0.0323312539938137,0.1292798110979929,0.0466094537641808,0.008695652173913,-0.005929043568543596,-0.0506544280129186,-0.0425531914893617,-0.005777075120884403
2,46,xgb,s1_plus_ig,0.75,0.5,positive_only,s1_plus_ig/mode=positive_only/ratio=0.75/keep=0.5,0.0273099204120912,0.3062213156552779,0.0749835807719404,0.0212765957446808,0.0272256168288628,0.9979565681737272,0.0205107954345283,S1/smote,0.0408855671098336,0.1697263301036886,0.0995485291864283,0.0478723404255319,0.0323312539938137,0.1292798110979929,0.0466094537641808,0.008695652173913,-0.013575646697742399,0.1364949855515893,-0.026595744680851102,-0.005105637164950903
2,46,xgb,s1_plus_ig,1.0,0.5,positive_only,s1_plus_ig/mode=positive_only/ratio=1.0/keep=0.5,0.0354672190932257,0.0889002209756926,0.0943728081547766,0.0212765957446808,0.0260294948809903,0.9979565681737272,0.0205107954345283,S1/smote,0.0408855671098336,0.1697263301036886,0.0995485291864283,0.0478723404255319,0.0323312539938137,0.1292798110979929,0.0466094537641808,0.008695652173913,-0.005418348016607899,-0.080826109127996,-0.026595744680851102,-0.006301759112823404
2,46,xgb,s1_plus_ig,1.5,0.5,positive_only,s1_plus_ig/mode=positive_only/ratio=1.5/keep=0.5,0.0433985257843192,0.0229474757776644,0.1086755183558004,0.0691489361702127,0.0317070713242009,0.9979565681737272,0.0205107954345283,S1/smote,0.0408855671098336,0.1697263301036886,0.0995485291864283,0.0478723404255319,0.0323312539938137,0.1292798110979929,0.0466094537641808,0.008695652173913,0.002512958674485602,-0.1467788543260242,0.0212765957446808,-0.0006241826696128036
2,46,xgb,s1_plus_ig,2.0,0.5,positive_only,s1_plus_ig/mode=positive_only/ratio=2.0/keep=0.5,0.0345064127198125,0.1066632670406255,0.0907453860284164,0.026595744680851,0.0271642391629024,0.9979565681737272,0.0205107954345283,S1/smote,0.0408855671098336,0.1697263301036886,0.0995485291864283,0.0478723404255319,0.0323312539938137,0.1292798110979929,0.0466094537641808,0.008695652173913,-0.006379154390021097,-0.0630630630630631,-0.0212765957446809,-0.005167014830911303
2,46,xgb,s1_plus_ig,0.25,0.75,positive_only,s1_plus_ig/mode=positive_only/ratio=0.25/keep=0.75,0.0322765402021581,0.2485976542580316,0.0886404645218958,0.0212765957446808,0.0272052823428305,0.9989533641865432,0.0183179724349563,S1/smote,0.0408855671098336,0.1697263301036886,0.0995485291864283,0.0478723404255319,0.0323312539938137,0.1292798110979929,0.0466094537641808,0.008695652173913,-0.008609026907675496,0.078871324154343,-0.026595744680851102,-0.005125971650983201
2,46,xgb,s1_plus_ig,0.5,0.75,positive_only,s1_plus_ig/mode=positive_only/ratio=0.5/keep=0.75,0.03495652354129,0.11907190209077,0.0998944197349742,0.0053191489361702,0.0265541788729293,0.9989533641865432,0.0183179724349563,S1/smote,0.0408855671098336,0.1697263301036886,0.0995485291864283,0.0478723404255319,0.0323312539938137,0.1292798110979929,0.0466094537641808,0.008695652173913,-0.005929043568543596,-0.0506544280129186,-0.0425531914893617,-0.005777075120884403
2,46,xgb,s1_plus_ig,0.75,0.75,positive_only,s1_plus_ig/mode=positive_only/ratio=0.75/keep=0.75,0.0387846604977028,0.1335203127655957,0.1071932356253994,0.0212765957446808,0.0330901913033621,0.9989533641865432,0.0183179724349563,S1/smote,0.0408855671098336,0.1697263301036886,0.0995485291864283,0.0478723404255319,0.0323312539938137,0.1292798110979929,0.0466094537641808,0.008695652173913,-0.002100906612130797,-0.036206017338092894,-0.026595744680851102,0.0007589373095483951
2,46,xgb,s1_plus_ig,1.0,0.75,positive_only,s1_plus_ig/mode=positive_only/ratio=1.0/keep=0.75,0.0362904499403296,0.134455209926908,0.0952294221737851,0.026595744680851,0.030177084362581,0.9989533641865432,0.0183179724349563,S1/smote,0.0408855671098336,0.1697263301036886,0.0995485291864283,0.0478723404255319,0.0323312539938137,0.1292798110979929,0.0466094537641808,0.008695652173913,-0.004595117169503997,-0.03527112017678061,-0.0212765957446809,-0.0021541696312327024
2,46,xgb,s1_plus_ig,1.5,0.75,positive_only,s1_plus_ig/mode=positive_only/ratio=1.5/keep=0.75,0.0342143747719837,0.0990990990990991,0.0880926745255582,0.026595744680851,0.0379617152253256,0.9989533641865432,0.0183179724349563,S1/smote,0.0408855671098336,0.1697263301036886,0.0995485291864283,0.0478723404255319,0.0323312539938137,0.1292798110979929,0.0466094537641808,0.008695652173913,-0.0066711923378499,-0.0706272310045895,-0.0212765957446809,0.005630461231511896
2,46,xgb,s1_plus_ig,2.0,0.75,positive_only,s1_plus_ig/mode=positive_only/ratio=2.0/keep=0.75,0.0328296701626729,0.2478327383987761,0.085919767364729,0.0212765957446808,0.0404770833049904,0.9989533641865432,0.0183179724349563,S1/smote,0.0408855671098336,0.1697263301036886,0.0995485291864283,0.0478723404255319,0.0323312539938137,0.1292798110979929,0.0466094537641808,0.008695652173913,-0.008055896947160697,0.0781064082950875,-0.026595744680851102,0.008145829311176696
2,46,xgb,s1_plus_ig,0.25,1.0,positive_only,s1_plus_ig/mode=positive_only/ratio=0.25/keep=1.0,0.0322765402021581,0.2485976542580316,0.0886404645218958,0.0212765957446808,0.0272052823428305,0.999433962264151,0.0205324025131848,S1/smote,0.0408855671098336,0.1697263301036886,0.0995485291864283,0.0478723404255319,0.0323312539938137,0.1292798110979929,0.0466094537641808,0.008695652173913,-0.008609026907675496,0.078871324154343,-0.026595744680851102,-0.005125971650983201
2,46,xgb,s1_plus_ig,0.5,1.0,positive_only,s1_plus_ig/mode=positive_only/ratio=0.5/keep=1.0,0.03495652354129,0.11907190209077,0.0998944197349742,0.0053191489361702,0.0265541788729293,0.999433962264151,0.0205324025131848,S1/smote,0.0408855671098336,0.1697263301036886,0.0995485291864283,0.0478723404255319,0.0323312539938137,0.1292798110979929,0.0466094537641808,0.008695652173913,-0.005929043568543596,-0.0506544280129186,-0.0425531914893617,-0.005777075120884403
2,46,xgb,s1_plus_ig,0.75,1.0,positive_only,s1_plus_ig/mode=positive_only/ratio=0.75/keep=1.0,0.0387846604977028,0.1335203127655957,0.1071932356253994,0.0212765957446808,0.0330901913033621,0.999433962264151,0.0205324025131848,S1/smote,0.0408855671098336,0.1697263301036886,0.0995485291864283,0.0478723404255319,0.0323312539938137,0.1292798110979929,0.0466094537641808,0.008695652173913,-0.002100906612130797,-0.036206017338092894,-0.026595744680851102,0.0007589373095483951
2,46,xgb,s1_plus_ig,1.0,1.0,positive_only,s1_plus_ig/mode=positive_only/ratio=1.0/keep=1.0,0.0362904499403296,0.134455209926908,0.0952294221737851,0.026595744680851,0.030177084362581,0.999433962264151,0.0205324025131848,S1/smote,0.0408855671098336,0.1697263301036886,0.0995485291864283,0.0478723404255319,0.0323312539938137,0.1292798110979929,0.0466094537641808,0.008695652173913,-0.004595117169503997,-0.03527112017678061,-0.0212765957446809,-0.0021541696312327024
2,46,xgb,s1_plus_ig,1.5,1.0,positive_only,s1_plus_ig/mode=positive_only/ratio=1.5/keep=1.0,0.0304907381141961,0.1309705932347441,0.0898583237107385,0.0106382978723404,0.0316171442470458,0.999433962264151,0.0205324025131848,S1/smote,0.0408855671098336,0.1697263301036886,0.0995485291864283,0.0478723404255319,0.0323312539938137,0.1292798110979929,0.0466094537641808,0.008695652173913,-0.010394828995637498,-0.038755736868944485,-0.0372340425531915,-0.000714109746767902
2,46,xgb,s1_plus_ig,2.0,1.0,positive_only,s1_plus_ig/mode=positive_only/ratio=2.0/keep=1.0,0.0318998857364767,0.1104028556858745,0.0900425087458094,0.0106382978723404,0.0377314308597739,0.999433962264151,0.0205324025131848,S1/smote,0.0408855671098336,0.1697263301036886,0.0995485291864283,0.0478723404255319,0.0323312539938137,0.1292798110979929,0.0466094537641808,0.008695652173913,-0.008985681373356896,-0.05932347441781409,-0.0372340425531915,0.005400176865960199
3,42,xgb,s1_plus_ig,0.25,0.25,positive_only,s1_plus_ig/mode=positive_only/ratio=0.25/keep=0.25,0.127709956620508,0.0134124890061565,0.2081269855807849,0.1538461538461538,0.084119726245419,0.9946492271105826,0.0541900085322292,S1/smote,0.1427132080925518,0.0026385224274406,0.2808835033991991,0.1758241758241758,0.0934307816934945,0.0018513620735255,0.084119717758226,0.0462962962962962,-0.015003251472043816,0.010773966578715901,-0.02197802197802201,-0.009311055448075506
3,42,xgb,s1_plus_ig,0.5,0.25,positive_only,s1_plus_ig/mode=positive_only/ratio=0.5/keep=0.25,0.1304289513639475,0.0098944591029023,0.2136576418418229,0.1868131868131868,0.1000641754942564,0.9946492271105826,0.0541900085322292,S1/smote,0.1427132080925518,0.0026385224274406,0.2808835033991991,0.1758241758241758,0.0934307816934945,0.0018513620735255,0.084119717758226,0.0462962962962962,-0.01228425672860431,0.007255936675461701,0.010989010989010978,0.0066333938007619025
3,42,xgb,s1_plus_ig,0.75,0.25,positive_only,s1_plus_ig/mode=positive_only/ratio=0.75/keep=0.25,0.1184405710639414,0.0041776605101143,0.2173463404399279,0.1428571428571428,0.1104967855852569,0.9946492271105826,0.0541900085322292,S1/smote,0.1427132080925518,0.0026385224274406,0.2808835033991991,0.1758241758241758,0.0934307816934945,0.0018513620735255,0.084119717758226,0.0462962962962962,-0.024272637028610405,0.0015391380826737001,-0.032967032967033016,0.017066003891762396
3,42,xgb,s1_plus_ig,1.0,0.25,positive_only,s1_plus_ig/mode=positive_only/ratio=1.0/keep=0.25,0.1290320565291758,0.0046174142480211,0.2247550822295596,0.1428571428571428,0.1036237788005332,0.9946492271105826,0.0541900085322292,S1/smote,0.1427132080925518,0.0026385224274406,0.2808835033991991,0.1758241758241758,0.0934307816934945,0.0018513620735255,0.084119717758226,0.0462962962962962,-0.013681151563376015,0.0019788918205805002,-0.032967032967033016,0.010192997107038693
3,42,xgb,s1_plus_ig,1.5,0.25,positive_only,s1_plus_ig/mode=positive_only/ratio=1.5/keep=0.25,0.1269007318400238,0.0021987686895338,0.209976201597387,0.1318681318681318,0.0992024529995535,0.9946492271105826,0.0541900085322292,S1/smote,0.1427132080925518,0.0026385224274406,0.2808835033991991,0.1758241758241758,0.0934307816934945,0.0018513620735255,0.084119717758226,0.0462962962962962,-0.015812476252528018,-0.0004397537379068001,-0.04395604395604402,0.005771671306059004
3,42,xgb,s1_plus_ig,2.0,0.25,positive_only,s1_plus_ig/mode=positive_only/ratio=2.0/keep=0.25,0.1103332670899221,0.0037379067722075,0.2097316957784996,0.1318681318681318,0.107488532727159,0.9946492271105826,0.0541900085322292,S1/smote,0.1427132080925518,0.0026385224274406,0.2808835033991991,0.1758241758241758,0.0934307816934945,0.0018513620735255,0.084119717758226,0.0462962962962962,-0.03237994100262971,0.0010993843447668996,-0.04395604395604402,0.014057751033664495
3,42,xgb,s1_plus_ig,0.25,0.5,positive_only,s1_plus_ig/mode=positive_only/ratio=0.25/keep=0.5,0.127709956620508,0.0134124890061565,0.2081269855807849,0.1538461538461538,0.084119726245419,0.9983364839319472,0.0561230548700482,S1/smote,0.1427132080925518,0.0026385224274406,0.2808835033991991,0.1758241758241758,0.0934307816934945,0.0018513620735255,0.084119717758226,0.0462962962962962,-0.015003251472043816,0.010773966578715901,-0.02197802197802201,-0.009311055448075506
3,42,xgb,s1_plus_ig,0.5,0.5,positive_only,s1_plus_ig/mode=positive_only/ratio=0.5/keep=0.5,0.1326901909575357,0.0035180299032541,0.2139580005750773,0.1538461538461538,0.0986762198456343,0.9983364839319472,0.0561230548700482,S1/smote,0.1427132080925518,0.0026385224274406,0.2808835033991991,0.1758241758241758,0.0934307816934945,0.0018513620735255,0.084119717758226,0.0462962962962962,-0.010023017135016105,0.0008795074758135,-0.02197802197802201,0.005245438152139792
3,42,xgb,s1_plus_ig,0.75,0.5,positive_only,s1_plus_ig/mode=positive_only/ratio=0.75/keep=0.5,0.1443590324294311,0.0015391380826737,0.2486705207327528,0.1428571428571428,0.1168031339572217,0.9983364839319472,0.0561230548700482,S1/smote,0.1427132080925518,0.0026385224274406,0.2808835033991991,0.1758241758241758,0.0934307816934945,0.0018513620735255,0.084119717758226,0.0462962962962962,0.0016458243368792924,-0.0010993843447669003,-0.032967032967033016,0.023372352263727192
3,42,xgb,s1_plus_ig,1.0,0.5,positive_only,s1_plus_ig/mode=positive_only/ratio=1.0/keep=0.5,0.1499180176223759,0.001759014951627,0.258653409093778,0.1318681318681318,0.1683178543412029,0.9983364839319472,0.0561230548700482,S1/smote,0.1427132080925518,0.0026385224274406,0.2808835033991991,0.1758241758241758,0.0934307816934945,0.0018513620735255,0.084119717758226,0.0462962962962962,0.00720480952982408,-0.0008795074758136002,-0.04395604395604402,0.07488707264770839
3,42,xgb,s1_plus_ig,1.5,0.5,positive_only,s1_plus_ig/mode=positive_only/ratio=1.5/keep=0.5,0.1334416414256158,0.0043975373790677,0.2135781597221399,0.1318681318681318,0.1441137336871265,0.9983364839319472,0.0561230548700482,S1/smote,0.1427132080925518,0.0026385224274406,0.2808835033991991,0.1758241758241758,0.0934307816934945,0.0018513620735255,0.084119717758226,0.0462962962962962,-0.009271566666936015,0.0017590149516270998,-0.04395604395604402,0.050682951993631986
3,42,xgb,s1_plus_ig,2.0,0.5,positive_only,s1_plus_ig/mode=positive_only/ratio=2.0/keep=0.5,0.1278992446077634,0.0032981530343007,0.2184185670488211,0.1318681318681318,0.110478491422732,0.9983364839319472,0.0561230548700482,S1/smote,0.1427132080925518,0.0026385224274406,0.2808835033991991,0.1758241758241758,0.0934307816934945,0.0018513620735255,0.084119717758226,0.0462962962962962,-0.014813963484788417,0.0006596306068601,-0.04395604395604402,0.017047709729237498
3,42,xgb,s1_plus_ig,0.25,0.75,positive_only,s1_plus_ig/mode=positive_only/ratio=0.25/keep=0.75,0.127709956620508,0.0134124890061565,0.2081269855807849,0.1538461538461538,0.084119726245419,0.9966729678638944,0.0663056772131959,S1/smote,0.1427132080925518,0.0026385224274406,0.2808835033991991,0.1758241758241758,0.0934307816934945,0.0018513620735255,0.084119717758226,0.0462962962962962,-0.015003251472043816,0.010773966578715901,-0.02197802197802201,-0.009311055448075506
3,42,xgb,s1_plus_ig,0.5,0.75,positive_only,s1_plus_ig/mode=positive_only/ratio=0.5/keep=0.75,0.1326901909575357,0.0035180299032541,0.2139580005750773,0.1538461538461538,0.0986762198456343,0.9966729678638944,0.0663056772131959,S1/smote,0.1427132080925518,0.0026385224274406,0.2808835033991991,0.1758241758241758,0.0934307816934945,0.0018513620735255,0.084119717758226,0.0462962962962962,-0.010023017135016105,0.0008795074758135,-0.02197802197802201,0.005245438152139792
3,42,xgb,s1_plus_ig,0.75,0.75,positive_only,s1_plus_ig/mode=positive_only/ratio=0.75/keep=0.75,0.1323261649394249,0.0030782761653474,0.239240212498947,0.1318681318681318,0.1255314624103364,0.9966729678638944,0.0663056772131959,S1/smote,0.1427132080925518,0.0026385224274406,0.2808835033991991,0.1758241758241758,0.0934307816934945,0.0018513620735255,0.084119717758226,0.0462962962962962,-0.010387043153126913,0.00043975373790679966,-0.04395604395604402,0.032100680716841884
3,42,xgb,s1_plus_ig,1.0,0.75,positive_only,s1_plus_ig/mode=positive_only/ratio=1.0/keep=0.75,0.1432849049722452,0.0026385224274406,0.2334536805399447,0.1538461538461538,0.1341401673442462,0.9966729678638944,0.0663056772131959,S1/smote,0.1427132080925518,0.0026385224274406,0.2808835033991991,0.1758241758241758,0.0934307816934945,0.0018513620735255,0.084119717758226,0.0462962962962962,0.0005716968796933841,0.0,-0.02197802197802201,0.04070938565075169
3,42,xgb,s1_plus_ig,1.5,0.75,positive_only,s1_plus_ig/mode=positive_only/ratio=1.5/keep=0.75,0.1228618594798286,0.0037379067722075,0.2254410775724794,0.1428571428571428,0.1233284074811288,0.9966729678638944,0.0663056772131959,S1/smote,0.1427132080925518,0.0026385224274406,0.2808835033991991,0.1758241758241758,0.0934307816934945,0.0018513620735255,0.084119717758226,0.0462962962962962,-0.01985134861272321,0.0010993843447668996,-0.032967032967033016,0.029897625787634302
3,42,xgb,s1_plus_ig,2.0,0.75,positive_only,s1_plus_ig/mode=positive_only/ratio=2.0/keep=0.75,0.1366465291859844,0.0024186455584872,0.2391184667973869,0.1538461538461538,0.1237874513946716,0.9966729678638944,0.0663056772131959,S1/smote,0.1427132080925518,0.0026385224274406,0.2808835033991991,0.1758241758241758,0.0934307816934945,0.0018513620735255,0.084119717758226,0.0462962962962962,-0.0060666789065673965,-0.00021987686895340005,-0.02197802197802201,0.03035666970117709
3,42,xgb,s1_plus_ig,0.25,1.0,positive_only,s1_plus_ig/mode=positive_only/ratio=0.25/keep=1.0,0.127709956620508,0.0134124890061565,0.2081269855807849,0.1538461538461538,0.084119726245419,0.9964461247637052,0.0602562459629084,S1/smote,0.1427132080925518,0.0026385224274406,0.2808835033991991,0.1758241758241758,0.0934307816934945,0.0018513620735255,0.084119717758226,0.0462962962962962,-0.015003251472043816,0.010773966578715901,-0.02197802197802201,-0.009311055448075506
3,42,xgb,s1_plus_ig,0.5,1.0,positive_only,s1_plus_ig/mode=positive_only/ratio=0.5/keep=1.0,0.1326901909575357,0.0035180299032541,0.2139580005750773,0.1538461538461538,0.0986762198456343,0.9964461247637052,0.0602562459629084,S1/smote,0.1427132080925518,0.0026385224274406,0.2808835033991991,0.1758241758241758,0.0934307816934945,0.0018513620735255,0.084119717758226,0.0462962962962962,-0.010023017135016105,0.0008795074758135,-0.02197802197802201,0.005245438152139792
3,42,xgb,s1_plus_ig,0.75,1.0,positive_only,s1_plus_ig/mode=positive_only/ratio=0.75/keep=1.0,0.1323261649394249,0.0030782761653474,0.239240212498947,0.1318681318681318,0.1255314624103364,0.9964461247637052,0.0602562459629084,S1/smote,0.1427132080925518,0.0026385224274406,0.2808835033991991,0.1758241758241758,0.0934307816934945,0.0018513620735255,0.084119717758226,0.0462962962962962,-0.010387043153126913,0.00043975373790679966,-0.04395604395604402,0.032100680716841884
3,42,xgb,s1_plus_ig,1.0,1.0,positive_only,s1_plus_ig/mode=positive_only/ratio=1.0/keep=1.0,0.1432849049722452,0.0026385224274406,0.2334536805399447,0.1538461538461538,0.1341401673442462,0.9964461247637052,0.0602562459629084,S1/smote,0.1427132080925518,0.0026385224274406,0.2808835033991991,0.1758241758241758,0.0934307816934945,0.0018513620735255,0.084119717758226,0.0462962962962962,0.0005716968796933841,0.0,-0.02197802197802201,0.04070938565075169
3,42,xgb,s1_plus_ig,1.5,1.0,positive_only,s1_plus_ig/mode=positive_only/ratio=1.5/keep=1.0,0.1379682453014499,0.0039577836411609,0.2212955210418345,0.1318681318681318,0.0920950830911125,0.9964461247637052,0.0602562459629084,S1/smote,0.1427132080925518,0.0026385224274406,0.2808835033991991,0.1758241758241758,0.0934307816934945,0.0018513620735255,0.084119717758226,0.0462962962962962,-0.004744962791101898,0.0013192612137202997,-0.04395604395604402,-0.0013356986023820017
3,42,xgb,s1_plus_ig,2.0,1.0,positive_only,s1_plus_ig/mode=positive_only/ratio=2.0/keep=1.0,0.1488054415084451,0.0076956904133685,0.2359407157629371,0.1978021978021978,0.1241745069030111,0.9964461247637052,0.0602562459629084,S1/smote,0.1427132080925518,0.0026385224274406,0.2808835033991991,0.1758241758241758,0.0934307816934945,0.0018513620735255,0.084119717758226,0.0462962962962962,0.0060922334158932945,0.0050571679859279,0.021978021978021983,0.030743725209516598
3,43,xgb,s1_plus_ig,0.25,0.25,positive_only,s1_plus_ig/mode=positive_only/ratio=0.25/keep=0.25,0.1362679414889975,0.0039577836411609,0.2212955210418345,0.1648351648351648,0.0735803082384215,0.950653983353151,0.0653793445260138,S1/random_under_20to1,0.1421441788709668,0.0032981530343007,0.2343926370872197,0.1758241758241758,0.1126835636589101,0.0013224014810896,0.1221305524774689,0.0648148148148148,-0.005876237381969296,0.0006596306068601997,-0.010989010989011005,-0.03910325542048859
3,43,xgb,s1_plus_ig,0.5,0.25,positive_only,s1_plus_ig/mode=positive_only/ratio=0.5/keep=0.25,0.1408874417945737,0.0131926121372031,0.2200672421458689,0.1868131868131868,0.0944561018955734,0.950653983353151,0.0653793445260138,S1/random_under_20to1,0.1421441788709668,0.0032981530343007,0.2343926370872197,0.1758241758241758,0.1126835636589101,0.0013224014810896,0.1221305524774689,0.0648148148148148,-0.0012567370763931218,0.0098944591029024,0.010989010989010978,-0.0182274617633367
3,43,xgb,s1_plus_ig,0.75,0.25,positive_only,s1_plus_ig/mode=positive_only/ratio=0.75/keep=0.25,0.1473611726613647,0.0043975373790677,0.2135781597221399,0.1758241758241758,0.0902220830224266,0.950653983353151,0.0653793445260138,S1/random_under_20to1,0.1421441788709668,0.0032981530343007,0.2343926370872197,0.1758241758241758,0.1126835636589101,0.0013224014810896,0.1221305524774689,0.0648148148148148,0.005216993790397889,0.0010993843447669998,0.0,-0.022461480636483497
3,43,xgb,s1_plus_ig,1.0,0.25,positive_only,s1_plus_ig/mode=positive_only/ratio=1.0/keep=0.25,0.1275681601449102,0.0026385224274406,0.2164927591776452,0.1318681318681318,0.0812494327396865,0.950653983353151,0.0653793445260138,S1/random_under_20to1,0.1421441788709668,0.0032981530343007,0.2343926370872197,0.1758241758241758,0.1126835636589101,0.0013224014810896,0.1221305524774689,0.0648148148148148,-0.0145760187260566,-0.0006596306068601,-0.04395604395604402,-0.03143413091922359
3,43,xgb,s1_plus_ig,1.5,0.25,positive_only,s1_plus_ig/mode=positive_only/ratio=1.5/keep=0.25,0.1543013745017937,0.0019788918205804,0.2516660521718802,0.1318681318681318,0.068216915070757,0.950653983353151,0.0653793445260138,S1/random_under_20to1,0.1421441788709668,0.0032981530343007,0.2343926370872197,0.1758241758241758,0.1126835636589101,0.0013224014810896,0.1221305524774689,0.0648148148148148,0.0121571956308269,-0.0013192612137203,-0.04395604395604402,-0.04446664858815309
3,43,xgb,s1_plus_ig,2.0,0.25,positive_only,s1_plus_ig/mode=positive_only/ratio=2.0/keep=0.25,0.1602910652818402,0.0252858399296394,0.2185058581736921,0.1538461538461538,0.0632040443323518,0.950653983353151,0.0653793445260138,S1/random_under_20to1,0.1421441788709668,0.0032981530343007,0.2343926370872197,0.1758241758241758,0.1126835636589101,0.0013224014810896,0.1221305524774689,0.0648148148148148,0.018146886410873392,0.021987686895338702,-0.02197802197802201,-0.049479519326558294
3,43,xgb,s1_plus_ig,0.25,0.5,positive_only,s1_plus_ig/mode=positive_only/ratio=0.25/keep=0.5,0.1362679414889975,0.0039577836411609,0.2212955210418345,0.1648351648351648,0.0735803082384215,0.958109640831758,0.0658397918949002,S1/random_under_20to1,0.1421441788709668,0.0032981530343007,0.2343926370872197,0.1758241758241758,0.1126835636589101,0.0013224014810896,0.1221305524774689,0.0648148148148148,-0.005876237381969296,0.0006596306068601997,-0.010989010989011005,-0.03910325542048859
3,43,xgb,s1_plus_ig,0.5,0.5,positive_only,s1_plus_ig/mode=positive_only/ratio=0.5/keep=0.5,0.126968267061613,0.0178100263852242,0.2200784131913012,0.1538461538461538,0.0995496964145823,0.958109640831758,0.0658397918949002,S1/random_under_20to1,0.1421441788709668,0.0032981530343007,0.2343926370872197,0.1758241758241758,0.1126835636589101,0.0013224014810896,0.1221305524774689,0.0648148148148148,-0.01517591180935382,0.0145118733509235,-0.02197802197802201,-0.013133867244327788
3,43,xgb,s1_plus_ig,0.75,0.5,positive_only,s1_plus_ig/mode=positive_only/ratio=0.75/keep=0.5,0.1444607904320298,0.0127528583992963,0.2336813571495747,0.1868131868131868,0.0924402170834847,0.958109640831758,0.0658397918949002,S1/random_under_20to1,0.1421441788709668,0.0032981530343007,0.2343926370872197,0.1758241758241758,0.1126835636589101,0.0013224014810896,0.1221305524774689,0.0648148148148148,0.002316611561062998,0.0094547053649956,0.010989010989010978,-0.020243346575425397
3,43,xgb,s1_plus_ig,1.0,0.5,positive_only,s1_plus_ig/mode=positive_only/ratio=1.0/keep=0.5,0.1558577389268383,0.0107739665787159,0.2502560912607099,0.1868131868131868,0.0894511462686348,0.958109640831758,0.0658397918949002,S1/random_under_20to1,0.1421441788709668,0.0032981530343007,0.2343926370872197,0.1758241758241758,0.1126835636589101,0.0013224014810896,0.1221305524774689,0.0648148148148148,0.013713560055871488,0.007475813544415199,0.010989010989010978,-0.02323241739027529
3,43,xgb,s1_plus_ig,1.5,0.5,positive_only,s1_plus_ig/mode=positive_only/ratio=1.5/keep=0.5,0.1426451000252388,0.0160510114335971,0.2210016070287589,0.1758241758241758,0.0849301830557698,0.958109640831758,0.0658397918949002,S1/random_under_20to1,0.1421441788709668,0.0032981530343007,0.2343926370872197,0.1758241758241758,0.1126835636589101,0.0013224014810896,0.1221305524774689,0.0648148148148148,0.0005009211542719993,0.0127528583992964,0.0,-0.027753380603140296
3,43,xgb,s1_plus_ig,2.0,0.5,positive_only,s1_plus_ig/mode=positive_only/ratio=2.0/keep=0.5,0.1301373175158176,0.011433597185576,0.2444053644782578,0.1648351648351648,0.0800873595177302,0.958109640831758,0.0658397918949002,S1/random_under_20to1,0.1421441788709668,0.0032981530343007,0.2343926370872197,0.1758241758241758,0.1126835636589101,0.0013224014810896,0.1221305524774689,0.0648148148148148,-0.012006861355149195,0.0081354441512753,-0.010989010989011005,-0.03259620414117989
3,43,xgb,s1_plus_ig,0.25,0.75,positive_only,s1_plus_ig/mode=positive_only/ratio=0.25/keep=0.75,0.1362679414889975,0.0039577836411609,0.2212955210418345,0.1648351648351648,0.0735803082384215,0.9724763705103968,0.0689946948837671,S1/random_under_20to1,0.1421441788709668,0.0032981530343007,0.2343926370872197,0.1758241758241758,0.1126835636589101,0.0013224014810896,0.1221305524774689,0.0648148148148148,-0.005876237381969296,0.0006596306068601997,-0.010989010989011005,-0.03910325542048859
3,43,xgb,s1_plus_ig,0.5,0.75,positive_only,s1_plus_ig/mode=positive_only/ratio=0.5/keep=0.75,0.126968267061613,0.0178100263852242,0.2200784131913012,0.1538461538461538,0.0995496964145823,0.9724763705103968,0.0689946948837671,S1/random_under_20to1,0.1421441788709668,0.0032981530343007,0.2343926370872197,0.1758241758241758,0.1126835636589101,0.0013224014810896,0.1221305524774689,0.0648148148148148,-0.01517591180935382,0.0145118733509235,-0.02197802197802201,-0.013133867244327788
3,43,xgb,s1_plus_ig,0.75,0.75,positive_only,s1_plus_ig/mode=positive_only/ratio=0.75/keep=0.75,0.1345199024701174,0.0074758135444151,0.238509090276231,0.1868131868131868,0.1033147050256898,0.9724763705103968,0.0689946948837671,S1/random_under_20to1,0.1421441788709668,0.0032981530343007,0.2343926370872197,0.1758241758241758,0.1126835636589101,0.0013224014810896,0.1221305524774689,0.0648148148148148,-0.007624276400849422,0.0041776605101144,0.010989010989010978,-0.00936885863322029
3,43,xgb,s1_plus_ig,1.0,0.75,positive_only,s1_plus_ig/mode=positive_only/ratio=1.0/keep=0.75,0.1335025139665573,0.0050571679859278,0.2177751515877027,0.1758241758241758,0.1123283194923357,0.9724763705103968,0.0689946948837671,S1/random_under_20to1,0.1421441788709668,0.0032981530343007,0.2343926370872197,0.1758241758241758,0.1126835636589101,0.0013224014810896,0.1221305524774689,0.0648148148148148,-0.008641664904409513,0.0017590149516270998,0.0,-0.0003552441665743977
3,43,xgb,s1_plus_ig,1.5,0.75,positive_only,s1_plus_ig/mode=positive_only/ratio=1.5/keep=0.75,0.1515881712358163,0.0101143359718557,0.2455195756784365,0.2087912087912088,0.1153763252683655,0.9724763705103968,0.0689946948837671,S1/random_under_20to1,0.1421441788709668,0.0032981530343007,0.2343926370872197,0.1758241758241758,0.1126835636589101,0.0013224014810896,0.1221305524774689,0.0648148148148148,0.009443992364849496,0.006816182937555,0.03296703296703299,0.0026927616094554047
3,43,xgb,s1_plus_ig,2.0,0.75,positive_only,s1_plus_ig/mode=positive_only/ratio=2.0/keep=0.75,0.152521910302231,0.0046174142480211,0.2532035651948761,0.1868131868131868,0.1041420921184322,0.9724763705103968,0.0689946948837671,S1/random_under_20to1,0.1421441788709668,0.0032981530343007,0.2343926370872197,0.1758241758241758,0.1126835636589101,0.0013224014810896,0.1221305524774689,0.0648148148148148,0.010377731431264192,0.0013192612137204003,0.010989010989010978,-0.008541471540477893
3,43,xgb,s1_plus_ig,0.25,1.0,positive_only,s1_plus_ig/mode=positive_only/ratio=0.25/keep=1.0,0.1362679414889975,0.0039577836411609,0.2212955210418345,0.1648351648351648,0.0735803082384215,0.9683931947069944,0.0605909704720814,S1/random_under_20to1,0.1421441788709668,0.0032981530343007,0.2343926370872197,0.1758241758241758,0.1126835636589101,0.0013224014810896,0.1221305524774689,0.0648148148148148,-0.005876237381969296,0.0006596306068601997,-0.010989010989011005,-0.03910325542048859
3,43,xgb,s1_plus_ig,0.5,1.0,positive_only,s1_plus_ig/mode=positive_only/ratio=0.5/keep=1.0,0.126968267061613,0.0178100263852242,0.2200784131913012,0.1538461538461538,0.0995496964145823,0.9683931947069944,0.0605909704720814,S1/random_under_20to1,0.1421441788709668,0.0032981530343007,0.2343926370872197,0.1758241758241758,0.1126835636589101,0.0013224014810896,0.1221305524774689,0.0648148148148148,-0.01517591180935382,0.0145118733509235,-0.02197802197802201,-0.013133867244327788
3,43,xgb,s1_plus_ig,0.75,1.0,positive_only,s1_plus_ig/mode=positive_only/ratio=0.75/keep=1.0,0.1345199024701174,0.0074758135444151,0.238509090276231,0.1868131868131868,0.1033147050256898,0.9683931947069944,0.0605909704720814,S1/random_under_20to1,0.1421441788709668,0.0032981530343007,0.2343926370872197,0.1758241758241758,0.1126835636589101,0.0013224014810896,0.1221305524774689,0.0648148148148148,-0.007624276400849422,0.0041776605101144,0.010989010989010978,-0.00936885863322029
3,43,xgb,s1_plus_ig,1.0,1.0,positive_only,s1_plus_ig/mode=positive_only/ratio=1.0/keep=1.0,0.1335025139665573,0.0050571679859278,0.2177751515877027,0.1758241758241758,0.1123283194923357,0.9683931947069944,0.0605909704720814,S1/random_under_20to1,0.1421441788709668,0.0032981530343007,0.2343926370872197,0.1758241758241758,0.1126835636589101,0.0013224014810896,0.1221305524774689,0.0648148148148148,-0.008641664904409513,0.0017590149516270998,0.0,-0.0003552441665743977
3,43,xgb,s1_plus_ig,1.5,1.0,positive_only,s1_plus_ig/mode=positive_only/ratio=1.5/keep=1.0,0.1291852999038698,0.015391380826737,0.225157999754688,0.1648351648351648,0.1458690617311611,0.9683931947069944,0.0605909704720814,S1/random_under_20to1,0.1421441788709668,0.0032981530343007,0.2343926370872197,0.1758241758241758,0.1126835636589101,0.0013224014810896,0.1221305524774689,0.0648148148148148,-0.01295887896709702,0.012093227792436299,-0.010989010989011005,0.033185498072251005
3,43,xgb,s1_plus_ig,2.0,1.0,positive_only,s1_plus_ig/mode=positive_only/ratio=2.0/keep=1.0,0.0996010991300702,0.025065963060686,0.1865070436333792,0.1318681318681318,0.12046357356709,0.9683931947069944,0.0605909704720814,S1/random_under_20to1,0.1421441788709668,0.0032981530343007,0.2343926370872197,0.1758241758241758,0.1126835636589101,0.0013224014810896,0.1221305524774689,0.0648148148148148,-0.042543079740896605,0.021767810026385302,-0.04395604395604402,0.007780009908179911
3,44,xgb,s1_plus_ig,0.25,0.25,positive_only,s1_plus_ig/mode=positive_only/ratio=0.25/keep=0.25,0.1255902543076961,0.0050571679859278,0.2458272264793724,0.1868131868131868,0.0869801581558163,0.9512485136741974,0.0598571262370972,S1/random_over,0.1514136401813401,0.0048372911169744,0.2630727162738256,0.1978021978021978,0.0893077203320991,0.0031737635546151,0.0869281455027848,0.037037037037037,-0.025823385873643995,0.0002198768689533996,-0.010989010989011005,-0.002327562176282799
3,44,xgb,s1_plus_ig,0.5,0.25,positive_only,s1_plus_ig/mode=positive_only/ratio=0.5/keep=0.25,0.1473664856513773,0.0050571679859278,0.2458272264793724,0.1648351648351648,0.1014069637172074,0.9512485136741974,0.0598571262370972,S1/random_over,0.1514136401813401,0.0048372911169744,0.2630727162738256,0.1978021978021978,0.0893077203320991,0.0031737635546151,0.0869281455027848,0.037037037037037,-0.004047154529962793,0.0002198768689533996,-0.03296703296703299,0.012099243385108288
3,44,xgb,s1_plus_ig,0.75,0.25,positive_only,s1_plus_ig/mode=positive_only/ratio=0.75/keep=0.25,0.1369465196399114,0.002858399296394,0.2600618579490731,0.1758241758241758,0.1132318128390553,0.9512485136741974,0.0598571262370972,S1/random_over,0.1514136401813401,0.0048372911169744,0.2630727162738256,0.1978021978021978,0.0893077203320991,0.0031737635546151,0.0869281455027848,0.037037037037037,-0.014467120541428707,-0.0019788918205804005,-0.021978021978021983,0.023924092506956193
3,44,xgb,s1_plus_ig,1.0,0.25,positive_only,s1_plus_ig/mode=positive_only/ratio=1.0/keep=0.25,0.1372983551476728,0.0070360598065083,0.2438714593458923,0.1868131868131868,0.1082501968513478,0.9512485136741974,0.0598571262370972,S1/random_over,0.1514136401813401,0.0048372911169744,0.2630727162738256,0.1978021978021978,0.0893077203320991,0.0031737635546151,0.0869281455027848,0.037037037037037,-0.014115285033667296,0.0021987686895339,-0.010989010989011005,0.0189424765192487
3,44,xgb,s1_plus_ig,1.5,0.25,positive_only,s1_plus_ig/mode=positive_only/ratio=1.5/keep=0.25,0.1183646925183569,0.0068161829375549,0.2340390355022404,0.1868131868131868,0.1152228190865675,0.9512485136741974,0.0598571262370972,S1/random_over,0.1514136401813401,0.0048372911169744,0.2630727162738256,0.1978021978021978,0.0893077203320991,0.0031737635546151,0.0869281455027848,0.037037037037037,-0.03304894766298319,0.0019788918205804994,-0.010989010989011005,0.025915098754468388
3,44,xgb,s1_plus_ig,2.0,0.25,positive_only,s1_plus_ig/mode=positive_only/ratio=2.0/keep=0.25,0.1359915091708254,0.0035180299032541,0.3024565384513816,0.2087912087912088,0.1143384104358601,0.9512485136741974,0.0598571262370972,S1/random_over,0.1514136401813401,0.0048372911169744,0.2630727162738256,0.1978021978021978,0.0893077203320991,0.0031737635546151,0.0869281455027848,0.037037037037037,-0.015422131010514706,-0.0013192612137203,0.010989010989011005,0.025030690103760994
3,44,xgb,s1_plus_ig,0.25,0.5,positive_only,s1_plus_ig/mode=positive_only/ratio=0.25/keep=0.5,0.1255902543076961,0.0050571679859278,0.2458272264793724,0.1868131868131868,0.0869801581558163,0.9920604914933836,0.0853671246174404,S1/random_over,0.1514136401813401,0.0048372911169744,0.2630727162738256,0.1978021978021978,0.0893077203320991,0.0031737635546151,0.0869281455027848,0.037037037037037,-0.025823385873643995,0.0002198768689533996,-0.010989010989011005,-0.002327562176282799
3,44,xgb,s1_plus_ig,0.5,0.5,positive_only,s1_plus_ig/mode=positive_only/ratio=0.5/keep=0.5,0.1309900735436961,0.0070360598065083,0.2562053420219975,0.2087912087912088,0.1039259365961337,0.9920604914933836,0.0853671246174404,S1/random_over,0.1514136401813401,0.0048372911169744,0.2630727162738256,0.1978021978021978,0.0893077203320991,0.0031737635546151,0.0869281455027848,0.037037037037037,-0.020423566637643997,0.0021987686895339,0.010989010989011005,0.01461821626403459
3,44,xgb,s1_plus_ig,0.75,0.5,positive_only,s1_plus_ig/mode=positive_only/ratio=0.75/keep=0.5,0.1342122554105294,0.0026385224274406,0.2655998434043987,0.1978021978021978,0.111806987190614,0.9920604914933836,0.0853671246174404,S1/random_over,0.1514136401813401,0.0048372911169744,0.2630727162738256,0.1978021978021978,0.0893077203320991,0.0031737635546151,0.0869281455027848,0.037037037037037,-0.017201384770810707,-0.0021987686895338,0.0,0.022499266858514888
3,44,xgb,s1_plus_ig,1.0,0.5,positive_only,s1_plus_ig/mode=positive_only/ratio=1.0/keep=0.5,0.153342617035872,0.0024186455584872,0.2868315375309668,0.1868131868131868,0.1285667777845439,0.9920604914933836,0.0853671246174404,S1/random_over,0.1514136401813401,0.0048372911169744,0.2630727162738256,0.1978021978021978,0.0893077203320991,0.0031737635546151,0.0869281455027848,0.037037037037037,0.0019289768545318886,-0.0024186455584872,-0.010989010989011005,0.03925905745244479
3,44,xgb,s1_plus_ig,1.5,0.5,positive_only,s1_plus_ig/mode=positive_only/ratio=1.5/keep=0.5,0.1509036812285974,0.0021987686895338,0.2279411478652422,0.1538461538461538,0.0837396143043945,0.9920604914933836,0.0853671246174404,S1/random_over,0.1514136401813401,0.0048372911169744,0.2630727162738256,0.1978021978021978,0.0893077203320991,0.0031737635546151,0.0869281455027848,0.037037037037037,-0.0005099589527426951,-0.0026385224274406,-0.043956043956043994,-0.005568106027704606
3,44,xgb,s1_plus_ig,2.0,0.5,positive_only,s1_plus_ig/mode=positive_only/ratio=2.0/keep=0.5,0.1458770049251282,0.0,0.2322183416488127,0.1318681318681318,0.1338895556738217,0.9920604914933836,0.0853671246174404,S1/random_over,0.1514136401813401,0.0048372911169744,0.2630727162738256,0.1978021978021978,0.0893077203320991,0.0031737635546151,0.0869281455027848,0.037037037037037,-0.005536635256211897,-0.0048372911169744,-0.065934065934066,0.04458183534172258
3,44,xgb,s1_plus_ig,0.25,0.75,positive_only,s1_plus_ig/mode=positive_only/ratio=0.25/keep=0.75,0.1255902543076961,0.0050571679859278,0.2458272264793724,0.1868131868131868,0.0869801581558163,0.9963705103969752,0.0775890216264995,S1/random_over,0.1514136401813401,0.0048372911169744,0.2630727162738256,0.1978021978021978,0.0893077203320991,0.0031737635546151,0.0869281455027848,0.037037037037037,-0.025823385873643995,0.0002198768689533996,-0.010989010989011005,-0.002327562176282799
3,44,xgb,s1_plus_ig,0.5,0.75,positive_only,s1_plus_ig/mode=positive_only/ratio=0.5/keep=0.75,0.1309900735436961,0.0070360598065083,0.2562053420219975,0.2087912087912088,0.1039259365961337,0.9963705103969752,0.0775890216264995,S1/random_over,0.1514136401813401,0.0048372911169744,0.2630727162738256,0.1978021978021978,0.0893077203320991,0.0031737635546151,0.0869281455027848,0.037037037037037,-0.020423566637643997,0.0021987686895339,0.010989010989011005,0.01461821626403459
3,44,xgb,s1_plus_ig,0.75,0.75,positive_only,s1_plus_ig/mode=positive_only/ratio=0.75/keep=0.75,0.1475915408988912,0.0050571679859278,0.2855865173356274,0.1978021978021978,0.1169462217161326,0.9963705103969752,0.0775890216264995,S1/random_over,0.1514136401813401,0.0048372911169744,0.2630727162738256,0.1978021978021978,0.0893077203320991,0.0031737635546151,0.0869281455027848,0.037037037037037,-0.003822099282448893,0.0002198768689533996,0.0,0.027638501384033495
3,44,xgb,s1_plus_ig,1.0,0.75,positive_only,s1_plus_ig/mode=positive_only/ratio=1.0/keep=0.75,0.1528299831196561,0.0035180299032541,0.3024565384513816,0.1868131868131868,0.1215834315539405,0.9963705103969752,0.0775890216264995,S1/random_over,0.1514136401813401,0.0048372911169744,0.2630727162738256,0.1978021978021978,0.0893077203320991,0.0031737635546151,0.0869281455027848,0.037037037037037,0.0014163429383159953,-0.0013192612137203,-0.010989010989011005,0.03227571122184139
3,44,xgb,s1_plus_ig,1.5,0.75,positive_only,s1_plus_ig/mode=positive_only/ratio=1.5/keep=0.75,0.1574623035755494,0.0032981530343007,0.2936624736774494,0.1868131868131868,0.1062729620089696,0.9963705103969752,0.0775890216264995,S1/random_over,0.1514136401813401,0.0048372911169744,0.2630727162738256,0.1978021978021978,0.0893077203320991,0.0031737635546151,0.0869281455027848,0.037037037037037,0.006048663394209314,-0.0015391380826737001,-0.010989010989011005,0.016965241676870496
3,44,xgb,s1_plus_ig,2.0,0.75,positive_only,s1_plus_ig/mode=positive_only/ratio=2.0/keep=0.75,0.1380509818458559,0.0048372911169744,0.2065312724929101,0.1648351648351648,0.1170207208894927,0.9963705103969752,0.0775890216264995,S1/random_over,0.1514136401813401,0.0048372911169744,0.2630727162738256,0.1978021978021978,0.0893077203320991,0.0031737635546151,0.0869281455027848,0.037037037037037,-0.013362658335484195,0.0,-0.03296703296703299,0.02771300055739359
3,44,xgb,s1_plus_ig,0.25,1.0,positive_only,s1_plus_ig/mode=positive_only/ratio=0.25/keep=1.0,0.1255902543076961,0.0050571679859278,0.2458272264793724,0.1868131868131868,0.0869801581558163,0.990321361058601,0.0842372387196131,S1/random_over,0.1514136401813401,0.0048372911169744,0.2630727162738256,0.1978021978021978,0.0893077203320991,0.0031737635546151,0.0869281455027848,0.037037037037037,-0.025823385873643995,0.0002198768689533996,-0.010989010989011005,-0.002327562176282799
3,44,xgb,s1_plus_ig,0.5,1.0,positive_only,s1_plus_ig/mode=positive_only/ratio=0.5/keep=1.0,0.1309900735436961,0.0070360598065083,0.2562053420219975,0.2087912087912088,0.1039259365961337,0.990321361058601,0.0842372387196131,S1/random_over,0.1514136401813401,0.0048372911169744,0.2630727162738256,0.1978021978021978,0.0893077203320991,0.0031737635546151,0.0869281455027848,0.037037037037037,-0.020423566637643997,0.0021987686895339,0.010989010989011005,0.01461821626403459
3,44,xgb,s1_plus_ig,0.75,1.0,positive_only,s1_plus_ig/mode=positive_only/ratio=0.75/keep=1.0,0.1475915408988912,0.0050571679859278,0.2855865173356274,0.1978021978021978,0.1169462217161326,0.990321361058601,0.0842372387196131,S1/random_over,0.1514136401813401,0.0048372911169744,0.2630727162738256,0.1978021978021978,0.0893077203320991,0.0031737635546151,0.0869281455027848,0.037037037037037,-0.003822099282448893,0.0002198768689533996,0.0,0.027638501384033495
3,44,xgb,s1_plus_ig,1.0,1.0,positive_only,s1_plus_ig/mode=positive_only/ratio=1.0/keep=1.0,0.1528299831196561,0.0035180299032541,0.3024565384513816,0.1868131868131868,0.1215834315539405,0.990321361058601,0.0842372387196131,S1/random_over,0.1514136401813401,0.0048372911169744,0.2630727162738256,0.1978021978021978,0.0893077203320991,0.0031737635546151,0.0869281455027848,0.037037037037037,0.0014163429383159953,-0.0013192612137203,-0.010989010989011005,0.03227571122184139
3,44,xgb,s1_plus_ig,1.5,1.0,positive_only,s1_plus_ig/mode=positive_only/ratio=1.5/keep=1.0,0.096118271002537,0.0004397537379067,0.1679097880246344,0.1098901098901098,0.1049762495285282,0.990321361058601,0.0842372387196131,S1/random_over,0.1514136401813401,0.0048372911169744,0.2630727162738256,0.1978021978021978,0.0893077203320991,0.0031737635546151,0.0869281455027848,0.037037037037037,-0.055295369178803094,-0.0043975373790677,-0.08791208791208799,0.015668529196429096
3,44,xgb,s1_plus_ig,2.0,1.0,positive_only,s1_plus_ig/mode=positive_only/ratio=2.0/keep=1.0,0.1160892824541461,0.005716798592788,0.179542459000898,0.1208791208791208,0.108492552347627,0.990321361058601,0.0842372387196131,S1/random_over,0.1514136401813401,0.0048372911169744,0.2630727162738256,0.1978021978021978,0.0893077203320991,0.0031737635546151,0.0869281455027848,0.037037037037037,-0.035324357727194,0.0008795074758135993,-0.076923076923077,0.019184832015527897
3,45,xgb,s1_plus_ig,0.25,0.25,positive_only,s1_plus_ig/mode=positive_only/ratio=0.25/keep=0.25,0.1253593528987323,0.0048372911169744,0.2065312724929101,0.1538461538461538,0.1134846242966057,0.980975029726516,0.085045729011616,S1/smote,0.1499425320632988,0.005716798592788,0.262069497046106,0.2087912087912088,0.1022847848080847,0.0034382438508331,0.1228188253526624,0.0648148148148148,-0.02458317916456651,-0.0008795074758135993,-0.054945054945055,0.011199839488521005
3,45,xgb,s1_plus_ig,0.5,0.25,positive_only,s1_plus_ig/mode=positive_only/ratio=0.5/keep=0.25,0.1276421912326145,0.0059366754617414,0.2191545631708319,0.1538461538461538,0.0841144515247857,0.980975029726516,0.085045729011616,S1/smote,0.1499425320632988,0.005716798592788,0.262069497046106,0.2087912087912088,0.1022847848080847,0.0034382438508331,0.1228188253526624,0.0648148148148148,-0.0223003408306843,0.00021987686895340048,-0.054945054945055,-0.018170333283299006
3,45,xgb,s1_plus_ig,0.75,0.25,positive_only,s1_plus_ig/mode=positive_only/ratio=0.75/keep=0.25,0.1341988882859749,0.0024186455584872,0.2220176384352007,0.1538461538461538,0.0885846249874105,0.980975029726516,0.085045729011616,S1/smote,0.1499425320632988,0.005716798592788,0.262069497046106,0.2087912087912088,0.1022847848080847,0.0034382438508331,0.1228188253526624,0.0648148148148148,-0.0157436437773239,-0.0032981530343007995,-0.054945054945055,-0.013700159820674199
3,45,xgb,s1_plus_ig,1.0,0.25,positive_only,s1_plus_ig/mode=positive_only/ratio=1.0/keep=0.25,0.1513615867388259,0.0043975373790677,0.2571197727312768,0.2087912087912088,0.0982295139661103,0.980975029726516,0.085045729011616,S1/smote,0.1499425320632988,0.005716798592788,0.262069497046106,0.2087912087912088,0.1022847848080847,0.0034382438508331,0.1228188253526624,0.0648148148148148,0.0014190546755271094,-0.0013192612137202997,0.0,-0.004055270841974407
3,45,xgb,s1_plus_ig,1.5,0.25,positive_only,s1_plus_ig/mode=positive_only/ratio=1.5/keep=0.25,0.1466021349063019,0.0101143359718557,0.25648027922628,0.2087912087912088,0.1286942211336549,0.980975029726516,0.085045729011616,S1/smote,0.1499425320632988,0.005716798592788,0.262069497046106,0.2087912087912088,0.1022847848080847,0.0034382438508331,0.1228188253526624,0.0648148148148148,-0.0033403971569969104,0.004397537379067701,0.0,0.02640943632557019
3,45,xgb,s1_plus_ig,2.0,0.25,positive_only,s1_plus_ig/mode=positive_only/ratio=2.0/keep=0.25,0.1378268659743504,0.0026385224274406,0.2334536805399447,0.1428571428571428,0.131257369376252,0.980975029726516,0.085045729011616,S1/smote,0.1499425320632988,0.005716798592788,0.262069497046106,0.2087912087912088,0.1022847848080847,0.0034382438508331,0.1228188253526624,0.0648148148148148,-0.012115666088948401,-0.0030782761653473994,-0.065934065934066,0.028972584568167287
3,45,xgb,s1_plus_ig,0.25,0.5,positive_only,s1_plus_ig/mode=positive_only/ratio=0.25/keep=0.5,0.1253593528987323,0.0048372911169744,0.2065312724929101,0.1538461538461538,0.1134846242966057,0.9932703213610584,0.0888149193374693,S1/smote,0.1499425320632988,0.005716798592788,0.262069497046106,0.2087912087912088,0.1022847848080847,0.0034382438508331,0.1228188253526624,0.0648148148148148,-0.02458317916456651,-0.0008795074758135993,-0.054945054945055,0.011199839488521005
3,45,xgb,s1_plus_ig,0.5,0.5,positive_only,s1_plus_ig/mode=positive_only/ratio=0.5/keep=0.5,0.1297770165059977,0.0068161829375549,0.2080343465915475,0.1648351648351648,0.0952357028448567,0.9932703213610584,0.0888149193374693,S1/smote,0.1499425320632988,0.005716798592788,0.262069497046106,0.2087912087912088,0.1022847848080847,0.0034382438508331,0.1228188253526624,0.0648148148148148,-0.02016551555730109,0.0010993843447669,-0.043956043956043994,-0.007049081963227996
3,45,xgb,s1_plus_ig,0.75,0.5,positive_only,s1_plus_ig/mode=positive_only/ratio=0.75/keep=0.5,0.1220218654568308,0.0015391380826737,0.1905855033798733,0.1318681318681318,0.1019520235453402,0.9932703213610584,0.0888149193374693,S1/smote,0.1499425320632988,0.005716798592788,0.262069497046106,0.2087912087912088,0.1022847848080847,0.0034382438508331,0.1228188253526624,0.0648148148148148,-0.027920666606467998,-0.0041776605101142995,-0.07692307692307701,-0.0003327612627444937
3,45,xgb,s1_plus_ig,1.0,0.5,positive_only,s1_plus_ig/mode=positive_only/ratio=1.0/keep=0.5,0.1150633249042527,0.002858399296394,0.228138045335274,0.1538461538461538,0.1109610598332651,0.9932703213610584,0.0888149193374693,S1/smote,0.1499425320632988,0.005716798592788,0.262069497046106,0.2087912087912088,0.1022847848080847,0.0034382438508331,0.1228188253526624,0.0648148148148148,-0.034879207159046105,-0.002858399296394,-0.054945054945055,0.008676275025180397
3,45,xgb,s1_plus_ig,1.5,0.5,positive_only,s1_plus_ig/mode=positive_only/ratio=1.5/keep=0.5,0.1323992236331692,0.0134124890061565,0.2489160356620248,0.1868131868131868,0.1077652782921405,0.9932703213610584,0.0888149193374693,S1/smote,0.1499425320632988,0.005716798592788,0.262069497046106,0.2087912087912088,0.1022847848080847,0.0034382438508331,0.1228188253526624,0.0648148148148148,-0.017543308430129606,0.007695690413368501,-0.02197802197802201,0.005480493484055798
3,45,xgb,s1_plus_ig,2.0,0.5,positive_only,s1_plus_ig/mode=positive_only/ratio=2.0/keep=0.5,0.1102104415911938,0.0041776605101143,0.2019032145301969,0.1428571428571428,0.1594999120629263,0.9932703213610584,0.0888149193374693,S1/smote,0.1499425320632988,0.005716798592788,0.262069497046106,0.2087912087912088,0.1022847848080847,0.0034382438508331,0.1228188253526624,0.0648148148148148,-0.039732090472105006,-0.0015391380826736993,-0.065934065934066,0.0572151272548416
3,45,xgb,s1_plus_ig,0.25,0.75,positive_only,s1_plus_ig/mode=positive_only/ratio=0.25/keep=0.75,0.1253593528987323,0.0048372911169744,0.2065312724929101,0.1538461538461538,0.1134846242966057,0.9963705103969754,0.0767806636297802,S1/smote,0.1499425320632988,0.005716798592788,0.262069497046106,0.2087912087912088,0.1022847848080847,0.0034382438508331,0.1228188253526624,0.0648148148148148,-0.02458317916456651,-0.0008795074758135993,-0.054945054945055,0.011199839488521005
3,45,xgb,s1_plus_ig,0.5,0.75,positive_only,s1_plus_ig/mode=positive_only/ratio=0.5/keep=0.75,0.1297770165059977,0.0068161829375549,0.2080343465915475,0.1648351648351648,0.0952357028448567,0.9963705103969754,0.0767806636297802,S1/smote,0.1499425320632988,0.005716798592788,0.262069497046106,0.2087912087912088,0.1022847848080847,0.0034382438508331,0.1228188253526624,0.0648148148148148,-0.02016551555730109,0.0010993843447669,-0.043956043956043994,-0.007049081963227996
3,45,xgb,s1_plus_ig,0.75,0.75,positive_only,s1_plus_ig/mode=positive_only/ratio=0.75/keep=0.75,0.1463462978407613,0.0048372911169744,0.2630727162738256,0.1978021978021978,0.1078777309751383,0.9963705103969754,0.0767806636297802,S1/smote,0.1499425320632988,0.005716798592788,0.262069497046106,0.2087912087912088,0.1022847848080847,0.0034382438508331,0.1228188253526624,0.0648148148148148,-0.003596234222537492,-0.0008795074758135993,-0.010989010989011005,0.005592946167053595
3,45,xgb,s1_plus_ig,1.0,0.75,positive_only,s1_plus_ig/mode=positive_only/ratio=1.0/keep=0.75,0.1314610594496709,0.0090149516270888,0.2451962644880628,0.2087912087912088,0.1238347840338506,0.9963705103969754,0.0767806636297802,S1/smote,0.1499425320632988,0.005716798592788,0.262069497046106,0.2087912087912088,0.1022847848080847,0.0034382438508331,0.1228188253526624,0.0648148148148148,-0.018481472613627897,0.0032981530343008,0.0,0.021549999225765906
3,45,xgb,s1_plus_ig,1.5,0.75,positive_only,s1_plus_ig/mode=positive_only/ratio=1.5/keep=0.75,0.1510885304651095,0.0105540897097625,0.2735902279747046,0.2417582417582417,0.1532309749332253,0.9963705103969754,0.0767806636297802,S1/smote,0.1499425320632988,0.005716798592788,0.262069497046106,0.2087912087912088,0.1022847848080847,0.0034382438508331,0.1228188253526624,0.0648148148148148,0.001145998401810705,0.0048372911169745,0.032967032967032905,0.050946190125140595
3,45,xgb,s1_plus_ig,2.0,0.75,positive_only,s1_plus_ig/mode=positive_only/ratio=2.0/keep=0.75,0.1482341135711602,0.0035180299032541,0.2745834403680691,0.2087912087912088,0.1190010343921432,0.9963705103969754,0.0767806636297802,S1/smote,0.1499425320632988,0.005716798592788,0.262069497046106,0.2087912087912088,0.1022847848080847,0.0034382438508331,0.1228188253526624,0.0648148148148148,-0.001708418492138597,-0.0021987686895338994,0.0,0.0167162495840585
3,45,xgb,s1_plus_ig,0.25,1.0,positive_only,s1_plus_ig/mode=positive_only/ratio=0.25/keep=1.0,0.1253593528987323,0.0048372911169744,0.2065312724929101,0.1538461538461538,0.1134846242966057,0.9987145557655954,0.080529908994201,S1/smote,0.1499425320632988,0.005716798592788,0.262069497046106,0.2087912087912088,0.1022847848080847,0.0034382438508331,0.1228188253526624,0.0648148148148148,-0.02458317916456651,-0.0008795074758135993,-0.054945054945055,0.011199839488521005
3,45,xgb,s1_plus_ig,0.5,1.0,positive_only,s1_plus_ig/mode=positive_only/ratio=0.5/keep=1.0,0.1297770165059977,0.0068161829375549,0.2080343465915475,0.1648351648351648,0.0952357028448567,0.9987145557655954,0.080529908994201,S1/smote,0.1499425320632988,0.005716798592788,0.262069497046106,0.2087912087912088,0.1022847848080847,0.0034382438508331,0.1228188253526624,0.0648148148148148,-0.02016551555730109,0.0010993843447669,-0.043956043956043994,-0.007049081963227996
3,45,xgb,s1_plus_ig,0.75,1.0,positive_only,s1_plus_ig/mode=positive_only/ratio=0.75/keep=1.0,0.1463462978407613,0.0048372911169744,0.2630727162738256,0.1978021978021978,0.1078777309751383,0.9987145557655954,0.080529908994201,S1/smote,0.1499425320632988,0.005716798592788,0.262069497046106,0.2087912087912088,0.1022847848080847,0.0034382438508331,0.1228188253526624,0.0648148148148148,-0.003596234222537492,-0.0008795074758135993,-0.010989010989011005,0.005592946167053595
3,45,xgb,s1_plus_ig,1.0,1.0,positive_only,s1_plus_ig/mode=positive_only/ratio=1.0/keep=1.0,0.1314610594496709,0.0090149516270888,0.2451962644880628,0.2087912087912088,0.1238347840338506,0.9987145557655954,0.080529908994201,S1/smote,0.1499425320632988,0.005716798592788,0.262069497046106,0.2087912087912088,0.1022847848080847,0.0034382438508331,0.1228188253526624,0.0648148148148148,-0.018481472613627897,0.0032981530343008,0.0,0.021549999225765906
3,45,xgb,s1_plus_ig,1.5,1.0,positive_only,s1_plus_ig/mode=positive_only/ratio=1.5/keep=1.0,0.1400005025801824,0.0035180299032541,0.2600801340651096,0.2087912087912088,0.0953991399589797,0.9987145557655954,0.080529908994201,S1/smote,0.1499425320632988,0.005716798592788,0.262069497046106,0.2087912087912088,0.1022847848080847,0.0034382438508331,0.1228188253526624,0.0648148148148148,-0.009942029483116399,-0.0021987686895338994,0.0,-0.006885644849105005
3,45,xgb,s1_plus_ig,2.0,1.0,positive_only,s1_plus_ig/mode=positive_only/ratio=2.0/keep=1.0,0.1376796694443027,0.0059366754617414,0.2587879206387392,0.1868131868131868,0.0832471187789575,0.9987145557655954,0.080529908994201,S1/smote,0.1499425320632988,0.005716798592788,0.262069497046106,0.2087912087912088,0.1022847848080847,0.0034382438508331,0.1228188253526624,0.0648148148148148,-0.01226286261899609,0.00021987686895340048,-0.02197802197802201,-0.019037666029127195
3,46,xgb,s1_plus_ig,0.25,0.25,positive_only,s1_plus_ig/mode=positive_only/ratio=0.25/keep=0.25,0.147540562937448,0.0083553210202286,0.2523140518597859,0.2087912087912088,0.1141000851687064,0.8938763376932224,0.0930329212277959,S1/smote,0.1491386714537342,0.0101143359718557,0.2344085677299784,0.1978021978021978,0.0762955570184915,0.0084633694789738,0.0929303574698858,0.0648148148148148,-0.0015981085162861952,-0.0017590149516270998,0.010989010989011005,0.0378045281502149
3,46,xgb,s1_plus_ig,0.5,0.25,positive_only,s1_plus_ig/mode=positive_only/ratio=0.5/keep=0.25,0.1441208701086909,0.0123131046613896,0.2474756333055526,0.1868131868131868,0.1033614190398906,0.8938763376932224,0.0930329212277959,S1/smote,0.1491386714537342,0.0101143359718557,0.2344085677299784,0.1978021978021978,0.0762955570184915,0.0084633694789738,0.0929303574698858,0.0648148148148148,-0.005017801345043288,0.002198768689533899,-0.010989010989011005,0.0270658620213991
3,46,xgb,s1_plus_ig,0.75,0.25,positive_only,s1_plus_ig/mode=positive_only/ratio=0.75/keep=0.25,0.141702993199195,0.0195690413368513,0.2373774259887942,0.1758241758241758,0.1361261767279164,0.8938763376932224,0.0930329212277959,S1/smote,0.1491386714537342,0.0101143359718557,0.2344085677299784,0.1978021978021978,0.0762955570184915,0.0084633694789738,0.0929303574698858,0.0648148148148148,-0.007435678254539196,0.009454705364995599,-0.021978021978021983,0.05983061970942491
3,46,xgb,s1_plus_ig,1.0,0.25,positive_only,s1_plus_ig/mode=positive_only/ratio=1.0/keep=0.25,0.1498362153808136,0.0215479331574318,0.2271269683357007,0.1538461538461538,0.1268219664095239,0.8938763376932224,0.0930329212277959,S1/smote,0.1491386714537342,0.0101143359718557,0.2344085677299784,0.1978021978021978,0.0762955570184915,0.0084633694789738,0.0929303574698858,0.0648148148148148,0.0006975439270794082,0.011433597185576098,-0.043956043956043994,0.050526409391032395
3,46,xgb,s1_plus_ig,1.5,0.25,positive_only,s1_plus_ig/mode=positive_only/ratio=1.5/keep=0.25,0.1437545349938822,0.012532981530343,0.2353859169733658,0.1648351648351648,0.1385882025341423,0.8938763376932224,0.0930329212277959,S1/smote,0.1491386714537342,0.0101143359718557,0.2344085677299784,0.1978021978021978,0.0762955570184915,0.0084633694789738,0.0929303574698858,0.0648148148148148,-0.005384136459852001,0.0024186455584873003,-0.03296703296703299,0.06229264551565081
3,46,xgb,s1_plus_ig,2.0,0.25,positive_only,s1_plus_ig/mode=positive_only/ratio=2.0/keep=0.25,0.1455025710275864,0.0147317502198768,0.2490045135163868,0.1868131868131868,0.1343616485960223,0.8938763376932224,0.0930329212277959,S1/smote,0.1491386714537342,0.0101143359718557,0.2344085677299784,0.1978021978021978,0.0762955570184915,0.0084633694789738,0.0929303574698858,0.0648148148148148,-0.003636100426147787,0.0046174142480211,-0.010989010989011005,0.05806609157753079
3,46,xgb,s1_plus_ig,0.25,0.5,positive_only,s1_plus_ig/mode=positive_only/ratio=0.25/keep=0.5,0.147540562937448,0.0083553210202286,0.2523140518597859,0.2087912087912088,0.1141000851687064,0.998563327032136,0.0669802415054894,S1/smote,0.1491386714537342,0.0101143359718557,0.2344085677299784,0.1978021978021978,0.0762955570184915,0.0084633694789738,0.0929303574698858,0.0648148148148148,-0.0015981085162861952,-0.0017590149516270998,0.010989010989011005,0.0378045281502149
3,46,xgb,s1_plus_ig,0.5,0.5,positive_only,s1_plus_ig/mode=positive_only/ratio=0.5/keep=0.5,0.1447264675680367,0.0030782761653474,0.2231364551512622,0.1758241758241758,0.10559492752129,0.998563327032136,0.0669802415054894,S1/smote,0.1491386714537342,0.0101143359718557,0.2344085677299784,0.1978021978021978,0.0762955570184915,0.0084633694789738,0.0929303574698858,0.0648148148148148,-0.004412203885697491,-0.0070360598065083,-0.021978021978021983,0.029299370502798502
3,46,xgb,s1_plus_ig,0.75,0.5,positive_only,s1_plus_ig/mode=positive_only/ratio=0.75/keep=0.5,0.139831300476887,0.0061565523306948,0.2427508754759249,0.1868131868131868,0.1042211120490775,0.998563327032136,0.0669802415054894,S1/smote,0.1491386714537342,0.0101143359718557,0.2344085677299784,0.1978021978021978,0.0762955570184915,0.0084633694789738,0.0929303574698858,0.0648148148148148,-0.009307370976847196,-0.003957783641160901,-0.010989010989011005,0.027925555030585997
3,46,xgb,s1_plus_ig,1.0,0.5,positive_only,s1_plus_ig/mode=positive_only/ratio=1.0/keep=0.5,0.1463191217717555,0.0054969217238346,0.2782901827938963,0.2197802197802197,0.1138674101700138,0.998563327032136,0.0669802415054894,S1/smote,0.1491386714537342,0.0101143359718557,0.2344085677299784,0.1978021978021978,0.0762955570184915,0.0084633694789738,0.0929303574698858,0.0648148148148148,-0.0028195496819787003,-0.0046174142480211,0.0219780219780219,0.0375718531515223
3,46,xgb,s1_plus_ig,1.5,0.5,positive_only,s1_plus_ig/mode=positive_only/ratio=1.5/keep=0.5,0.1416421564340507,0.0145118733509234,0.2310112456421173,0.1648351648351648,0.1594962528909296,0.998563327032136,0.0669802415054894,S1/smote,0.1491386714537342,0.0101143359718557,0.2344085677299784,0.1978021978021978,0.0762955570184915,0.0084633694789738,0.0929303574698858,0.0648148148148148,-0.007496515019683486,0.004397537379067699,-0.03296703296703299,0.08320069587243811
3,46,xgb,s1_plus_ig,2.0,0.5,positive_only,s1_plus_ig/mode=positive_only/ratio=2.0/keep=0.5,0.141662509184255,0.0083553210202286,0.2286456639578823,0.1868131868131868,0.1356988944333888,0.998563327032136,0.0669802415054894,S1/smote,0.1491386714537342,0.0101143359718557,0.2344085677299784,0.1978021978021978,0.0762955570184915,0.0084633694789738,0.0929303574698858,0.0648148148148148,-0.007476162269479197,-0.0017590149516270998,-0.010989010989011005,0.05940333741489731
3,46,xgb,s1_plus_ig,0.25,0.75,positive_only,s1_plus_ig/mode=positive_only/ratio=0.25/keep=0.75,0.147540562937448,0.0083553210202286,0.2523140518597859,0.2087912087912088,0.1141000851687064,0.993421550094518,0.067318538208497,S1/smote,0.1491386714537342,0.0101143359718557,0.2344085677299784,0.1978021978021978,0.0762955570184915,0.0084633694789738,0.0929303574698858,0.0648148148148148,-0.0015981085162861952,-0.0017590149516270998,0.010989010989011005,0.0378045281502149
3,46,xgb,s1_plus_ig,0.5,0.75,positive_only,s1_plus_ig/mode=positive_only/ratio=0.5/keep=0.75,0.1447264675680367,0.0030782761653474,0.2231364551512622,0.1758241758241758,0.10559492752129,0.993421550094518,0.067318538208497,S1/smote,0.1491386714537342,0.0101143359718557,0.2344085677299784,0.1978021978021978,0.0762955570184915,0.0084633694789738,0.0929303574698858,0.0648148148148148,-0.004412203885697491,-0.0070360598065083,-0.021978021978021983,0.029299370502798502
3,46,xgb,s1_plus_ig,0.75,0.75,positive_only,s1_plus_ig/mode=positive_only/ratio=0.75/keep=0.75,0.155911661706425,0.0061565523306948,0.2556130881325997,0.2197802197802197,0.1059949872993597,0.993421550094518,0.067318538208497,S1/smote,0.1491386714537342,0.0101143359718557,0.2344085677299784,0.1978021978021978,0.0762955570184915,0.0084633694789738,0.0929303574698858,0.0648148148148148,0.006772990252690819,-0.003957783641160901,0.0219780219780219,0.029699430280868203
3,46,xgb,s1_plus_ig,1.0,0.75,positive_only,s1_plus_ig/mode=positive_only/ratio=1.0/keep=0.75,0.153849779028446,0.0109938434476693,0.2588916110382779,0.2197802197802197,0.1435121958068167,0.993421550094518,0.067318538208497,S1/smote,0.1491386714537342,0.0101143359718557,0.2344085677299784,0.1978021978021978,0.0762955570184915,0.0084633694789738,0.0929303574698858,0.0648148148148148,0.004711107574711798,0.0008795074758136002,0.0219780219780219,0.0672166387883252
3,46,xgb,s1_plus_ig,1.5,0.75,positive_only,s1_plus_ig/mode=positive_only/ratio=1.5/keep=0.75,0.149874872952237,0.0074758135444151,0.2626956929002122,0.2197802197802197,0.1402110633957161,0.993421550094518,0.067318538208497,S1/smote,0.1491386714537342,0.0101143359718557,0.2344085677299784,0.1978021978021978,0.0762955570184915,0.0084633694789738,0.0929303574698858,0.0648148148148148,0.0007362014985028142,-0.0026385224274406,0.0219780219780219,0.0639155063772246
3,46,xgb,s1_plus_ig,2.0,0.75,positive_only,s1_plus_ig/mode=positive_only/ratio=2.0/keep=0.75,0.1453527443888778,0.0098944591029023,0.258645227504701,0.2307692307692307,0.1726578123285168,0.993421550094518,0.067318538208497,S1/smote,0.1491386714537342,0.0101143359718557,0.2344085677299784,0.1978021978021978,0.0762955570184915,0.0084633694789738,0.0929303574698858,0.0648148148148148,-0.0037859270648563925,-0.0002198768689533996,0.032967032967032905,0.09636225531002529
3,46,xgb,s1_plus_ig,0.25,1.0,positive_only,s1_plus_ig/mode=positive_only/ratio=0.25/keep=1.0,0.147540562937448,0.0083553210202286,0.2523140518597859,0.2087912087912088,0.1141000851687064,0.9964461247637052,0.049136822066453,S1/smote,0.1491386714537342,0.0101143359718557,0.2344085677299784,0.1978021978021978,0.0762955570184915,0.0084633694789738,0.0929303574698858,0.0648148148148148,-0.0015981085162861952,-0.0017590149516270998,0.010989010989011005,0.0378045281502149
3,46,xgb,s1_plus_ig,0.5,1.0,positive_only,s1_plus_ig/mode=positive_only/ratio=0.5/keep=1.0,0.1447264675680367,0.0030782761653474,0.2231364551512622,0.1758241758241758,0.10559492752129,0.9964461247637052,0.049136822066453,S1/smote,0.1491386714537342,0.0101143359718557,0.2344085677299784,0.1978021978021978,0.0762955570184915,0.0084633694789738,0.0929303574698858,0.0648148148148148,-0.004412203885697491,-0.0070360598065083,-0.021978021978021983,0.029299370502798502
3,46,xgb,s1_plus_ig,0.75,1.0,positive_only,s1_plus_ig/mode=positive_only/ratio=0.75/keep=1.0,0.155911661706425,0.0061565523306948,0.2556130881325997,0.2197802197802197,0.1059949872993597,0.9964461247637052,0.049136822066453,S1/smote,0.1491386714537342,0.0101143359718557,0.2344085677299784,0.1978021978021978,0.0762955570184915,0.0084633694789738,0.0929303574698858,0.0648148148148148,0.006772990252690819,-0.003957783641160901,0.0219780219780219,0.029699430280868203
3,46,xgb,s1_plus_ig,1.0,1.0,positive_only,s1_plus_ig/mode=positive_only/ratio=1.0/keep=1.0,0.153849779028446,0.0109938434476693,0.2588916110382779,0.2197802197802197,0.1435121958068167,0.9964461247637052,0.049136822066453,S1/smote,0.1491386714537342,0.0101143359718557,0.2344085677299784,0.1978021978021978,0.0762955570184915,0.0084633694789738,0.0929303574698858,0.0648148148148148,0.004711107574711798,0.0008795074758136002,0.0219780219780219,0.0672166387883252
3,46,xgb,s1_plus_ig,1.5,1.0,positive_only,s1_plus_ig/mode=positive_only/ratio=1.5/keep=1.0,0.1456824194524363,0.0070360598065083,0.2438714593458923,0.1978021978021978,0.1325212744704354,0.9964461247637052,0.049136822066453,S1/smote,0.1491386714537342,0.0101143359718557,0.2344085677299784,0.1978021978021978,0.0762955570184915,0.0084633694789738,0.0929303574698858,0.0648148148148148,-0.0034562520012978992,-0.0030782761653474003,0.0,0.05622571745194391
3,46,xgb,s1_plus_ig,2.0,1.0,positive_only,s1_plus_ig/mode=positive_only/ratio=2.0/keep=1.0,0.1423610957019976,0.005716798592788,0.2748249658015534,0.2197802197802197,0.1723779772653612,0.9964461247637052,0.049136822066453,S1/smote,0.1491386714537342,0.0101143359718557,0.2344085677299784,0.1978021978021978,0.0762955570184915,0.0084633694789738,0.0929303574698858,0.0648148148148148,-0.0067775757517365975,-0.004397537379067701,0.0219780219780219,0.0960824202468697
4,42,xgb,s1_plus_ig,0.25,0.25,positive_only,s1_plus_ig/mode=positive_only/ratio=0.25/keep=0.25,0.020826042465009,0.7077039274924471,0.0444846596972513,0.0,0.0678640934691753,0.796923076923077,0.0275974539207747,S1/random_under_10to1,0.0436089784862056,0.0037764350453172,0.1370307262948772,0.074074074074074,0.0391723828993943,0.0023492560689115,-0.0095091637834244,0.0,-0.022782936021196604,0.7039274924471299,-0.074074074074074,0.028691710569780995
4,42,xgb,s1_plus_ig,0.5,0.25,positive_only,s1_plus_ig/mode=positive_only/ratio=0.5/keep=0.25,0.026492963692497,0.4033232628398791,0.0749730865901271,0.0,0.0631434929935193,0.796923076923077,0.0275974539207747,S1/random_under_10to1,0.0436089784862056,0.0037764350453172,0.1370307262948772,0.074074074074074,0.0391723828993943,0.0023492560689115,-0.0095091637834244,0.0,-0.017116014793708605,0.3995468277945619,-0.074074074074074,0.023971110094125003
4,42,xgb,s1_plus_ig,0.75,0.25,positive_only,s1_plus_ig/mode=positive_only/ratio=0.75/keep=0.25,0.0223887453771932,0.5302114803625377,0.0486707434502103,0.0,0.0787441925610975,0.796923076923077,0.0275974539207747,S1/random_under_10to1,0.0436089784862056,0.0037764350453172,0.1370307262948772,0.074074074074074,0.0391723828993943,0.0023492560689115,-0.0095091637834244,0.0,-0.021220233109012405,0.5264350453172205,-0.074074074074074,0.039571809661703206
4,42,xgb,s1_plus_ig,1.0,0.25,positive_only,s1_plus_ig/mode=positive_only/ratio=1.0/keep=0.25,0.023917014713439,0.8338368580060423,0.0629822146160798,0.0,0.0729018086469494,0.796923076923077,0.0275974539207747,S1/random_under_10to1,0.0436089784862056,0.0037764350453172,0.1370307262948772,0.074074074074074,0.0391723828993943,0.0023492560689115,-0.0095091637834244,0.0,-0.019691963772766604,0.8300604229607251,-0.074074074074074,0.033729425747555095
4,42,xgb,s1_plus_ig,1.5,0.25,positive_only,s1_plus_ig/mode=positive_only/ratio=1.5/keep=0.25,0.0291666064572741,0.3074018126888218,0.0749346394683646,0.0,0.1050568083895729,0.796923076923077,0.0275974539207747,S1/random_under_10to1,0.0436089784862056,0.0037764350453172,0.1370307262948772,0.074074074074074,0.0391723828993943,0.0023492560689115,-0.0095091637834244,0.0,-0.014442372028931501,0.30362537764350456,-0.074074074074074,0.0658844254901786
4,42,xgb,s1_plus_ig,2.0,0.25,positive_only,s1_plus_ig/mode=positive_only/ratio=2.0/keep=0.25,0.0257886534042787,0.600453172205438,0.0719860942542638,0.0,0.078853510556097,0.796923076923077,0.0275974539207747,S1/random_under_10to1,0.0436089784862056,0.0037764350453172,0.1370307262948772,0.074074074074074,0.0391723828993943,0.0023492560689115,-0.0095091637834244,0.0,-0.017820325081926904,0.5966767371601208,-0.074074074074074,0.0396811276567027
4,42,xgb,s1_plus_ig,0.25,0.5,positive_only,s1_plus_ig/mode=positive_only/ratio=0.25/keep=0.5,0.020826042465009,0.7077039274924471,0.0444846596972513,0.0,0.0678640934691753,0.9665513264129182,0.0301723987490695,S1/random_under_10to1,0.0436089784862056,0.0037764350453172,0.1370307262948772,0.074074074074074,0.0391723828993943,0.0023492560689115,-0.0095091637834244,0.0,-0.022782936021196604,0.7039274924471299,-0.074074074074074,0.028691710569780995
4,42,xgb,s1_plus_ig,0.5,0.5,positive_only,s1_plus_ig/mode=positive_only/ratio=0.5/keep=0.5,0.0231878955447672,0.595166163141994,0.0733365074167927,0.0,0.0650217108049466,0.9665513264129182,0.0301723987490695,S1/random_under_10to1,0.0436089784862056,0.0037764350453172,0.1370307262948772,0.074074074074074,0.0391723828993943,0.0023492560689115,-0.0095091637834244,0.0,-0.020421082941438403,0.5913897280966768,-0.074074074074074,0.025849327905552305
4,42,xgb,s1_plus_ig,0.75,0.5,positive_only,s1_plus_ig/mode=positive_only/ratio=0.75/keep=0.5,0.0245859250707662,0.8187311178247734,0.052725052805549,0.037037037037037,0.0657726402753609,0.9665513264129182,0.0301723987490695,S1/random_under_10to1,0.0436089784862056,0.0037764350453172,0.1370307262948772,0.074074074074074,0.0391723828993943,0.0023492560689115,-0.0095091637834244,0.0,-0.019023053415439403,0.8149546827794562,-0.037037037037037,0.026600257375966593
4,42,xgb,s1_plus_ig,1.0,0.5,positive_only,s1_plus_ig/mode=positive_only/ratio=1.0/keep=0.5,0.0198456117108997,0.9274924471299094,0.0394958662166201,0.0,0.0739589046563512,0.9665513264129182,0.0301723987490695,S1/random_under_10to1,0.0436089784862056,0.0037764350453172,0.1370307262948772,0.074074074074074,0.0391723828993943,0.0023492560689115,-0.0095091637834244,0.0,-0.023763366775305904,0.9237160120845922,-0.074074074074074,0.0347865217569569
4,42,xgb,s1_plus_ig,1.5,0.5,positive_only,s1_plus_ig/mode=positive_only/ratio=1.5/keep=0.5,0.0233722047929394,0.7666163141993958,0.052962806415577,0.0,0.0673124707770479,0.9665513264129182,0.0301723987490695,S1/random_under_10to1,0.0436089784862056,0.0037764350453172,0.1370307262948772,0.074074074074074,0.0391723828993943,0.0023492560689115,-0.0095091637834244,0.0,-0.020236773693266204,0.7628398791540786,-0.074074074074074,0.028140087877653597
4,42,xgb,s1_plus_ig,2.0,0.5,positive_only,s1_plus_ig/mode=positive_only/ratio=2.0/keep=0.5,0.0242391948349572,0.4682779456193353,0.0659917167138328,0.0,0.0645184941918242,0.9665513264129182,0.0301723987490695,S1/random_under_10to1,0.0436089784862056,0.0037764350453172,0.1370307262948772,0.074074074074074,0.0391723828993943,0.0023492560689115,-0.0095091637834244,0.0,-0.019369783651248404,0.46450151057401806,-0.074074074074074,0.025346111292429904
4,42,xgb,s1_plus_ig,0.25,0.75,positive_only,s1_plus_ig/mode=positive_only/ratio=0.25/keep=0.75,0.020826042465009,0.7077039274924471,0.0444846596972513,0.0,0.0678640934691753,0.9538638985005768,0.0276892084417787,S1/random_under_10to1,0.0436089784862056,0.0037764350453172,0.1370307262948772,0.074074074074074,0.0391723828993943,0.0023492560689115,-0.0095091637834244,0.0,-0.022782936021196604,0.7039274924471299,-0.074074074074074,0.028691710569780995
4,42,xgb,s1_plus_ig,0.5,0.75,positive_only,s1_plus_ig/mode=positive_only/ratio=0.5/keep=0.75,0.0231878955447672,0.595166163141994,0.0733365074167927,0.0,0.0650217108049466,0.9538638985005768,0.0276892084417787,S1/random_under_10to1,0.0436089784862056,0.0037764350453172,0.1370307262948772,0.074074074074074,0.0391723828993943,0.0023492560689115,-0.0095091637834244,0.0,-0.020421082941438403,0.5913897280966768,-0.074074074074074,0.025849327905552305
4,42,xgb,s1_plus_ig,0.75,0.75,positive_only,s1_plus_ig/mode=positive_only/ratio=0.75/keep=0.75,0.0259059524218601,0.3504531722054381,0.0708046331436428,0.0,0.0769081077358261,0.9538638985005768,0.0276892084417787,S1/random_under_10to1,0.0436089784862056,0.0037764350453172,0.1370307262948772,0.074074074074074,0.0391723828993943,0.0023492560689115,-0.0095091637834244,0.0,-0.017703026064345505,0.3466767371601209,-0.074074074074074,0.0377357248364318
4,42,xgb,s1_plus_ig,1.0,0.75,positive_only,s1_plus_ig/mode=positive_only/ratio=1.0/keep=0.75,0.0269867410202489,0.452416918429003,0.080985177123052,0.0,0.0927462020435482,0.9538638985005768,0.0276892084417787,S1/random_under_10to1,0.0436089784862056,0.0037764350453172,0.1370307262948772,0.074074074074074,0.0391723828993943,0.0023492560689115,-0.0095091637834244,0.0,-0.016622237465956702,0.4486404833836858,-0.074074074074074,0.053573819144153906
4,42,xgb,s1_plus_ig,1.5,0.75,positive_only,s1_plus_ig/mode=positive_only/ratio=1.5/keep=0.75,0.0415671856876199,0.148036253776435,0.100774200972835,0.0,0.0892434008624946,0.9538638985005768,0.0276892084417787,S1/random_under_10to1,0.0436089784862056,0.0037764350453172,0.1370307262948772,0.074074074074074,0.0391723828993943,0.0023492560689115,-0.0095091637834244,0.0,-0.002041792798585705,0.14425981873111782,-0.074074074074074,0.0500710179631003
4,42,xgb,s1_plus_ig,2.0,0.75,positive_only,s1_plus_ig/mode=positive_only/ratio=2.0/keep=0.75,0.0314101332019246,0.3474320241691843,0.0826350497885547,0.0,0.089477634179163,0.9538638985005768,0.0276892084417787,S1/random_under_10to1,0.0436089784862056,0.0037764350453172,0.1370307262948772,0.074074074074074,0.0391723828993943,0.0023492560689115,-0.0095091637834244,0.0,-0.012198845284281001,0.34365558912386707,-0.074074074074074,0.050305251279768703
4,42,xgb,s1_plus_ig,0.25,1.0,positive_only,s1_plus_ig/mode=positive_only/ratio=0.25/keep=1.0,0.020826042465009,0.7077039274924471,0.0444846596972513,0.0,0.0678640934691753,0.9788542868127642,0.0382415113234593,S1/random_under_10to1,0.0436089784862056,0.0037764350453172,0.1370307262948772,0.074074074074074,0.0391723828993943,0.0023492560689115,-0.0095091637834244,0.0,-0.022782936021196604,0.7039274924471299,-0.074074074074074,0.028691710569780995
4,42,xgb,s1_plus_ig,0.5,1.0,positive_only,s1_plus_ig/mode=positive_only/ratio=0.5/keep=1.0,0.0231878955447672,0.595166163141994,0.0733365074167927,0.0,0.0650217108049466,0.9788542868127642,0.0382415113234593,S1/random_under_10to1,0.0436089784862056,0.0037764350453172,0.1370307262948772,0.074074074074074,0.0391723828993943,0.0023492560689115,-0.0095091637834244,0.0,-0.020421082941438403,0.5913897280966768,-0.074074074074074,0.025849327905552305
4,42,xgb,s1_plus_ig,0.75,1.0,positive_only,s1_plus_ig/mode=positive_only/ratio=0.75/keep=1.0,0.0259059524218601,0.3504531722054381,0.0708046331436428,0.0,0.0769081077358261,0.9788542868127642,0.0382415113234593,S1/random_under_10to1,0.0436089784862056,0.0037764350453172,0.1370307262948772,0.074074074074074,0.0391723828993943,0.0023492560689115,-0.0095091637834244,0.0,-0.017703026064345505,0.3466767371601209,-0.074074074074074,0.0377357248364318
4,42,xgb,s1_plus_ig,1.0,1.0,positive_only,s1_plus_ig/mode=positive_only/ratio=1.0/keep=1.0,0.0269867410202489,0.452416918429003,0.080985177123052,0.0,0.0927462020435482,0.9788542868127642,0.0382415113234593,S1/random_under_10to1,0.0436089784862056,0.0037764350453172,0.1370307262948772,0.074074074074074,0.0391723828993943,0.0023492560689115,-0.0095091637834244,0.0,-0.016622237465956702,0.4486404833836858,-0.074074074074074,0.053573819144153906
4,42,xgb,s1_plus_ig,1.5,1.0,positive_only,s1_plus_ig/mode=positive_only/ratio=1.5/keep=1.0,0.0323744279113212,0.236404833836858,0.0921777648998385,0.0,0.1579025694625758,0.9788542868127642,0.0382415113234593,S1/random_under_10to1,0.0436089784862056,0.0037764350453172,0.1370307262948772,0.074074074074074,0.0391723828993943,0.0023492560689115,-0.0095091637834244,0.0,-0.0112345505748844,0.23262839879154082,-0.074074074074074,0.1187301865631815
4,42,xgb,s1_plus_ig,2.0,1.0,positive_only,s1_plus_ig/mode=positive_only/ratio=2.0/keep=1.0,0.0320522157091423,0.3066465256797583,0.0752114574593985,0.0,0.1801804388813813,0.9788542868127642,0.0382415113234593,S1/random_under_10to1,0.0436089784862056,0.0037764350453172,0.1370307262948772,0.074074074074074,0.0391723828993943,0.0023492560689115,-0.0095091637834244,0.0,-0.0115567627770633,0.3028700906344411,-0.074074074074074,0.141008055981987
4,43,xgb,s1_plus_ig,0.25,0.25,positive_only,s1_plus_ig/mode=positive_only/ratio=0.25/keep=0.25,0.0201207764832609,0.8572507552870091,0.0575924730276558,0.0,0.0510598017391032,0.6615384615384615,0.0281034346012556,S0/none,0.0372419462117304,0.0219033232628398,0.082097750533891,0.0,0.0364288785659737,0.018794048551292,0.0011506761742115,0.0,-0.017121169728469502,0.8353474320241693,0.0,0.014630923173129494
4,43,xgb,s1_plus_ig,0.5,0.25,positive_only,s1_plus_ig/mode=positive_only/ratio=0.5/keep=0.25,0.0221012818294043,0.8602719033232629,0.0568819502964686,0.0,0.0434627692910079,0.6615384615384615,0.0281034346012556,S0/none,0.0372419462117304,0.0219033232628398,0.082097750533891,0.0,0.0364288785659737,0.018794048551292,0.0011506761742115,0.0,-0.015140664382326103,0.838368580060423,0.0,0.007033890725034193
4,43,xgb,s1_plus_ig,0.75,0.25,positive_only,s1_plus_ig/mode=positive_only/ratio=0.75/keep=0.25,0.0200907023026178,0.790785498489426,0.0596046200204935,0.0,0.0372331653474588,0.6615384615384615,0.0281034346012556,S0/none,0.0372419462117304,0.0219033232628398,0.082097750533891,0.0,0.0364288785659737,0.018794048551292,0.0011506761742115,0.0,-0.0171512439091126,0.7688821752265862,0.0,0.0008042867814851001
4,43,xgb,s1_plus_ig,1.0,0.25,positive_only,s1_plus_ig/mode=positive_only/ratio=1.0/keep=0.25,0.0194753531510052,0.8459214501510574,0.0456558635816875,0.0,0.0546880859731424,0.6615384615384615,0.0281034346012556,S0/none,0.0372419462117304,0.0219033232628398,0.082097750533891,0.0,0.0364288785659737,0.018794048551292,0.0011506761742115,0.0,-0.017766593060725203,0.8240181268882175,0.0,0.018259207407168694
4,43,xgb,s1_plus_ig,1.5,0.25,positive_only,s1_plus_ig/mode=positive_only/ratio=1.5/keep=0.25,0.0235021745442507,0.7817220543806647,0.0744945588308759,0.0,0.0505379069180429,0.6615384615384615,0.0281034346012556,S0/none,0.0372419462117304,0.0219033232628398,0.082097750533891,0.0,0.0364288785659737,0.018794048551292,0.0011506761742115,0.0,-0.013739771667479701,0.7598187311178248,0.0,0.014109028352069196
4,43,xgb,s1_plus_ig,2.0,0.25,positive_only,s1_plus_ig/mode=positive_only/ratio=2.0/keep=0.25,0.0232504213179046,0.6978851963746223,0.0584266446354865,0.0,0.0513398916364007,0.6615384615384615,0.0281034346012556,S0/none,0.0372419462117304,0.0219033232628398,0.082097750533891,0.0,0.0364288785659737,0.018794048551292,0.0011506761742115,0.0,-0.013991524893825803,0.6759818731117825,0.0,0.014911013070426998
4,43,xgb,s1_plus_ig,0.25,0.5,positive_only,s1_plus_ig/mode=positive_only/ratio=0.25/keep=0.5,0.0201207764832609,0.8572507552870091,0.0575924730276558,0.0,0.0510598017391032,0.9331026528258362,0.0268390889731951,S0/none,0.0372419462117304,0.0219033232628398,0.082097750533891,0.0,0.0364288785659737,0.018794048551292,0.0011506761742115,0.0,-0.017121169728469502,0.8353474320241693,0.0,0.014630923173129494
4,43,xgb,s1_plus_ig,0.5,0.5,positive_only,s1_plus_ig/mode=positive_only/ratio=0.5/keep=0.5,0.0222946064876907,0.5604229607250756,0.071822967579047,0.0,0.0373459906257932,0.9331026528258362,0.0268390889731951,S0/none,0.0372419462117304,0.0219033232628398,0.082097750533891,0.0,0.0364288785659737,0.018794048551292,0.0011506761742115,0.0,-0.014947339724039704,0.5385196374622357,0.0,0.0009171120598194943
4,43,xgb,s1_plus_ig,0.75,0.5,positive_only,s1_plus_ig/mode=positive_only/ratio=0.75/keep=0.5,0.0287242714052992,0.6858006042296072,0.0727000771214009,0.0,0.0406511936185023,0.9331026528258362,0.0268390889731951,S0/none,0.0372419462117304,0.0219033232628398,0.082097750533891,0.0,0.0364288785659737,0.018794048551292,0.0011506761742115,0.0,-0.008517674806431202,0.6638972809667674,0.0,0.004222315052528597
4,43,xgb,s1_plus_ig,1.0,0.5,positive_only,s1_plus_ig/mode=positive_only/ratio=1.0/keep=0.5,0.0264319622601801,0.777190332326284,0.0754774012134111,0.0,0.0442596579169576,0.9331026528258362,0.0268390889731951,S0/none,0.0372419462117304,0.0219033232628398,0.082097750533891,0.0,0.0364288785659737,0.018794048551292,0.0011506761742115,0.0,-0.010809983951550303,0.7552870090634441,0.0,0.007830779350983898
4,43,xgb,s1_plus_ig,1.5,0.5,positive_only,s1_plus_ig/mode=positive_only/ratio=1.5/keep=0.5,0.0227215666764525,0.724320241691843,0.0868852118303658,0.0,0.0391589235655774,0.9331026528258362,0.0268390889731951,S0/none,0.0372419462117304,0.0219033232628398,0.082097750533891,0.0,0.0364288785659737,0.018794048551292,0.0011506761742115,0.0,-0.014520379535277902,0.7024169184290031,0.0,0.0027300449996036993
4,43,xgb,s1_plus_ig,2.0,0.5,positive_only,s1_plus_ig/mode=positive_only/ratio=2.0/keep=0.5,0.021934887447275,0.6941087613293051,0.0820660974480692,0.0,0.049381977915665,0.9331026528258362,0.0268390889731951,S0/none,0.0372419462117304,0.0219033232628398,0.082097750533891,0.0,0.0364288785659737,0.018794048551292,0.0011506761742115,0.0,-0.015307058764455404,0.6722054380664653,0.0,0.0129530993496913
4,43,xgb,s1_plus_ig,0.25,0.75,positive_only,s1_plus_ig/mode=positive_only/ratio=0.25/keep=0.75,0.0201207764832609,0.8572507552870091,0.0575924730276558,0.0,0.0510598017391032,0.91118800461361,0.0194907551405123,S0/none,0.0372419462117304,0.0219033232628398,0.082097750533891,0.0,0.0364288785659737,0.018794048551292,0.0011506761742115,0.0,-0.017121169728469502,0.8353474320241693,0.0,0.014630923173129494
4,43,xgb,s1_plus_ig,0.5,0.75,positive_only,s1_plus_ig/mode=positive_only/ratio=0.5/keep=0.75,0.0222946064876907,0.5604229607250756,0.071822967579047,0.0,0.0373459906257932,0.91118800461361,0.0194907551405123,S0/none,0.0372419462117304,0.0219033232628398,0.082097750533891,0.0,0.0364288785659737,0.018794048551292,0.0011506761742115,0.0,-0.014947339724039704,0.5385196374622357,0.0,0.0009171120598194943
4,43,xgb,s1_plus_ig,0.75,0.75,positive_only,s1_plus_ig/mode=positive_only/ratio=0.75/keep=0.75,0.0225825221335314,0.5898791540785498,0.0746896147828545,0.0,0.0627273215934265,0.91118800461361,0.0194907551405123,S0/none,0.0372419462117304,0.0219033232628398,0.082097750533891,0.0,0.0364288785659737,0.018794048551292,0.0011506761742115,0.0,-0.014659424078199004,0.56797583081571,0.0,0.0262984430274528
4,43,xgb,s1_plus_ig,1.0,0.75,positive_only,s1_plus_ig/mode=positive_only/ratio=1.0/keep=0.75,0.0205430107655976,0.8126888217522659,0.0677136109144414,0.0,0.0468087259690299,0.91118800461361,0.0194907551405123,S0/none,0.0372419462117304,0.0219033232628398,0.082097750533891,0.0,0.0364288785659737,0.018794048551292,0.0011506761742115,0.0,-0.016698935446132802,0.790785498489426,0.0,0.010379847403056197
4,43,xgb,s1_plus_ig,1.5,0.75,positive_only,s1_plus_ig/mode=positive_only/ratio=1.5/keep=0.75,0.0208605609496516,0.8111782477341389,0.0412259492973819,0.0,0.0437358111688665,0.91118800461361,0.0194907551405123,S0/none,0.0372419462117304,0.0219033232628398,0.082097750533891,0.0,0.0364288785659737,0.018794048551292,0.0011506761742115,0.0,-0.0163813852620788,0.7892749244712991,0.0,0.007306932602892793
4,43,xgb,s1_plus_ig,2.0,0.75,positive_only,s1_plus_ig/mode=positive_only/ratio=2.0/keep=0.75,0.0225855990801413,0.8134441087613293,0.0675463412009962,0.0,0.0541295764129189,0.91118800461361,0.0194907551405123,S0/none,0.0372419462117304,0.0219033232628398,0.082097750533891,0.0,0.0364288785659737,0.018794048551292,0.0011506761742115,0.0,-0.0146563471315891,0.7915407854984895,0.0,0.017700697846945196
4,43,xgb,s1_plus_ig,0.25,1.0,positive_only,s1_plus_ig/mode=positive_only/ratio=0.25/keep=1.0,0.0201207764832609,0.8572507552870091,0.0575924730276558,0.0,0.0510598017391032,0.9611687812379854,0.0317876463930145,S0/none,0.0372419462117304,0.0219033232628398,0.082097750533891,0.0,0.0364288785659737,0.018794048551292,0.0011506761742115,0.0,-0.017121169728469502,0.8353474320241693,0.0,0.014630923173129494
4,43,xgb,s1_plus_ig,0.5,1.0,positive_only,s1_plus_ig/mode=positive_only/ratio=0.5/keep=1.0,0.0222946064876907,0.5604229607250756,0.071822967579047,0.0,0.0373459906257932,0.9611687812379854,0.0317876463930145,S0/none,0.0372419462117304,0.0219033232628398,0.082097750533891,0.0,0.0364288785659737,0.018794048551292,0.0011506761742115,0.0,-0.014947339724039704,0.5385196374622357,0.0,0.0009171120598194943
4,43,xgb,s1_plus_ig,0.75,1.0,positive_only,s1_plus_ig/mode=positive_only/ratio=0.75/keep=1.0,0.0225825221335314,0.5898791540785498,0.0746896147828545,0.0,0.0627273215934265,0.9611687812379854,0.0317876463930145,S0/none,0.0372419462117304,0.0219033232628398,0.082097750533891,0.0,0.0364288785659737,0.018794048551292,0.0011506761742115,0.0,-0.014659424078199004,0.56797583081571,0.0,0.0262984430274528
4,43,xgb,s1_plus_ig,1.0,1.0,positive_only,s1_plus_ig/mode=positive_only/ratio=1.0/keep=1.0,0.0205430107655976,0.8126888217522659,0.0677136109144414,0.0,0.0468087259690299,0.9611687812379854,0.0317876463930145,S0/none,0.0372419462117304,0.0219033232628398,0.082097750533891,0.0,0.0364288785659737,0.018794048551292,0.0011506761742115,0.0,-0.016698935446132802,0.790785498489426,0.0,0.010379847403056197
4,43,xgb,s1_plus_ig,1.5,1.0,positive_only,s1_plus_ig/mode=positive_only/ratio=1.5/keep=1.0,0.0208150191104146,0.7250755287009063,0.0749743116596074,0.0,0.0618703439104248,0.9611687812379854,0.0317876463930145,S0/none,0.0372419462117304,0.0219033232628398,0.082097750533891,0.0,0.0364288785659737,0.018794048551292,0.0011506761742115,0.0,-0.0164269271013158,0.7031722054380665,0.0,0.025441465344451096
4,43,xgb,s1_plus_ig,2.0,1.0,positive_only,s1_plus_ig/mode=positive_only/ratio=2.0/keep=1.0,0.0226398552206262,0.6910876132930514,0.082757805789684,0.0,0.0608568150876988,0.9611687812379854,0.0317876463930145,S0/none,0.0372419462117304,0.0219033232628398,0.082097750533891,0.0,0.0364288785659737,0.018794048551292,0.0011506761742115,0.0,-0.0146020909911042,0.6691842900302115,0.0,0.024427936521725098
4,44,xgb,s1_plus_ig,0.25,0.25,positive_only,s1_plus_ig/mode=positive_only/ratio=0.25/keep=0.25,0.0228035359341578,0.5717522658610272,0.0688457569583162,0.0,0.0544545066080435,0.8184615384615384,0.0357239558684068,S1/random_under_10to1,0.0655695806701286,0.0,0.1905878567447201,0.074074074074074,0.0414709459196932,0.0,0.0,0.0,-0.042766044735970794,0.5717522658610272,-0.074074074074074,0.012983560688350299
4,44,xgb,s1_plus_ig,0.5,0.25,positive_only,s1_plus_ig/mode=positive_only/ratio=0.5/keep=0.25,0.0210307134707454,0.0264350453172205,0.040849827664172,0.0,0.0595439813039702,0.8184615384615384,0.0357239558684068,S1/random_under_10to1,0.0655695806701286,0.0,0.1905878567447201,0.074074074074074,0.0414709459196932,0.0,0.0,0.0,-0.04453886719938319,0.0264350453172205,-0.074074074074074,0.018073035384277
4,44,xgb,s1_plus_ig,0.75,0.25,positive_only,s1_plus_ig/mode=positive_only/ratio=0.75/keep=0.25,0.0250440304221293,0.0619335347432024,0.0494210845013564,0.0,0.0753831463467255,0.8184615384615384,0.0357239558684068,S1/random_under_10to1,0.0655695806701286,0.0,0.1905878567447201,0.074074074074074,0.0414709459196932,0.0,0.0,0.0,-0.040525550247999295,0.0619335347432024,-0.074074074074074,0.033912200427032295
4,44,xgb,s1_plus_ig,1.0,0.25,positive_only,s1_plus_ig/mode=positive_only/ratio=1.0/keep=0.25,0.0210219066564851,0.7530211480362538,0.0321590847378865,0.0,0.0714687091942916,0.8184615384615384,0.0357239558684068,S1/random_under_10to1,0.0655695806701286,0.0,0.1905878567447201,0.074074074074074,0.0414709459196932,0.0,0.0,0.0,-0.0445476740136435,0.7530211480362538,-0.074074074074074,0.029997763274598403
4,44,xgb,s1_plus_ig,1.5,0.25,positive_only,s1_plus_ig/mode=positive_only/ratio=1.5/keep=0.25,0.029982197643362,0.0354984894259818,0.0827178029641269,0.0,0.0644971673479664,0.8184615384615384,0.0357239558684068,S1/random_under_10to1,0.0655695806701286,0.0,0.1905878567447201,0.074074074074074,0.0414709459196932,0.0,0.0,0.0,-0.03558738302676659,0.0354984894259818,-0.074074074074074,0.0230262214282732
4,44,xgb,s1_plus_ig,2.0,0.25,positive_only,s1_plus_ig/mode=positive_only/ratio=2.0/keep=0.25,0.0324706577278337,0.0098187311178247,0.0858195557331356,0.074074074074074,0.0734973636660324,0.8184615384615384,0.0357239558684068,S1/random_under_10to1,0.0655695806701286,0.0,0.1905878567447201,0.074074074074074,0.0414709459196932,0.0,0.0,0.0,-0.03309892294229489,0.0098187311178247,0.0,0.03202641774633921
4,44,xgb,s1_plus_ig,0.25,0.5,positive_only,s1_plus_ig/mode=positive_only/ratio=0.25/keep=0.5,0.0228035359341578,0.5717522658610272,0.0688457569583162,0.0,0.0544545066080435,0.9692425990003845,0.0274388128650042,S1/random_under_10to1,0.0655695806701286,0.0,0.1905878567447201,0.074074074074074,0.0414709459196932,0.0,0.0,0.0,-0.042766044735970794,0.5717522658610272,-0.074074074074074,0.012983560688350299
4,44,xgb,s1_plus_ig,0.5,0.5,positive_only,s1_plus_ig/mode=positive_only/ratio=0.5/keep=0.5,0.0216002081745463,0.0407854984894259,0.0489592586155901,0.0,0.0591566755529139,0.9692425990003845,0.0274388128650042,S1/random_under_10to1,0.0655695806701286,0.0,0.1905878567447201,0.074074074074074,0.0414709459196932,0.0,0.0,0.0,-0.04396937249558229,0.0407854984894259,-0.074074074074074,0.017685729633220702
4,44,xgb,s1_plus_ig,0.75,0.5,positive_only,s1_plus_ig/mode=positive_only/ratio=0.75/keep=0.5,0.0217839283892624,0.0241691842900302,0.044589913453228,0.0,0.0913673307085739,0.9692425990003845,0.0274388128650042,S1/random_under_10to1,0.0655695806701286,0.0,0.1905878567447201,0.074074074074074,0.0414709459196932,0.0,0.0,0.0,-0.04378565228086619,0.0241691842900302,-0.074074074074074,0.049896384788880706
4,44,xgb,s1_plus_ig,1.0,0.5,positive_only,s1_plus_ig/mode=positive_only/ratio=1.0/keep=0.5,0.0267450995170622,0.7182779456193353,0.064895269932454,0.0,0.0621405986908044,0.9692425990003845,0.0274388128650042,S1/random_under_10to1,0.0655695806701286,0.0,0.1905878567447201,0.074074074074074,0.0414709459196932,0.0,0.0,0.0,-0.038824481153066394,0.7182779456193353,-0.074074074074074,0.0206696527711112
4,44,xgb,s1_plus_ig,1.5,0.5,positive_only,s1_plus_ig/mode=positive_only/ratio=1.5/keep=0.5,0.0224099689520672,0.8421450151057401,0.0610911050027721,0.0,0.0524585928367543,0.9692425990003845,0.0274388128650042,S1/random_under_10to1,0.0655695806701286,0.0,0.1905878567447201,0.074074074074074,0.0414709459196932,0.0,0.0,0.0,-0.04315961171806139,0.8421450151057401,-0.074074074074074,0.010987646917061104
4,44,xgb,s1_plus_ig,2.0,0.5,positive_only,s1_plus_ig/mode=positive_only/ratio=2.0/keep=0.5,0.0245237585973327,0.8074018126888217,0.0555520356930654,0.0,0.047716448845114,0.9692425990003845,0.0274388128650042,S1/random_under_10to1,0.0655695806701286,0.0,0.1905878567447201,0.074074074074074,0.0414709459196932,0.0,0.0,0.0,-0.04104582207279589,0.8074018126888217,-0.074074074074074,0.0062455029254208025
4,44,xgb,s1_plus_ig,0.25,0.75,positive_only,s1_plus_ig/mode=positive_only/ratio=0.25/keep=0.75,0.0228035359341578,0.5717522658610272,0.0688457569583162,0.0,0.0544545066080435,0.9592464436755094,0.0250802529676768,S1/random_under_10to1,0.0655695806701286,0.0,0.1905878567447201,0.074074074074074,0.0414709459196932,0.0,0.0,0.0,-0.042766044735970794,0.5717522658610272,-0.074074074074074,0.012983560688350299
4,44,xgb,s1_plus_ig,0.5,0.75,positive_only,s1_plus_ig/mode=positive_only/ratio=0.5/keep=0.75,0.0216002081745463,0.0407854984894259,0.0489592586155901,0.0,0.0591566755529139,0.9592464436755094,0.0250802529676768,S1/random_under_10to1,0.0655695806701286,0.0,0.1905878567447201,0.074074074074074,0.0414709459196932,0.0,0.0,0.0,-0.04396937249558229,0.0407854984894259,-0.074074074074074,0.017685729633220702
4,44,xgb,s1_plus_ig,0.75,0.75,positive_only,s1_plus_ig/mode=positive_only/ratio=0.75/keep=0.75,0.0273323463632689,0.4493957703927492,0.081876059813517,0.0,0.1003866250293896,0.9592464436755094,0.0250802529676768,S1/random_under_10to1,0.0655695806701286,0.0,0.1905878567447201,0.074074074074074,0.0414709459196932,0.0,0.0,0.0,-0.03823723430685969,0.4493957703927492,-0.074074074074074,0.058915679109696396
4,44,xgb,s1_plus_ig,1.0,0.75,positive_only,s1_plus_ig/mode=positive_only/ratio=1.0/keep=0.75,0.0236652286985742,0.8398791540785498,0.0472678522245444,0.0,0.0834829619614029,0.9592464436755094,0.0250802529676768,S1/random_under_10to1,0.0655695806701286,0.0,0.1905878567447201,0.074074074074074,0.0414709459196932,0.0,0.0,0.0,-0.0419043519715544,0.8398791540785498,-0.074074074074074,0.0420120160417097
4,44,xgb,s1_plus_ig,1.5,0.75,positive_only,s1_plus_ig/mode=positive_only/ratio=1.5/keep=0.75,0.0217345991001853,0.7900302114803626,0.059786569097403,0.0,0.098910169372709,0.9592464436755094,0.0250802529676768,S1/random_under_10to1,0.0655695806701286,0.0,0.1905878567447201,0.074074074074074,0.0414709459196932,0.0,0.0,0.0,-0.043834981569943296,0.7900302114803626,-0.074074074074074,0.057439223453015796
4,44,xgb,s1_plus_ig,2.0,0.75,positive_only,s1_plus_ig/mode=positive_only/ratio=2.0/keep=0.75,0.0234057561348182,0.7832326283987915,0.0614164035493023,0.0,0.0863161070691884,0.9592464436755094,0.0250802529676768,S1/random_under_10to1,0.0655695806701286,0.0,0.1905878567447201,0.074074074074074,0.0414709459196932,0.0,0.0,0.0,-0.042163824535310396,0.7832326283987915,-0.074074074074074,0.044845161149495195
4,44,xgb,s1_plus_ig,0.25,1.0,positive_only,s1_plus_ig/mode=positive_only/ratio=0.25/keep=1.0,0.0228035359341578,0.5717522658610272,0.0688457569583162,0.0,0.0544545066080435,0.9000384467512494,0.0307327780544357,S1/random_under_10to1,0.0655695806701286,0.0,0.1905878567447201,0.074074074074074,0.0414709459196932,0.0,0.0,0.0,-0.042766044735970794,0.5717522658610272,-0.074074074074074,0.012983560688350299
4,44,xgb,s1_plus_ig,0.5,1.0,positive_only,s1_plus_ig/mode=positive_only/ratio=0.5/keep=1.0,0.0216002081745463,0.0407854984894259,0.0489592586155901,0.0,0.0591566755529139,0.9000384467512494,0.0307327780544357,S1/random_under_10to1,0.0655695806701286,0.0,0.1905878567447201,0.074074074074074,0.0414709459196932,0.0,0.0,0.0,-0.04396937249558229,0.0407854984894259,-0.074074074074074,0.017685729633220702
4,44,xgb,s1_plus_ig,0.75,1.0,positive_only,s1_plus_ig/mode=positive_only/ratio=0.75/keep=1.0,0.0273323463632689,0.4493957703927492,0.081876059813517,0.0,0.1003866250293896,0.9000384467512494,0.0307327780544357,S1/random_under_10to1,0.0655695806701286,0.0,0.1905878567447201,0.074074074074074,0.0414709459196932,0.0,0.0,0.0,-0.03823723430685969,0.4493957703927492,-0.074074074074074,0.058915679109696396
4,44,xgb,s1_plus_ig,1.0,1.0,positive_only,s1_plus_ig/mode=positive_only/ratio=1.0/keep=1.0,0.0236652286985742,0.8398791540785498,0.0472678522245444,0.0,0.0834829619614029,0.9000384467512494,0.0307327780544357,S1/random_under_10to1,0.0655695806701286,0.0,0.1905878567447201,0.074074074074074,0.0414709459196932,0.0,0.0,0.0,-0.0419043519715544,0.8398791540785498,-0.074074074074074,0.0420120160417097
4,44,xgb,s1_plus_ig,1.5,1.0,positive_only,s1_plus_ig/mode=positive_only/ratio=1.5/keep=1.0,0.0222038115119591,0.7258308157099698,0.063063411488849,0.0,0.1011785930765966,0.9000384467512494,0.0307327780544357,S1/random_under_10to1,0.0655695806701286,0.0,0.1905878567447201,0.074074074074074,0.0414709459196932,0.0,0.0,0.0,-0.04336576915816949,0.7258308157099698,-0.074074074074074,0.0597076471569034
4,44,xgb,s1_plus_ig,2.0,1.0,positive_only,s1_plus_ig/mode=positive_only/ratio=2.0/keep=1.0,0.0257695268565098,0.5302114803625377,0.0798661602362709,0.0,0.084843415265583,0.9000384467512494,0.0307327780544357,S1/random_under_10to1,0.0655695806701286,0.0,0.1905878567447201,0.074074074074074,0.0414709459196932,0.0,0.0,0.0,-0.03980005381361879,0.5302114803625377,-0.074074074074074,0.04337246934588981
4,45,xgb,s1_plus_ig,0.25,0.25,positive_only,s1_plus_ig/mode=positive_only/ratio=0.25/keep=0.25,0.0190059263360116,0.95392749244713,0.0310533137944762,0.0,0.0511649658613633,0.7984615384615386,0.0225321600076436,S1/smote,0.0447887141590389,0.0007552870090634,0.1320666399981499,0.037037037037037,0.042122044874509,0.0023492560689115,-0.0095091637834244,0.0,-0.0257827878230273,0.9531722054380667,-0.037037037037037,0.009042920986854303
4,45,xgb,s1_plus_ig,0.5,0.25,positive_only,s1_plus_ig/mode=positive_only/ratio=0.5/keep=0.25,0.0218433676556077,0.7885196374622356,0.047317204297114,0.0,0.0417669640103887,0.7984615384615386,0.0225321600076436,S1/smote,0.0447887141590389,0.0007552870090634,0.1320666399981499,0.037037037037037,0.042122044874509,0.0023492560689115,-0.0095091637834244,0.0,-0.0229453465034312,0.7877643504531723,-0.037037037037037,-0.0003550808641202968
4,45,xgb,s1_plus_ig,0.75,0.25,positive_only,s1_plus_ig/mode=positive_only/ratio=0.75/keep=0.25,0.0325724352867655,0.0075528700906344,0.09922133455466,0.074074074074074,0.0438142856439222,0.7984615384615386,0.0225321600076436,S1/smote,0.0447887141590389,0.0007552870090634,0.1320666399981499,0.037037037037037,0.042122044874509,0.0023492560689115,-0.0095091637834244,0.0,-0.012216278872273403,0.006797583081571,0.037037037037037,0.0016922407694132044
4,45,xgb,s1_plus_ig,1.0,0.25,positive_only,s1_plus_ig/mode=positive_only/ratio=1.0/keep=0.25,0.0236267688303541,0.0188821752265861,0.0551918988474879,0.0,0.045849539592274,0.7984615384615386,0.0225321600076436,S1/smote,0.0447887141590389,0.0007552870090634,0.1320666399981499,0.037037037037037,0.042122044874509,0.0023492560689115,-0.0095091637834244,0.0,-0.0211619453286848,0.018126888217522702,-0.037037037037037,0.003727494717765005
4,45,xgb,s1_plus_ig,1.5,0.25,positive_only,s1_plus_ig/mode=positive_only/ratio=1.5/keep=0.25,0.0322591626751325,0.0128398791540785,0.1138802074454699,0.037037037037037,0.0475174982014805,0.7984615384615386,0.0225321600076436,S1/smote,0.0447887141590389,0.0007552870090634,0.1320666399981499,0.037037037037037,0.042122044874509,0.0023492560689115,-0.0095091637834244,0.0,-0.012529551483906401,0.0120845921450151,0.0,0.0053954533269715
4,45,xgb,s1_plus_ig,2.0,0.25,positive_only,s1_plus_ig/mode=positive_only/ratio=2.0/keep=0.25,0.0243399609876645,0.8602719033232629,0.0568819502964686,0.0,0.050309341839085,0.7984615384615386,0.0225321600076436,S1/smote,0.0447887141590389,0.0007552870090634,0.1320666399981499,0.037037037037037,0.042122044874509,0.0023492560689115,-0.0095091637834244,0.0,-0.0204487531713744,0.8595166163141995,-0.037037037037037,0.008187296964576006
4,45,xgb,s1_plus_ig,0.25,0.5,positive_only,s1_plus_ig/mode=positive_only/ratio=0.25/keep=0.5,0.0190059263360116,0.95392749244713,0.0310533137944762,0.0,0.0511649658613633,0.9807766243752404,0.0285470379187568,S1/smote,0.0447887141590389,0.0007552870090634,0.1320666399981499,0.037037037037037,0.042122044874509,0.0023492560689115,-0.0095091637834244,0.0,-0.0257827878230273,0.9531722054380667,-0.037037037037037,0.009042920986854303
4,45,xgb,s1_plus_ig,0.5,0.5,positive_only,s1_plus_ig/mode=positive_only/ratio=0.5/keep=0.5,0.0234577624719808,0.0203927492447129,0.0518363452271977,0.0,0.055328124875799,0.9807766243752404,0.0285470379187568,S1/smote,0.0447887141590389,0.0007552870090634,0.1320666399981499,0.037037037037037,0.042122044874509,0.0023492560689115,-0.0095091637834244,0.0,-0.0213309516870581,0.0196374622356495,-0.037037037037037,0.013206080001290005
4,45,xgb,s1_plus_ig,0.75,0.5,positive_only,s1_plus_ig/mode=positive_only/ratio=0.75/keep=0.5,0.0330226920816871,0.0090634441087613,0.0898422309268984,0.074074074074074,0.0498503880166829,0.9807766243752404,0.0285470379187568,S1/smote,0.0447887141590389,0.0007552870090634,0.1320666399981499,0.037037037037037,0.042122044874509,0.0023492560689115,-0.0095091637834244,0.0,-0.0117660220773518,0.008308157099697901,0.037037037037037,0.007728343142173903
4,45,xgb,s1_plus_ig,1.0,0.5,positive_only,s1_plus_ig/mode=positive_only/ratio=1.0/keep=0.5,0.0309224312693722,0.0120845921450151,0.075664567532045,0.037037037037037,0.0593938249912023,0.9807766243752404,0.0285470379187568,S1/smote,0.0447887141590389,0.0007552870090634,0.1320666399981499,0.037037037037037,0.042122044874509,0.0023492560689115,-0.0095091637834244,0.0,-0.013866282889666702,0.011329305135951701,0.0,0.0172717801166933
4,45,xgb,s1_plus_ig,1.5,0.5,positive_only,s1_plus_ig/mode=positive_only/ratio=1.5/keep=0.5,0.0262638771114688,0.802870090634441,0.0566673998480567,0.037037037037037,0.061822569129407,0.9807766243752404,0.0285470379187568,S1/smote,0.0447887141590389,0.0007552870090634,0.1320666399981499,0.037037037037037,0.042122044874509,0.0023492560689115,-0.0095091637834244,0.0,-0.0185248370475701,0.8021148036253777,0.0,0.019700524254898003
4,45,xgb,s1_plus_ig,2.0,0.5,positive_only,s1_plus_ig/mode=positive_only/ratio=2.0/keep=0.5,0.0262345165116325,0.7885196374622356,0.0601499378707137,0.0,0.0634728926995106,0.9807766243752404,0.0285470379187568,S1/smote,0.0447887141590389,0.0007552870090634,0.1320666399981499,0.037037037037037,0.042122044874509,0.0023492560689115,-0.0095091637834244,0.0,-0.0185541976474064,0.7877643504531723,-0.037037037037037,0.021350847825001608
4,45,xgb,s1_plus_ig,0.25,0.75,positive_only,s1_plus_ig/mode=positive_only/ratio=0.25/keep=0.75,0.0190059263360116,0.95392749244713,0.0310533137944762,0.0,0.0511649658613633,0.8908112264513648,0.0344010513724501,S1/smote,0.0447887141590389,0.0007552870090634,0.1320666399981499,0.037037037037037,0.042122044874509,0.0023492560689115,-0.0095091637834244,0.0,-0.0257827878230273,0.9531722054380667,-0.037037037037037,0.009042920986854303
4,45,xgb,s1_plus_ig,0.5,0.75,positive_only,s1_plus_ig/mode=positive_only/ratio=0.5/keep=0.75,0.0234577624719808,0.0203927492447129,0.0518363452271977,0.0,0.055328124875799,0.8908112264513648,0.0344010513724501,S1/smote,0.0447887141590389,0.0007552870090634,0.1320666399981499,0.037037037037037,0.042122044874509,0.0023492560689115,-0.0095091637834244,0.0,-0.0213309516870581,0.0196374622356495,-0.037037037037037,0.013206080001290005
4,45,xgb,s1_plus_ig,0.75,0.75,positive_only,s1_plus_ig/mode=positive_only/ratio=0.75/keep=0.75,0.0307660843515203,0.0287009063444108,0.0672325048228959,0.0,0.0679417060717345,0.8908112264513648,0.0344010513724501,S1/smote,0.0447887141590389,0.0007552870090634,0.1320666399981499,0.037037037037037,0.042122044874509,0.0023492560689115,-0.0095091637834244,0.0,-0.014022629807518599,0.0279456193353474,-0.037037037037037,0.0258196611972255
4,45,xgb,s1_plus_ig,1.0,0.75,positive_only,s1_plus_ig/mode=positive_only/ratio=1.0/keep=0.75,0.0268252254756464,0.7545317220543807,0.0681738712415935,0.0,0.0462263920312828,0.8908112264513648,0.0344010513724501,S1/smote,0.0447887141590389,0.0007552870090634,0.1320666399981499,0.037037037037037,0.042122044874509,0.0023492560689115,-0.0095091637834244,0.0,-0.017963488683392502,0.7537764350453173,-0.037037037037037,0.0041043471567738035
4,45,xgb,s1_plus_ig,1.5,0.75,positive_only,s1_plus_ig/mode=positive_only/ratio=1.5/keep=0.75,0.0326435518323478,0.0030211480362537,0.0783971307365233,0.037037037037037,0.0505499529785246,0.8908112264513648,0.0344010513724501,S1/smote,0.0447887141590389,0.0007552870090634,0.1320666399981499,0.037037037037037,0.042122044874509,0.0023492560689115,-0.0095091637834244,0.0,-0.012145162326691099,0.0022658610271903,0.0,0.0084279081040156
4,45,xgb,s1_plus_ig,2.0,0.75,positive_only,s1_plus_ig/mode=positive_only/ratio=2.0/keep=0.75,0.0271148177997519,0.7077039274924471,0.0789547008047697,0.0,0.05841109739886,0.8908112264513648,0.0344010513724501,S1/smote,0.0447887141590389,0.0007552870090634,0.1320666399981499,0.037037037037037,0.042122044874509,0.0023492560689115,-0.0095091637834244,0.0,-0.017673896359287,0.7069486404833838,-0.037037037037037,0.016289052524351005
4,45,xgb,s1_plus_ig,0.25,1.0,positive_only,s1_plus_ig/mode=positive_only/ratio=0.25/keep=1.0,0.0190059263360116,0.95392749244713,0.0310533137944762,0.0,0.0511649658613633,0.9019607843137256,0.0743664705370685,S1/smote,0.0447887141590389,0.0007552870090634,0.1320666399981499,0.037037037037037,0.042122044874509,0.0023492560689115,-0.0095091637834244,0.0,-0.0257827878230273,0.9531722054380667,-0.037037037037037,0.009042920986854303
4,45,xgb,s1_plus_ig,0.5,1.0,positive_only,s1_plus_ig/mode=positive_only/ratio=0.5/keep=1.0,0.0234577624719808,0.0203927492447129,0.0518363452271977,0.0,0.055328124875799,0.9019607843137256,0.0743664705370685,S1/smote,0.0447887141590389,0.0007552870090634,0.1320666399981499,0.037037037037037,0.042122044874509,0.0023492560689115,-0.0095091637834244,0.0,-0.0213309516870581,0.0196374622356495,-0.037037037037037,0.013206080001290005
4,45,xgb,s1_plus_ig,0.75,1.0,positive_only,s1_plus_ig/mode=positive_only/ratio=0.75/keep=1.0,0.0307660843515203,0.0287009063444108,0.0672325048228959,0.0,0.0679417060717345,0.9019607843137256,0.0743664705370685,S1/smote,0.0447887141590389,0.0007552870090634,0.1320666399981499,0.037037037037037,0.042122044874509,0.0023492560689115,-0.0095091637834244,0.0,-0.014022629807518599,0.0279456193353474,-0.037037037037037,0.0258196611972255
4,45,xgb,s1_plus_ig,1.0,1.0,positive_only,s1_plus_ig/mode=positive_only/ratio=1.0/keep=1.0,0.0268252254756464,0.7545317220543807,0.0681738712415935,0.0,0.0462263920312828,0.9019607843137256,0.0743664705370685,S1/smote,0.0447887141590389,0.0007552870090634,0.1320666399981499,0.037037037037037,0.042122044874509,0.0023492560689115,-0.0095091637834244,0.0,-0.017963488683392502,0.7537764350453173,-0.037037037037037,0.0041043471567738035
4,45,xgb,s1_plus_ig,1.5,1.0,positive_only,s1_plus_ig/mode=positive_only/ratio=1.5/keep=1.0,0.0290956801390624,0.0324773413897281,0.0883409193523244,0.0,0.0676044931549623,0.9019607843137256,0.0743664705370685,S1/smote,0.0447887141590389,0.0007552870090634,0.1320666399981499,0.037037037037037,0.042122044874509,0.0023492560689115,-0.0095091637834244,0.0,-0.0156930340199765,0.031722054380664694,-0.037037037037037,0.025482448280453297
4,45,xgb,s1_plus_ig,2.0,1.0,positive_only,s1_plus_ig/mode=positive_only/ratio=2.0/keep=1.0,0.0256141520277932,0.7288519637462235,0.0741070653696212,0.0,0.0675599593989387,0.9019607843137256,0.0743664705370685,S1/smote,0.0447887141590389,0.0007552870090634,0.1320666399981499,0.037037037037037,0.042122044874509,0.0023492560689115,-0.0095091637834244,0.0,-0.0191745621312457,0.7280966767371602,-0.037037037037037,0.025437914524429707
4,46,xgb,s1_plus_ig,0.25,0.25,positive_only,s1_plus_ig/mode=positive_only/ratio=0.25/keep=0.25,0.0246023206965463,0.5929003021148036,0.0527404832953237,0.0,0.1032910963049522,0.8092307692307692,0.0277705409887603,S1/random_over,0.0419654275524825,0.0090634441087613,0.0898422309268984,0.074074074074074,0.0402272727611963,0.0078308535630383,-0.0174073208509264,0.0,-0.017363106855936197,0.5838368580060423,-0.074074074074074,0.06306382354375589
4,46,xgb,s1_plus_ig,0.5,0.25,positive_only,s1_plus_ig/mode=positive_only/ratio=0.5/keep=0.25,0.0307701355203783,0.0415407854984894,0.0730055389634238,0.037037037037037,0.1579976192519187,0.8092307692307692,0.0277705409887603,S1/random_over,0.0419654275524825,0.0090634441087613,0.0898422309268984,0.074074074074074,0.0402272727611963,0.0078308535630383,-0.0174073208509264,0.0,-0.011195292032104197,0.0324773413897281,-0.037037037037037,0.11777034649072238
4,46,xgb,s1_plus_ig,0.75,0.25,positive_only,s1_plus_ig/mode=positive_only/ratio=0.75/keep=0.25,0.0298211021379689,0.0045317220543806,0.0633623971168513,0.037037037037037,0.1688015745738372,0.8092307692307692,0.0277705409887603,S1/random_over,0.0419654275524825,0.0090634441087613,0.0898422309268984,0.074074074074074,0.0402272727611963,0.0078308535630383,-0.0174073208509264,0.0,-0.012144325414513598,-0.004531722054380701,-0.037037037037037,0.1285743018126409
4,46,xgb,s1_plus_ig,1.0,0.25,positive_only,s1_plus_ig/mode=positive_only/ratio=1.0/keep=0.25,0.0311946680336601,0.0098187311178247,0.0858195557331356,0.074074074074074,0.2144538785940791,0.8092307692307692,0.0277705409887603,S1/random_over,0.0419654275524825,0.0090634441087613,0.0898422309268984,0.074074074074074,0.0402272727611963,0.0078308535630383,-0.0174073208509264,0.0,-0.010770759518822396,0.0007552870090633997,0.0,0.1742266058328828
4,46,xgb,s1_plus_ig,1.5,0.25,positive_only,s1_plus_ig/mode=positive_only/ratio=1.5/keep=0.25,0.0246499208272283,0.7258308157099698,0.063063411488849,0.037037037037037,0.1981978946914658,0.8092307692307692,0.0277705409887603,S1/random_over,0.0419654275524825,0.0090634441087613,0.0898422309268984,0.074074074074074,0.0402272727611963,0.0078308535630383,-0.0174073208509264,0.0,-0.0173155067252542,0.7167673716012085,-0.037037037037037,0.15797062193026948
4,46,xgb,s1_plus_ig,2.0,0.25,positive_only,s1_plus_ig/mode=positive_only/ratio=2.0/keep=0.25,0.0349402375953167,0.763595166163142,0.0784172091037273,0.037037037037037,0.111793080818632,0.8092307692307692,0.0277705409887603,S1/random_over,0.0419654275524825,0.0090634441087613,0.0898422309268984,0.074074074074074,0.0402272727611963,0.0078308535630383,-0.0174073208509264,0.0,-0.007025189957165799,0.7545317220543808,-0.037037037037037,0.0715658080574357
4,46,xgb,s1_plus_ig,0.25,0.5,positive_only,s1_plus_ig/mode=positive_only/ratio=0.25/keep=0.5,0.0246023206965463,0.5929003021148036,0.0527404832953237,0.0,0.1032910963049522,0.9257977700884276,0.0301898266094256,S1/random_over,0.0419654275524825,0.0090634441087613,0.0898422309268984,0.074074074074074,0.0402272727611963,0.0078308535630383,-0.0174073208509264,0.0,-0.017363106855936197,0.5838368580060423,-0.074074074074074,0.06306382354375589
4,46,xgb,s1_plus_ig,0.5,0.5,positive_only,s1_plus_ig/mode=positive_only/ratio=0.5/keep=0.5,0.0272725299337708,0.668429003021148,0.0657600866197624,0.0,0.1204434990893858,0.9257977700884276,0.0301898266094256,S1/random_over,0.0419654275524825,0.0090634441087613,0.0898422309268984,0.074074074074074,0.0402272727611963,0.0078308535630383,-0.0174073208509264,0.0,-0.014692897618711696,0.6593655589123868,-0.074074074074074,0.0802162263281895
4,46,xgb,s1_plus_ig,0.75,0.5,positive_only,s1_plus_ig/mode=positive_only/ratio=0.75/keep=0.5,0.0345724256660142,0.0347432024169184,0.0840686782304009,0.0,0.0821121498894187,0.9257977700884276,0.0301898266094256,S1/random_over,0.0419654275524825,0.0090634441087613,0.0898422309268984,0.074074074074074,0.0402272727611963,0.0078308535630383,-0.0174073208509264,0.0,-0.007393001886468298,0.0256797583081571,-0.074074074074074,0.0418848771282224
4,46,xgb,s1_plus_ig,1.0,0.5,positive_only,s1_plus_ig/mode=positive_only/ratio=1.0/keep=0.5,0.0311013859099548,0.0589123867069486,0.0735930847200183,0.0,0.1114742535757754,0.9257977700884276,0.0301898266094256,S1/random_over,0.0419654275524825,0.0090634441087613,0.0898422309268984,0.074074074074074,0.0402272727611963,0.0078308535630383,-0.0174073208509264,0.0,-0.010864041642527696,0.0498489425981873,-0.074074074074074,0.07124698081457909
4,46,xgb,s1_plus_ig,1.5,0.5,positive_only,s1_plus_ig/mode=positive_only/ratio=1.5/keep=0.5,0.0296788664040912,0.709214501510574,0.0786089478231079,0.0,0.1131880120023963,0.9257977700884276,0.0301898266094256,S1/random_over,0.0419654275524825,0.0090634441087613,0.0898422309268984,0.074074074074074,0.0402272727611963,0.0078308535630383,-0.0174073208509264,0.0,-0.012286561148391297,0.7001510574018127,-0.074074074074074,0.0729607392412
4,46,xgb,s1_plus_ig,2.0,0.5,positive_only,s1_plus_ig/mode=positive_only/ratio=2.0/keep=0.5,0.0342903018109789,0.0407854984894259,0.0741251928973776,0.037037037037037,0.1357955548917047,0.9257977700884276,0.0301898266094256,S1/random_over,0.0419654275524825,0.0090634441087613,0.0898422309268984,0.074074074074074,0.0402272727611963,0.0078308535630383,-0.0174073208509264,0.0,-0.0076751257415035995,0.0317220543806646,-0.037037037037037,0.09556828213050839
4,46,xgb,s1_plus_ig,0.25,0.75,positive_only,s1_plus_ig/mode=positive_only/ratio=0.25/keep=0.75,0.0246023206965463,0.5929003021148036,0.0527404832953237,0.0,0.1032910963049522,0.8942714340638216,0.0197370746297084,S1/random_over,0.0419654275524825,0.0090634441087613,0.0898422309268984,0.074074074074074,0.0402272727611963,0.0078308535630383,-0.0174073208509264,0.0,-0.017363106855936197,0.5838368580060423,-0.074074074074074,0.06306382354375589
4,46,xgb,s1_plus_ig,0.5,0.75,positive_only,s1_plus_ig/mode=positive_only/ratio=0.5/keep=0.75,0.0272725299337708,0.668429003021148,0.0657600866197624,0.0,0.1204434990893858,0.8942714340638216,0.0197370746297084,S1/random_over,0.0419654275524825,0.0090634441087613,0.0898422309268984,0.074074074074074,0.0402272727611963,0.0078308535630383,-0.0174073208509264,0.0,-0.014692897618711696,0.6593655589123868,-0.074074074074074,0.0802162263281895
4,46,xgb,s1_plus_ig,0.75,0.75,positive_only,s1_plus_ig/mode=positive_only/ratio=0.75/keep=0.75,0.0239052464393273,0.7688821752265861,0.0648170085957503,0.0,0.1699648063333677,0.8942714340638216,0.0197370746297084,S1/random_over,0.0419654275524825,0.0090634441087613,0.0898422309268984,0.074074074074074,0.0402272727611963,0.0078308535630383,-0.0174073208509264,0.0,-0.0180601811131552,0.7598187311178248,-0.074074074074074,0.12973753357217138
4,46,xgb,s1_plus_ig,1.0,0.75,positive_only,s1_plus_ig/mode=positive_only/ratio=1.0/keep=0.75,0.0231928199955678,0.904833836858006,0.0457989074358039,0.037037037037037,0.1917269960636873,0.8942714340638216,0.0197370746297084,S1/random_over,0.0419654275524825,0.0090634441087613,0.0898422309268984,0.074074074074074,0.0402272727611963,0.0078308535630383,-0.0174073208509264,0.0,-0.0187726075569147,0.8957703927492447,-0.037037037037037,0.15149972330249098
4,46,xgb,s1_plus_ig,1.5,0.75,positive_only,s1_plus_ig/mode=positive_only/ratio=1.5/keep=0.75,0.0317659505418811,0.5611782477341389,0.0716239412929771,0.0,0.1785923593846516,0.8942714340638216,0.0197370746297084,S1/random_over,0.0419654275524825,0.0090634441087613,0.0898422309268984,0.074074074074074,0.0402272727611963,0.0078308535630383,-0.0174073208509264,0.0,-0.0101994770106014,0.5521148036253777,-0.074074074074074,0.13836508662345529
4,46,xgb,s1_plus_ig,2.0,0.75,positive_only,s1_plus_ig/mode=positive_only/ratio=2.0/keep=0.75,0.0261439645088759,0.7938066465256798,0.0718637428471322,0.0,0.1324777890964391,0.8942714340638216,0.0197370746297084,S1/random_over,0.0419654275524825,0.0090634441087613,0.0898422309268984,0.074074074074074,0.0402272727611963,0.0078308535630383,-0.0174073208509264,0.0,-0.0158214630436066,0.7847432024169185,-0.074074074074074,0.09225051633524278
4,46,xgb,s1_plus_ig,0.25,1.0,positive_only,s1_plus_ig/mode=positive_only/ratio=0.25/keep=1.0,0.0246023206965463,0.5929003021148036,0.0527404832953237,0.0,0.1032910963049522,0.9334871203383316,0.0225974134630879,S1/random_over,0.0419654275524825,0.0090634441087613,0.0898422309268984,0.074074074074074,0.0402272727611963,0.0078308535630383,-0.0174073208509264,0.0,-0.017363106855936197,0.5838368580060423,-0.074074074074074,0.06306382354375589
4,46,xgb,s1_plus_ig,0.5,1.0,positive_only,s1_plus_ig/mode=positive_only/ratio=0.5/keep=1.0,0.0272725299337708,0.668429003021148,0.0657600866197624,0.0,0.1204434990893858,0.9334871203383316,0.0225974134630879,S1/random_over,0.0419654275524825,0.0090634441087613,0.0898422309268984,0.074074074074074,0.0402272727611963,0.0078308535630383,-0.0174073208509264,0.0,-0.014692897618711696,0.6593655589123868,-0.074074074074074,0.0802162263281895
4,46,xgb,s1_plus_ig,0.75,1.0,positive_only,s1_plus_ig/mode=positive_only/ratio=0.75/keep=1.0,0.0239052464393273,0.7688821752265861,0.0648170085957503,0.0,0.1699648063333677,0.9334871203383316,0.0225974134630879,S1/random_over,0.0419654275524825,0.0090634441087613,0.0898422309268984,0.074074074074074,0.0402272727611963,0.0078308535630383,-0.0174073208509264,0.0,-0.0180601811131552,0.7598187311178248,-0.074074074074074,0.12973753357217138
4,46,xgb,s1_plus_ig,1.0,1.0,positive_only,s1_plus_ig/mode=positive_only/ratio=1.0/keep=1.0,0.0231928199955678,0.904833836858006,0.0457989074358039,0.037037037037037,0.1917269960636873,0.9334871203383316,0.0225974134630879,S1/random_over,0.0419654275524825,0.0090634441087613,0.0898422309268984,0.074074074074074,0.0402272727611963,0.0078308535630383,-0.0174073208509264,0.0,-0.0187726075569147,0.8957703927492447,-0.037037037037037,0.15149972330249098
4,46,xgb,s1_plus_ig,1.5,1.0,positive_only,s1_plus_ig/mode=positive_only/ratio=1.5/keep=1.0,0.0251206178440204,0.7099697885196374,0.0784360565713528,0.037037037037037,0.1134863157305454,0.9334871203383316,0.0225974134630879,S1/random_over,0.0419654275524825,0.0090634441087613,0.0898422309268984,0.074074074074074,0.0402272727611963,0.0078308535630383,-0.0174073208509264,0.0,-0.016844809708462097,0.7009063444108762,-0.037037037037037,0.0732590429693491
4,46,xgb,s1_plus_ig,2.0,1.0,positive_only,s1_plus_ig/mode=positive_only/ratio=2.0/keep=1.0,0.0277772623620962,0.0030211480362537,0.0783971307365233,0.037037037037037,0.1711770385515972,0.9334871203383316,0.0225974134630879,S1/random_over,0.0419654275524825,0.0090634441087613,0.0898422309268984,0.074074074074074,0.0402272727611963,0.0078308535630383,-0.0174073208509264,0.0,-0.014188165190386296,-0.006042296072507601,-0.037037037037037,0.13094976579040088
5,42,xgb,s1_plus_ig,0.25,0.25,positive_only,s1_plus_ig/mode=positive_only/ratio=0.25/keep=0.25,0.077970741062739,0.0,0.1759291839039427,0.0634920634920634,0.0596559070071976,0.9561301084236864,0.0383667433111173,S1/smote,0.091091513604085,0.0004210526315789,0.1850271029363683,0.0952380952380952,0.0585922892536818,0.0022346368715083,-0.0085680953679139,0.0329670329670329,-0.013120772541345999,-0.0004210526315789,-0.0317460317460318,0.0010636177535158012
5,42,xgb,s1_plus_ig,0.5,0.25,positive_only,s1_plus_ig/mode=positive_only/ratio=0.5/keep=0.25,0.0538172851725803,0.0,0.1243751929964915,0.0317460317460317,0.0584826140862343,0.9561301084236864,0.0383667433111173,S1/smote,0.091091513604085,0.0004210526315789,0.1850271029363683,0.0952380952380952,0.0585922892536818,0.0022346368715083,-0.0085680953679139,0.0329670329670329,-0.037274228431504706,-0.0004210526315789,-0.0634920634920635,-0.00010967516744749689
5,42,xgb,s1_plus_ig,0.75,0.25,positive_only,s1_plus_ig/mode=positive_only/ratio=0.75/keep=0.25,0.0652682688791089,0.0004210526315789,0.1417694849863601,0.0476190476190476,0.061327649715787,0.9561301084236864,0.0383667433111173,S1/smote,0.091091513604085,0.0004210526315789,0.1850271029363683,0.0952380952380952,0.0585922892536818,0.0022346368715083,-0.0085680953679139,0.0329670329670329,-0.025823244724976102,0.0,-0.0476190476190476,0.0027353604621052005
5,42,xgb,s1_plus_ig,1.0,0.25,positive_only,s1_plus_ig/mode=positive_only/ratio=1.0/keep=0.25,0.0696990814842238,0.0,0.1759291839039427,0.0476190476190476,0.0560324921856956,0.9561301084236864,0.0383667433111173,S1/smote,0.091091513604085,0.0004210526315789,0.1850271029363683,0.0952380952380952,0.0585922892536818,0.0022346368715083,-0.0085680953679139,0.0329670329670329,-0.021392432119861207,-0.0004210526315789,-0.0476190476190476,-0.0025597970679861956
5,42,xgb,s1_plus_ig,1.5,0.25,positive_only,s1_plus_ig/mode=positive_only/ratio=1.5/keep=0.25,0.078016939078733,0.0,0.1759291839039427,0.0634920634920634,0.0576665252012943,0.9561301084236864,0.0383667433111173,S1/smote,0.091091513604085,0.0004210526315789,0.1850271029363683,0.0952380952380952,0.0585922892536818,0.0022346368715083,-0.0085680953679139,0.0329670329670329,-0.013074574525352003,-0.0004210526315789,-0.0317460317460318,-0.0009257640523874996
5,42,xgb,s1_plus_ig,2.0,0.25,positive_only,s1_plus_ig/mode=positive_only/ratio=2.0/keep=0.25,0.0984584253553167,0.0,0.1759291839039427,0.1111111111111111,0.0563152095945378,0.9561301084236864,0.0383667433111173,S1/smote,0.091091513604085,0.0004210526315789,0.1850271029363683,0.0952380952380952,0.0585922892536818,0.0022346368715083,-0.0085680953679139,0.0329670329670329,0.007366911751231692,-0.0004210526315789,0.0158730158730159,-0.0022770796591439976
5,42,xgb,s1_plus_ig,0.25,0.5,positive_only,s1_plus_ig/mode=positive_only/ratio=0.25/keep=0.5,0.077970741062739,0.0,0.1759291839039427,0.0634920634920634,0.0596559070071976,0.9911803340213924,0.0497170549421719,S1/smote,0.091091513604085,0.0004210526315789,0.1850271029363683,0.0952380952380952,0.0585922892536818,0.0022346368715083,-0.0085680953679139,0.0329670329670329,-0.013120772541345999,-0.0004210526315789,-0.0317460317460318,0.0010636177535158012
5,42,xgb,s1_plus_ig,0.5,0.5,positive_only,s1_plus_ig/mode=positive_only/ratio=0.5/keep=0.5,0.0663844465720846,0.0,0.1243751929964915,0.0476190476190476,0.058912734056012,0.9911803340213924,0.0497170549421719,S1/smote,0.091091513604085,0.0004210526315789,0.1850271029363683,0.0952380952380952,0.0585922892536818,0.0022346368715083,-0.0085680953679139,0.0329670329670329,-0.0247070670320004,-0.0004210526315789,-0.0476190476190476,0.00032044480233020534
5,42,xgb,s1_plus_ig,0.75,0.5,positive_only,s1_plus_ig/mode=positive_only/ratio=0.75/keep=0.5,0.0794254643199793,0.0,0.1759291839039427,0.0634920634920634,0.0504958189227454,0.9911803340213924,0.0497170549421719,S1/smote,0.091091513604085,0.0004210526315789,0.1850271029363683,0.0952380952380952,0.0585922892536818,0.0022346368715083,-0.0085680953679139,0.0329670329670329,-0.011666049284105709,-0.0004210526315789,-0.0317460317460318,-0.008096470330936398
5,42,xgb,s1_plus_ig,1.0,0.5,positive_only,s1_plus_ig/mode=positive_only/ratio=1.0/keep=0.5,0.0737100446423784,0.0004210526315789,0.1417694849863601,0.0317460317460317,0.0503414962187919,0.9911803340213924,0.0497170549421719,S1/smote,0.091091513604085,0.0004210526315789,0.1850271029363683,0.0952380952380952,0.0585922892536818,0.0022346368715083,-0.0085680953679139,0.0329670329670329,-0.0173814689617066,0.0,-0.0634920634920635,-0.008250793034889896
5,42,xgb,s1_plus_ig,1.5,0.5,positive_only,s1_plus_ig/mode=positive_only/ratio=1.5/keep=0.5,0.0774261659130713,0.0088421052631578,0.1309830743925228,0.0952380952380952,0.0569236414658957,0.9911803340213924,0.0497170549421719,S1/smote,0.091091513604085,0.0004210526315789,0.1850271029363683,0.0952380952380952,0.0585922892536818,0.0022346368715083,-0.0085680953679139,0.0329670329670329,-0.013665347691013699,0.0084210526315789,0.0,-0.0016686477877860956
5,42,xgb,s1_plus_ig,2.0,0.5,positive_only,s1_plus_ig/mode=positive_only/ratio=2.0/keep=0.5,0.0917808230101954,0.0,0.1759291839039427,0.0476190476190476,0.0587961577876742,0.9911803340213924,0.0497170549421719,S1/smote,0.091091513604085,0.0004210526315789,0.1850271029363683,0.0952380952380952,0.0585922892536818,0.0022346368715083,-0.0085680953679139,0.0329670329670329,0.0006893094061103944,-0.0004210526315789,-0.0476190476190476,0.0002038685339924018
5,42,xgb,s1_plus_ig,0.25,0.75,positive_only,s1_plus_ig/mode=positive_only/ratio=0.25/keep=0.75,0.077970741062739,0.0,0.1759291839039427,0.0634920634920634,0.0596559070071976,0.9945997789870936,0.0742524669844458,S1/smote,0.091091513604085,0.0004210526315789,0.1850271029363683,0.0952380952380952,0.0585922892536818,0.0022346368715083,-0.0085680953679139,0.0329670329670329,-0.013120772541345999,-0.0004210526315789,-0.0317460317460318,0.0010636177535158012
5,42,xgb,s1_plus_ig,0.5,0.75,positive_only,s1_plus_ig/mode=positive_only/ratio=0.5/keep=0.75,0.0663844465720846,0.0,0.1243751929964915,0.0476190476190476,0.058912734056012,0.9945997789870936,0.0742524669844458,S1/smote,0.091091513604085,0.0004210526315789,0.1850271029363683,0.0952380952380952,0.0585922892536818,0.0022346368715083,-0.0085680953679139,0.0329670329670329,-0.0247070670320004,-0.0004210526315789,-0.0476190476190476,0.00032044480233020534
5,42,xgb,s1_plus_ig,0.75,0.75,positive_only,s1_plus_ig/mode=positive_only/ratio=0.75/keep=0.75,0.0781760690702108,0.0,0.1759291839039427,0.0476190476190476,0.0506165209397262,0.9945997789870936,0.0742524669844458,S1/smote,0.091091513604085,0.0004210526315789,0.1850271029363683,0.0952380952380952,0.0585922892536818,0.0022346368715083,-0.0085680953679139,0.0329670329670329,-0.012915444533874207,-0.0004210526315789,-0.0476190476190476,-0.007975768313955599
5,42,xgb,s1_plus_ig,1.0,0.75,positive_only,s1_plus_ig/mode=positive_only/ratio=1.0/keep=0.75,0.1376960071636239,0.0,0.2489036360656328,0.1269841269841269,0.0569720530876794,0.9945997789870936,0.0742524669844458,S1/smote,0.091091513604085,0.0004210526315789,0.1850271029363683,0.0952380952380952,0.0585922892536818,0.0022346368715083,-0.0085680953679139,0.0329670329670329,0.0466044935595389,-0.0004210526315789,0.03174603174603169,-0.0016202361660023964
5,42,xgb,s1_plus_ig,1.5,0.75,positive_only,s1_plus_ig/mode=positive_only/ratio=1.5/keep=0.75,0.1448723578490734,0.0008421052631578,0.26188311430076,0.1269841269841269,0.0651646688330639,0.9945997789870936,0.0742524669844458,S1/smote,0.091091513604085,0.0004210526315789,0.1850271029363683,0.0952380952380952,0.0585922892536818,0.0022346368715083,-0.0085680953679139,0.0329670329670329,0.0537808442449884,0.0004210526315789,0.03174603174603169,0.006572379579382108
5,42,xgb,s1_plus_ig,2.0,0.75,positive_only,s1_plus_ig/mode=positive_only/ratio=2.0/keep=0.75,0.1438666406258946,0.0,0.2489036360656328,0.1111111111111111,0.0551898109096598,0.9945997789870936,0.0742524669844458,S1/smote,0.091091513604085,0.0004210526315789,0.1850271029363683,0.0952380952380952,0.0585922892536818,0.0022346368715083,-0.0085680953679139,0.0329670329670329,0.0527751270218096,-0.0004210526315789,0.0158730158730159,-0.003402478344021999
5,42,xgb,s1_plus_ig,0.25,1.0,positive_only,s1_plus_ig/mode=positive_only/ratio=0.25/keep=1.0,0.077970741062739,0.0,0.1759291839039427,0.0634920634920634,0.0596559070071976,0.9967056566793852,0.0719813879365269,S1/smote,0.091091513604085,0.0004210526315789,0.1850271029363683,0.0952380952380952,0.0585922892536818,0.0022346368715083,-0.0085680953679139,0.0329670329670329,-0.013120772541345999,-0.0004210526315789,-0.0317460317460318,0.0010636177535158012
5,42,xgb,s1_plus_ig,0.5,1.0,positive_only,s1_plus_ig/mode=positive_only/ratio=0.5/keep=1.0,0.0663844465720846,0.0,0.1243751929964915,0.0476190476190476,0.058912734056012,0.9967056566793852,0.0719813879365269,S1/smote,0.091091513604085,0.0004210526315789,0.1850271029363683,0.0952380952380952,0.0585922892536818,0.0022346368715083,-0.0085680953679139,0.0329670329670329,-0.0247070670320004,-0.0004210526315789,-0.0476190476190476,0.00032044480233020534
5,42,xgb,s1_plus_ig,0.75,1.0,positive_only,s1_plus_ig/mode=positive_only/ratio=0.75/keep=1.0,0.0781760690702108,0.0,0.1759291839039427,0.0476190476190476,0.0506165209397262,0.9967056566793852,0.0719813879365269,S1/smote,0.091091513604085,0.0004210526315789,0.1850271029363683,0.0952380952380952,0.0585922892536818,0.0022346368715083,-0.0085680953679139,0.0329670329670329,-0.012915444533874207,-0.0004210526315789,-0.0476190476190476,-0.007975768313955599
5,42,xgb,s1_plus_ig,1.0,1.0,positive_only,s1_plus_ig/mode=positive_only/ratio=1.0/keep=1.0,0.1376960071636239,0.0,0.2489036360656328,0.1269841269841269,0.0569720530876794,0.9967056566793852,0.0719813879365269,S1/smote,0.091091513604085,0.0004210526315789,0.1850271029363683,0.0952380952380952,0.0585922892536818,0.0022346368715083,-0.0085680953679139,0.0329670329670329,0.0466044935595389,-0.0004210526315789,0.03174603174603169,-0.0016202361660023964
5,42,xgb,s1_plus_ig,1.5,1.0,positive_only,s1_plus_ig/mode=positive_only/ratio=1.5/keep=1.0,0.1226160048424519,0.0058947368421052,0.2031647547394822,0.1269841269841269,0.0569412008651619,0.9967056566793852,0.0719813879365269,S1/smote,0.091091513604085,0.0004210526315789,0.1850271029363683,0.0952380952380952,0.0585922892536818,0.0022346368715083,-0.0085680953679139,0.0329670329670329,0.0315244912383669,0.0054736842105263,0.03174603174603169,-0.0016510883885198988
5,42,xgb,s1_plus_ig,2.0,1.0,positive_only,s1_plus_ig/mode=positive_only/ratio=2.0/keep=1.0,0.1443045925311712,0.0004210526315789,0.2811557615085553,0.1111111111111111,0.0573759481556577,0.9967056566793852,0.0719813879365269,S1/smote,0.091091513604085,0.0004210526315789,0.1850271029363683,0.0952380952380952,0.0585922892536818,0.0022346368715083,-0.0085680953679139,0.0329670329670329,0.053213078927086196,0.0,0.0158730158730159,-0.0012163410980240985
5,43,xgb,s1_plus_ig,0.25,0.25,positive_only,s1_plus_ig/mode=positive_only/ratio=0.25/keep=0.25,0.0780717375268531,0.0,0.1759291839039427,0.0634920634920634,0.0727020954977824,0.9857381150959132,0.0261070424855751,S1/smote,0.1339853146491224,0.0008421052631578,0.26188311430076,0.1111111111111111,0.0646197771586235,0.0089385474860335,0.024104598908758,0.0659340659340659,-0.055913577122269284,-0.0008421052631578,-0.0476190476190477,0.0080823183391589
5,43,xgb,s1_plus_ig,0.5,0.25,positive_only,s1_plus_ig/mode=positive_only/ratio=0.5/keep=0.25,0.0870484501047225,0.0004210526315789,0.1850271029363683,0.0793650793650793,0.0592732408306676,0.9857381150959132,0.0261070424855751,S1/smote,0.1339853146491224,0.0008421052631578,0.26188311430076,0.1111111111111111,0.0646197771586235,0.0089385474860335,0.024104598908758,0.0659340659340659,-0.046936864544399895,-0.0004210526315789,-0.0317460317460318,-0.0053465363279559044
5,43,xgb,s1_plus_ig,0.75,0.25,positive_only,s1_plus_ig/mode=positive_only/ratio=0.75/keep=0.25,0.0957503051773221,0.0,0.2155126051904876,0.0634920634920634,0.0589506631440846,0.9857381150959132,0.0261070424855751,S1/smote,0.1339853146491224,0.0008421052631578,0.26188311430076,0.1111111111111111,0.0646197771586235,0.0089385474860335,0.024104598908758,0.0659340659340659,-0.038235009471800294,-0.0008421052631578,-0.0476190476190477,-0.005669114014538908
5,43,xgb,s1_plus_ig,1.0,0.25,positive_only,s1_plus_ig/mode=positive_only/ratio=1.0/keep=0.25,0.0662059748582072,0.0,0.1243751929964915,0.0634920634920634,0.0616387617324644,0.9857381150959132,0.0261070424855751,S1/smote,0.1339853146491224,0.0008421052631578,0.26188311430076,0.1111111111111111,0.0646197771586235,0.0089385474860335,0.024104598908758,0.0659340659340659,-0.06777933979091519,-0.0008421052631578,-0.0476190476190477,-0.0029810154261591046
5,43,xgb,s1_plus_ig,1.5,0.25,positive_only,s1_plus_ig/mode=positive_only/ratio=1.5/keep=0.25,0.0652764689175798,0.0,0.1243751929964915,0.0317460317460317,0.0581608497328998,0.9857381150959132,0.0261070424855751,S1/smote,0.1339853146491224,0.0008421052631578,0.26188311430076,0.1111111111111111,0.0646197771586235,0.0089385474860335,0.024104598908758,0.0659340659340659,-0.0687088457315426,-0.0008421052631578,-0.0793650793650794,-0.0064589274257237095
5,43,xgb,s1_plus_ig,2.0,0.25,positive_only,s1_plus_ig/mode=positive_only/ratio=2.0/keep=0.25,0.0656907720741711,0.0,0.1243751929964915,0.0158730158730158,0.0539132754372233,0.9857381150959132,0.0261070424855751,S1/smote,0.1339853146491224,0.0008421052631578,0.26188311430076,0.1111111111111111,0.0646197771586235,0.0089385474860335,0.024104598908758,0.0659340659340659,-0.0682945425749513,-0.0008421052631578,-0.0952380952380953,-0.010706501721400204
5,43,xgb,s1_plus_ig,0.25,0.5,positive_only,s1_plus_ig/mode=positive_only/ratio=0.25/keep=0.5,0.0780717375268531,0.0,0.1759291839039427,0.0634920634920634,0.0727020954977824,0.9947874314547236,0.0441234846714983,S1/smote,0.1339853146491224,0.0008421052631578,0.26188311430076,0.1111111111111111,0.0646197771586235,0.0089385474860335,0.024104598908758,0.0659340659340659,-0.055913577122269284,-0.0008421052631578,-0.0476190476190477,0.0080823183391589
5,43,xgb,s1_plus_ig,0.5,0.5,positive_only,s1_plus_ig/mode=positive_only/ratio=0.5/keep=0.5,0.1355675789181142,0.0,0.2489036360656328,0.1428571428571428,0.0572198403034575,0.9947874314547236,0.0441234846714983,S1/smote,0.1339853146491224,0.0008421052631578,0.26188311430076,0.1111111111111111,0.0646197771586235,0.0089385474860335,0.024104598908758,0.0659340659340659,0.001582264268991801,-0.0008421052631578,0.03174603174603169,-0.007399936855166003
5,43,xgb,s1_plus_ig,0.75,0.5,positive_only,s1_plus_ig/mode=positive_only/ratio=0.75/keep=0.5,0.0756773548501272,0.0,0.1243751929964915,0.0634920634920634,0.0537810198902781,0.9947874314547236,0.0441234846714983,S1/smote,0.1339853146491224,0.0008421052631578,0.26188311430076,0.1111111111111111,0.0646197771586235,0.0089385474860335,0.024104598908758,0.0659340659340659,-0.058307959798995196,-0.0008421052631578,-0.0476190476190477,-0.010838757268345406
5,43,xgb,s1_plus_ig,1.0,0.5,positive_only,s1_plus_ig/mode=positive_only/ratio=1.0/keep=0.5,0.1349651039493139,0.0037894736842105,0.2348940878495632,0.1428571428571428,0.055065233110773,0.9947874314547236,0.0441234846714983,S1/smote,0.1339853146491224,0.0008421052631578,0.26188311430076,0.1111111111111111,0.0646197771586235,0.0089385474860335,0.024104598908758,0.0659340659340659,0.0009797893001915192,0.0029473684210527,0.03174603174603169,-0.009554544047850506
5,43,xgb,s1_plus_ig,1.5,0.5,positive_only,s1_plus_ig/mode=positive_only/ratio=1.5/keep=0.5,0.1330987444698193,0.0008421052631578,0.2328398563448238,0.1269841269841269,0.0535335004177556,0.9947874314547236,0.0441234846714983,S1/smote,0.1339853146491224,0.0008421052631578,0.26188311430076,0.1111111111111111,0.0646197771586235,0.0089385474860335,0.024104598908758,0.0659340659340659,-0.0008865701793030756,0.0,0.01587301587301579,-0.011086276740867908
5,43,xgb,s1_plus_ig,2.0,0.5,positive_only,s1_plus_ig/mode=positive_only/ratio=2.0/keep=0.5,0.1228832920831097,0.0033684210526315,0.1929051989024549,0.1269841269841269,0.0548165779583955,0.9947874314547236,0.0441234846714983,S1/smote,0.1339853146491224,0.0008421052631578,0.26188311430076,0.1111111111111111,0.0646197771586235,0.0089385474860335,0.024104598908758,0.0659340659340659,-0.011102022566012684,0.0025263157894737003,0.01587301587301579,-0.009803199200228006
5,43,xgb,s1_plus_ig,0.25,0.75,positive_only,s1_plus_ig/mode=positive_only/ratio=0.25/keep=0.75,0.0780717375268531,0.0,0.1759291839039427,0.0634920634920634,0.0727020954977824,0.9965597047601176,0.0671257489205614,S1/smote,0.1339853146491224,0.0008421052631578,0.26188311430076,0.1111111111111111,0.0646197771586235,0.0089385474860335,0.024104598908758,0.0659340659340659,-0.055913577122269284,-0.0008421052631578,-0.0476190476190477,0.0080823183391589
5,43,xgb,s1_plus_ig,0.5,0.75,positive_only,s1_plus_ig/mode=positive_only/ratio=0.5/keep=0.75,0.1355675789181142,0.0,0.2489036360656328,0.1428571428571428,0.0572198403034575,0.9965597047601176,0.0671257489205614,S1/smote,0.1339853146491224,0.0008421052631578,0.26188311430076,0.1111111111111111,0.0646197771586235,0.0089385474860335,0.024104598908758,0.0659340659340659,0.001582264268991801,-0.0008421052631578,0.03174603174603169,-0.007399936855166003
5,43,xgb,s1_plus_ig,0.75,0.75,positive_only,s1_plus_ig/mode=positive_only/ratio=0.75/keep=0.75,0.1435253104653346,0.0,0.2489036360656328,0.1269841269841269,0.055608624954529,0.9965597047601176,0.0671257489205614,S1/smote,0.1339853146491224,0.0008421052631578,0.26188311430076,0.1111111111111111,0.0646197771586235,0.0089385474860335,0.024104598908758,0.0659340659340659,0.009539995816212204,-0.0008421052631578,0.01587301587301579,-0.009011152204094507
5,43,xgb,s1_plus_ig,1.0,0.75,positive_only,s1_plus_ig/mode=positive_only/ratio=1.0/keep=0.75,0.1401795693994801,0.0004210526315789,0.2211952602471559,0.1428571428571428,0.0543694973691676,0.9965597047601176,0.0671257489205614,S1/smote,0.1339853146491224,0.0008421052631578,0.26188311430076,0.1111111111111111,0.0646197771586235,0.0089385474860335,0.024104598908758,0.0659340659340659,0.006194254750357703,-0.0004210526315789,0.03174603174603169,-0.010250279789455904
5,43,xgb,s1_plus_ig,1.5,0.75,positive_only,s1_plus_ig/mode=positive_only/ratio=1.5/keep=0.75,0.1656056259789689,0.0004210526315789,0.2811557615085553,0.1428571428571428,0.0526762025281275,0.9965597047601176,0.0671257489205614,S1/smote,0.1339853146491224,0.0008421052631578,0.26188311430076,0.1111111111111111,0.0646197771586235,0.0089385474860335,0.024104598908758,0.0659340659340659,0.03162031132984652,-0.0004210526315789,0.03174603174603169,-0.011943574630496008
5,43,xgb,s1_plus_ig,2.0,0.75,positive_only,s1_plus_ig/mode=positive_only/ratio=2.0/keep=0.75,0.1404470646933839,0.0004210526315789,0.2811557615085553,0.1111111111111111,0.0541385871113661,0.9965597047601176,0.0671257489205614,S1/smote,0.1339853146491224,0.0008421052631578,0.26188311430076,0.1111111111111111,0.0646197771586235,0.0089385474860335,0.024104598908758,0.0659340659340659,0.0064617500442614995,-0.0004210526315789,0.0,-0.010481190047257408
5,43,xgb,s1_plus_ig,0.25,1.0,positive_only,s1_plus_ig/mode=positive_only/ratio=0.25/keep=1.0,0.0780717375268531,0.0,0.1759291839039427,0.0634920634920634,0.0727020954977824,0.9945580784387316,0.112770055968989,S1/smote,0.1339853146491224,0.0008421052631578,0.26188311430076,0.1111111111111111,0.0646197771586235,0.0089385474860335,0.024104598908758,0.0659340659340659,-0.055913577122269284,-0.0008421052631578,-0.0476190476190477,0.0080823183391589
5,43,xgb,s1_plus_ig,0.5,1.0,positive_only,s1_plus_ig/mode=positive_only/ratio=0.5/keep=1.0,0.1355675789181142,0.0,0.2489036360656328,0.1428571428571428,0.0572198403034575,0.9945580784387316,0.112770055968989,S1/smote,0.1339853146491224,0.0008421052631578,0.26188311430076,0.1111111111111111,0.0646197771586235,0.0089385474860335,0.024104598908758,0.0659340659340659,0.001582264268991801,-0.0008421052631578,0.03174603174603169,-0.007399936855166003
5,43,xgb,s1_plus_ig,0.75,1.0,positive_only,s1_plus_ig/mode=positive_only/ratio=0.75/keep=1.0,0.1435253104653346,0.0,0.2489036360656328,0.1269841269841269,0.055608624954529,0.9945580784387316,0.112770055968989,S1/smote,0.1339853146491224,0.0008421052631578,0.26188311430076,0.1111111111111111,0.0646197771586235,0.0089385474860335,0.024104598908758,0.0659340659340659,0.009539995816212204,-0.0008421052631578,0.01587301587301579,-0.009011152204094507
5,43,xgb,s1_plus_ig,1.0,1.0,positive_only,s1_plus_ig/mode=positive_only/ratio=1.0/keep=1.0,0.1401795693994801,0.0004210526315789,0.2211952602471559,0.1428571428571428,0.0543694973691676,0.9945580784387316,0.112770055968989,S1/smote,0.1339853146491224,0.0008421052631578,0.26188311430076,0.1111111111111111,0.0646197771586235,0.0089385474860335,0.024104598908758,0.0659340659340659,0.006194254750357703,-0.0004210526315789,0.03174603174603169,-0.010250279789455904
5,43,xgb,s1_plus_ig,1.5,1.0,positive_only,s1_plus_ig/mode=positive_only/ratio=1.5/keep=1.0,0.1825686288981727,0.0012631578947368,0.2976312792321485,0.1428571428571428,0.0554321770402236,0.9945580784387316,0.112770055968989,S1/smote,0.1339853146491224,0.0008421052631578,0.26188311430076,0.1111111111111111,0.0646197771586235,0.0089385474860335,0.024104598908758,0.0659340659340659,0.048583314249050324,0.00042105263157900003,0.03174603174603169,-0.009187600118399905
5,43,xgb,s1_plus_ig,2.0,1.0,positive_only,s1_plus_ig/mode=positive_only/ratio=2.0/keep=1.0,0.1557344826246693,0.0012631578947368,0.2458550392675328,0.1428571428571428,0.0534138788987627,0.9945580784387316,0.112770055968989,S1/smote,0.1339853146491224,0.0008421052631578,0.26188311430076,0.1111111111111111,0.0646197771586235,0.0089385474860335,0.024104598908758,0.0659340659340659,0.021749167975546907,0.00042105263157900003,0.03174603174603169,-0.011205898259860805
5,44,xgb,s1_plus_ig,0.25,0.25,positive_only,s1_plus_ig/mode=positive_only/ratio=0.25/keep=0.25,0.0567621273718441,0.0,0.1243751929964915,0.0476190476190476,0.0565175410274464,0.9928273561301084,0.0411730318728353,S1/smote,0.0891654669270251,0.0016842105263157,0.1714737355602824,0.0952380952380952,0.0632911608565391,0.0048417132216014,-0.0126278607687633,0.0439560439560439,-0.032403339555180995,-0.0016842105263157,-0.0476190476190476,-0.006773619829092706
5,44,xgb,s1_plus_ig,0.5,0.25,positive_only,s1_plus_ig/mode=positive_only/ratio=0.5/keep=0.25,0.0916075656167022,0.0,0.1759291839039427,0.0952380952380952,0.0569892055596337,0.9928273561301084,0.0411730318728353,S1/smote,0.0891654669270251,0.0016842105263157,0.1714737355602824,0.0952380952380952,0.0632911608565391,0.0048417132216014,-0.0126278607687633,0.0439560439560439,0.0024420986896771107,-0.0016842105263157,0.0,-0.006301955296905401
5,44,xgb,s1_plus_ig,0.75,0.25,positive_only,s1_plus_ig/mode=positive_only/ratio=0.75/keep=0.25,0.0754325780055537,0.0037894736842105,0.1300671740988733,0.0793650793650793,0.0579689948870302,0.9928273561301084,0.0411730318728353,S1/smote,0.0891654669270251,0.0016842105263157,0.1714737355602824,0.0952380952380952,0.0632911608565391,0.0048417132216014,-0.0126278607687633,0.0439560439560439,-0.013732888921471398,0.0021052631578948,-0.0158730158730159,-0.0053221659695089005
5,44,xgb,s1_plus_ig,1.0,0.25,positive_only,s1_plus_ig/mode=positive_only/ratio=1.0/keep=0.25,0.0839961004481455,0.0113684210526315,0.1542083922791447,0.0793650793650793,0.0558814561938574,0.9928273561301084,0.0411730318728353,S1/smote,0.0891654669270251,0.0016842105263157,0.1714737355602824,0.0952380952380952,0.0632911608565391,0.0048417132216014,-0.0126278607687633,0.0439560439560439,-0.005169366478879597,0.0096842105263158,-0.0158730158730159,-0.007409704662681704
5,44,xgb,s1_plus_ig,1.5,0.25,positive_only,s1_plus_ig/mode=positive_only/ratio=1.5/keep=0.25,0.0638258409075904,0.0,0.1243751929964915,0.0317460317460317,0.0566454731019205,0.9928273561301084,0.0411730318728353,S1/smote,0.0891654669270251,0.0016842105263157,0.1714737355602824,0.0952380952380952,0.0632911608565391,0.0048417132216014,-0.0126278607687633,0.0439560439560439,-0.025339626019434694,-0.0016842105263157,-0.0634920634920635,-0.006645687754618601
5,44,xgb,s1_plus_ig,2.0,0.25,positive_only,s1_plus_ig/mode=positive_only/ratio=2.0/keep=0.25,0.0600207024735426,0.0,0.1243751929964915,0.0317460317460317,0.0534985636816315,0.9928273561301084,0.0411730318728353,S1/smote,0.0891654669270251,0.0016842105263157,0.1714737355602824,0.0952380952380952,0.0632911608565391,0.0048417132216014,-0.0126278607687633,0.0439560439560439,-0.02914476445348249,-0.0016842105263157,-0.0634920634920635,-0.009792597174907602
5,44,xgb,s1_plus_ig,0.25,0.5,positive_only,s1_plus_ig/mode=positive_only/ratio=0.25/keep=0.5,0.0567621273718441,0.0,0.1243751929964915,0.0476190476190476,0.0565175410274464,0.9924313504722586,0.0515486005317702,S1/smote,0.0891654669270251,0.0016842105263157,0.1714737355602824,0.0952380952380952,0.0632911608565391,0.0048417132216014,-0.0126278607687633,0.0439560439560439,-0.032403339555180995,-0.0016842105263157,-0.0476190476190476,-0.006773619829092706
5,44,xgb,s1_plus_ig,0.5,0.5,positive_only,s1_plus_ig/mode=positive_only/ratio=0.5/keep=0.5,0.0780866672141226,0.0021052631578947,0.1605987152885491,0.0634920634920634,0.0546336334503076,0.9924313504722586,0.0515486005317702,S1/smote,0.0891654669270251,0.0016842105263157,0.1714737355602824,0.0952380952380952,0.0632911608565391,0.0048417132216014,-0.0126278607687633,0.0439560439560439,-0.011078799712902501,0.0004210526315789999,-0.0317460317460318,-0.008657527406231505
5,44,xgb,s1_plus_ig,0.75,0.5,positive_only,s1_plus_ig/mode=positive_only/ratio=0.75/keep=0.5,0.0949700693590186,0.0,0.1759291839039427,0.0952380952380952,0.0513960725998295,0.9924313504722586,0.0515486005317702,S1/smote,0.0891654669270251,0.0016842105263157,0.1714737355602824,0.0952380952380952,0.0632911608565391,0.0048417132216014,-0.0126278607687633,0.0439560439560439,0.0058046024319935025,-0.0016842105263157,0.0,-0.011895088256709603
5,44,xgb,s1_plus_ig,1.0,0.5,positive_only,s1_plus_ig/mode=positive_only/ratio=1.0/keep=0.5,0.0941791398801856,0.0117894736842105,0.1515293121450121,0.0952380952380952,0.0512264209586607,0.9924313504722586,0.0515486005317702,S1/smote,0.0891654669270251,0.0016842105263157,0.1714737355602824,0.0952380952380952,0.0632911608565391,0.0048417132216014,-0.0126278607687633,0.0439560439560439,0.005013672953160506,0.010105263157894801,0.0,-0.012064739897878402
5,44,xgb,s1_plus_ig,1.5,0.5,positive_only,s1_plus_ig/mode=positive_only/ratio=1.5/keep=0.5,0.1320127537738938,0.0,0.2489036360656328,0.1269841269841269,0.0527665406193596,0.9924313504722586,0.0515486005317702,S1/smote,0.0891654669270251,0.0016842105263157,0.1714737355602824,0.0952380952380952,0.0632911608565391,0.0048417132216014,-0.0126278607687633,0.0439560439560439,0.0428472868468687,-0.0016842105263157,0.03174603174603169,-0.010524620237179504
5,44,xgb,s1_plus_ig,2.0,0.5,positive_only,s1_plus_ig/mode=positive_only/ratio=2.0/keep=0.5,0.145631409033265,0.0,0.2489036360656328,0.1269841269841269,0.0539211420812331,0.9924313504722586,0.0515486005317702,S1/smote,0.0891654669270251,0.0016842105263157,0.1714737355602824,0.0952380952380952,0.0632911608565391,0.0048417132216014,-0.0126278607687633,0.0439560439560439,0.0564659421062399,-0.0016842105263157,0.03174603174603169,-0.009370018775306
5,44,xgb,s1_plus_ig,0.25,0.75,positive_only,s1_plus_ig/mode=positive_only/ratio=0.25/keep=0.75,0.0567621273718441,0.0,0.1243751929964915,0.0476190476190476,0.0565175410274464,0.9963720522924876,0.0648978241198264,S1/smote,0.0891654669270251,0.0016842105263157,0.1714737355602824,0.0952380952380952,0.0632911608565391,0.0048417132216014,-0.0126278607687633,0.0439560439560439,-0.032403339555180995,-0.0016842105263157,-0.0476190476190476,-0.006773619829092706
5,44,xgb,s1_plus_ig,0.5,0.75,positive_only,s1_plus_ig/mode=positive_only/ratio=0.5/keep=0.75,0.0780866672141226,0.0021052631578947,0.1605987152885491,0.0634920634920634,0.0546336334503076,0.9963720522924876,0.0648978241198264,S1/smote,0.0891654669270251,0.0016842105263157,0.1714737355602824,0.0952380952380952,0.0632911608565391,0.0048417132216014,-0.0126278607687633,0.0439560439560439,-0.011078799712902501,0.0004210526315789999,-0.0317460317460318,-0.008657527406231505
5,44,xgb,s1_plus_ig,0.75,0.75,positive_only,s1_plus_ig/mode=positive_only/ratio=0.75/keep=0.75,0.1318748364030771,0.0008421052631578,0.2328398563448238,0.1111111111111111,0.0549664872833123,0.9963720522924876,0.0648978241198264,S1/smote,0.0891654669270251,0.0016842105263157,0.1714737355602824,0.0952380952380952,0.0632911608565391,0.0048417132216014,-0.0126278607687633,0.0439560439560439,0.042709369476052,-0.0008421052631579,0.0158730158730159,-0.008324673573226804
5,44,xgb,s1_plus_ig,1.0,0.75,positive_only,s1_plus_ig/mode=positive_only/ratio=1.0/keep=0.75,0.1354368047994872,0.0,0.2783399083856074,0.0793650793650793,0.0590364690386368,0.9963720522924876,0.0648978241198264,S1/smote,0.0891654669270251,0.0016842105263157,0.1714737355602824,0.0952380952380952,0.0632911608565391,0.0048417132216014,-0.0126278607687633,0.0439560439560439,0.0462713378724621,-0.0016842105263157,-0.0158730158730159,-0.004254691817902299
5,44,xgb,s1_plus_ig,1.5,0.75,positive_only,s1_plus_ig/mode=positive_only/ratio=1.5/keep=0.75,0.1397286201137863,0.0,0.2783399083856074,0.0952380952380952,0.0558579274669824,0.9963720522924876,0.0648978241198264,S1/smote,0.0891654669270251,0.0016842105263157,0.1714737355602824,0.0952380952380952,0.0632911608565391,0.0048417132216014,-0.0126278607687633,0.0439560439560439,0.05056315318676122,-0.0016842105263157,0.0,-0.007433233389556704
5,44,xgb,s1_plus_ig,2.0,0.75,positive_only,s1_plus_ig/mode=positive_only/ratio=2.0/keep=0.75,0.1509451883718537,0.0,0.3049687727964166,0.1111111111111111,0.0567801525929771,0.9963720522924876,0.0648978241198264,S1/smote,0.0891654669270251,0.0016842105263157,0.1714737355602824,0.0952380952380952,0.0632911608565391,0.0048417132216014,-0.0126278607687633,0.0439560439560439,0.0617797214448286,-0.0016842105263157,0.0158730158730159,-0.006511008263562004
5,44,xgb,s1_plus_ig,0.25,1.0,positive_only,s1_plus_ig/mode=positive_only/ratio=0.25/keep=1.0,0.0567621273718441,0.0,0.1243751929964915,0.0476190476190476,0.0565175410274464,0.9989574862909448,0.0797094136657713,S1/smote,0.0891654669270251,0.0016842105263157,0.1714737355602824,0.0952380952380952,0.0632911608565391,0.0048417132216014,-0.0126278607687633,0.0439560439560439,-0.032403339555180995,-0.0016842105263157,-0.0476190476190476,-0.006773619829092706
5,44,xgb,s1_plus_ig,0.5,1.0,positive_only,s1_plus_ig/mode=positive_only/ratio=0.5/keep=1.0,0.0780866672141226,0.0021052631578947,0.1605987152885491,0.0634920634920634,0.0546336334503076,0.9989574862909448,0.0797094136657713,S1/smote,0.0891654669270251,0.0016842105263157,0.1714737355602824,0.0952380952380952,0.0632911608565391,0.0048417132216014,-0.0126278607687633,0.0439560439560439,-0.011078799712902501,0.0004210526315789999,-0.0317460317460318,-0.008657527406231505
5,44,xgb,s1_plus_ig,0.75,1.0,positive_only,s1_plus_ig/mode=positive_only/ratio=0.75/keep=1.0,0.1318748364030771,0.0008421052631578,0.2328398563448238,0.1111111111111111,0.0549664872833123,0.9989574862909448,0.0797094136657713,S1/smote,0.0891654669270251,0.0016842105263157,0.1714737355602824,0.0952380952380952,0.0632911608565391,0.0048417132216014,-0.0126278607687633,0.0439560439560439,0.042709369476052,-0.0008421052631579,0.0158730158730159,-0.008324673573226804
5,44,xgb,s1_plus_ig,1.0,1.0,positive_only,s1_plus_ig/mode=positive_only/ratio=1.0/keep=1.0,0.1354368047994872,0.0,0.2783399083856074,0.0793650793650793,0.0590364690386368,0.9989574862909448,0.0797094136657713,S1/smote,0.0891654669270251,0.0016842105263157,0.1714737355602824,0.0952380952380952,0.0632911608565391,0.0048417132216014,-0.0126278607687633,0.0439560439560439,0.0462713378724621,-0.0016842105263157,-0.0158730158730159,-0.004254691817902299
5,44,xgb,s1_plus_ig,1.5,1.0,positive_only,s1_plus_ig/mode=positive_only/ratio=1.5/keep=1.0,0.1593391980388152,0.0,0.2783399083856074,0.1269841269841269,0.0573362024885847,0.9989574862909448,0.0797094136657713,S1/smote,0.0891654669270251,0.0016842105263157,0.1714737355602824,0.0952380952380952,0.0632911608565391,0.0048417132216014,-0.0126278607687633,0.0439560439560439,0.0701737311117901,-0.0016842105263157,0.03174603174603169,-0.005954958367954399
5,44,xgb,s1_plus_ig,2.0,1.0,positive_only,s1_plus_ig/mode=positive_only/ratio=2.0/keep=1.0,0.135268910673481,0.0,0.2783399083856074,0.0952380952380952,0.0568633001193378,0.9989574862909448,0.0797094136657713,S1/smote,0.0891654669270251,0.0016842105263157,0.1714737355602824,0.0952380952380952,0.0632911608565391,0.0048417132216014,-0.0126278607687633,0.0439560439560439,0.04610344374645592,-0.0016842105263157,0.0,-0.0064278607372013005
5,45,xgb,s1_plus_ig,0.25,0.25,positive_only,s1_plus_ig/mode=positive_only/ratio=0.25/keep=0.25,0.0722232236167352,0.0033684210526315,0.136304860855809,0.0634920634920634,0.0736208429528312,0.9937447873227688,0.0294734569387579,S1/smote,0.1108038388790667,0.0,0.2155126051904876,0.0952380952380952,0.0730034076572202,0.0011173184357541,-0.0060552801912547,0.0439560439560439,-0.0385806152623315,0.0033684210526315,-0.0317460317460318,0.0006174352956109935
5,45,xgb,s1_plus_ig,0.5,0.25,positive_only,s1_plus_ig/mode=positive_only/ratio=0.5/keep=0.25,0.082522339013938,0.0004210526315789,0.1850271029363683,0.0634920634920634,0.0649284166874563,0.9937447873227688,0.0294734569387579,S1/smote,0.1108038388790667,0.0,0.2155126051904876,0.0952380952380952,0.0730034076572202,0.0011173184357541,-0.0060552801912547,0.0439560439560439,-0.028281499865128693,0.0004210526315789,-0.0317460317460318,-0.008074990969763898
5,45,xgb,s1_plus_ig,0.75,0.25,positive_only,s1_plus_ig/mode=positive_only/ratio=0.75/keep=0.25,0.0800818062284142,0.0117894736842105,0.1515293121450121,0.0793650793650793,0.0663300156763979,0.9937447873227688,0.0294734569387579,S1/smote,0.1108038388790667,0.0,0.2155126051904876,0.0952380952380952,0.0730034076572202,0.0011173184357541,-0.0060552801912547,0.0439560439560439,-0.0307220326506525,0.0117894736842105,-0.0158730158730159,-0.006673391980822299
5,45,xgb,s1_plus_ig,1.0,0.25,positive_only,s1_plus_ig/mode=positive_only/ratio=1.0/keep=0.25,0.0855954480148108,0.0,0.1759291839039427,0.0952380952380952,0.0624837462728597,0.9937447873227688,0.0294734569387579,S1/smote,0.1108038388790667,0.0,0.2155126051904876,0.0952380952380952,0.0730034076572202,0.0011173184357541,-0.0060552801912547,0.0439560439560439,-0.0252083908642559,0.0,0.0,-0.010519661384360501
5,45,xgb,s1_plus_ig,1.5,0.25,positive_only,s1_plus_ig/mode=positive_only/ratio=1.5/keep=0.25,0.0892344588182549,0.0,0.1759291839039427,0.0793650793650793,0.0658407467200906,0.9937447873227688,0.0294734569387579,S1/smote,0.1108038388790667,0.0,0.2155126051904876,0.0952380952380952,0.0730034076572202,0.0011173184357541,-0.0060552801912547,0.0439560439560439,-0.0215693800608118,0.0,-0.0158730158730159,-0.007162660937129597
5,45,xgb,s1_plus_ig,2.0,0.25,positive_only,s1_plus_ig/mode=positive_only/ratio=2.0/keep=0.25,0.0968034353453606,0.0122105263157894,0.1852893571901141,0.0952380952380952,0.0617769733785917,0.9937447873227688,0.0294734569387579,S1/smote,0.1108038388790667,0.0,0.2155126051904876,0.0952380952380952,0.0730034076572202,0.0011173184357541,-0.0060552801912547,0.0439560439560439,-0.014000403533706102,0.0122105263157894,0.0,-0.011226434278628503
5,45,xgb,s1_plus_ig,0.25,0.5,positive_only,s1_plus_ig/mode=positive_only/ratio=0.25/keep=0.5,0.0722232236167352,0.0033684210526315,0.136304860855809,0.0634920634920634,0.0736208429528312,0.9971435124371886,0.0448552451688725,S1/smote,0.1108038388790667,0.0,0.2155126051904876,0.0952380952380952,0.0730034076572202,0.0011173184357541,-0.0060552801912547,0.0439560439560439,-0.0385806152623315,0.0033684210526315,-0.0317460317460318,0.0006174352956109935
5,45,xgb,s1_plus_ig,0.5,0.5,positive_only,s1_plus_ig/mode=positive_only/ratio=0.5/keep=0.5,0.0825406235348663,0.0138947368421052,0.13953976857871,0.0793650793650793,0.0594710361894699,0.9971435124371886,0.0448552451688725,S1/smote,0.1108038388790667,0.0,0.2155126051904876,0.0952380952380952,0.0730034076572202,0.0011173184357541,-0.0060552801912547,0.0439560439560439,-0.0282632153442004,0.0138947368421052,-0.0158730158730159,-0.013532371467750298
5,45,xgb,s1_plus_ig,0.75,0.5,positive_only,s1_plus_ig/mode=positive_only/ratio=0.75/keep=0.5,0.0891323189869478,0.0,0.1759291839039427,0.0476190476190476,0.0595139070654188,0.9971435124371886,0.0448552451688725,S1/smote,0.1108038388790667,0.0,0.2155126051904876,0.0952380952380952,0.0730034076572202,0.0011173184357541,-0.0060552801912547,0.0439560439560439,-0.021671519892118893,0.0,-0.0476190476190476,-0.013489500591801401
5,45,xgb,s1_plus_ig,1.0,0.5,positive_only,s1_plus_ig/mode=positive_only/ratio=1.0/keep=0.5,0.0776754056421983,0.0,0.1243751929964915,0.0793650793650793,0.0561183208067434,0.9971435124371886,0.0448552451688725,S1/smote,0.1108038388790667,0.0,0.2155126051904876,0.0952380952380952,0.0730034076572202,0.0011173184357541,-0.0060552801912547,0.0439560439560439,-0.0331284332368684,0.0,-0.0158730158730159,-0.0168850868504768
5,45,xgb,s1_plus_ig,1.5,0.5,positive_only,s1_plus_ig/mode=positive_only/ratio=1.5/keep=0.5,0.0937281983069617,0.0,0.1759291839039427,0.0634920634920634,0.0543928405035718,0.9971435124371886,0.0448552451688725,S1/smote,0.1108038388790667,0.0,0.2155126051904876,0.0952380952380952,0.0730034076572202,0.0011173184357541,-0.0060552801912547,0.0439560439560439,-0.01707564057210499,0.0,-0.0317460317460318,-0.0186105671536484
5,45,xgb,s1_plus_ig,2.0,0.5,positive_only,s1_plus_ig/mode=positive_only/ratio=2.0/keep=0.5,0.0826635385051329,0.024,0.1451134204456027,0.0634920634920634,0.0542293109160072,0.9971435124371886,0.0448552451688725,S1/smote,0.1108038388790667,0.0,0.2155126051904876,0.0952380952380952,0.0730034076572202,0.0011173184357541,-0.0060552801912547,0.0439560439560439,-0.028140300373933794,0.024,-0.0317460317460318,-0.018774096741212998
5,45,xgb,s1_plus_ig,0.25,0.75,positive_only,s1_plus_ig/mode=positive_only/ratio=0.25/keep=0.75,0.0722232236167352,0.0033684210526315,0.136304860855809,0.0634920634920634,0.0736208429528312,0.9964346031150308,0.101316975509447,S1/smote,0.1108038388790667,0.0,0.2155126051904876,0.0952380952380952,0.0730034076572202,0.0011173184357541,-0.0060552801912547,0.0439560439560439,-0.0385806152623315,0.0033684210526315,-0.0317460317460318,0.0006174352956109935
5,45,xgb,s1_plus_ig,0.5,0.75,positive_only,s1_plus_ig/mode=positive_only/ratio=0.5/keep=0.75,0.0825406235348663,0.0138947368421052,0.13953976857871,0.0793650793650793,0.0594710361894699,0.9964346031150308,0.101316975509447,S1/smote,0.1108038388790667,0.0,0.2155126051904876,0.0952380952380952,0.0730034076572202,0.0011173184357541,-0.0060552801912547,0.0439560439560439,-0.0282632153442004,0.0138947368421052,-0.0158730158730159,-0.013532371467750298
5,45,xgb,s1_plus_ig,0.75,0.75,positive_only,s1_plus_ig/mode=positive_only/ratio=0.75/keep=0.75,0.0828453527293192,0.0244210526315789,0.1577664052561782,0.0793650793650793,0.0581379300795012,0.9964346031150308,0.101316975509447,S1/smote,0.1108038388790667,0.0,0.2155126051904876,0.0952380952380952,0.0730034076572202,0.0011173184357541,-0.0060552801912547,0.0439560439560439,-0.027958486149747497,0.0244210526315789,-0.0158730158730159,-0.014865477577719
5,45,xgb,s1_plus_ig,1.0,0.75,positive_only,s1_plus_ig/mode=positive_only/ratio=1.0/keep=0.75,0.1366560846413874,0.0004210526315789,0.2527923610014928,0.0952380952380952,0.0588791033495444,0.9964346031150308,0.101316975509447,S1/smote,0.1108038388790667,0.0,0.2155126051904876,0.0952380952380952,0.0730034076572202,0.0011173184357541,-0.0060552801912547,0.0439560439560439,0.025852245762320702,0.0004210526315789,0.0,-0.014124304307675799
5,45,xgb,s1_plus_ig,1.5,0.75,positive_only,s1_plus_ig/mode=positive_only/ratio=1.5/keep=0.75,0.0931230949094408,0.0012631578947368,0.1484395374116453,0.0793650793650793,0.0579824662239207,0.9964346031150308,0.101316975509447,S1/smote,0.1108038388790667,0.0,0.2155126051904876,0.0952380952380952,0.0730034076572202,0.0011173184357541,-0.0060552801912547,0.0439560439560439,-0.017680743969625892,0.0012631578947368,-0.0158730158730159,-0.015020941433299503
5,45,xgb,s1_plus_ig,2.0,0.75,positive_only,s1_plus_ig/mode=positive_only/ratio=2.0/keep=0.75,0.1075581448351984,0.0050526315789473,0.2144740909625498,0.1269841269841269,0.0548168277746872,0.9964346031150308,0.101316975509447,S1/smote,0.1108038388790667,0.0,0.2155126051904876,0.0952380952380952,0.0730034076572202,0.0011173184357541,-0.0060552801912547,0.0439560439560439,-0.0032456940438682913,0.0050526315789473,0.03174603174603169,-0.018186579882533
5,45,xgb,s1_plus_ig,0.25,1.0,positive_only,s1_plus_ig/mode=positive_only/ratio=0.25/keep=1.0,0.0722232236167352,0.0033684210526315,0.136304860855809,0.0634920634920634,0.0736208429528312,0.9932236608911408,0.0701702870819633,S1/smote,0.1108038388790667,0.0,0.2155126051904876,0.0952380952380952,0.0730034076572202,0.0011173184357541,-0.0060552801912547,0.0439560439560439,-0.0385806152623315,0.0033684210526315,-0.0317460317460318,0.0006174352956109935
5,45,xgb,s1_plus_ig,0.5,1.0,positive_only,s1_plus_ig/mode=positive_only/ratio=0.5/keep=1.0,0.0825406235348663,0.0138947368421052,0.13953976857871,0.0793650793650793,0.0594710361894699,0.9932236608911408,0.0701702870819633,S1/smote,0.1108038388790667,0.0,0.2155126051904876,0.0952380952380952,0.0730034076572202,0.0011173184357541,-0.0060552801912547,0.0439560439560439,-0.0282632153442004,0.0138947368421052,-0.0158730158730159,-0.013532371467750298
5,45,xgb,s1_plus_ig,0.75,1.0,positive_only,s1_plus_ig/mode=positive_only/ratio=0.75/keep=1.0,0.0828453527293192,0.0244210526315789,0.1577664052561782,0.0793650793650793,0.0581379300795012,0.9932236608911408,0.0701702870819633,S1/smote,0.1108038388790667,0.0,0.2155126051904876,0.0952380952380952,0.0730034076572202,0.0011173184357541,-0.0060552801912547,0.0439560439560439,-0.027958486149747497,0.0244210526315789,-0.0158730158730159,-0.014865477577719
5,45,xgb,s1_plus_ig,1.0,1.0,positive_only,s1_plus_ig/mode=positive_only/ratio=1.0/keep=1.0,0.1366560846413874,0.0004210526315789,0.2527923610014928,0.0952380952380952,0.0588791033495444,0.9932236608911408,0.0701702870819633,S1/smote,0.1108038388790667,0.0,0.2155126051904876,0.0952380952380952,0.0730034076572202,0.0011173184357541,-0.0060552801912547,0.0439560439560439,0.025852245762320702,0.0004210526315789,0.0,-0.014124304307675799
5,45,xgb,s1_plus_ig,1.5,1.0,positive_only,s1_plus_ig/mode=positive_only/ratio=1.5/keep=1.0,0.1290441403353429,0.0029473684210526,0.2516692491800724,0.1587301587301587,0.0604523705662466,0.9932236608911408,0.0701702870819633,S1/smote,0.1108038388790667,0.0,0.2155126051904876,0.0952380952380952,0.0730034076572202,0.0011173184357541,-0.0060552801912547,0.0439560439560439,0.018240301456276198,0.0029473684210526,0.06349206349206349,-0.012551037090973605
5,45,xgb,s1_plus_ig,2.0,1.0,positive_only,s1_plus_ig/mode=positive_only/ratio=2.0/keep=1.0,0.1124742478109945,0.0071578947368421,0.1887145215004399,0.1269841269841269,0.0549802869507667,0.9932236608911408,0.0701702870819633,S1/smote,0.1108038388790667,0.0,0.2155126051904876,0.0952380952380952,0.0730034076572202,0.0011173184357541,-0.0060552801912547,0.0439560439560439,0.001670408931927797,0.0071578947368421,0.03174603174603169,-0.018023120706453503
5,46,xgb,s1_plus_ig,0.25,0.25,positive_only,s1_plus_ig/mode=positive_only/ratio=0.25/keep=0.25,0.0532854898562039,0.0,0.1243751929964915,0.0476190476190476,0.0833685099364018,0.9811509591326104,0.0339999040925773,S1/smote,0.0708437572782593,0.0,0.1243751929964915,0.0634920634920634,0.0692784681131701,0.0,0.0,0.0549450549450549,-0.0175582674220554,0.0,-0.015873015873015803,0.014090041823231703
5,46,xgb,s1_plus_ig,0.5,0.25,positive_only,s1_plus_ig/mode=positive_only/ratio=0.5/keep=0.25,0.0497664210393497,0.0,0.1243751929964915,0.0158730158730158,0.0800240288745913,0.9811509591326104,0.0339999040925773,S1/smote,0.0708437572782593,0.0,0.1243751929964915,0.0634920634920634,0.0692784681131701,0.0,0.0,0.0549450549450549,-0.021077336238909596,0.0,-0.0476190476190476,0.010745560761421205
5,46,xgb,s1_plus_ig,0.75,0.25,positive_only,s1_plus_ig/mode=positive_only/ratio=0.75/keep=0.25,0.0558885004403213,0.0,0.1243751929964915,0.0317460317460317,0.0622684897218823,0.9811509591326104,0.0339999040925773,S1/smote,0.0708437572782593,0.0,0.1243751929964915,0.0634920634920634,0.0692784681131701,0.0,0.0,0.0549450549450549,-0.014955256837937997,0.0,-0.0317460317460317,-0.007009978391287794
5,46,xgb,s1_plus_ig,1.0,0.25,positive_only,s1_plus_ig/mode=positive_only/ratio=1.0/keep=0.25,0.0687209408261951,0.0,0.1243751929964915,0.0476190476190476,0.0671911522944716,0.9811509591326104,0.0339999040925773,S1/smote,0.0708437572782593,0.0,0.1243751929964915,0.0634920634920634,0.0692784681131701,0.0,0.0,0.0549450549450549,-0.0021228164520641912,0.0,-0.015873015873015803,-0.0020873158186984903
5,46,xgb,s1_plus_ig,1.5,0.25,positive_only,s1_plus_ig/mode=positive_only/ratio=1.5/keep=0.25,0.0773365274168564,0.0206315789473684,0.1272511324727754,0.0793650793650793,0.061350911770697,0.9811509591326104,0.0339999040925773,S1/smote,0.0708437572782593,0.0,0.1243751929964915,0.0634920634920634,0.0692784681131701,0.0,0.0,0.0549450549450549,0.006492770138597101,0.0206315789473684,0.0158730158730159,-0.007927556342473094
5,46,xgb,s1_plus_ig,2.0,0.25,positive_only,s1_plus_ig/mode=positive_only/ratio=2.0/keep=0.25,0.0635428182370051,0.0,0.1243751929964915,0.0476190476190476,0.0556268096893128,0.9811509591326104,0.0339999040925773,S1/smote,0.0708437572782593,0.0,0.1243751929964915,0.0634920634920634,0.0692784681131701,0.0,0.0,0.0549450549450549,-0.007300939041254201,0.0,-0.015873015873015803,-0.013651658423857294
5,46,xgb,s1_plus_ig,0.25,0.5,positive_only,s1_plus_ig/mode=positive_only/ratio=0.25/keep=0.5,0.0532854898562039,0.0,0.1243751929964915,0.0476190476190476,0.0833685099364018,0.9953295385834324,0.0353995123905026,S1/smote,0.0708437572782593,0.0,0.1243751929964915,0.0634920634920634,0.0692784681131701,0.0,0.0,0.0549450549450549,-0.0175582674220554,0.0,-0.015873015873015803,0.014090041823231703
5,46,xgb,s1_plus_ig,0.5,0.5,positive_only,s1_plus_ig/mode=positive_only/ratio=0.5/keep=0.5,0.0717407278540927,0.0067368421052631,0.1246980358302804,0.0793650793650793,0.06245449539,0.9953295385834324,0.0353995123905026,S1/smote,0.0708437572782593,0.0,0.1243751929964915,0.0634920634920634,0.0692784681131701,0.0,0.0,0.0549450549450549,0.0008969705758334057,0.0067368421052631,0.0158730158730159,-0.006823972723170091
5,46,xgb,s1_plus_ig,0.75,0.5,positive_only,s1_plus_ig/mode=positive_only/ratio=0.75/keep=0.5,0.108087367148421,0.0088421052631578,0.2122512268834114,0.1587301587301587,0.0575813804500883,0.9953295385834324,0.0353995123905026,S1/smote,0.0708437572782593,0.0,0.1243751929964915,0.0634920634920634,0.0692784681131701,0.0,0.0,0.0549450549450549,0.037243609870161704,0.0088421052631578,0.09523809523809529,-0.011697087663081793
5,46,xgb,s1_plus_ig,1.0,0.5,positive_only,s1_plus_ig/mode=positive_only/ratio=1.0/keep=0.5,0.0810117344716941,0.0,0.1759291839039427,0.0476190476190476,0.0563592449252535,0.9953295385834324,0.0353995123905026,S1/smote,0.0708437572782593,0.0,0.1243751929964915,0.0634920634920634,0.0692784681131701,0.0,0.0,0.0549450549450549,0.010167977193434805,0.0,-0.015873015873015803,-0.012919223187916593
5,46,xgb,s1_plus_ig,1.5,0.5,positive_only,s1_plus_ig/mode=positive_only/ratio=1.5/keep=0.5,0.0758245687767567,0.0004210526315789,0.1417694849863601,0.0634920634920634,0.0571496260283662,0.9953295385834324,0.0353995123905026,S1/smote,0.0708437572782593,0.0,0.1243751929964915,0.0634920634920634,0.0692784681131701,0.0,0.0,0.0549450549450549,0.004980811498497398,0.0004210526315789,0.0,-0.012128842084803894
5,46,xgb,s1_plus_ig,2.0,0.5,positive_only,s1_plus_ig/mode=positive_only/ratio=2.0/keep=0.5,0.0777957689163761,0.0012631578947368,0.1484395374116453,0.0793650793650793,0.0508332616503853,0.9953295385834324,0.0353995123905026,S1/smote,0.0708437572782593,0.0,0.1243751929964915,0.0634920634920634,0.0692784681131701,0.0,0.0,0.0549450549450549,0.0069520116381168034,0.0012631578947368,0.0158730158730159,-0.018445206462784795
5,46,xgb,s1_plus_ig,0.25,0.75,positive_only,s1_plus_ig/mode=positive_only/ratio=0.25/keep=0.75,0.0532854898562039,0.0,0.1243751929964915,0.0476190476190476,0.0833685099364018,0.990930130731219,0.0490734378931757,S1/smote,0.0708437572782593,0.0,0.1243751929964915,0.0634920634920634,0.0692784681131701,0.0,0.0,0.0549450549450549,-0.0175582674220554,0.0,-0.015873015873015803,0.014090041823231703
5,46,xgb,s1_plus_ig,0.5,0.75,positive_only,s1_plus_ig/mode=positive_only/ratio=0.5/keep=0.75,0.0717407278540927,0.0067368421052631,0.1246980358302804,0.0793650793650793,0.06245449539,0.990930130731219,0.0490734378931757,S1/smote,0.0708437572782593,0.0,0.1243751929964915,0.0634920634920634,0.0692784681131701,0.0,0.0,0.0549450549450549,0.0008969705758334057,0.0067368421052631,0.0158730158730159,-0.006823972723170091
5,46,xgb,s1_plus_ig,0.75,0.75,positive_only,s1_plus_ig/mode=positive_only/ratio=0.75/keep=0.75,0.111792387167528,0.0004210526315789,0.2211952602471559,0.0793650793650793,0.0612225994195306,0.990930130731219,0.0490734378931757,S1/smote,0.0708437572782593,0.0,0.1243751929964915,0.0634920634920634,0.0692784681131701,0.0,0.0,0.0549450549450549,0.0409486298892687,0.0004210526315789,0.0158730158730159,-0.008055868693639494
5,46,xgb,s1_plus_ig,1.0,0.75,positive_only,s1_plus_ig/mode=positive_only/ratio=1.0/keep=0.75,0.1558323541650653,0.0008421052631578,0.2884832012570247,0.1428571428571428,0.0654647023993783,0.990930130731219,0.0490734378931757,S1/smote,0.0708437572782593,0.0,0.1243751929964915,0.0634920634920634,0.0692784681131701,0.0,0.0,0.0549450549450549,0.084988596886806,0.0008421052631578,0.07936507936507939,-0.0038137657137918
5,46,xgb,s1_plus_ig,1.5,0.75,positive_only,s1_plus_ig/mode=positive_only/ratio=1.5/keep=0.75,0.0846137586069383,0.0223157894736842,0.1364143692564745,0.0952380952380952,0.060845652503473,0.990930130731219,0.0490734378931757,S1/smote,0.0708437572782593,0.0,0.1243751929964915,0.0634920634920634,0.0692784681131701,0.0,0.0,0.0549450549450549,0.013770001328679005,0.0223157894736842,0.0317460317460318,-0.008432815609697095
5,46,xgb,s1_plus_ig,2.0,0.75,positive_only,s1_plus_ig/mode=positive_only/ratio=2.0/keep=0.75,0.0833213447741902,0.007578947368421,0.1408721271870963,0.0952380952380952,0.0597308535644138,0.990930130731219,0.0490734378931757,S1/smote,0.0708437572782593,0.0,0.1243751929964915,0.0634920634920634,0.0692784681131701,0.0,0.0,0.0549450549450549,0.012477587495930906,0.007578947368421,0.0317460317460318,-0.009547614548756293
5,46,xgb,s1_plus_ig,0.25,1.0,positive_only,s1_plus_ig/mode=positive_only/ratio=0.25/keep=1.0,0.0532854898562039,0.0,0.1243751929964915,0.0476190476190476,0.0833685099364018,0.9939325702132984,0.0773175297063674,S1/smote,0.0708437572782593,0.0,0.1243751929964915,0.0634920634920634,0.0692784681131701,0.0,0.0,0.0549450549450549,-0.0175582674220554,0.0,-0.015873015873015803,0.014090041823231703
5,46,xgb,s1_plus_ig,0.5,1.0,positive_only,s1_plus_ig/mode=positive_only/ratio=0.5/keep=1.0,0.0717407278540927,0.0067368421052631,0.1246980358302804,0.0793650793650793,0.06245449539,0.9939325702132984,0.0773175297063674,S1/smote,0.0708437572782593,0.0,0.1243751929964915,0.0634920634920634,0.0692784681131701,0.0,0.0,0.0549450549450549,0.0008969705758334057,0.0067368421052631,0.0158730158730159,-0.006823972723170091
5,46,xgb,s1_plus_ig,0.75,1.0,positive_only,s1_plus_ig/mode=positive_only/ratio=0.75/keep=1.0,0.111792387167528,0.0004210526315789,0.2211952602471559,0.0793650793650793,0.0612225994195306,0.9939325702132984,0.0773175297063674,S1/smote,0.0708437572782593,0.0,0.1243751929964915,0.0634920634920634,0.0692784681131701,0.0,0.0,0.0549450549450549,0.0409486298892687,0.0004210526315789,0.0158730158730159,-0.008055868693639494
5,46,xgb,s1_plus_ig,1.0,1.0,positive_only,s1_plus_ig/mode=positive_only/ratio=1.0/keep=1.0,0.1558323541650653,0.0008421052631578,0.2884832012570247,0.1428571428571428,0.0654647023993783,0.9939325702132984,0.0773175297063674,S1/smote,0.0708437572782593,0.0,0.1243751929964915,0.0634920634920634,0.0692784681131701,0.0,0.0,0.0549450549450549,0.084988596886806,0.0008421052631578,0.07936507936507939,-0.0038137657137918
5,46,xgb,s1_plus_ig,1.5,1.0,positive_only,s1_plus_ig/mode=positive_only/ratio=1.5/keep=1.0,0.1608053398006738,0.0008421052631578,0.2884832012570247,0.1428571428571428,0.0770507901971657,0.9939325702132984,0.0773175297063674,S1/smote,0.0708437572782593,0.0,0.1243751929964915,0.0634920634920634,0.0692784681131701,0.0,0.0,0.0549450549450549,0.0899615825224145,0.0008421052631578,0.07936507936507939,0.0077723220839956
5,46,xgb,s1_plus_ig,2.0,1.0,positive_only,s1_plus_ig/mode=positive_only/ratio=2.0/keep=1.0,0.1215488668891243,0.016,0.1953152206438891,0.1269841269841269,0.0654193494879138,0.9939325702132984,0.0773175297063674,S1/smote,0.0708437572782593,0.0,0.1243751929964915,0.0634920634920634,0.0692784681131701,0.0,0.0,0.0549450549450549,0.050705109610864996,0.016,0.06349206349206349,-0.0038591186252563
6,42,xgb,s1_plus_ig,0.25,0.25,positive_only,s1_plus_ig/mode=positive_only/ratio=0.25/keep=0.25,0.1571955537958768,0.0751408891671884,0.2371178248443008,0.0981308411214953,0.1105137657654525,0.9748340280994288,0.0935816318770521,S1/random_over,0.2034510007203047,0.0010958046336881,0.2305363776012932,0.1355140186915887,0.1036226769107796,0.0007381435689241,0.0751246241265939,0.0452261306532663,-0.0462554469244279,0.07404508453350031,-0.03738317757009339,0.0068910888546729054
6,42,xgb,s1_plus_ig,0.5,0.25,positive_only,s1_plus_ig/mode=positive_only/ratio=0.5/keep=0.25,0.1533570638672999,0.0411709455228553,0.2519331919335867,0.0700934579439252,0.1172644640089088,0.9748340280994288,0.0935816318770521,S1/random_over,0.2034510007203047,0.0010958046336881,0.2305363776012932,0.1355140186915887,0.1036226769107796,0.0007381435689241,0.0751246241265939,0.0452261306532663,-0.05009393685300481,0.0400751408891672,-0.06542056074766349,0.013641787098129202
6,42,xgb,s1_plus_ig,0.75,0.25,positive_only,s1_plus_ig/mode=positive_only/ratio=0.75/keep=0.25,0.1524127945354738,0.0513462742642454,0.2403450710610941,0.0841121495327102,0.0971480331606524,0.9748340280994288,0.0935816318770521,S1/random_over,0.2034510007203047,0.0010958046336881,0.2305363776012932,0.1355140186915887,0.1036226769107796,0.0007381435689241,0.0751246241265939,0.0452261306532663,-0.0510382061848309,0.0502504696305573,-0.05140186915887848,-0.006474643750127199
6,42,xgb,s1_plus_ig,1.0,0.25,positive_only,s1_plus_ig/mode=positive_only/ratio=1.0/keep=0.25,0.1604155056184671,0.0253600500939261,0.2585938074152737,0.116822429906542,0.0990362017346792,0.9748340280994288,0.0935816318770521,S1/random_over,0.2034510007203047,0.0010958046336881,0.2305363776012932,0.1355140186915887,0.1036226769107796,0.0007381435689241,0.0751246241265939,0.0452261306532663,-0.0430354951018376,0.024264245460238,-0.01869158878504669,-0.004586475176100405
6,42,xgb,s1_plus_ig,1.5,0.25,positive_only,s1_plus_ig/mode=positive_only/ratio=1.5/keep=0.25,0.1540267431365285,0.0353788353162179,0.2388137887145378,0.1074766355140186,0.1041958015180948,0.9748340280994288,0.0935816318770521,S1/random_over,0.2034510007203047,0.0010958046336881,0.2305363776012932,0.1355140186915887,0.1036226769107796,0.0007381435689241,0.0751246241265939,0.0452261306532663,-0.04942425758377619,0.0342830306825298,-0.028037383177570083,0.0005731246073151924
6,42,xgb,s1_plus_ig,2.0,0.25,positive_only,s1_plus_ig/mode=positive_only/ratio=2.0/keep=0.25,0.1476255762788278,0.0583907326236693,0.2331251820404148,0.0841121495327102,0.0959359215333281,0.9748340280994288,0.0935816318770521,S1/random_over,0.2034510007203047,0.0010958046336881,0.2305363776012932,0.1355140186915887,0.1036226769107796,0.0007381435689241,0.0751246241265939,0.0452261306532663,-0.055825424441476895,0.0572949279899812,-0.05140186915887848,-0.007686755377451504
6,42,xgb,s1_plus_ig,0.25,0.5,positive_only,s1_plus_ig/mode=positive_only/ratio=0.25/keep=0.5,0.1571955537958768,0.0751408891671884,0.2371178248443008,0.0981308411214953,0.1105137657654525,0.998046965642065,0.1073917746111401,S1/random_over,0.2034510007203047,0.0010958046336881,0.2305363776012932,0.1355140186915887,0.1036226769107796,0.0007381435689241,0.0751246241265939,0.0452261306532663,-0.0462554469244279,0.07404508453350031,-0.03738317757009339,0.0068910888546729054
6,42,xgb,s1_plus_ig,0.5,0.5,positive_only,s1_plus_ig/mode=positive_only/ratio=0.5/keep=0.5,0.1577009852974445,0.0328741390106449,0.2326176658508793,0.0887850467289719,0.1199122629765303,0.998046965642065,0.1073917746111401,S1/random_over,0.2034510007203047,0.0010958046336881,0.2305363776012932,0.1355140186915887,0.1036226769107796,0.0007381435689241,0.0751246241265939,0.0452261306532663,-0.045750015422860196,0.0317783343769568,-0.046728971962616786,0.016289586065750705
6,42,xgb,s1_plus_ig,0.75,0.5,positive_only,s1_plus_ig/mode=positive_only/ratio=0.75/keep=0.5,0.1599465566088691,0.0439887288666249,0.2436468783091011,0.0747663551401869,0.1212236772009784,0.998046965642065,0.1073917746111401,S1/random_over,0.2034510007203047,0.0010958046336881,0.2305363776012932,0.1355140186915887,0.1036226769107796,0.0007381435689241,0.0751246241265939,0.0452261306532663,-0.043504444111435586,0.0428929242329368,-0.06074766355140179,0.0176010002901988
6,42,xgb,s1_plus_ig,1.0,0.5,positive_only,s1_plus_ig/mode=positive_only/ratio=1.0/keep=0.5,0.1598850710146325,0.0552598622417031,0.2524873650476717,0.0841121495327102,0.1129507603648706,0.998046965642065,0.1073917746111401,S1/random_over,0.2034510007203047,0.0010958046336881,0.2305363776012932,0.1355140186915887,0.1036226769107796,0.0007381435689241,0.0751246241265939,0.0452261306532663,-0.04356592970567219,0.054164057608015,-0.05140186915887848,0.009328083454091002
6,42,xgb,s1_plus_ig,1.5,0.5,positive_only,s1_plus_ig/mode=positive_only/ratio=1.5/keep=0.5,0.1553243086789738,0.0366311834690043,0.2347051114913085,0.0981308411214953,0.1020110935684782,0.998046965642065,0.1073917746111401,S1/random_over,0.2034510007203047,0.0010958046336881,0.2305363776012932,0.1355140186915887,0.1036226769107796,0.0007381435689241,0.0751246241265939,0.0452261306532663,-0.04812669204133091,0.0355353788353162,-0.03738317757009339,-0.0016115833423013953
6,42,xgb,s1_plus_ig,2.0,0.5,positive_only,s1_plus_ig/mode=positive_only/ratio=2.0/keep=0.5,0.1557006725594077,0.0447714464621164,0.2347879531176144,0.0934579439252336,0.0993120786424174,0.998046965642065,0.1073917746111401,S1/random_over,0.2034510007203047,0.0010958046336881,0.2305363776012932,0.1355140186915887,0.1036226769107796,0.0007381435689241,0.0751246241265939,0.0452261306532663,-0.047750328160897,0.0436756418284283,-0.04205607476635509,-0.004310598268362206
6,42,xgb,s1_plus_ig,0.25,0.75,positive_only,s1_plus_ig/mode=positive_only/ratio=0.25/keep=0.75,0.1571955537958768,0.0751408891671884,0.2371178248443008,0.0981308411214953,0.1105137657654525,0.9980353634577602,0.1040377556978733,S1/random_over,0.2034510007203047,0.0010958046336881,0.2305363776012932,0.1355140186915887,0.1036226769107796,0.0007381435689241,0.0751246241265939,0.0452261306532663,-0.0462554469244279,0.07404508453350031,-0.03738317757009339,0.0068910888546729054
6,42,xgb,s1_plus_ig,0.5,0.75,positive_only,s1_plus_ig/mode=positive_only/ratio=0.5/keep=0.75,0.1577009852974445,0.0328741390106449,0.2326176658508793,0.0887850467289719,0.1199122629765303,0.9980353634577602,0.1040377556978733,S1/random_over,0.2034510007203047,0.0010958046336881,0.2305363776012932,0.1355140186915887,0.1036226769107796,0.0007381435689241,0.0751246241265939,0.0452261306532663,-0.045750015422860196,0.0317783343769568,-0.046728971962616786,0.016289586065750705
6,42,xgb,s1_plus_ig,0.75,0.75,positive_only,s1_plus_ig/mode=positive_only/ratio=0.75/keep=0.75,0.1560533998374998,0.077958672510958,0.2293943982907239,0.0981308411214953,0.1116695107898987,0.9980353634577602,0.1040377556978733,S1/random_over,0.2034510007203047,0.0010958046336881,0.2305363776012932,0.1355140186915887,0.1036226769107796,0.0007381435689241,0.0751246241265939,0.0452261306532663,-0.0473976008828049,0.07686286787726991,-0.03738317757009339,0.0080468338791191
6,42,xgb,s1_plus_ig,1.0,0.75,positive_only,s1_plus_ig/mode=positive_only/ratio=1.0/keep=0.75,0.1540101567951066,0.0815591734502191,0.2179504612749487,0.102803738317757,0.1280947757400911,0.9980353634577602,0.1040377556978733,S1/random_over,0.2034510007203047,0.0010958046336881,0.2305363776012932,0.1355140186915887,0.1036226769107796,0.0007381435689241,0.0751246241265939,0.0452261306532663,-0.0494408439251981,0.080463368816531,-0.03271028037383168,0.024472098829311492
6,42,xgb,s1_plus_ig,1.5,0.75,positive_only,s1_plus_ig/mode=positive_only/ratio=1.5/keep=0.75,0.1514172232629992,0.0695053224796493,0.23085745102044,0.0887850467289719,0.1260126651368815,0.9980353634577602,0.1040377556978733,S1/random_over,0.2034510007203047,0.0010958046336881,0.2305363776012932,0.1355140186915887,0.1036226769107796,0.0007381435689241,0.0751246241265939,0.0452261306532663,-0.0520337774573055,0.0684095178459612,-0.046728971962616786,0.0223899882261019
6,42,xgb,s1_plus_ig,2.0,0.75,positive_only,s1_plus_ig/mode=positive_only/ratio=2.0/keep=0.75,0.1500824354378294,0.0428929242329367,0.2366792550600053,0.0747663551401869,0.1388759701889849,0.9980353634577602,0.1040377556978733,S1/random_over,0.2034510007203047,0.0010958046336881,0.2305363776012932,0.1355140186915887,0.1036226769107796,0.0007381435689241,0.0751246241265939,0.0452261306532663,-0.0533685652824753,0.041797119599248596,-0.06074766355140179,0.0352532932782053
6,42,xgb,s1_plus_ig,0.25,1.0,positive_only,s1_plus_ig/mode=positive_only/ratio=0.25/keep=1.0,0.1571955537958768,0.0751408891671884,0.2371178248443008,0.0981308411214953,0.1105137657654525,0.9986541466206704,0.0957481455458995,S1/random_over,0.2034510007203047,0.0010958046336881,0.2305363776012932,0.1355140186915887,0.1036226769107796,0.0007381435689241,0.0751246241265939,0.0452261306532663,-0.0462554469244279,0.07404508453350031,-0.03738317757009339,0.0068910888546729054
6,42,xgb,s1_plus_ig,0.5,1.0,positive_only,s1_plus_ig/mode=positive_only/ratio=0.5/keep=1.0,0.1577009852974445,0.0328741390106449,0.2326176658508793,0.0887850467289719,0.1199122629765303,0.9986541466206704,0.0957481455458995,S1/random_over,0.2034510007203047,0.0010958046336881,0.2305363776012932,0.1355140186915887,0.1036226769107796,0.0007381435689241,0.0751246241265939,0.0452261306532663,-0.045750015422860196,0.0317783343769568,-0.046728971962616786,0.016289586065750705
6,42,xgb,s1_plus_ig,0.75,1.0,positive_only,s1_plus_ig/mode=positive_only/ratio=0.75/keep=1.0,0.1560533998374998,0.077958672510958,0.2293943982907239,0.0981308411214953,0.1116695107898987,0.9986541466206704,0.0957481455458995,S1/random_over,0.2034510007203047,0.0010958046336881,0.2305363776012932,0.1355140186915887,0.1036226769107796,0.0007381435689241,0.0751246241265939,0.0452261306532663,-0.0473976008828049,0.07686286787726991,-0.03738317757009339,0.0080468338791191
6,42,xgb,s1_plus_ig,1.0,1.0,positive_only,s1_plus_ig/mode=positive_only/ratio=1.0/keep=1.0,0.1540101567951066,0.0815591734502191,0.2179504612749487,0.102803738317757,0.1280947757400911,0.9986541466206704,0.0957481455458995,S1/random_over,0.2034510007203047,0.0010958046336881,0.2305363776012932,0.1355140186915887,0.1036226769107796,0.0007381435689241,0.0751246241265939,0.0452261306532663,-0.0494408439251981,0.080463368816531,-0.03271028037383168,0.024472098829311492
6,42,xgb,s1_plus_ig,1.5,1.0,positive_only,s1_plus_ig/mode=positive_only/ratio=1.5/keep=1.0,0.1563116820706936,0.0754539762053851,0.2283096520934807,0.102803738317757,0.1048311549021013,0.9986541466206704,0.0957481455458995,S1/random_over,0.2034510007203047,0.0010958046336881,0.2305363776012932,0.1355140186915887,0.1036226769107796,0.0007381435689241,0.0751246241265939,0.0452261306532663,-0.0471393186496111,0.07435817157169701,-0.03271028037383168,0.0012084779913217047
6,42,xgb,s1_plus_ig,2.0,1.0,positive_only,s1_plus_ig/mode=positive_only/ratio=2.0/keep=1.0,0.1533913884256856,0.0757670632435817,0.213955060571132,0.1074766355140186,0.1130760351246284,0.9986541466206704,0.0957481455458995,S1/random_over,0.2034510007203047,0.0010958046336881,0.2305363776012932,0.1355140186915887,0.1036226769107796,0.0007381435689241,0.0751246241265939,0.0452261306532663,-0.05005961229461911,0.07467125860989361,-0.028037383177570083,0.009453358213848795
6,43,xgb,s1_plus_ig,0.25,0.25,positive_only,s1_plus_ig/mode=positive_only/ratio=0.25/keep=0.25,0.1640168412604351,0.0798371947401377,0.2369501652601428,0.0841121495327102,0.1148903925184491,0.9551953064690444,0.0840450899969113,S1/random_over,0.1750007232605763,0.0491546649968691,0.2298487737702791,0.1261682242990654,0.1074991435054093,0.0577597342683151,0.1382841712355036,0.0552763819095477,-0.01098388200014122,0.0306825297432686,-0.0420560747663552,0.007391249013039794
6,43,xgb,s1_plus_ig,0.5,0.25,positive_only,s1_plus_ig/mode=positive_only/ratio=0.5/keep=0.25,0.1628500127173821,0.0837507827175954,0.225077726795812,0.1121495327102803,0.1021939439500844,0.9551953064690444,0.0840450899969113,S1/random_over,0.1750007232605763,0.0491546649968691,0.2298487737702791,0.1261682242990654,0.1074991435054093,0.0577597342683151,0.1382841712355036,0.0552763819095477,-0.01215071054319422,0.034596117720726294,-0.014018691588785104,-0.005305199555324908
6,43,xgb,s1_plus_ig,0.75,0.25,positive_only,s1_plus_ig/mode=positive_only/ratio=0.75/keep=0.25,0.1513350314261124,0.0590169067000626,0.213559691475894,0.0794392523364486,0.0934164042274768,0.9551953064690444,0.0840450899969113,S1/random_over,0.1750007232605763,0.0491546649968691,0.2298487737702791,0.1261682242990654,0.1074991435054093,0.0577597342683151,0.1382841712355036,0.0552763819095477,-0.023665691834463903,0.009862241703193497,-0.046728971962616814,-0.014082739277932507
6,43,xgb,s1_plus_ig,1.0,0.25,positive_only,s1_plus_ig/mode=positive_only/ratio=1.0/keep=0.25,0.1659251695217935,0.0447714464621164,0.2112213915071633,0.116822429906542,0.0839380283808447,0.9551953064690444,0.0840450899969113,S1/random_over,0.1750007232605763,0.0491546649968691,0.2298487737702791,0.1261682242990654,0.1074991435054093,0.0577597342683151,0.1382841712355036,0.0552763819095477,-0.009075553738782799,-0.004383218534752702,-0.009345794392523407,-0.023561115124564602
6,43,xgb,s1_plus_ig,1.5,0.25,positive_only,s1_plus_ig/mode=positive_only/ratio=1.5/keep=0.25,0.1594384761811124,0.0768628678772698,0.2038049255031258,0.1121495327102803,0.0819981291904654,0.9551953064690444,0.0840450899969113,S1/random_over,0.1750007232605763,0.0491546649968691,0.2298487737702791,0.1261682242990654,0.1074991435054093,0.0577597342683151,0.1382841712355036,0.0552763819095477,-0.015562247079463909,0.027708202880400698,-0.014018691588785104,-0.025501014314943907
6,43,xgb,s1_plus_ig,2.0,0.25,positive_only,s1_plus_ig/mode=positive_only/ratio=2.0/keep=0.25,0.1519545513079044,0.0220726361928616,0.2147661005401383,0.1121495327102803,0.0865284812905239,0.9551953064690444,0.0840450899969113,S1/random_over,0.1750007232605763,0.0491546649968691,0.2298487737702791,0.1261682242990654,0.1074991435054093,0.0577597342683151,0.1382841712355036,0.0552763819095477,-0.023046171952671918,-0.0270820288040075,-0.014018691588785104,-0.020970662214885402
6,43,xgb,s1_plus_ig,0.25,0.5,positive_only,s1_plus_ig/mode=positive_only/ratio=0.25/keep=0.5,0.1640168412604351,0.0798371947401377,0.2369501652601428,0.0841121495327102,0.1148903925184491,0.9929458719428244,0.0873597151810516,S1/random_over,0.1750007232605763,0.0491546649968691,0.2298487737702791,0.1261682242990654,0.1074991435054093,0.0577597342683151,0.1382841712355036,0.0552763819095477,-0.01098388200014122,0.0306825297432686,-0.0420560747663552,0.007391249013039794
6,43,xgb,s1_plus_ig,0.5,0.5,positive_only,s1_plus_ig/mode=positive_only/ratio=0.5/keep=0.5,0.1575715306935197,0.0504070131496556,0.2363409753036832,0.0794392523364486,0.102868471862255,0.9929458719428244,0.0873597151810516,S1/random_over,0.1750007232605763,0.0491546649968691,0.2298487737702791,0.1261682242990654,0.1074991435054093,0.0577597342683151,0.1382841712355036,0.0552763819095477,-0.017429192567056606,0.001252348152786499,-0.046728971962616814,-0.004630671643154297
6,43,xgb,s1_plus_ig,0.75,0.5,positive_only,s1_plus_ig/mode=positive_only/ratio=0.75/keep=0.5,0.1536662434567167,0.0615216030056355,0.2174587355216044,0.116822429906542,0.10443525434838,0.9929458719428244,0.0873597151810516,S1/random_over,0.1750007232605763,0.0491546649968691,0.2298487737702791,0.1261682242990654,0.1074991435054093,0.0577597342683151,0.1382841712355036,0.0552763819095477,-0.021334479803859607,0.012366938008766398,-0.009345794392523407,-0.0030638891570293064
6,43,xgb,s1_plus_ig,1.0,0.5,positive_only,s1_plus_ig/mode=positive_only/ratio=1.0/keep=0.5,0.155431661776052,0.041014402003757,0.228378367538526,0.1214953271028037,0.1144344898703024,0.9929458719428244,0.0873597151810516,S1/random_over,0.1750007232605763,0.0491546649968691,0.2298487737702791,0.1261682242990654,0.1074991435054093,0.0577597342683151,0.1382841712355036,0.0552763819095477,-0.01956906148452431,-0.008140262993112102,-0.0046728971962617105,0.006935346364893097
6,43,xgb,s1_plus_ig,1.5,0.5,positive_only,s1_plus_ig/mode=positive_only/ratio=1.5/keep=0.5,0.1521185357343433,0.0397620538509705,0.232070136380947,0.0981308411214953,0.1104996494142506,0.9929458719428244,0.0873597151810516,S1/random_over,0.1750007232605763,0.0491546649968691,0.2298487737702791,0.1261682242990654,0.1074991435054093,0.0577597342683151,0.1382841712355036,0.0552763819095477,-0.022882187526233,-0.0093926111458986,-0.02803738317757011,0.0030005059088412944
6,43,xgb,s1_plus_ig,2.0,0.5,positive_only,s1_plus_ig/mode=positive_only/ratio=2.0/keep=0.5,0.1567081310065374,0.0596430807764558,0.2243730090111486,0.116822429906542,0.1098667884420931,0.9929458719428244,0.0873597151810516,S1/random_over,0.1750007232605763,0.0491546649968691,0.2298487737702791,0.1261682242990654,0.1074991435054093,0.0577597342683151,0.1382841712355036,0.0552763819095477,-0.018292592254038897,0.010488415779586695,-0.009345794392523407,0.002367644936683802
6,43,xgb,s1_plus_ig,0.25,0.75,positive_only,s1_plus_ig/mode=positive_only/ratio=0.25/keep=0.75,0.1640168412604351,0.0798371947401377,0.2369501652601428,0.0841121495327102,0.1148903925184491,0.9881270980616618,0.0811905600769047,S1/random_over,0.1750007232605763,0.0491546649968691,0.2298487737702791,0.1261682242990654,0.1074991435054093,0.0577597342683151,0.1382841712355036,0.0552763819095477,-0.01098388200014122,0.0306825297432686,-0.0420560747663552,0.007391249013039794
6,43,xgb,s1_plus_ig,0.5,0.75,positive_only,s1_plus_ig/mode=positive_only/ratio=0.5/keep=0.75,0.1575715306935197,0.0504070131496556,0.2363409753036832,0.0794392523364486,0.102868471862255,0.9881270980616618,0.0811905600769047,S1/random_over,0.1750007232605763,0.0491546649968691,0.2298487737702791,0.1261682242990654,0.1074991435054093,0.0577597342683151,0.1382841712355036,0.0552763819095477,-0.017429192567056606,0.001252348152786499,-0.046728971962616814,-0.004630671643154297
6,43,xgb,s1_plus_ig,0.75,0.75,positive_only,s1_plus_ig/mode=positive_only/ratio=0.75/keep=0.75,0.1644538945772345,0.0300563556668753,0.2390917252643753,0.0981308411214953,0.1081225775000556,0.9881270980616618,0.0811905600769047,S1/random_over,0.1750007232605763,0.0491546649968691,0.2298487737702791,0.1261682242990654,0.1074991435054093,0.0577597342683151,0.1382841712355036,0.0552763819095477,-0.010546828683341808,-0.0190983093299938,-0.02803738317757011,0.0006234339946463024
6,43,xgb,s1_plus_ig,1.0,0.75,positive_only,s1_plus_ig/mode=positive_only/ratio=1.0/keep=0.75,0.176773765224608,0.0234815278647463,0.2509736714776267,0.1448598130841121,0.110041248636779,0.9881270980616618,0.0811905600769047,S1/random_over,0.1750007232605763,0.0491546649968691,0.2298487737702791,0.1261682242990654,0.1074991435054093,0.0577597342683151,0.1382841712355036,0.0552763819095477,0.0017730419640316908,-0.0256731371321228,0.018691588785046703,0.0025421051313696957
6,43,xgb,s1_plus_ig,1.5,0.75,positive_only,s1_plus_ig/mode=positive_only/ratio=1.5/keep=0.75,0.152461333395083,0.062773951158422,0.2267946003891658,0.102803738317757,0.1132089635793203,0.9881270980616618,0.0811905600769047,S1/random_over,0.1750007232605763,0.0491546649968691,0.2298487737702791,0.1261682242990654,0.1074991435054093,0.0577597342683151,0.1382841712355036,0.0552763819095477,-0.02253938986549331,0.013619286161552904,-0.0233644859813084,0.005709820073910993
6,43,xgb,s1_plus_ig,2.0,0.75,positive_only,s1_plus_ig/mode=positive_only/ratio=2.0/keep=0.75,0.1544983007242245,0.0474326862867877,0.2407847751224902,0.0794392523364486,0.1105192794818275,0.9881270980616618,0.0811905600769047,S1/random_over,0.1750007232605763,0.0491546649968691,0.2298487737702791,0.1261682242990654,0.1074991435054093,0.0577597342683151,0.1382841712355036,0.0552763819095477,-0.020502422536351816,-0.0017219787100814024,-0.046728971962616814,0.0030201359764182034
6,43,xgb,s1_plus_ig,0.25,1.0,positive_only,s1_plus_ig/mode=positive_only/ratio=0.25/keep=1.0,0.1640168412604351,0.0798371947401377,0.2369501652601428,0.0841121495327102,0.1148903925184491,0.9950574694862552,0.0910813620752887,S1/random_over,0.1750007232605763,0.0491546649968691,0.2298487737702791,0.1261682242990654,0.1074991435054093,0.0577597342683151,0.1382841712355036,0.0552763819095477,-0.01098388200014122,0.0306825297432686,-0.0420560747663552,0.007391249013039794
6,43,xgb,s1_plus_ig,0.5,1.0,positive_only,s1_plus_ig/mode=positive_only/ratio=0.5/keep=1.0,0.1575715306935197,0.0504070131496556,0.2363409753036832,0.0794392523364486,0.102868471862255,0.9950574694862552,0.0910813620752887,S1/random_over,0.1750007232605763,0.0491546649968691,0.2298487737702791,0.1261682242990654,0.1074991435054093,0.0577597342683151,0.1382841712355036,0.0552763819095477,-0.017429192567056606,0.001252348152786499,-0.046728971962616814,-0.004630671643154297
6,43,xgb,s1_plus_ig,0.75,1.0,positive_only,s1_plus_ig/mode=positive_only/ratio=0.75/keep=1.0,0.1644538945772345,0.0300563556668753,0.2390917252643753,0.0981308411214953,0.1081225775000556,0.9950574694862552,0.0910813620752887,S1/random_over,0.1750007232605763,0.0491546649968691,0.2298487737702791,0.1261682242990654,0.1074991435054093,0.0577597342683151,0.1382841712355036,0.0552763819095477,-0.010546828683341808,-0.0190983093299938,-0.02803738317757011,0.0006234339946463024
6,43,xgb,s1_plus_ig,1.0,1.0,positive_only,s1_plus_ig/mode=positive_only/ratio=1.0/keep=1.0,0.176773765224608,0.0234815278647463,0.2509736714776267,0.1448598130841121,0.110041248636779,0.9950574694862552,0.0910813620752887,S1/random_over,0.1750007232605763,0.0491546649968691,0.2298487737702791,0.1261682242990654,0.1074991435054093,0.0577597342683151,0.1382841712355036,0.0552763819095477,0.0017730419640316908,-0.0256731371321228,0.018691588785046703,0.0025421051313696957
6,43,xgb,s1_plus_ig,1.5,1.0,positive_only,s1_plus_ig/mode=positive_only/ratio=1.5/keep=1.0,0.1532796768151385,0.0940826549780839,0.2272635612743013,0.102803738317757,0.119798012944874,0.9950574694862552,0.0910813620752887,S1/random_over,0.1750007232605763,0.0491546649968691,0.2298487737702791,0.1261682242990654,0.1074991435054093,0.0577597342683151,0.1382841712355036,0.0552763819095477,-0.02172104644543782,0.04492798998121479,-0.0233644859813084,0.01229886943946469
6,43,xgb,s1_plus_ig,2.0,1.0,positive_only,s1_plus_ig/mode=positive_only/ratio=2.0/keep=1.0,0.1554565188476457,0.0688791484032561,0.2235050342545827,0.0747663551401869,0.1298798999816932,0.9950574694862552,0.0910813620752887,S1/random_over,0.1750007232605763,0.0491546649968691,0.2298487737702791,0.1261682242990654,0.1074991435054093,0.0577597342683151,0.1382841712355036,0.0552763819095477,-0.019544204412930616,0.019724483406386994,-0.05140186915887851,0.02238075647628389
6,44,xgb,s1_plus_ig,0.25,0.25,positive_only,s1_plus_ig/mode=positive_only/ratio=0.25/keep=0.25,0.1429125572479017,0.0782717595491546,0.2369807470676938,0.102803738317757,0.0980196200498041,0.9855951829550718,0.0938531385605162,S1/smote,0.1879140460510901,0.0688791484032561,0.2235050342545827,0.1214953271028037,0.105857221420833,0.095035984498985,0.169933148912531,0.0351758793969849,-0.04500148880318841,0.009392611145898497,-0.01869158878504669,-0.007837601371028902
6,44,xgb,s1_plus_ig,0.5,0.25,positive_only,s1_plus_ig/mode=positive_only/ratio=0.5/keep=0.25,0.1392845764416643,0.0715403882279273,0.238250660239031,0.0887850467289719,0.1146300738872362,0.9855951829550718,0.0938531385605162,S1/smote,0.1879140460510901,0.0688791484032561,0.2235050342545827,0.1214953271028037,0.105857221420833,0.095035984498985,0.169933148912531,0.0351758793969849,-0.048629469609425796,0.002661239824671202,-0.03271028037383179,0.008772852466403205
6,44,xgb,s1_plus_ig,0.75,0.25,positive_only,s1_plus_ig/mode=positive_only/ratio=0.75/keep=0.25,0.1385785017253162,0.0936130244207889,0.2330338437685619,0.0747663551401869,0.1203369198524335,0.9855951829550718,0.0938531385605162,S1/smote,0.1879140460510901,0.0688791484032561,0.2235050342545827,0.1214953271028037,0.105857221420833,0.095035984498985,0.169933148912531,0.0351758793969849,-0.04933554432577392,0.02473387601753281,-0.0467289719626168,0.014479698431600505
6,44,xgb,s1_plus_ig,1.0,0.25,positive_only,s1_plus_ig/mode=positive_only/ratio=1.0/keep=0.25,0.1393912929010999,0.0860989355040701,0.2344434556535956,0.0560747663551401,0.1211416188499986,0.9855951829550718,0.0938531385605162,S1/smote,0.1879140460510901,0.0688791484032561,0.2235050342545827,0.1214953271028037,0.105857221420833,0.095035984498985,0.169933148912531,0.0351758793969849,-0.048522753149990216,0.01721978710081401,-0.06542056074766359,0.015284397429165611
6,44,xgb,s1_plus_ig,1.5,0.25,positive_only,s1_plus_ig/mode=positive_only/ratio=1.5/keep=0.25,0.1340046157771912,0.086568566061365,0.22060581495065,0.0560747663551401,0.1217385255952714,0.9855951829550718,0.0938531385605162,S1/smote,0.1879140460510901,0.0688791484032561,0.2235050342545827,0.1214953271028037,0.105857221420833,0.095035984498985,0.169933148912531,0.0351758793969849,-0.05390943027389891,0.0176894176581089,-0.06542056074766359,0.015881304174438407
6,44,xgb,s1_plus_ig,2.0,0.25,positive_only,s1_plus_ig/mode=positive_only/ratio=2.0/keep=0.25,0.1323814742169585,0.0860989355040701,0.2292122236295328,0.0794392523364486,0.1163068150736966,0.9855951829550718,0.0938531385605162,S1/smote,0.1879140460510901,0.0688791484032561,0.2235050342545827,0.1214953271028037,0.105857221420833,0.095035984498985,0.169933148912531,0.0351758793969849,-0.0555325718341316,0.01721978710081401,-0.0420560747663551,0.010449593652863604
6,44,xgb,s1_plus_ig,0.25,0.5,positive_only,s1_plus_ig/mode=positive_only/ratio=0.25/keep=0.5,0.1429125572479017,0.0782717595491546,0.2369807470676938,0.102803738317757,0.0980196200498041,0.9988397815695436,0.0804173580728196,S1/smote,0.1879140460510901,0.0688791484032561,0.2235050342545827,0.1214953271028037,0.105857221420833,0.095035984498985,0.169933148912531,0.0351758793969849,-0.04500148880318841,0.009392611145898497,-0.01869158878504669,-0.007837601371028902
6,44,xgb,s1_plus_ig,0.5,0.5,positive_only,s1_plus_ig/mode=positive_only/ratio=0.5/keep=0.5,0.1411798764960655,0.0727927363807138,0.2275465368543901,0.0700934579439252,0.1017446798210277,0.9988397815695436,0.0804173580728196,S1/smote,0.1879140460510901,0.0688791484032561,0.2235050342545827,0.1214953271028037,0.105857221420833,0.095035984498985,0.169933148912531,0.0351758793969849,-0.0467341695550246,0.003913587977457708,-0.051401869158878497,-0.0041125415998053
6,44,xgb,s1_plus_ig,0.75,0.5,positive_only,s1_plus_ig/mode=positive_only/ratio=0.75/keep=0.5,0.1428253178647984,0.0826549780839073,0.2374837689919835,0.0841121495327102,0.1289231374557767,0.9988397815695436,0.0804173580728196,S1/smote,0.1879140460510901,0.0688791484032561,0.2235050342545827,0.1214953271028037,0.105857221420833,0.095035984498985,0.169933148912531,0.0351758793969849,-0.0450887281862917,0.013775829680651205,-0.03738317757009349,0.023065916034943693
6,44,xgb,s1_plus_ig,1.0,0.5,positive_only,s1_plus_ig/mode=positive_only/ratio=1.0/keep=0.5,0.1431150564056098,0.0984658735128365,0.2359028558853076,0.0841121495327102,0.1057149150219446,0.9988397815695436,0.0804173580728196,S1/smote,0.1879140460510901,0.0688791484032561,0.2235050342545827,0.1214953271028037,0.105857221420833,0.095035984498985,0.169933148912531,0.0351758793969849,-0.04479898964548032,0.02958672510958041,-0.03738317757009349,-0.00014230639888838936
6,44,xgb,s1_plus_ig,1.5,0.5,positive_only,s1_plus_ig/mode=positive_only/ratio=1.5/keep=0.5,0.1329677918034238,0.0945522855353788,0.2316300416628046,0.0560747663551401,0.1228335575515333,0.9988397815695436,0.0804173580728196,S1/smote,0.1879140460510901,0.0688791484032561,0.2235050342545827,0.1214953271028037,0.105857221420833,0.095035984498985,0.169933148912531,0.0351758793969849,-0.054946254247666304,0.0256731371321227,-0.06542056074766359,0.016976336130700306
6,44,xgb,s1_plus_ig,2.0,0.5,positive_only,s1_plus_ig/mode=positive_only/ratio=2.0/keep=0.5,0.1358731588435044,0.1286787726988102,0.2165102183936058,0.0700934579439252,0.1172330213365862,0.9988397815695436,0.0804173580728196,S1/smote,0.1879140460510901,0.0688791484032561,0.2235050342545827,0.1214953271028037,0.105857221420833,0.095035984498985,0.169933148912531,0.0351758793969849,-0.052040887207585707,0.059799624295554105,-0.051401869158878497,0.011375799915753201
6,44,xgb,s1_plus_ig,0.25,0.75,positive_only,s1_plus_ig/mode=positive_only/ratio=0.25/keep=0.75,0.1429125572479017,0.0782717595491546,0.2369807470676938,0.102803738317757,0.0980196200498041,0.9994198907847716,0.1024664536467662,S1/smote,0.1879140460510901,0.0688791484032561,0.2235050342545827,0.1214953271028037,0.105857221420833,0.095035984498985,0.169933148912531,0.0351758793969849,-0.04500148880318841,0.009392611145898497,-0.01869158878504669,-0.007837601371028902
6,44,xgb,s1_plus_ig,0.5,0.75,positive_only,s1_plus_ig/mode=positive_only/ratio=0.5/keep=0.75,0.1411798764960655,0.0727927363807138,0.2275465368543901,0.0700934579439252,0.1017446798210277,0.9994198907847716,0.1024664536467662,S1/smote,0.1879140460510901,0.0688791484032561,0.2235050342545827,0.1214953271028037,0.105857221420833,0.095035984498985,0.169933148912531,0.0351758793969849,-0.0467341695550246,0.003913587977457708,-0.051401869158878497,-0.0041125415998053
6,44,xgb,s1_plus_ig,0.75,0.75,positive_only,s1_plus_ig/mode=positive_only/ratio=0.75/keep=0.75,0.1427180517687319,0.0718534752661239,0.2432307889644741,0.0654205607476635,0.1033355326437443,0.9994198907847716,0.1024664536467662,S1/smote,0.1879140460510901,0.0688791484032561,0.2235050342545827,0.1214953271028037,0.105857221420833,0.095035984498985,0.169933148912531,0.0351758793969849,-0.04519599428235821,0.0029743268628678043,-0.05607476635514019,-0.002521688777088693
6,44,xgb,s1_plus_ig,1.0,0.75,positive_only,s1_plus_ig/mode=positive_only/ratio=1.0/keep=0.75,0.1455679065682645,0.0994051346274264,0.2320689784324048,0.0747663551401869,0.1186720916633314,0.9994198907847716,0.1024664536467662,S1/smote,0.1879140460510901,0.0688791484032561,0.2235050342545827,0.1214953271028037,0.105857221420833,0.095035984498985,0.169933148912531,0.0351758793969849,-0.04234613948282562,0.0305259862241703,-0.0467289719626168,0.012814870242498402
6,44,xgb,s1_plus_ig,1.5,0.75,positive_only,s1_plus_ig/mode=positive_only/ratio=1.5/keep=0.75,0.1472980083480916,0.0438321853475266,0.2306623338600962,0.1074766355140186,0.1282184137510492,0.9994198907847716,0.1024664536467662,S1/smote,0.1879140460510901,0.0688791484032561,0.2235050342545827,0.1214953271028037,0.105857221420833,0.095035984498985,0.169933148912531,0.0351758793969849,-0.040616037702998514,-0.025046963055729496,-0.01401869158878509,0.022361192330216204
6,44,xgb,s1_plus_ig,2.0,0.75,positive_only,s1_plus_ig/mode=positive_only/ratio=2.0/keep=0.75,0.1404719047269255,0.0906386975579211,0.2426972096560262,0.0700934579439252,0.1508025607844104,0.9994198907847716,0.1024664536467662,S1/smote,0.1879140460510901,0.0688791484032561,0.2235050342545827,0.1214953271028037,0.105857221420833,0.095035984498985,0.169933148912531,0.0351758793969849,-0.047442141324164605,0.021759549154665006,-0.051401869158878497,0.044945339363577405
6,44,xgb,s1_plus_ig,0.25,1.0,positive_only,s1_plus_ig/mode=positive_only/ratio=0.25/keep=1.0,0.1429125572479017,0.0782717595491546,0.2369807470676938,0.102803738317757,0.0980196200498041,0.9993889516266262,0.0987837698948173,S1/smote,0.1879140460510901,0.0688791484032561,0.2235050342545827,0.1214953271028037,0.105857221420833,0.095035984498985,0.169933148912531,0.0351758793969849,-0.04500148880318841,0.009392611145898497,-0.01869158878504669,-0.007837601371028902
6,44,xgb,s1_plus_ig,0.5,1.0,positive_only,s1_plus_ig/mode=positive_only/ratio=0.5/keep=1.0,0.1411798764960655,0.0727927363807138,0.2275465368543901,0.0700934579439252,0.1017446798210277,0.9993889516266262,0.0987837698948173,S1/smote,0.1879140460510901,0.0688791484032561,0.2235050342545827,0.1214953271028037,0.105857221420833,0.095035984498985,0.169933148912531,0.0351758793969849,-0.0467341695550246,0.003913587977457708,-0.051401869158878497,-0.0041125415998053
6,44,xgb,s1_plus_ig,0.75,1.0,positive_only,s1_plus_ig/mode=positive_only/ratio=0.75/keep=1.0,0.1427180517687319,0.0718534752661239,0.2432307889644741,0.0654205607476635,0.1033355326437443,0.9993889516266262,0.0987837698948173,S1/smote,0.1879140460510901,0.0688791484032561,0.2235050342545827,0.1214953271028037,0.105857221420833,0.095035984498985,0.169933148912531,0.0351758793969849,-0.04519599428235821,0.0029743268628678043,-0.05607476635514019,-0.002521688777088693
6,44,xgb,s1_plus_ig,1.0,1.0,positive_only,s1_plus_ig/mode=positive_only/ratio=1.0/keep=1.0,0.1455679065682645,0.0994051346274264,0.2320689784324048,0.0747663551401869,0.1186720916633314,0.9993889516266262,0.0987837698948173,S1/smote,0.1879140460510901,0.0688791484032561,0.2235050342545827,0.1214953271028037,0.105857221420833,0.095035984498985,0.169933148912531,0.0351758793969849,-0.04234613948282562,0.0305259862241703,-0.0467289719626168,0.012814870242498402
6,44,xgb,s1_plus_ig,1.5,1.0,positive_only,s1_plus_ig/mode=positive_only/ratio=1.5/keep=1.0,0.1403588287106416,0.0655917345021916,0.2327778117632104,0.0794392523364486,0.1381638158262063,0.9993889516266262,0.0987837698948173,S1/smote,0.1879140460510901,0.0688791484032561,0.2235050342545827,0.1214953271028037,0.105857221420833,0.095035984498985,0.169933148912531,0.0351758793969849,-0.04755521734044851,-0.00328741390106449,-0.0420560747663551,0.0323065944053733
6,44,xgb,s1_plus_ig,2.0,1.0,positive_only,s1_plus_ig/mode=positive_only/ratio=2.0/keep=1.0,0.1362550464479697,0.0585472761427676,0.2236887744656771,0.0841121495327102,0.1284022251432455,0.9993889516266262,0.0987837698948173,S1/smote,0.1879140460510901,0.0688791484032561,0.2235050342545827,0.1214953271028037,0.105857221420833,0.095035984498985,0.169933148912531,0.0351758793969849,-0.0516589996031204,-0.010331872260488498,-0.03738317757009349,0.022545003722412513
6,45,xgb,s1_plus_ig,0.25,0.25,positive_only,s1_plus_ig/mode=positive_only/ratio=0.25/keep=0.25,0.1762449830185104,0.0571383844708829,0.2175515575529306,0.1214953271028037,0.1028069425231263,0.9853327157634708,0.0895809241728593,S1/smote,0.1815416811459739,0.0629304946775203,0.2264740939169474,0.116822429906542,0.1280516809905603,0.081011256689426,0.1712663305426207,0.0402010050251256,-0.0052966981274635005,-0.005792110206637391,0.004672897196261697,-0.025244738467433997
6,45,xgb,s1_plus_ig,0.5,0.25,positive_only,s1_plus_ig/mode=positive_only/ratio=0.5/keep=0.25,0.1739424534680093,0.1222604884157795,0.2215941050681889,0.1261682242990654,0.1017293352152863,0.9853327157634708,0.0895809241728593,S1/smote,0.1815416811459739,0.0629304946775203,0.2264740939169474,0.116822429906542,0.1280516809905603,0.081011256689426,0.1712663305426207,0.0402010050251256,-0.007599227677964615,0.0593299937382592,0.009345794392523407,-0.026322345775273995
6,45,xgb,s1_plus_ig,0.75,0.25,positive_only,s1_plus_ig/mode=positive_only/ratio=0.75/keep=0.25,0.1551049406010578,0.0596430807764558,0.2122603251650346,0.0981308411214953,0.1012931572869161,0.9853327157634708,0.0895809241728593,S1/smote,0.1815416811459739,0.0629304946775203,0.2264740939169474,0.116822429906542,0.1280516809905603,0.081011256689426,0.1712663305426207,0.0402010050251256,-0.0264367405449161,-0.0032874139010644968,-0.018691588785046703,-0.026758523703644205
6,45,xgb,s1_plus_ig,1.0,0.25,positive_only,s1_plus_ig/mode=positive_only/ratio=1.0/keep=0.25,0.1548111430563948,0.1574827802128992,0.2217177508496883,0.1074766355140186,0.099199054951899,0.9853327157634708,0.0895809241728593,S1/smote,0.1815416811459739,0.0629304946775203,0.2264740939169474,0.116822429906542,0.1280516809905603,0.081011256689426,0.1712663305426207,0.0402010050251256,-0.02673053808957912,0.0945522855353789,-0.009345794392523393,-0.028852626038661303
6,45,xgb,s1_plus_ig,1.5,0.25,positive_only,s1_plus_ig/mode=positive_only/ratio=1.5/keep=0.25,0.1430414189069485,0.0616781465247338,0.2171401488855129,0.0700934579439252,0.1070349139077706,0.9853327157634708,0.0895809241728593,S1/smote,0.1815416811459739,0.0629304946775203,0.2264740939169474,0.116822429906542,0.1280516809905603,0.081011256689426,0.1712663305426207,0.0402010050251256,-0.03850026223902542,-0.0012523481527864921,-0.0467289719626168,-0.021016767082789697
6,45,xgb,s1_plus_ig,2.0,0.25,positive_only,s1_plus_ig/mode=positive_only/ratio=2.0/keep=0.25,0.1440398033000602,0.1014402003757044,0.2242615283358763,0.0841121495327102,0.1055627874707943,0.9853327157634708,0.0895809241728593,S1/smote,0.1815416811459739,0.0629304946775203,0.2264740939169474,0.116822429906542,0.1280516809905603,0.081011256689426,0.1712663305426207,0.0402010050251256,-0.03750187784591372,0.03850970569818411,-0.03271028037383179,-0.022488893519766004
6,45,xgb,s1_plus_ig,0.25,0.5,positive_only,s1_plus_ig/mode=positive_only/ratio=0.25/keep=0.5,0.1762449830185104,0.0571383844708829,0.2175515575529306,0.1214953271028037,0.1028069425231263,0.9966856426836628,0.0918504220849443,S1/smote,0.1815416811459739,0.0629304946775203,0.2264740939169474,0.116822429906542,0.1280516809905603,0.081011256689426,0.1712663305426207,0.0402010050251256,-0.0052966981274635005,-0.005792110206637391,0.004672897196261697,-0.025244738467433997
6,45,xgb,s1_plus_ig,0.5,0.5,positive_only,s1_plus_ig/mode=positive_only/ratio=0.5/keep=0.5,0.1527845815943181,0.0670006261740764,0.2271053987640036,0.0794392523364486,0.1206645533052373,0.9966856426836628,0.0918504220849443,S1/smote,0.1815416811459739,0.0629304946775203,0.2264740939169474,0.116822429906542,0.1280516809905603,0.081011256689426,0.1712663305426207,0.0402010050251256,-0.028757099551655813,0.004070131496556106,-0.03738317757009341,-0.007387127685323
6,45,xgb,s1_plus_ig,0.75,0.5,positive_only,s1_plus_ig/mode=positive_only/ratio=0.75/keep=0.5,0.1485854279675907,0.0809329993738259,0.2323990677934427,0.102803738317757,0.1208552811138753,0.9966856426836628,0.0918504220849443,S1/smote,0.1815416811459739,0.0629304946775203,0.2264740939169474,0.116822429906542,0.1280516809905603,0.081011256689426,0.1712663305426207,0.0402010050251256,-0.032956253178383216,0.018002504696305613,-0.014018691588784993,-0.007196399876684995
6,45,xgb,s1_plus_ig,1.0,0.5,positive_only,s1_plus_ig/mode=positive_only/ratio=1.0/keep=0.5,0.1398661689587311,0.0590169067000626,0.222682060247988,0.0654205607476635,0.1085122754479496,0.9966856426836628,0.0918504220849443,S1/smote,0.1815416811459739,0.0629304946775203,0.2264740939169474,0.116822429906542,0.1280516809905603,0.081011256689426,0.1712663305426207,0.0402010050251256,-0.0416755121872428,-0.003913587977457694,-0.051401869158878497,-0.019539405542610702
6,45,xgb,s1_plus_ig,1.5,0.5,positive_only,s1_plus_ig/mode=positive_only/ratio=1.5/keep=0.5,0.153642395279179,0.0597996242955541,0.2360526741738015,0.0794392523364486,0.1160659406288112,0.9966856426836628,0.0918504220849443,S1/smote,0.1815416811459739,0.0629304946775203,0.2264740939169474,0.116822429906542,0.1280516809905603,0.081011256689426,0.1712663305426207,0.0402010050251256,-0.02789928586679491,-0.0031308703819661957,-0.03738317757009341,-0.011985740361749098
6,45,xgb,s1_plus_ig,2.0,0.5,positive_only,s1_plus_ig/mode=positive_only/ratio=2.0/keep=0.5,0.1478484038917343,0.0817157169693174,0.233749827991727,0.0887850467289719,0.1369967341879343,0.9966856426836628,0.0918504220849443,S1/smote,0.1815416811459739,0.0629304946775203,0.2264740939169474,0.116822429906542,0.1280516809905603,0.081011256689426,0.1712663305426207,0.0402010050251256,-0.03369327725423962,0.018785222291797105,-0.028037383177570097,0.008945053197373987
6,45,xgb,s1_plus_ig,0.25,0.75,positive_only,s1_plus_ig/mode=positive_only/ratio=0.25/keep=0.75,0.1762449830185104,0.0571383844708829,0.2175515575529306,0.1214953271028037,0.1028069425231263,0.9982132636170972,0.0950846947605015,S1/smote,0.1815416811459739,0.0629304946775203,0.2264740939169474,0.116822429906542,0.1280516809905603,0.081011256689426,0.1712663305426207,0.0402010050251256,-0.0052966981274635005,-0.005792110206637391,0.004672897196261697,-0.025244738467433997
6,45,xgb,s1_plus_ig,0.5,0.75,positive_only,s1_plus_ig/mode=positive_only/ratio=0.5/keep=0.75,0.1527845815943181,0.0670006261740764,0.2271053987640036,0.0794392523364486,0.1206645533052373,0.9982132636170972,0.0950846947605015,S1/smote,0.1815416811459739,0.0629304946775203,0.2264740939169474,0.116822429906542,0.1280516809905603,0.081011256689426,0.1712663305426207,0.0402010050251256,-0.028757099551655813,0.004070131496556106,-0.03738317757009341,-0.007387127685323
6,45,xgb,s1_plus_ig,0.75,0.75,positive_only,s1_plus_ig/mode=positive_only/ratio=0.75/keep=0.75,0.1606375645622683,0.058234189104571,0.2334710062173685,0.102803738317757,0.1083984891803974,0.9982132636170972,0.0950846947605015,S1/smote,0.1815416811459739,0.0629304946775203,0.2264740939169474,0.116822429906542,0.1280516809905603,0.081011256689426,0.1712663305426207,0.0402010050251256,-0.020904116583705612,-0.00469630557294929,-0.014018691588784993,-0.019653191810162896
6,45,xgb,s1_plus_ig,1.0,0.75,positive_only,s1_plus_ig/mode=positive_only/ratio=1.0/keep=0.75,0.140339334701021,0.0466499686912961,0.216492007035191,0.0934579439252336,0.134273023341486,0.9982132636170972,0.0950846947605015,S1/smote,0.1815416811459739,0.0629304946775203,0.2264740939169474,0.116822429906542,0.1280516809905603,0.081011256689426,0.1712663305426207,0.0402010050251256,-0.04120234644495291,-0.016280525986224197,-0.0233644859813084,0.006221342350925696
6,45,xgb,s1_plus_ig,1.5,0.75,positive_only,s1_plus_ig/mode=positive_only/ratio=1.5/keep=0.75,0.1525090850669695,0.0525986224170319,0.2372705758045582,0.0934579439252336,0.1213434230534807,0.9982132636170972,0.0950846947605015,S1/smote,0.1815416811459739,0.0629304946775203,0.2264740939169474,0.116822429906542,0.1280516809905603,0.081011256689426,0.1712663305426207,0.0402010050251256,-0.029032596079004408,-0.010331872260488394,-0.0233644859813084,-0.006708257937079604
6,45,xgb,s1_plus_ig,2.0,0.75,positive_only,s1_plus_ig/mode=positive_only/ratio=2.0/keep=0.75,0.1460586909837914,0.0446149029430181,0.2385547573267246,0.0981308411214953,0.1206609763018984,0.9982132636170972,0.0950846947605015,S1/smote,0.1815416811459739,0.0629304946775203,0.2264740939169474,0.116822429906542,0.1280516809905603,0.081011256689426,0.1712663305426207,0.0402010050251256,-0.03548299016218251,-0.018315591734502194,-0.018691588785046703,-0.007390704688661903
6,45,xgb,s1_plus_ig,0.25,1.0,positive_only,s1_plus_ig/mode=positive_only/ratio=0.25/keep=1.0,0.1762449830185104,0.0571383844708829,0.2175515575529306,0.1214953271028037,0.1028069425231263,0.9983679594078244,0.0976659687925156,S1/smote,0.1815416811459739,0.0629304946775203,0.2264740939169474,0.116822429906542,0.1280516809905603,0.081011256689426,0.1712663305426207,0.0402010050251256,-0.0052966981274635005,-0.005792110206637391,0.004672897196261697,-0.025244738467433997
6,45,xgb,s1_plus_ig,0.5,1.0,positive_only,s1_plus_ig/mode=positive_only/ratio=0.5/keep=1.0,0.1527845815943181,0.0670006261740764,0.2271053987640036,0.0794392523364486,0.1206645533052373,0.9983679594078244,0.0976659687925156,S1/smote,0.1815416811459739,0.0629304946775203,0.2264740939169474,0.116822429906542,0.1280516809905603,0.081011256689426,0.1712663305426207,0.0402010050251256,-0.028757099551655813,0.004070131496556106,-0.03738317757009341,-0.007387127685323
6,45,xgb,s1_plus_ig,0.75,1.0,positive_only,s1_plus_ig/mode=positive_only/ratio=0.75/keep=1.0,0.1606375645622683,0.058234189104571,0.2334710062173685,0.102803738317757,0.1083984891803974,0.9983679594078244,0.0976659687925156,S1/smote,0.1815416811459739,0.0629304946775203,0.2264740939169474,0.116822429906542,0.1280516809905603,0.081011256689426,0.1712663305426207,0.0402010050251256,-0.020904116583705612,-0.00469630557294929,-0.014018691588784993,-0.019653191810162896
6,45,xgb,s1_plus_ig,1.0,1.0,positive_only,s1_plus_ig/mode=positive_only/ratio=1.0/keep=1.0,0.140339334701021,0.0466499686912961,0.216492007035191,0.0934579439252336,0.134273023341486,0.9983679594078244,0.0976659687925156,S1/smote,0.1815416811459739,0.0629304946775203,0.2264740939169474,0.116822429906542,0.1280516809905603,0.081011256689426,0.1712663305426207,0.0402010050251256,-0.04120234644495291,-0.016280525986224197,-0.0233644859813084,0.006221342350925696
6,45,xgb,s1_plus_ig,1.5,1.0,positive_only,s1_plus_ig/mode=positive_only/ratio=1.5/keep=1.0,0.1427551043069103,0.0579211020663744,0.2219929690572949,0.0700934579439252,0.1261211651932528,0.9983679594078244,0.0976659687925156,S1/smote,0.1815416811459739,0.0629304946775203,0.2264740939169474,0.116822429906542,0.1280516809905603,0.081011256689426,0.1712663305426207,0.0402010050251256,-0.03878657683906361,-0.005009392611145892,-0.0467289719626168,-0.0019305157973074916
6,45,xgb,s1_plus_ig,2.0,1.0,positive_only,s1_plus_ig/mode=positive_only/ratio=2.0/keep=1.0,0.1358366060958842,0.045554164057608,0.219311841483027,0.0934579439252336,0.1394647409204051,0.9983679594078244,0.0976659687925156,S1/smote,0.1815416811459739,0.0629304946775203,0.2264740939169474,0.116822429906542,0.1280516809905603,0.081011256689426,0.1712663305426207,0.0402010050251256,-0.04570507505008972,-0.01737633061991229,-0.0233644859813084,0.011413059929844788
6,46,xgb,s1_plus_ig,0.25,0.25,positive_only,s1_plus_ig/mode=positive_only/ratio=0.25/keep=0.25,0.1591989675297674,0.0793675641828428,0.2215663288246386,0.0887850467289719,0.1078106658999364,0.9894858730893932,0.0967868792379014,S1/random_under_10to1,0.185249318241946,0.0256731371321227,0.2328779447437029,0.1308411214953271,0.1259409828946884,0.0199298763609522,0.1397093707819111,0.0351758793969849,-0.026050350712178594,0.0536944270507201,-0.042056074766355186,-0.01813031699475201
6,46,xgb,s1_plus_ig,0.5,0.25,positive_only,s1_plus_ig/mode=positive_only/ratio=0.5/keep=0.25,0.1390861986880673,0.073418910457107,0.2236242982286574,0.0654205607476635,0.1068611620204293,0.9894858730893932,0.0967868792379014,S1/random_under_10to1,0.185249318241946,0.0256731371321227,0.2328779447437029,0.1308411214953271,0.1259409828946884,0.0199298763609522,0.1397093707819111,0.0351758793969849,-0.046163119553878695,0.047745773324984295,-0.06542056074766359,-0.019079820874259107
6,46,xgb,s1_plus_ig,0.75,0.25,positive_only,s1_plus_ig/mode=positive_only/ratio=0.75/keep=0.25,0.1381339010622698,0.0405447714464621,0.2297483154743454,0.0654205607476635,0.0941527876870022,0.9894858730893932,0.0967868792379014,S1/random_under_10to1,0.185249318241946,0.0256731371321227,0.2328779447437029,0.1308411214953271,0.1259409828946884,0.0199298763609522,0.1397093707819111,0.0351758793969849,-0.04711541717967618,0.014871634314339396,-0.06542056074766359,-0.03178819520768621
6,46,xgb,s1_plus_ig,1.0,0.25,positive_only,s1_plus_ig/mode=positive_only/ratio=1.0/keep=0.25,0.1313650383099489,0.0928303068252974,0.2163567654330261,0.0607476635514018,0.0951965303485635,0.9894858730893932,0.0967868792379014,S1/random_under_10to1,0.185249318241946,0.0256731371321227,0.2328779447437029,0.1308411214953271,0.1259409828946884,0.0199298763609522,0.1397093707819111,0.0351758793969849,-0.0538842799319971,0.0671571696931747,-0.0700934579439253,-0.030744452546124915
6,46,xgb,s1_plus_ig,1.5,0.25,positive_only,s1_plus_ig/mode=positive_only/ratio=1.5/keep=0.25,0.1329935588537256,0.1078584846587351,0.220539830843141,0.0514018691588785,0.0870891995288853,0.9894858730893932,0.0967868792379014,S1/random_under_10to1,0.185249318241946,0.0256731371321227,0.2328779447437029,0.1308411214953271,0.1259409828946884,0.0199298763609522,0.1397093707819111,0.0351758793969849,-0.052255759388220385,0.0821853475266124,-0.07943925233644858,-0.03885178336580311
6,46,xgb,s1_plus_ig,2.0,0.25,positive_only,s1_plus_ig/mode=positive_only/ratio=2.0/keep=0.25,0.1393906829794282,0.0549467752035065,0.2317164626088157,0.0607476635514018,0.0931791468974679,0.9894858730893932,0.0967868792379014,S1/random_under_10to1,0.185249318241946,0.0256731371321227,0.2328779447437029,0.1308411214953271,0.1259409828946884,0.0199298763609522,0.1397093707819111,0.0351758793969849,-0.045858635262517794,0.0292736380713838,-0.0700934579439253,-0.03276183599722052
6,46,xgb,s1_plus_ig,0.25,0.5,positive_only,s1_plus_ig/mode=positive_only/ratio=0.25/keep=0.5,0.1591989675297674,0.0793675641828428,0.2215663288246386,0.0887850467289719,0.1078106658999364,0.9988359141747752,0.0896957208992889,S1/random_under_10to1,0.185249318241946,0.0256731371321227,0.2328779447437029,0.1308411214953271,0.1259409828946884,0.0199298763609522,0.1397093707819111,0.0351758793969849,-0.026050350712178594,0.0536944270507201,-0.042056074766355186,-0.01813031699475201
6,46,xgb,s1_plus_ig,0.5,0.5,positive_only,s1_plus_ig/mode=positive_only/ratio=0.5/keep=0.5,0.1493864856719338,0.0574514715090795,0.2260729452616311,0.0934579439252336,0.1194947355264719,0.9988359141747752,0.0896957208992889,S1/random_under_10to1,0.185249318241946,0.0256731371321227,0.2328779447437029,0.1308411214953271,0.1259409828946884,0.0199298763609522,0.1397093707819111,0.0351758793969849,-0.03586283257001219,0.0317783343769568,-0.03738317757009349,-0.006446247368216515
6,46,xgb,s1_plus_ig,0.75,0.5,positive_only,s1_plus_ig/mode=positive_only/ratio=0.75/keep=0.5,0.1582233612672022,0.0803068252974326,0.2361422598590512,0.0981308411214953,0.117642403964672,0.9988359141747752,0.0896957208992889,S1/random_under_10to1,0.185249318241946,0.0256731371321227,0.2328779447437029,0.1308411214953271,0.1259409828946884,0.0199298763609522,0.1397093707819111,0.0351758793969849,-0.027025956974743776,0.054633688165309904,-0.03271028037383179,-0.008298578930016412
6,46,xgb,s1_plus_ig,1.0,0.5,positive_only,s1_plus_ig/mode=positive_only/ratio=1.0/keep=0.5,0.1405163361834851,0.0906386975579211,0.2195951465573798,0.0700934579439252,0.1034890128025603,0.9988359141747752,0.0896957208992889,S1/random_under_10to1,0.185249318241946,0.0256731371321227,0.2328779447437029,0.1308411214953271,0.1259409828946884,0.0199298763609522,0.1397093707819111,0.0351758793969849,-0.04473298205846088,0.0649655604257984,-0.06074766355140189,-0.022451970092128112
6,46,xgb,s1_plus_ig,1.5,0.5,positive_only,s1_plus_ig/mode=positive_only/ratio=1.5/keep=0.5,0.1419491812045639,0.0480588603631809,0.2423709221846814,0.0747663551401869,0.1118522299446441,0.9988359141747752,0.0896957208992889,S1/random_under_10to1,0.185249318241946,0.0256731371321227,0.2328779447437029,0.1308411214953271,0.1259409828946884,0.0199298763609522,0.1397093707819111,0.0351758793969849,-0.043300137037382086,0.022385723231058197,-0.05607476635514019,-0.014088752950044317
6,46,xgb,s1_plus_ig,2.0,0.5,positive_only,s1_plus_ig/mode=positive_only/ratio=2.0/keep=0.5,0.1419859666672646,0.0444583594239198,0.2489603722082544,0.0607476635514018,0.1032129377973253,0.9988359141747752,0.0896957208992889,S1/random_under_10to1,0.185249318241946,0.0256731371321227,0.2328779447437029,0.1308411214953271,0.1259409828946884,0.0199298763609522,0.1397093707819111,0.0351758793969849,-0.04326335157468139,0.018785222291797098,-0.0700934579439253,-0.02272804509736312
6,46,xgb,s1_plus_ig,0.25,0.75,positive_only,s1_plus_ig/mode=positive_only/ratio=0.25/keep=0.75,0.1591989675297674,0.0793675641828428,0.2215663288246386,0.0887850467289719,0.1078106658999364,0.9979386785885556,0.0909017606160657,S1/random_under_10to1,0.185249318241946,0.0256731371321227,0.2328779447437029,0.1308411214953271,0.1259409828946884,0.0199298763609522,0.1397093707819111,0.0351758793969849,-0.026050350712178594,0.0536944270507201,-0.042056074766355186,-0.01813031699475201
6,46,xgb,s1_plus_ig,0.5,0.75,positive_only,s1_plus_ig/mode=positive_only/ratio=0.5/keep=0.75,0.1493864856719338,0.0574514715090795,0.2260729452616311,0.0934579439252336,0.1194947355264719,0.9979386785885556,0.0909017606160657,S1/random_under_10to1,0.185249318241946,0.0256731371321227,0.2328779447437029,0.1308411214953271,0.1259409828946884,0.0199298763609522,0.1397093707819111,0.0351758793969849,-0.03586283257001219,0.0317783343769568,-0.03738317757009349,-0.006446247368216515
6,46,xgb,s1_plus_ig,0.75,0.75,positive_only,s1_plus_ig/mode=positive_only/ratio=0.75/keep=0.75,0.1564301971629289,0.079993738259236,0.2286181729553804,0.102803738317757,0.1104301760156526,0.9979386785885556,0.0909017606160657,S1/random_under_10to1,0.185249318241946,0.0256731371321227,0.2328779447437029,0.1308411214953271,0.1259409828946884,0.0199298763609522,0.1397093707819111,0.0351758793969849,-0.028819121079017074,0.0543206011271133,-0.028037383177570083,-0.015510806879035818
6,46,xgb,s1_plus_ig,1.0,0.75,positive_only,s1_plus_ig/mode=positive_only/ratio=1.0/keep=0.75,0.1470479650437345,0.0804633688165309,0.2358741291650807,0.0794392523364486,0.1127822752679991,0.9979386785885556,0.0909017606160657,S1/random_under_10to1,0.185249318241946,0.0256731371321227,0.2328779447437029,0.1308411214953271,0.1259409828946884,0.0199298763609522,0.1397093707819111,0.0351758793969849,-0.038201353198211496,0.054790231684408205,-0.051401869158878497,-0.013158707626689317
6,46,xgb,s1_plus_ig,1.5,0.75,positive_only,s1_plus_ig/mode=positive_only/ratio=1.5/keep=0.75,0.1422344742919127,0.0712273011897307,0.2248031907045861,0.0747663551401869,0.1161694993463762,0.9979386785885556,0.0909017606160657,S1/random_under_10to1,0.185249318241946,0.0256731371321227,0.2328779447437029,0.1308411214953271,0.1259409828946884,0.0199298763609522,0.1397093707819111,0.0351758793969849,-0.0430148439500333,0.045554164057607996,-0.05607476635514019,-0.009771483548312213
6,46,xgb,s1_plus_ig,2.0,0.75,positive_only,s1_plus_ig/mode=positive_only/ratio=2.0/keep=0.75,0.1432723096957829,0.0411709455228553,0.2382690697198519,0.0700934579439252,0.1089503062557177,0.9979386785885556,0.0909017606160657,S1/random_under_10to1,0.185249318241946,0.0256731371321227,0.2328779447437029,0.1308411214953271,0.1259409828946884,0.0199298763609522,0.1397093707819111,0.0351758793969849,-0.0419770085461631,0.0154978083907326,-0.06074766355140189,-0.01699067663897072
6,46,xgb,s1_plus_ig,0.25,1.0,positive_only,s1_plus_ig/mode=positive_only/ratio=0.25/keep=1.0,0.1591989675297674,0.0793675641828428,0.2215663288246386,0.0887850467289719,0.1078106658999364,0.999651934470863,0.0955931253239363,S1/random_under_10to1,0.185249318241946,0.0256731371321227,0.2328779447437029,0.1308411214953271,0.1259409828946884,0.0199298763609522,0.1397093707819111,0.0351758793969849,-0.026050350712178594,0.0536944270507201,-0.042056074766355186,-0.01813031699475201
6,46,xgb,s1_plus_ig,0.5,1.0,positive_only,s1_plus_ig/mode=positive_only/ratio=0.5/keep=1.0,0.1493864856719338,0.0574514715090795,0.2260729452616311,0.0934579439252336,0.1194947355264719,0.999651934470863,0.0955931253239363,S1/random_under_10to1,0.185249318241946,0.0256731371321227,0.2328779447437029,0.1308411214953271,0.1259409828946884,0.0199298763609522,0.1397093707819111,0.0351758793969849,-0.03586283257001219,0.0317783343769568,-0.03738317757009349,-0.006446247368216515
6,46,xgb,s1_plus_ig,0.75,1.0,positive_only,s1_plus_ig/mode=positive_only/ratio=0.75/keep=1.0,0.1564301971629289,0.079993738259236,0.2286181729553804,0.102803738317757,0.1104301760156526,0.999651934470863,0.0955931253239363,S1/random_under_10to1,0.185249318241946,0.0256731371321227,0.2328779447437029,0.1308411214953271,0.1259409828946884,0.0199298763609522,0.1397093707819111,0.0351758793969849,-0.028819121079017074,0.0543206011271133,-0.028037383177570083,-0.015510806879035818
6,46,xgb,s1_plus_ig,1.0,1.0,positive_only,s1_plus_ig/mode=positive_only/ratio=1.0/keep=1.0,0.1470479650437345,0.0804633688165309,0.2358741291650807,0.0794392523364486,0.1127822752679991,0.999651934470863,0.0955931253239363,S1/random_under_10to1,0.185249318241946,0.0256731371321227,0.2328779447437029,0.1308411214953271,0.1259409828946884,0.0199298763609522,0.1397093707819111,0.0351758793969849,-0.038201353198211496,0.054790231684408205,-0.051401869158878497,-0.013158707626689317
6,46,xgb,s1_plus_ig,1.5,1.0,positive_only,s1_plus_ig/mode=positive_only/ratio=1.5/keep=1.0,0.147896806674568,0.0367877269881026,0.2306049761556141,0.0794392523364486,0.1078103036457226,0.999651934470863,0.0955931253239363,S1/random_under_10to1,0.185249318241946,0.0256731371321227,0.2328779447437029,0.1308411214953271,0.1259409828946884,0.0199298763609522,0.1397093707819111,0.0351758793969849,-0.03735251156737798,0.0111145898559799,-0.051401869158878497,-0.018130679248965817
6,46,xgb,s1_plus_ig,2.0,1.0,positive_only,s1_plus_ig/mode=positive_only/ratio=2.0/keep=1.0,0.1485166011526435,0.1005009392611145,0.2305136490154894,0.0887850467289719,0.0994800177330377,0.999651934470863,0.0955931253239363,S1/random_under_10to1,0.185249318241946,0.0256731371321227,0.2328779447437029,0.1308411214953271,0.1259409828946884,0.0199298763609522,0.1397093707819111,0.0351758793969849,-0.03673271708930248,0.0748278021289918,-0.042056074766355186,-0.02646096516165071
7,42,xgb,s1_plus_ig,0.25,0.25,positive_only,s1_plus_ig/mode=positive_only/ratio=0.25/keep=0.25,0.1269492299017238,0.0114696952659395,0.2298727642477617,0.167420814479638,0.1354114024090427,0.9830330466274332,0.0381470112427023,S1/smote,0.1516558954463379,0.0040481277409198,0.2324664307871871,0.1764705882352941,0.1268895835178008,0.0093306288032454,0.1359623644194148,0.1739130434782608,-0.024706665544614093,0.0074215675250197,-0.009049773755656104,0.0085218188912419
7,42,xgb,s1_plus_ig,0.5,0.25,positive_only,s1_plus_ig/mode=positive_only/ratio=0.5/keep=0.25,0.1302632900775216,0.0129315191723827,0.2140636284386537,0.1538461538461538,0.1275518105129743,0.9830330466274332,0.0381470112427023,S1/smote,0.1516558954463379,0.0040481277409198,0.2324664307871871,0.1764705882352941,0.1268895835178008,0.0093306288032454,0.1359623644194148,0.1739130434782608,-0.021392605368816292,0.008883391431462901,-0.022624434389140302,0.0006622269951734872
7,42,xgb,s1_plus_ig,0.75,0.25,positive_only,s1_plus_ig/mode=positive_only/ratio=0.75/keep=0.25,0.120799777660932,0.0282244461936354,0.2166120333100802,0.1493212669683258,0.1256677132885776,0.9830330466274332,0.0381470112427023,S1/smote,0.1516558954463379,0.0040481277409198,0.2324664307871871,0.1764705882352941,0.1268895835178008,0.0093306288032454,0.1359623644194148,0.1739130434782608,-0.030856117785405895,0.0241763184527156,-0.027149321266968313,-0.0012218702292232098
7,42,xgb,s1_plus_ig,1.0,0.25,positive_only,s1_plus_ig/mode=positive_only/ratio=1.0/keep=0.25,0.1222389881796367,0.0292364781288654,0.1954814815198313,0.1493212669683258,0.107210994238474,0.9830330466274332,0.0381470112427023,S1/smote,0.1516558954463379,0.0040481277409198,0.2324664307871871,0.1764705882352941,0.1268895835178008,0.0093306288032454,0.1359623644194148,0.1739130434782608,-0.029416907266701195,0.0251883503879456,-0.027149321266968313,-0.019678589279326808
7,42,xgb,s1_plus_ig,1.5,0.25,positive_only,s1_plus_ig/mode=positive_only/ratio=1.5/keep=0.25,0.1223230238678674,0.0210277746542224,0.2295965507082812,0.1447963800904977,0.1092649919404159,0.9830330466274332,0.0381470112427023,S1/smote,0.1516558954463379,0.0040481277409198,0.2324664307871871,0.1764705882352941,0.1268895835178008,0.0093306288032454,0.1359623644194148,0.1739130434782608,-0.02933287157847049,0.0169796469133026,-0.031674208144796406,-0.0176245915773849
7,42,xgb,s1_plus_ig,2.0,0.25,positive_only,s1_plus_ig/mode=positive_only/ratio=2.0/keep=0.25,0.1114444523198954,0.0170920949061059,0.2015838989710546,0.1266968325791855,0.1005746675847935,0.9830330466274332,0.0381470112427023,S1/smote,0.1516558954463379,0.0040481277409198,0.2324664307871871,0.1764705882352941,0.1268895835178008,0.0093306288032454,0.1359623644194148,0.1739130434782608,-0.040211443126442495,0.013043967165186101,-0.049773755656108615,-0.026314915933007305
7,42,xgb,s1_plus_ig,0.25,0.5,positive_only,s1_plus_ig/mode=positive_only/ratio=0.25/keep=0.5,0.1269492299017238,0.0114696952659395,0.2298727642477617,0.167420814479638,0.1354114024090427,0.9986072676133012,0.0506304983487598,S1/smote,0.1516558954463379,0.0040481277409198,0.2324664307871871,0.1764705882352941,0.1268895835178008,0.0093306288032454,0.1359623644194148,0.1739130434782608,-0.024706665544614093,0.0074215675250197,-0.009049773755656104,0.0085218188912419
7,42,xgb,s1_plus_ig,0.5,0.5,positive_only,s1_plus_ig/mode=positive_only/ratio=0.5/keep=0.5,0.1256464638072475,0.0134937591363994,0.2329399367924173,0.1855203619909502,0.1335705362646065,0.9986072676133012,0.0506304983487598,S1/smote,0.1516558954463379,0.0040481277409198,0.2324664307871871,0.1764705882352941,0.1268895835178008,0.0093306288032454,0.1359623644194148,0.1739130434782608,-0.02600943163909039,0.0094456313954796,0.009049773755656104,0.006680952746805691
7,42,xgb,s1_plus_ig,0.75,0.5,positive_only,s1_plus_ig/mode=positive_only/ratio=0.75/keep=0.5,0.1221218595000973,0.020915326661419,0.2301607409041768,0.1493212669683258,0.1429220624059576,0.9986072676133012,0.0506304983487598,S1/smote,0.1516558954463379,0.0040481277409198,0.2324664307871871,0.1764705882352941,0.1268895835178008,0.0093306288032454,0.1359623644194148,0.1739130434782608,-0.0295340359462406,0.0168671989204992,-0.027149321266968313,0.016032478888156787
7,42,xgb,s1_plus_ig,1.0,0.5,positive_only,s1_plus_ig/mode=positive_only/ratio=1.0/keep=0.5,0.1339697441617383,0.0136062071292027,0.2321345097152164,0.1583710407239819,0.1348388003931381,0.9986072676133012,0.0506304983487598,S1/smote,0.1516558954463379,0.0040481277409198,0.2324664307871871,0.1764705882352941,0.1268895835178008,0.0093306288032454,0.1359623644194148,0.1739130434782608,-0.017686151284599605,0.0095580793882829,-0.01809954751131221,0.007949216875337284
7,42,xgb,s1_plus_ig,1.5,0.5,positive_only,s1_plus_ig/mode=positive_only/ratio=1.5/keep=0.5,0.1173469273579416,0.0170920949061059,0.2143255795388919,0.1493212669683258,0.1270568614111253,0.9986072676133012,0.0506304983487598,S1/smote,0.1516558954463379,0.0040481277409198,0.2324664307871871,0.1764705882352941,0.1268895835178008,0.0093306288032454,0.1359623644194148,0.1739130434782608,-0.0343089680883963,0.013043967165186101,-0.027149321266968313,0.00016727789332449117
7,42,xgb,s1_plus_ig,2.0,0.5,positive_only,s1_plus_ig/mode=positive_only/ratio=2.0/keep=0.5,0.1248838201065457,0.0250759023951422,0.2257756209845649,0.1628959276018099,0.13192693647081,0.9986072676133012,0.0506304983487598,S1/smote,0.1516558954463379,0.0040481277409198,0.2324664307871871,0.1764705882352941,0.1268895835178008,0.0093306288032454,0.1359623644194148,0.1739130434782608,-0.0267720753397922,0.0210277746542224,-0.013574660633484198,0.005037352953009194
7,42,xgb,s1_plus_ig,0.25,0.75,positive_only,s1_plus_ig/mode=positive_only/ratio=0.25/keep=0.75,0.1269492299017238,0.0114696952659395,0.2298727642477617,0.167420814479638,0.1354114024090427,0.9994782924284352,0.0528306512758748,S1/smote,0.1516558954463379,0.0040481277409198,0.2324664307871871,0.1764705882352941,0.1268895835178008,0.0093306288032454,0.1359623644194148,0.1739130434782608,-0.024706665544614093,0.0074215675250197,-0.009049773755656104,0.0085218188912419
7,42,xgb,s1_plus_ig,0.5,0.75,positive_only,s1_plus_ig/mode=positive_only/ratio=0.5/keep=0.75,0.1256464638072475,0.0134937591363994,0.2329399367924173,0.1855203619909502,0.1335705362646065,0.9994782924284352,0.0528306512758748,S1/smote,0.1516558954463379,0.0040481277409198,0.2324664307871871,0.1764705882352941,0.1268895835178008,0.0093306288032454,0.1359623644194148,0.1739130434782608,-0.02600943163909039,0.0094456313954796,0.009049773755656104,0.006680952746805691
7,42,xgb,s1_plus_ig,0.75,0.75,positive_only,s1_plus_ig/mode=positive_only/ratio=0.75/keep=0.75,0.1341762115172201,0.0156302709996626,0.2187058123918422,0.1583710407239819,0.1331275563368854,0.9994782924284352,0.0528306512758748,S1/smote,0.1516558954463379,0.0040481277409198,0.2324664307871871,0.1764705882352941,0.1268895835178008,0.0093306288032454,0.1359623644194148,0.1739130434782608,-0.017479683929117806,0.011582143258742801,-0.01809954751131221,0.006237972819084586
7,42,xgb,s1_plus_ig,1.0,0.75,positive_only,s1_plus_ig/mode=positive_only/ratio=1.0/keep=0.75,0.1420311602704008,0.0124817272011694,0.245070900187963,0.1764705882352941,0.13846947039542,0.9994782924284352,0.0528306512758748,S1/smote,0.1516558954463379,0.0040481277409198,0.2324664307871871,0.1764705882352941,0.1268895835178008,0.0093306288032454,0.1359623644194148,0.1739130434782608,-0.009624735175937094,0.0084335994602496,0.0,0.011579886877619211
7,42,xgb,s1_plus_ig,1.5,0.75,positive_only,s1_plus_ig/mode=positive_only/ratio=1.5/keep=0.75,0.1271494118563046,0.0149555830428426,0.2273447305153879,0.167420814479638,0.1127371560269744,0.9994782924284352,0.0528306512758748,S1/smote,0.1516558954463379,0.0040481277409198,0.2324664307871871,0.1764705882352941,0.1268895835178008,0.0093306288032454,0.1359623644194148,0.1739130434782608,-0.024506483590033296,0.010907455301922801,-0.009049773755656104,-0.014152427490826403
7,42,xgb,s1_plus_ig,2.0,0.75,positive_only,s1_plus_ig/mode=positive_only/ratio=2.0/keep=0.75,0.1228524118115275,0.015068031035646,0.2266121023461455,0.1447963800904977,0.1387902128219229,0.9994782924284352,0.0528306512758748,S1/smote,0.1516558954463379,0.0040481277409198,0.2324664307871871,0.1764705882352941,0.1268895835178008,0.0093306288032454,0.1359623644194148,0.1739130434782608,-0.02880348363481039,0.0110199032947262,-0.031674208144796406,0.011900629304122085
7,42,xgb,s1_plus_ig,0.25,1.0,positive_only,s1_plus_ig/mode=positive_only/ratio=0.25/keep=1.0,0.1269492299017238,0.0114696952659395,0.2298727642477617,0.167420814479638,0.1354114024090427,0.9994283899650684,0.0525013203159435,S1/smote,0.1516558954463379,0.0040481277409198,0.2324664307871871,0.1764705882352941,0.1268895835178008,0.0093306288032454,0.1359623644194148,0.1739130434782608,-0.024706665544614093,0.0074215675250197,-0.009049773755656104,0.0085218188912419
7,42,xgb,s1_plus_ig,0.5,1.0,positive_only,s1_plus_ig/mode=positive_only/ratio=0.5/keep=1.0,0.1256464638072475,0.0134937591363994,0.2329399367924173,0.1855203619909502,0.1335705362646065,0.9994283899650684,0.0525013203159435,S1/smote,0.1516558954463379,0.0040481277409198,0.2324664307871871,0.1764705882352941,0.1268895835178008,0.0093306288032454,0.1359623644194148,0.1739130434782608,-0.02600943163909039,0.0094456313954796,0.009049773755656104,0.006680952746805691
7,42,xgb,s1_plus_ig,0.75,1.0,positive_only,s1_plus_ig/mode=positive_only/ratio=0.75/keep=1.0,0.1341762115172201,0.0156302709996626,0.2187058123918422,0.1583710407239819,0.1331275563368854,0.9994283899650684,0.0525013203159435,S1/smote,0.1516558954463379,0.0040481277409198,0.2324664307871871,0.1764705882352941,0.1268895835178008,0.0093306288032454,0.1359623644194148,0.1739130434782608,-0.017479683929117806,0.011582143258742801,-0.01809954751131221,0.006237972819084586
7,42,xgb,s1_plus_ig,1.0,1.0,positive_only,s1_plus_ig/mode=positive_only/ratio=1.0/keep=1.0,0.1420311602704008,0.0124817272011694,0.245070900187963,0.1764705882352941,0.13846947039542,0.9994283899650684,0.0525013203159435,S1/smote,0.1516558954463379,0.0040481277409198,0.2324664307871871,0.1764705882352941,0.1268895835178008,0.0093306288032454,0.1359623644194148,0.1739130434782608,-0.009624735175937094,0.0084335994602496,0.0,0.011579886877619211
7,42,xgb,s1_plus_ig,1.5,1.0,positive_only,s1_plus_ig/mode=positive_only/ratio=1.5/keep=1.0,0.1408125248131938,0.014393343078826,0.257123661586848,0.2036199095022624,0.1445172483155028,0.9994283899650684,0.0525013203159435,S1/smote,0.1516558954463379,0.0040481277409198,0.2324664307871871,0.1764705882352941,0.1268895835178008,0.0093306288032454,0.1359623644194148,0.1739130434782608,-0.010843370633144084,0.010345215337906201,0.027149321266968285,0.017627664797702003
7,42,xgb,s1_plus_ig,2.0,1.0,positive_only,s1_plus_ig/mode=positive_only/ratio=2.0/keep=1.0,0.1254830436177754,0.0221522545822557,0.2316882572946954,0.1628959276018099,0.1402195114346806,0.9994283899650684,0.0525013203159435,S1/smote,0.1516558954463379,0.0040481277409198,0.2324664307871871,0.1764705882352941,0.1268895835178008,0.0093306288032454,0.1359623644194148,0.1739130434782608,-0.026172851828562493,0.018104126841335902,-0.013574660633484198,0.013329927916879786
7,43,xgb,s1_plus_ig,0.25,0.25,positive_only,s1_plus_ig/mode=positive_only/ratio=0.25/keep=0.25,0.1249697772677149,0.006859327561003,0.2052912277261343,0.1538461538461538,0.1285735154562277,0.9923585332729744,0.0432366012926758,S1/random_under_10to1,0.1787176605910356,0.0078713594962329,0.2385727073748471,0.1855203619909502,0.1510613119251732,0.0159567275185936,0.2477553951655826,0.2565217391304348,-0.053747883323320714,-0.0010120319352298996,-0.031674208144796406,-0.022487796468945498
7,43,xgb,s1_plus_ig,0.5,0.25,positive_only,s1_plus_ig/mode=positive_only/ratio=0.5/keep=0.25,0.1241432448110103,0.0139435511076127,0.2025661128198493,0.1085972850678733,0.1391966957701985,0.9923585332729744,0.0432366012926758,S1/random_under_10to1,0.1787176605910356,0.0078713594962329,0.2385727073748471,0.1855203619909502,0.1510613119251732,0.0159567275185936,0.2477553951655826,0.2565217391304348,-0.05457441578002531,0.0060721916113798,-0.0769230769230769,-0.011864616154974694
7,43,xgb,s1_plus_ig,0.75,0.25,positive_only,s1_plus_ig/mode=positive_only/ratio=0.75/keep=0.25,0.1262129443632433,0.0067468795681997,0.2065786515202172,0.1538461538461538,0.1357482904106351,0.9923585332729744,0.0432366012926758,S1/random_under_10to1,0.1787176605910356,0.0078713594962329,0.2385727073748471,0.1855203619909502,0.1510613119251732,0.0159567275185936,0.2477553951655826,0.2565217391304348,-0.05250471622779232,-0.0011244799280332,-0.031674208144796406,-0.015313021514538089
7,43,xgb,s1_plus_ig,1.0,0.25,positive_only,s1_plus_ig/mode=positive_only/ratio=1.0/keep=0.25,0.1291615875780408,0.0115821432587428,0.1848981331814196,0.1402714932126696,0.1250741318502437,0.9923585332729744,0.0432366012926758,S1/random_under_10to1,0.1787176605910356,0.0078713594962329,0.2385727073748471,0.1855203619909502,0.1510613119251732,0.0159567275185936,0.2477553951655826,0.2565217391304348,-0.049556073012994806,0.0037107837625098995,-0.045248868778280604,-0.025987180074929478
7,43,xgb,s1_plus_ig,1.5,0.25,positive_only,s1_plus_ig/mode=positive_only/ratio=1.5/keep=0.25,0.1260223473599452,0.0148431350500393,0.1969319771336594,0.1447963800904977,0.1243283331112311,0.9923585332729744,0.0432366012926758,S1/random_under_10to1,0.1787176605910356,0.0078713594962329,0.2385727073748471,0.1855203619909502,0.1510613119251732,0.0159567275185936,0.2477553951655826,0.2565217391304348,-0.05269531323109042,0.0069717755538063995,-0.04072398190045251,-0.026732978813942085
7,43,xgb,s1_plus_ig,2.0,0.25,positive_only,s1_plus_ig/mode=positive_only/ratio=2.0/keep=0.25,0.1138890167462231,0.0364331496682784,0.1767364402408911,0.1176470588235294,0.1196439015017783,0.9923585332729744,0.0432366012926758,S1/random_under_10to1,0.1787176605910356,0.0078713594962329,0.2385727073748471,0.1855203619909502,0.1510613119251732,0.0159567275185936,0.2477553951655826,0.2565217391304348,-0.0648286438448125,0.028561790172045503,-0.06787330316742081,-0.031417410423394895
7,43,xgb,s1_plus_ig,0.25,0.5,positive_only,s1_plus_ig/mode=positive_only/ratio=0.25/keep=0.5,0.1249697772677149,0.006859327561003,0.2052912277261343,0.1538461538461538,0.1285735154562277,0.9992333166991788,0.0452909917099013,S1/random_under_10to1,0.1787176605910356,0.0078713594962329,0.2385727073748471,0.1855203619909502,0.1510613119251732,0.0159567275185936,0.2477553951655826,0.2565217391304348,-0.053747883323320714,-0.0010120319352298996,-0.031674208144796406,-0.022487796468945498
7,43,xgb,s1_plus_ig,0.5,0.5,positive_only,s1_plus_ig/mode=positive_only/ratio=0.5/keep=0.5,0.1091343000467077,0.0125941751939727,0.1780027199768838,0.1357466063348416,0.118247607027778,0.9992333166991788,0.0452909917099013,S1/random_under_10to1,0.1787176605910356,0.0078713594962329,0.2385727073748471,0.1855203619909502,0.1510613119251732,0.0159567275185936,0.2477553951655826,0.2565217391304348,-0.06958336054432791,0.0047228156977398,-0.049773755656108615,-0.032813704897395185
7,43,xgb,s1_plus_ig,0.75,0.5,positive_only,s1_plus_ig/mode=positive_only/ratio=0.75/keep=0.5,0.1125566315903117,0.0089958394242662,0.1840981220638618,0.1402714932126696,0.1323039333984041,0.9992333166991788,0.0452909917099013,S1/random_under_10to1,0.1787176605910356,0.0078713594962329,0.2385727073748471,0.1855203619909502,0.1510613119251732,0.0159567275185936,0.2477553951655826,0.2565217391304348,-0.0661610290007239,0.0011244799280333007,-0.045248868778280604,-0.018757378526769092
7,43,xgb,s1_plus_ig,1.0,0.5,positive_only,s1_plus_ig/mode=positive_only/ratio=1.0/keep=0.5,0.1234168477422017,0.0174294388845159,0.1954908432548004,0.1493212669683258,0.1163022767726271,0.9992333166991788,0.0452909917099013,S1/random_under_10to1,0.1787176605910356,0.0078713594962329,0.2385727073748471,0.1855203619909502,0.1510613119251732,0.0159567275185936,0.2477553951655826,0.2565217391304348,-0.05530081284883391,0.009558079388283,-0.03619909502262442,-0.034759035152546094
7,43,xgb,s1_plus_ig,1.5,0.5,positive_only,s1_plus_ig/mode=positive_only/ratio=1.5/keep=0.5,0.1055276204255076,0.0251883503879455,0.1697828648661828,0.1131221719457013,0.1274640199205982,0.9992333166991788,0.0452909917099013,S1/random_under_10to1,0.1787176605910356,0.0078713594962329,0.2385727073748471,0.1855203619909502,0.1510613119251732,0.0159567275185936,0.2477553951655826,0.2565217391304348,-0.073190040165528,0.0173169908917126,-0.0723981900452489,-0.023597292004575
7,43,xgb,s1_plus_ig,2.0,0.5,positive_only,s1_plus_ig/mode=positive_only/ratio=2.0/keep=0.5,0.1060238305328327,0.0183290228269425,0.1823911641205871,0.1176470588235294,0.1037586459077841,0.9992333166991788,0.0452909917099013,S1/random_under_10to1,0.1787176605910356,0.0078713594962329,0.2385727073748471,0.1855203619909502,0.1510613119251732,0.0159567275185936,0.2477553951655826,0.2565217391304348,-0.07269383005820292,0.010457663330709601,-0.06787330316742081,-0.0473026660173891
7,43,xgb,s1_plus_ig,0.25,0.75,positive_only,s1_plus_ig/mode=positive_only/ratio=0.25/keep=0.75,0.1249697772677149,0.006859327561003,0.2052912277261343,0.1538461538461538,0.1285735154562277,0.9996279998185366,0.0473638842592367,S1/random_under_10to1,0.1787176605910356,0.0078713594962329,0.2385727073748471,0.1855203619909502,0.1510613119251732,0.0159567275185936,0.2477553951655826,0.2565217391304348,-0.053747883323320714,-0.0010120319352298996,-0.031674208144796406,-0.022487796468945498
7,43,xgb,s1_plus_ig,0.5,0.75,positive_only,s1_plus_ig/mode=positive_only/ratio=0.5/keep=0.75,0.1091343000467077,0.0125941751939727,0.1780027199768838,0.1357466063348416,0.118247607027778,0.9996279998185366,0.0473638842592367,S1/random_under_10to1,0.1787176605910356,0.0078713594962329,0.2385727073748471,0.1855203619909502,0.1510613119251732,0.0159567275185936,0.2477553951655826,0.2565217391304348,-0.06958336054432791,0.0047228156977398,-0.049773755656108615,-0.032813704897395185
7,43,xgb,s1_plus_ig,0.75,0.75,positive_only,s1_plus_ig/mode=positive_only/ratio=0.75/keep=0.75,0.1202810270662388,0.0095580793882829,0.1955134576196904,0.1538461538461538,0.1467327464230358,0.9996279998185366,0.0473638842592367,S1/random_under_10to1,0.1787176605910356,0.0078713594962329,0.2385727073748471,0.1855203619909502,0.1510613119251732,0.0159567275185936,0.2477553951655826,0.2565217391304348,-0.058436633524796805,0.0016867198920499996,-0.031674208144796406,-0.004328565502137394
7,43,xgb,s1_plus_ig,1.0,0.75,positive_only,s1_plus_ig/mode=positive_only/ratio=1.0/keep=0.75,0.1217699119624052,0.0194535027549758,0.2139615524696176,0.1538461538461538,0.1382573567792032,0.9996279998185366,0.0473638842592367,S1/random_under_10to1,0.1787176605910356,0.0078713594962329,0.2385727073748471,0.1855203619909502,0.1510613119251732,0.0159567275185936,0.2477553951655826,0.2565217391304348,-0.056947748628630404,0.011582143258742902,-0.031674208144796406,-0.012803955145969992
7,43,xgb,s1_plus_ig,1.5,0.75,positive_only,s1_plus_ig/mode=positive_only/ratio=1.5/keep=0.75,0.1228700829909969,0.0175418868773192,0.2033893377415954,0.1266968325791855,0.1486700079014208,0.9996279998185366,0.0473638842592367,S1/random_under_10to1,0.1787176605910356,0.0078713594962329,0.2385727073748471,0.1855203619909502,0.1510613119251732,0.0159567275185936,0.2477553951655826,0.2565217391304348,-0.05584757760003871,0.0096705273810863,-0.05882352941176472,-0.0023913040237523997
7,43,xgb,s1_plus_ig,2.0,0.75,positive_only,s1_plus_ig/mode=positive_only/ratio=2.0/keep=0.75,0.1152661641620695,0.0177667828629258,0.2063869529424892,0.0995475113122171,0.1209755312597669,0.9996279998185366,0.0473638842592367,S1/random_under_10to1,0.1787176605910356,0.0078713594962329,0.2385727073748471,0.1855203619909502,0.1510613119251732,0.0159567275185936,0.2477553951655826,0.2565217391304348,-0.06345149642896611,0.009895423366692899,-0.0859728506787331,-0.030085780665406292
7,43,xgb,s1_plus_ig,0.25,1.0,positive_only,s1_plus_ig/mode=positive_only/ratio=0.25/keep=1.0,0.1249697772677149,0.006859327561003,0.2052912277261343,0.1538461538461538,0.1285735154562277,0.9991380483600236,0.0527150167005531,S1/random_under_10to1,0.1787176605910356,0.0078713594962329,0.2385727073748471,0.1855203619909502,0.1510613119251732,0.0159567275185936,0.2477553951655826,0.2565217391304348,-0.053747883323320714,-0.0010120319352298996,-0.031674208144796406,-0.022487796468945498
7,43,xgb,s1_plus_ig,0.5,1.0,positive_only,s1_plus_ig/mode=positive_only/ratio=0.5/keep=1.0,0.1091343000467077,0.0125941751939727,0.1780027199768838,0.1357466063348416,0.118247607027778,0.9991380483600236,0.0527150167005531,S1/random_under_10to1,0.1787176605910356,0.0078713594962329,0.2385727073748471,0.1855203619909502,0.1510613119251732,0.0159567275185936,0.2477553951655826,0.2565217391304348,-0.06958336054432791,0.0047228156977398,-0.049773755656108615,-0.032813704897395185
7,43,xgb,s1_plus_ig,0.75,1.0,positive_only,s1_plus_ig/mode=positive_only/ratio=0.75/keep=1.0,0.1202810270662388,0.0095580793882829,0.1955134576196904,0.1538461538461538,0.1467327464230358,0.9991380483600236,0.0527150167005531,S1/random_under_10to1,0.1787176605910356,0.0078713594962329,0.2385727073748471,0.1855203619909502,0.1510613119251732,0.0159567275185936,0.2477553951655826,0.2565217391304348,-0.058436633524796805,0.0016867198920499996,-0.031674208144796406,-0.004328565502137394
7,43,xgb,s1_plus_ig,1.0,1.0,positive_only,s1_plus_ig/mode=positive_only/ratio=1.0/keep=1.0,0.1217699119624052,0.0194535027549758,0.2139615524696176,0.1538461538461538,0.1382573567792032,0.9991380483600236,0.0527150167005531,S1/random_under_10to1,0.1787176605910356,0.0078713594962329,0.2385727073748471,0.1855203619909502,0.1510613119251732,0.0159567275185936,0.2477553951655826,0.2565217391304348,-0.056947748628630404,0.011582143258742902,-0.031674208144796406,-0.012803955145969992
7,43,xgb,s1_plus_ig,1.5,1.0,positive_only,s1_plus_ig/mode=positive_only/ratio=1.5/keep=1.0,0.1249596126265479,0.0259754863375688,0.1966541440398956,0.1357466063348416,0.1299871007643588,0.9991380483600236,0.0527150167005531,S1/random_under_10to1,0.1787176605910356,0.0078713594962329,0.2385727073748471,0.1855203619909502,0.1510613119251732,0.0159567275185936,0.2477553951655826,0.2565217391304348,-0.053758047964487715,0.0181041268413359,-0.049773755656108615,-0.0210742111608144
7,43,xgb,s1_plus_ig,2.0,1.0,positive_only,s1_plus_ig/mode=positive_only/ratio=2.0/keep=1.0,0.1278163494012096,0.0182165748341392,0.1914198295704323,0.1357466063348416,0.1287212833679699,0.9991380483600236,0.0527150167005531,S1/random_under_10to1,0.1787176605910356,0.0078713594962329,0.2385727073748471,0.1855203619909502,0.1510613119251732,0.0159567275185936,0.2477553951655826,0.2565217391304348,-0.05090131118982602,0.010345215337906302,-0.049773755656108615,-0.022340028557203295
7,44,xgb,s1_plus_ig,0.25,0.25,positive_only,s1_plus_ig/mode=positive_only/ratio=0.25/keep=0.25,0.1353892636285154,0.0286742381648487,0.2009682218756715,0.1447963800904977,0.1098764572269319,0.9852240832956088,0.0461195544542898,S1/random_over,0.1809290631671266,0.0049477116833464,0.2662828784041264,0.1855203619909502,0.1312777045126918,0.013657876943881,0.1986276251910125,0.2391304347826087,-0.0455397995386112,0.023726526481502298,-0.04072398190045251,-0.0214012472857599
7,44,xgb,s1_plus_ig,0.5,0.25,positive_only,s1_plus_ig/mode=positive_only/ratio=0.5/keep=0.25,0.1204921178396354,0.0122568312155628,0.2094743684725451,0.1312217194570135,0.1053635551849924,0.9852240832956088,0.0461195544542898,S1/random_over,0.1809290631671266,0.0049477116833464,0.2662828784041264,0.1855203619909502,0.1312777045126918,0.013657876943881,0.1986276251910125,0.2391304347826087,-0.06043694532749119,0.0073091195322164,-0.05429864253393671,-0.025914149327699407
7,44,xgb,s1_plus_ig,0.75,0.25,positive_only,s1_plus_ig/mode=positive_only/ratio=0.75/keep=0.25,0.1172446615854779,0.0169796469133025,0.2064768527835062,0.1447963800904977,0.113342631915417,0.9852240832956088,0.0461195544542898,S1/random_over,0.1809290631671266,0.0049477116833464,0.2662828784041264,0.1855203619909502,0.1312777045126918,0.013657876943881,0.1986276251910125,0.2391304347826087,-0.06368440158164869,0.0120319352299561,-0.04072398190045251,-0.017935072597274795
7,44,xgb,s1_plus_ig,1.0,0.25,positive_only,s1_plus_ig/mode=positive_only/ratio=1.0/keep=0.25,0.111563313755139,0.0159676149780726,0.2166455922193662,0.1266968325791855,0.1081940682847073,0.9852240832956088,0.0461195544542898,S1/random_over,0.1809290631671266,0.0049477116833464,0.2662828784041264,0.1855203619909502,0.1312777045126918,0.013657876943881,0.1986276251910125,0.2391304347826087,-0.06936574941198759,0.0110199032947262,-0.05882352941176472,-0.023083636227984497
7,44,xgb,s1_plus_ig,1.5,0.25,positive_only,s1_plus_ig/mode=positive_only/ratio=1.5/keep=0.25,0.1132073994258607,0.0259754863375688,0.185622239977504,0.1131221719457013,0.1067882306684435,0.9852240832956088,0.0461195544542898,S1/random_over,0.1809290631671266,0.0049477116833464,0.2662828784041264,0.1855203619909502,0.1312777045126918,0.013657876943881,0.1986276251910125,0.2391304347826087,-0.0677216637412659,0.021027774654222398,-0.0723981900452489,-0.024489473844248294
7,44,xgb,s1_plus_ig,2.0,0.25,positive_only,s1_plus_ig/mode=positive_only/ratio=2.0/keep=0.25,0.1076329722151397,0.0262003823231755,0.1994387261230379,0.090497737556561,0.0967441533451849,0.9852240832956088,0.0461195544542898,S1/random_over,0.1809290631671266,0.0049477116833464,0.2662828784041264,0.1855203619909502,0.1312777045126918,0.013657876943881,0.1986276251910125,0.2391304347826087,-0.07329609095198689,0.0212526706398291,-0.0950226244343892,-0.03453355116750691
7,44,xgb,s1_plus_ig,0.25,0.5,positive_only,s1_plus_ig/mode=positive_only/ratio=0.25/keep=0.5,0.1353892636285154,0.0286742381648487,0.2009682218756715,0.1447963800904977,0.1098764572269319,0.9992106337612848,0.0554786504695075,S1/random_over,0.1809290631671266,0.0049477116833464,0.2662828784041264,0.1855203619909502,0.1312777045126918,0.013657876943881,0.1986276251910125,0.2391304347826087,-0.0455397995386112,0.023726526481502298,-0.04072398190045251,-0.0214012472857599
7,44,xgb,s1_plus_ig,0.5,0.5,positive_only,s1_plus_ig/mode=positive_only/ratio=0.5/keep=0.5,0.118861839964583,0.0124817272011694,0.2173142562986835,0.1447963800904977,0.1154655290524272,0.9992106337612848,0.0554786504695075,S1/random_over,0.1809290631671266,0.0049477116833464,0.2662828784041264,0.1855203619909502,0.1312777045126918,0.013657876943881,0.1986276251910125,0.2391304347826087,-0.0620672232025436,0.0075340155178230004,-0.04072398190045251,-0.015812175460264602
7,44,xgb,s1_plus_ig,0.75,0.5,positive_only,s1_plus_ig/mode=positive_only/ratio=0.75/keep=0.5,0.1210830771401847,0.0175418868773192,0.2033893377415954,0.1266968325791855,0.1365917632597726,0.9992106337612848,0.0554786504695075,S1/random_over,0.1809290631671266,0.0049477116833464,0.2662828784041264,0.1855203619909502,0.1312777045126918,0.013657876943881,0.1986276251910125,0.2391304347826087,-0.0598459860269419,0.012594175193972799,-0.05882352941176472,0.0053140587470807965
7,44,xgb,s1_plus_ig,1.0,0.5,positive_only,s1_plus_ig/mode=positive_only/ratio=1.0/keep=0.5,0.1229121357638996,0.0206904306758124,0.2078470621164614,0.1312217194570135,0.1286847587662742,0.9992106337612848,0.0554786504695075,S1/random_over,0.1809290631671266,0.0049477116833464,0.2662828784041264,0.1855203619909502,0.1312777045126918,0.013657876943881,0.1986276251910125,0.2391304347826087,-0.05801692740322699,0.015742718992465998,-0.05429864253393671,-0.0025929457464176076
7,44,xgb,s1_plus_ig,1.5,0.5,positive_only,s1_plus_ig/mode=positive_only/ratio=1.5/keep=0.5,0.114899739394247,0.0324974699201619,0.1949264773148526,0.0995475113122171,0.1143484966796413,0.9992106337612848,0.0554786504695075,S1/random_over,0.1809290631671266,0.0049477116833464,0.2662828784041264,0.1855203619909502,0.1312777045126918,0.013657876943881,0.1986276251910125,0.2391304347826087,-0.0660293237728796,0.0275497582368155,-0.0859728506787331,-0.016929207833050505
7,44,xgb,s1_plus_ig,2.0,0.5,positive_only,s1_plus_ig/mode=positive_only/ratio=2.0/keep=0.5,0.1099067166621124,0.0329472618913752,0.1901639278171958,0.1312217194570135,0.1185531081501712,0.9992106337612848,0.0554786504695075,S1/random_over,0.1809290631671266,0.0049477116833464,0.2662828784041264,0.1855203619909502,0.1312777045126918,0.013657876943881,0.1986276251910125,0.2391304347826087,-0.0710223465050142,0.0279995502080288,-0.05429864253393671,-0.012724596362520602
7,44,xgb,s1_plus_ig,0.25,0.75,positive_only,s1_plus_ig/mode=positive_only/ratio=0.25/keep=0.75,0.1353892636285154,0.0286742381648487,0.2009682218756715,0.1447963800904977,0.1098764572269319,0.9993467313886496,0.0598412963658333,S1/random_over,0.1809290631671266,0.0049477116833464,0.2662828784041264,0.1855203619909502,0.1312777045126918,0.013657876943881,0.1986276251910125,0.2391304347826087,-0.0455397995386112,0.023726526481502298,-0.04072398190045251,-0.0214012472857599
7,44,xgb,s1_plus_ig,0.5,0.75,positive_only,s1_plus_ig/mode=positive_only/ratio=0.5/keep=0.75,0.118861839964583,0.0124817272011694,0.2173142562986835,0.1447963800904977,0.1154655290524272,0.9993467313886496,0.0598412963658333,S1/random_over,0.1809290631671266,0.0049477116833464,0.2662828784041264,0.1855203619909502,0.1312777045126918,0.013657876943881,0.1986276251910125,0.2391304347826087,-0.0620672232025436,0.0075340155178230004,-0.04072398190045251,-0.015812175460264602
7,44,xgb,s1_plus_ig,0.75,0.75,positive_only,s1_plus_ig/mode=positive_only/ratio=0.75/keep=0.75,0.1261743192025741,0.013381311143596,0.215543371463052,0.1493212669683258,0.1267499122152721,0.9993467313886496,0.0598412963658333,S1/random_over,0.1809290631671266,0.0049477116833464,0.2662828784041264,0.1855203619909502,0.1312777045126918,0.013657876943881,0.1986276251910125,0.2391304347826087,-0.05475474396455249,0.008433599460249599,-0.03619909502262442,-0.004527792297419703
7,44,xgb,s1_plus_ig,1.0,0.75,positive_only,s1_plus_ig/mode=positive_only/ratio=1.0/keep=0.75,0.1357559491403251,0.0233891825030923,0.210951678082922,0.1402714932126696,0.1351330647865306,0.9993467313886496,0.0598412963658333,S1/random_over,0.1809290631671266,0.0049477116833464,0.2662828784041264,0.1855203619909502,0.1312777045126918,0.013657876943881,0.1986276251910125,0.2391304347826087,-0.04517311402680149,0.018441470819745898,-0.045248868778280604,0.003855360273838787
7,44,xgb,s1_plus_ig,1.5,0.75,positive_only,s1_plus_ig/mode=positive_only/ratio=1.5/keep=0.75,0.1199595978108481,0.0192286067693691,0.2070157371220335,0.1131221719457013,0.1291363503346379,0.9993467313886496,0.0598412963658333,S1/random_over,0.1809290631671266,0.0049477116833464,0.2662828784041264,0.1855203619909502,0.1312777045126918,0.013657876943881,0.1986276251910125,0.2391304347826087,-0.06096946535627849,0.014280895086022698,-0.0723981900452489,-0.002141354178053889
7,44,xgb,s1_plus_ig,2.0,0.75,positive_only,s1_plus_ig/mode=positive_only/ratio=2.0/keep=0.75,0.1178128880573243,0.0238389744743056,0.2052611133522571,0.1357466063348416,0.1253658011971356,0.9993467313886496,0.0598412963658333,S1/random_over,0.1809290631671266,0.0049477116833464,0.2662828784041264,0.1855203619909502,0.1312777045126918,0.013657876943881,0.1986276251910125,0.2391304347826087,-0.06311617510980229,0.0188912627909592,-0.049773755656108615,-0.005911903315556188
7,44,xgb,s1_plus_ig,0.25,1.0,positive_only,s1_plus_ig/mode=positive_only/ratio=0.25/keep=1.0,0.1353892636285154,0.0286742381648487,0.2009682218756715,0.1447963800904977,0.1098764572269319,0.999591707117906,0.0530667353721283,S1/random_over,0.1809290631671266,0.0049477116833464,0.2662828784041264,0.1855203619909502,0.1312777045126918,0.013657876943881,0.1986276251910125,0.2391304347826087,-0.0455397995386112,0.023726526481502298,-0.04072398190045251,-0.0214012472857599
7,44,xgb,s1_plus_ig,0.5,1.0,positive_only,s1_plus_ig/mode=positive_only/ratio=0.5/keep=1.0,0.118861839964583,0.0124817272011694,0.2173142562986835,0.1447963800904977,0.1154655290524272,0.999591707117906,0.0530667353721283,S1/random_over,0.1809290631671266,0.0049477116833464,0.2662828784041264,0.1855203619909502,0.1312777045126918,0.013657876943881,0.1986276251910125,0.2391304347826087,-0.0620672232025436,0.0075340155178230004,-0.04072398190045251,-0.015812175460264602
7,44,xgb,s1_plus_ig,0.75,1.0,positive_only,s1_plus_ig/mode=positive_only/ratio=0.75/keep=1.0,0.1261743192025741,0.013381311143596,0.215543371463052,0.1493212669683258,0.1267499122152721,0.999591707117906,0.0530667353721283,S1/random_over,0.1809290631671266,0.0049477116833464,0.2662828784041264,0.1855203619909502,0.1312777045126918,0.013657876943881,0.1986276251910125,0.2391304347826087,-0.05475474396455249,0.008433599460249599,-0.03619909502262442,-0.004527792297419703
7,44,xgb,s1_plus_ig,1.0,1.0,positive_only,s1_plus_ig/mode=positive_only/ratio=1.0/keep=1.0,0.1357559491403251,0.0233891825030923,0.210951678082922,0.1402714932126696,0.1351330647865306,0.999591707117906,0.0530667353721283,S1/random_over,0.1809290631671266,0.0049477116833464,0.2662828784041264,0.1855203619909502,0.1312777045126918,0.013657876943881,0.1986276251910125,0.2391304347826087,-0.04517311402680149,0.018441470819745898,-0.045248868778280604,0.003855360273838787
7,44,xgb,s1_plus_ig,1.5,1.0,positive_only,s1_plus_ig/mode=positive_only/ratio=1.5/keep=1.0,0.120674065420352,0.0330597098841785,0.196489193826382,0.1221719457013574,0.1317859577852556,0.999591707117906,0.0530667353721283,S1/random_over,0.1809290631671266,0.0049477116833464,0.2662828784041264,0.1855203619909502,0.1312777045126918,0.013657876943881,0.1986276251910125,0.2391304347826087,-0.06025499774677459,0.0281119982008321,-0.0633484162895928,0.0005082532725637912
7,44,xgb,s1_plus_ig,2.0,1.0,positive_only,s1_plus_ig/mode=positive_only/ratio=2.0/keep=1.0,0.1333416280280163,0.0151804790284493,0.2127449872743375,0.1583710407239819,0.1421520172129216,0.999591707117906,0.0530667353721283,S1/random_over,0.1809290631671266,0.0049477116833464,0.2662828784041264,0.1855203619909502,0.1312777045126918,0.013657876943881,0.1986276251910125,0.2391304347826087,-0.04758743513911029,0.010232767345102901,-0.027149321266968313,0.010874312700229788
7,45,xgb,s1_plus_ig,0.25,0.25,positive_only,s1_plus_ig/mode=positive_only/ratio=0.25/keep=0.25,0.1317442605206377,0.0085460474530529,0.2314133483445345,0.1809954751131221,0.1159572498676148,0.9804436396559528,0.0407574477468645,S1/random_over,0.1534751792418149,0.0022489598560665,0.2433105580136337,0.1809954751131221,0.1130858098279794,0.0032454361054766,0.0400002344616315,0.1521739130434782,-0.02173091872117719,0.0062970875969864,0.0,0.002871440039635395
7,45,xgb,s1_plus_ig,0.5,0.25,positive_only,s1_plus_ig/mode=positive_only/ratio=0.5/keep=0.25,0.1291529635288512,0.0106825593163162,0.2316283464508471,0.1809954751131221,0.1232293555626687,0.9804436396559528,0.0407574477468645,S1/random_over,0.1534751792418149,0.0022489598560665,0.2433105580136337,0.1809954751131221,0.1130858098279794,0.0032454361054766,0.0400002344616315,0.1521739130434782,-0.024322215712963696,0.0084335994602497,0.0,0.0101435457346893
7,45,xgb,s1_plus_ig,0.75,0.25,positive_only,s1_plus_ig/mode=positive_only/ratio=0.75/keep=0.25,0.1212280652659356,0.0168671989204992,0.215612446084614,0.1538461538461538,0.1219485939227762,0.9804436396559528,0.0407574477468645,S1/random_over,0.1534751792418149,0.0022489598560665,0.2433105580136337,0.1809954751131221,0.1130858098279794,0.0032454361054766,0.0400002344616315,0.1521739130434782,-0.03224711397587929,0.0146182390644327,-0.027149321266968313,0.008862784094796794
7,45,xgb,s1_plus_ig,1.0,0.25,positive_only,s1_plus_ig/mode=positive_only/ratio=1.0/keep=0.25,0.113959192343594,0.0344090857978185,0.1923371034672024,0.1266968325791855,0.0967315430285054,0.9804436396559528,0.0407574477468645,S1/random_over,0.1534751792418149,0.0022489598560665,0.2433105580136337,0.1809954751131221,0.1130858098279794,0.0032454361054766,0.0400002344616315,0.1521739130434782,-0.03951598689822089,0.032160125941752,-0.054298642533936625,-0.016354266799474007
7,45,xgb,s1_plus_ig,1.5,0.25,positive_only,s1_plus_ig/mode=positive_only/ratio=1.5/keep=0.25,0.1137219893072453,0.0168671989204992,0.1985234479304867,0.1221719457013574,0.1042196329064667,0.9804436396559528,0.0407574477468645,S1/random_over,0.1534751792418149,0.0022489598560665,0.2433105580136337,0.1809954751131221,0.1130858098279794,0.0032454361054766,0.0400002344616315,0.1521739130434782,-0.0397531899345696,0.0146182390644327,-0.058823529411764705,-0.008866176921512703
7,45,xgb,s1_plus_ig,2.0,0.25,positive_only,s1_plus_ig/mode=positive_only/ratio=2.0/keep=0.25,0.129843846260422,0.0274373102440121,0.1983858695222825,0.1221719457013574,0.1226646550859071,0.9804436396559528,0.0407574477468645,S1/random_over,0.1534751792418149,0.0022489598560665,0.2433105580136337,0.1809954751131221,0.1130858098279794,0.0032454361054766,0.0400002344616315,0.1521739130434782,-0.02363133298139289,0.0251883503879456,-0.058823529411764705,0.009578845257927696
7,45,xgb,s1_plus_ig,0.25,0.5,positive_only,s1_plus_ig/mode=positive_only/ratio=0.25/keep=0.5,0.1317442605206377,0.0085460474530529,0.2314133483445345,0.1809954751131221,0.1159572498676148,0.999818536496847,0.0556119614109853,S1/random_over,0.1534751792418149,0.0022489598560665,0.2433105580136337,0.1809954751131221,0.1130858098279794,0.0032454361054766,0.0400002344616315,0.1521739130434782,-0.02173091872117719,0.0062970875969864,0.0,0.002871440039635395
7,45,xgb,s1_plus_ig,0.5,0.5,positive_only,s1_plus_ig/mode=positive_only/ratio=0.5/keep=0.5,0.1162708072441656,0.0118070392443494,0.2031142001608217,0.1312217194570135,0.1262918402206729,0.999818536496847,0.0556119614109853,S1/random_over,0.1534751792418149,0.0022489598560665,0.2433105580136337,0.1809954751131221,0.1130858098279794,0.0032454361054766,0.0400002344616315,0.1521739130434782,-0.037204371997649296,0.0095580793882829,-0.049773755656108615,0.01320603039269351
7,45,xgb,s1_plus_ig,0.75,0.5,positive_only,s1_plus_ig/mode=positive_only/ratio=0.75/keep=0.5,0.1289284461274454,0.0166423029348926,0.2083826859020069,0.1447963800904977,0.1576299662547332,0.999818536496847,0.0556119614109853,S1/random_over,0.1534751792418149,0.0022489598560665,0.2433105580136337,0.1809954751131221,0.1130858098279794,0.0032454361054766,0.0400002344616315,0.1521739130434782,-0.0245467331143695,0.014393343078826098,-0.03619909502262442,0.044544156426753787
7,45,xgb,s1_plus_ig,1.0,0.5,positive_only,s1_plus_ig/mode=positive_only/ratio=1.0/keep=0.5,0.1238501926640681,0.0139435511076127,0.1933028794138016,0.1402714932126696,0.1195927925802041,0.999818536496847,0.0556119614109853,S1/random_over,0.1534751792418149,0.0022489598560665,0.2433105580136337,0.1809954751131221,0.1130858098279794,0.0032454361054766,0.0400002344616315,0.1521739130434782,-0.029624986577746787,0.011694591251546201,-0.04072398190045251,0.006506982752224694
7,45,xgb,s1_plus_ig,1.5,0.5,positive_only,s1_plus_ig/mode=positive_only/ratio=1.5/keep=0.5,0.110920723310276,0.037670077589115,0.1766346391966127,0.1221719457013574,0.1439087875605437,0.999818536496847,0.0556119614109853,S1/random_over,0.1534751792418149,0.0022489598560665,0.2433105580136337,0.1809954751131221,0.1130858098279794,0.0032454361054766,0.0400002344616315,0.1521739130434782,-0.04255445593153889,0.035421117733048506,-0.058823529411764705,0.030822977732564302
7,45,xgb,s1_plus_ig,2.0,0.5,positive_only,s1_plus_ig/mode=positive_only/ratio=2.0/keep=0.5,0.1157718715851889,0.0110199032947261,0.1838886088757858,0.1402714932126696,0.1258158852913922,0.999818536496847,0.0556119614109853,S1/random_over,0.1534751792418149,0.0022489598560665,0.2433105580136337,0.1809954751131221,0.1130858098279794,0.0032454361054766,0.0400002344616315,0.1521739130434782,-0.037703307656625995,0.008770943438659601,-0.04072398190045251,0.012730075463412802
7,45,xgb,s1_plus_ig,0.25,0.75,positive_only,s1_plus_ig/mode=positive_only/ratio=0.25/keep=0.75,0.1317442605206377,0.0085460474530529,0.2314133483445345,0.1809954751131221,0.1159572498676148,0.9996869754570612,0.0570132235371017,S1/random_over,0.1534751792418149,0.0022489598560665,0.2433105580136337,0.1809954751131221,0.1130858098279794,0.0032454361054766,0.0400002344616315,0.1521739130434782,-0.02173091872117719,0.0062970875969864,0.0,0.002871440039635395
7,45,xgb,s1_plus_ig,0.5,0.75,positive_only,s1_plus_ig/mode=positive_only/ratio=0.5/keep=0.75,0.1162708072441656,0.0118070392443494,0.2031142001608217,0.1312217194570135,0.1262918402206729,0.9996869754570612,0.0570132235371017,S1/random_over,0.1534751792418149,0.0022489598560665,0.2433105580136337,0.1809954751131221,0.1130858098279794,0.0032454361054766,0.0400002344616315,0.1521739130434782,-0.037204371997649296,0.0095580793882829,-0.049773755656108615,0.01320603039269351
7,45,xgb,s1_plus_ig,0.75,0.75,positive_only,s1_plus_ig/mode=positive_only/ratio=0.75/keep=0.75,0.1236523622963756,0.015068031035646,0.2000816757131443,0.1493212669683258,0.14690662895839,0.9996869754570612,0.0570132235371017,S1/random_over,0.1534751792418149,0.0022489598560665,0.2433105580136337,0.1809954751131221,0.1130858098279794,0.0032454361054766,0.0400002344616315,0.1521739130434782,-0.029822816945439284,0.012819071179579498,-0.03167420814479632,0.03382081913041059
7,45,xgb,s1_plus_ig,1.0,0.75,positive_only,s1_plus_ig/mode=positive_only/ratio=1.0/keep=0.75,0.1271983308971347,0.0149555830428426,0.2360285548939361,0.1447963800904977,0.1567478544322154,0.9996869754570612,0.0570132235371017,S1/random_over,0.1534751792418149,0.0022489598560665,0.2433105580136337,0.1809954751131221,0.1130858098279794,0.0032454361054766,0.0400002344616315,0.1521739130434782,-0.026276848344680193,0.012706623186776102,-0.03619909502262442,0.04366204460423599
7,45,xgb,s1_plus_ig,1.5,0.75,positive_only,s1_plus_ig/mode=positive_only/ratio=1.5/keep=0.75,0.1238513276950767,0.013381311143596,0.2246976831105607,0.1628959276018099,0.1491789300601129,0.9996869754570612,0.0570132235371017,S1/random_over,0.1534751792418149,0.0022489598560665,0.2433105580136337,0.1809954751131221,0.1130858098279794,0.0032454361054766,0.0400002344616315,0.1521739130434782,-0.02962385154673819,0.011132351287529499,-0.01809954751131221,0.0360931202321335
7,45,xgb,s1_plus_ig,2.0,0.75,positive_only,s1_plus_ig/mode=positive_only/ratio=2.0/keep=0.75,0.126855581371844,0.0132688631507927,0.2209255631421096,0.1493212669683258,0.1586539502158118,0.9996869754570612,0.0570132235371017,S1/random_over,0.1534751792418149,0.0022489598560665,0.2433105580136337,0.1809954751131221,0.1130858098279794,0.0032454361054766,0.0400002344616315,0.1521739130434782,-0.026619597869970896,0.0110199032947262,-0.03167420814479632,0.0455681403878324
7,45,xgb,s1_plus_ig,0.25,1.0,positive_only,s1_plus_ig/mode=positive_only/ratio=0.25/keep=1.0,0.1317442605206377,0.0085460474530529,0.2314133483445345,0.1809954751131221,0.1159572498676148,0.9999455609490542,0.0675038306289615,S1/random_over,0.1534751792418149,0.0022489598560665,0.2433105580136337,0.1809954751131221,0.1130858098279794,0.0032454361054766,0.0400002344616315,0.1521739130434782,-0.02173091872117719,0.0062970875969864,0.0,0.002871440039635395
7,45,xgb,s1_plus_ig,0.5,1.0,positive_only,s1_plus_ig/mode=positive_only/ratio=0.5/keep=1.0,0.1162708072441656,0.0118070392443494,0.2031142001608217,0.1312217194570135,0.1262918402206729,0.9999455609490542,0.0675038306289615,S1/random_over,0.1534751792418149,0.0022489598560665,0.2433105580136337,0.1809954751131221,0.1130858098279794,0.0032454361054766,0.0400002344616315,0.1521739130434782,-0.037204371997649296,0.0095580793882829,-0.049773755656108615,0.01320603039269351
7,45,xgb,s1_plus_ig,0.75,1.0,positive_only,s1_plus_ig/mode=positive_only/ratio=0.75/keep=1.0,0.1236523622963756,0.015068031035646,0.2000816757131443,0.1493212669683258,0.14690662895839,0.9999455609490542,0.0675038306289615,S1/random_over,0.1534751792418149,0.0022489598560665,0.2433105580136337,0.1809954751131221,0.1130858098279794,0.0032454361054766,0.0400002344616315,0.1521739130434782,-0.029822816945439284,0.012819071179579498,-0.03167420814479632,0.03382081913041059
7,45,xgb,s1_plus_ig,1.0,1.0,positive_only,s1_plus_ig/mode=positive_only/ratio=1.0/keep=1.0,0.1271983308971347,0.0149555830428426,0.2360285548939361,0.1447963800904977,0.1567478544322154,0.9999455609490542,0.0675038306289615,S1/random_over,0.1534751792418149,0.0022489598560665,0.2433105580136337,0.1809954751131221,0.1130858098279794,0.0032454361054766,0.0400002344616315,0.1521739130434782,-0.026276848344680193,0.012706623186776102,-0.03619909502262442,0.04366204460423599
7,45,xgb,s1_plus_ig,1.5,1.0,positive_only,s1_plus_ig/mode=positive_only/ratio=1.5/keep=1.0,0.1289465381199754,0.0130439671651861,0.2362313371917324,0.1764705882352941,0.1655283846148502,0.9999455609490542,0.0675038306289615,S1/random_over,0.1534751792418149,0.0022489598560665,0.2433105580136337,0.1809954751131221,0.1130858098279794,0.0032454361054766,0.0400002344616315,0.1521739130434782,-0.0245286411218395,0.0107950073091196,-0.0045248868778280105,0.052442574786870796
7,45,xgb,s1_plus_ig,2.0,1.0,positive_only,s1_plus_ig/mode=positive_only/ratio=2.0/keep=1.0,0.130348261146152,0.0048352636905431,0.2067401321032586,0.1538461538461538,0.1725049960157147,0.9999455609490542,0.0675038306289615,S1/random_over,0.1534751792418149,0.0022489598560665,0.2433105580136337,0.1809954751131221,0.1130858098279794,0.0032454361054766,0.0400002344616315,0.1521739130434782,-0.02312691809566289,0.0025863038344766005,-0.027149321266968313,0.0594191861877353
7,46,xgb,s1_plus_ig,0.25,0.25,positive_only,s1_plus_ig/mode=positive_only/ratio=0.25/keep=0.25,0.1234114571716,0.021927358596649,0.2213858892868812,0.1357466063348416,0.1210924417979206,0.9801901312811228,0.0470926841667042,S1/random_over,0.1618292134110095,0.007534015517823,0.2530050106845735,0.1945701357466063,0.1428289190737723,0.0127112914131169,0.2338898985095142,0.2260869565217391,-0.0384177562394095,0.014393343078825999,-0.05882352941176472,-0.021736477275851693
7,46,xgb,s1_plus_ig,0.5,0.25,positive_only,s1_plus_ig/mode=positive_only/ratio=0.5/keep=0.25,0.1310539868096089,0.0100078713594962,0.2522927854662466,0.1990950226244343,0.1169529775413793,0.9801901312811228,0.0470926841667042,S1/random_over,0.1618292134110095,0.007534015517823,0.2530050106845735,0.1945701357466063,0.1428289190737723,0.0127112914131169,0.2338898985095142,0.2260869565217391,-0.030775226601400613,0.0024738558416732004,0.004524886877827983,-0.02587594153239299
7,46,xgb,s1_plus_ig,0.75,0.25,positive_only,s1_plus_ig/mode=positive_only/ratio=0.75/keep=0.25,0.1196290257705359,0.0241763184527156,0.2038461590364594,0.1493212669683258,0.1024535301441914,0.9801901312811228,0.0470926841667042,S1/random_over,0.1618292134110095,0.007534015517823,0.2530050106845735,0.1945701357466063,0.1428289190737723,0.0127112914131169,0.2338898985095142,0.2260869565217391,-0.042200187640473605,0.0166423029348926,-0.04524886877828052,-0.0403753889295809
7,46,xgb,s1_plus_ig,1.0,0.25,positive_only,s1_plus_ig/mode=positive_only/ratio=1.0/keep=0.25,0.130765960535488,0.0285617901720454,0.2222608157027475,0.167420814479638,0.1151338576278422,0.9801901312811228,0.0470926841667042,S1/random_over,0.1618292134110095,0.007534015517823,0.2530050106845735,0.1945701357466063,0.1428289190737723,0.0127112914131169,0.2338898985095142,0.2260869565217391,-0.031063252875521502,0.021027774654222398,-0.027149321266968313,-0.02769506144593009
7,46,xgb,s1_plus_ig,1.5,0.25,positive_only,s1_plus_ig/mode=positive_only/ratio=1.5/keep=0.25,0.1209439912545126,0.015068031035646,0.2222458047396862,0.1402714932126696,0.1157389370288343,0.9801901312811228,0.0470926841667042,S1/random_over,0.1618292134110095,0.007534015517823,0.2530050106845735,0.1945701357466063,0.1428289190737723,0.0127112914131169,0.2338898985095142,0.2260869565217391,-0.0408852221564969,0.007534015517823,-0.05429864253393671,-0.027089982044937996
7,46,xgb,s1_plus_ig,2.0,0.25,positive_only,s1_plus_ig/mode=positive_only/ratio=2.0/keep=0.25,0.1307856229625441,0.0125941751939727,0.2258296947428248,0.1538461538461538,0.124848256542408,0.9801901312811228,0.0470926841667042,S1/random_over,0.1618292134110095,0.007534015517823,0.2530050106845735,0.1945701357466063,0.1428289190737723,0.0127112914131169,0.2338898985095142,0.2260869565217391,-0.031043590448465413,0.0050601596761497,-0.04072398190045251,-0.017980662531364294
7,46,xgb,s1_plus_ig,0.25,0.5,positive_only,s1_plus_ig/mode=positive_only/ratio=0.25/keep=0.5,0.1234114571716,0.021927358596649,0.2213858892868812,0.1357466063348416,0.1210924417979206,0.9984394138728848,0.0592285339996182,S1/random_over,0.1618292134110095,0.007534015517823,0.2530050106845735,0.1945701357466063,0.1428289190737723,0.0127112914131169,0.2338898985095142,0.2260869565217391,-0.0384177562394095,0.014393343078825999,-0.05882352941176472,-0.021736477275851693
7,46,xgb,s1_plus_ig,0.5,0.5,positive_only,s1_plus_ig/mode=positive_only/ratio=0.5/keep=0.5,0.1270347599297039,0.0158551669852693,0.2042682019725772,0.1583710407239819,0.1257415117709373,0.9984394138728848,0.0592285339996182,S1/random_over,0.1618292134110095,0.007534015517823,0.2530050106845735,0.1945701357466063,0.1428289190737723,0.0127112914131169,0.2338898985095142,0.2260869565217391,-0.03479445348130561,0.008321151467446301,-0.03619909502262442,-0.017087407302835006
7,46,xgb,s1_plus_ig,0.75,0.5,positive_only,s1_plus_ig/mode=positive_only/ratio=0.75/keep=0.5,0.1169437795531238,0.0188912627909591,0.2249569276427043,0.1447963800904977,0.1297328044883015,0.9984394138728848,0.0592285339996182,S1/random_over,0.1618292134110095,0.007534015517823,0.2530050106845735,0.1945701357466063,0.1428289190737723,0.0127112914131169,0.2338898985095142,0.2260869565217391,-0.04488543385788571,0.0113572472731361,-0.049773755656108615,-0.013096114585470803
7,46,xgb,s1_plus_ig,1.0,0.5,positive_only,s1_plus_ig/mode=positive_only/ratio=1.0/keep=0.5,0.1186155561226374,0.0254132463735522,0.2134805282828404,0.1312217194570135,0.1266530959665842,0.9984394138728848,0.0592285339996182,S1/random_over,0.1618292134110095,0.007534015517823,0.2530050106845735,0.1945701357466063,0.1428289190737723,0.0127112914131169,0.2338898985095142,0.2260869565217391,-0.043213657288372107,0.0178792308557292,-0.06334841628959281,-0.016175823107188098
7,46,xgb,s1_plus_ig,1.5,0.5,positive_only,s1_plus_ig/mode=positive_only/ratio=1.5/keep=0.5,0.1073827824223873,0.0208028786686157,0.19139672314797,0.1312217194570135,0.1171635479709292,0.9984394138728848,0.0592285339996182,S1/random_over,0.1618292134110095,0.007534015517823,0.2530050106845735,0.1945701357466063,0.1428289190737723,0.0127112914131169,0.2338898985095142,0.2260869565217391,-0.0544464309886222,0.013268863150792702,-0.06334841628959281,-0.025665371102843088
7,46,xgb,s1_plus_ig,2.0,0.5,positive_only,s1_plus_ig/mode=positive_only/ratio=2.0/keep=0.5,0.1183809151135903,0.0218149106038457,0.218089179664516,0.1266968325791855,0.1305674858984616,0.9984394138728848,0.0592285339996182,S1/random_over,0.1618292134110095,0.007534015517823,0.2530050106845735,0.1945701357466063,0.1428289190737723,0.0127112914131169,0.2338898985095142,0.2260869565217391,-0.04344829829741921,0.0142808950860227,-0.06787330316742082,-0.012261433175310699
7,46,xgb,s1_plus_ig,0.25,0.75,positive_only,s1_plus_ig/mode=positive_only/ratio=0.25/keep=0.75,0.1234114571716,0.021927358596649,0.2213858892868812,0.1357466063348416,0.1210924417979206,0.9992333166991788,0.0548916422018846,S1/random_over,0.1618292134110095,0.007534015517823,0.2530050106845735,0.1945701357466063,0.1428289190737723,0.0127112914131169,0.2338898985095142,0.2260869565217391,-0.0384177562394095,0.014393343078825999,-0.05882352941176472,-0.021736477275851693
7,46,xgb,s1_plus_ig,0.5,0.75,positive_only,s1_plus_ig/mode=positive_only/ratio=0.5/keep=0.75,0.1270347599297039,0.0158551669852693,0.2042682019725772,0.1583710407239819,0.1257415117709373,0.9992333166991788,0.0548916422018846,S1/random_over,0.1618292134110095,0.007534015517823,0.2530050106845735,0.1945701357466063,0.1428289190737723,0.0127112914131169,0.2338898985095142,0.2260869565217391,-0.03479445348130561,0.008321151467446301,-0.03619909502262442,-0.017087407302835006
7,46,xgb,s1_plus_ig,0.75,0.75,positive_only,s1_plus_ig/mode=positive_only/ratio=0.75/keep=0.75,0.1130952381126812,0.0283368941864387,0.1915788966304216,0.1221719457013574,0.1384860040886161,0.9992333166991788,0.0548916422018846,S1/random_over,0.1618292134110095,0.007534015517823,0.2530050106845735,0.1945701357466063,0.1428289190737723,0.0127112914131169,0.2338898985095142,0.2260869565217391,-0.048733975298328305,0.0208028786686157,-0.0723981900452489,-0.004342914985156182
7,46,xgb,s1_plus_ig,1.0,0.75,positive_only,s1_plus_ig/mode=positive_only/ratio=1.0/keep=0.75,0.1214814139373314,0.0113572472731361,0.2163155107536447,0.1447963800904977,0.1224658478871296,0.9992333166991788,0.0548916422018846,S1/random_over,0.1618292134110095,0.007534015517823,0.2530050106845735,0.1945701357466063,0.1428289190737723,0.0127112914131169,0.2338898985095142,0.2260869565217391,-0.0403477994736781,0.0038232317553131,-0.049773755656108615,-0.020363071186642698
7,46,xgb,s1_plus_ig,1.5,0.75,positive_only,s1_plus_ig/mode=positive_only/ratio=1.5/keep=0.75,0.120058204082877,0.0274373102440121,0.2126055615301391,0.1538461538461538,0.1212063237249606,0.9992333166991788,0.0548916422018846,S1/random_over,0.1618292134110095,0.007534015517823,0.2530050106845735,0.1945701357466063,0.1428289190737723,0.0127112914131169,0.2338898985095142,0.2260869565217391,-0.041771009328132505,0.019903294726189104,-0.04072398190045251,-0.021622595348811696
7,46,xgb,s1_plus_ig,2.0,0.75,positive_only,s1_plus_ig/mode=positive_only/ratio=2.0/keep=0.75,0.1131039936235959,0.0224895985606656,0.1918859324872575,0.1221719457013574,0.1228686973984047,0.9992333166991788,0.0548916422018846,S1/random_over,0.1618292134110095,0.007534015517823,0.2530050106845735,0.1945701357466063,0.1428289190737723,0.0127112914131169,0.2338898985095142,0.2260869565217391,-0.04872521978741361,0.0149555830428426,-0.0723981900452489,-0.019960221675367595
7,46,xgb,s1_plus_ig,0.25,1.0,positive_only,s1_plus_ig/mode=positive_only/ratio=0.25/keep=1.0,0.1234114571716,0.021927358596649,0.2213858892868812,0.1357466063348416,0.1210924417979206,0.9995508778296964,0.0540628472929258,S1/random_over,0.1618292134110095,0.007534015517823,0.2530050106845735,0.1945701357466063,0.1428289190737723,0.0127112914131169,0.2338898985095142,0.2260869565217391,-0.0384177562394095,0.014393343078825999,-0.05882352941176472,-0.021736477275851693
7,46,xgb,s1_plus_ig,0.5,1.0,positive_only,s1_plus_ig/mode=positive_only/ratio=0.5/keep=1.0,0.1270347599297039,0.0158551669852693,0.2042682019725772,0.1583710407239819,0.1257415117709373,0.9995508778296964,0.0540628472929258,S1/random_over,0.1618292134110095,0.007534015517823,0.2530050106845735,0.1945701357466063,0.1428289190737723,0.0127112914131169,0.2338898985095142,0.2260869565217391,-0.03479445348130561,0.008321151467446301,-0.03619909502262442,-0.017087407302835006
7,46,xgb,s1_plus_ig,0.75,1.0,positive_only,s1_plus_ig/mode=positive_only/ratio=0.75/keep=1.0,0.1130952381126812,0.0283368941864387,0.1915788966304216,0.1221719457013574,0.1384860040886161,0.9995508778296964,0.0540628472929258,S1/random_over,0.1618292134110095,0.007534015517823,0.2530050106845735,0.1945701357466063,0.1428289190737723,0.0127112914131169,0.2338898985095142,0.2260869565217391,-0.048733975298328305,0.0208028786686157,-0.0723981900452489,-0.004342914985156182
7,46,xgb,s1_plus_ig,1.0,1.0,positive_only,s1_plus_ig/mode=positive_only/ratio=1.0/keep=1.0,0.1214814139373314,0.0113572472731361,0.2163155107536447,0.1447963800904977,0.1224658478871296,0.9995508778296964,0.0540628472929258,S1/random_over,0.1618292134110095,0.007534015517823,0.2530050106845735,0.1945701357466063,0.1428289190737723,0.0127112914131169,0.2338898985095142,0.2260869565217391,-0.0403477994736781,0.0038232317553131,-0.049773755656108615,-0.020363071186642698
7,46,xgb,s1_plus_ig,1.5,1.0,positive_only,s1_plus_ig/mode=positive_only/ratio=1.5/keep=1.0,0.1205066383907426,0.0164174069492859,0.213969220521543,0.1402714932126696,0.1209621020338105,0.9995508778296964,0.0540628472929258,S1/random_over,0.1618292134110095,0.007534015517823,0.2530050106845735,0.1945701357466063,0.1428289190737723,0.0127112914131169,0.2338898985095142,0.2260869565217391,-0.0413225750202669,0.0088833914314629,-0.05429864253393671,-0.021866817039961794
7,46,xgb,s1_plus_ig,2.0,1.0,positive_only,s1_plus_ig/mode=positive_only/ratio=2.0/keep=1.0,0.1221600986015966,0.0202406387045991,0.2258123905320929,0.1312217194570135,0.1471778656762308,0.9995508778296964,0.0540628472929258,S1/random_over,0.1618292134110095,0.007534015517823,0.2530050106845735,0.1945701357466063,0.1428289190737723,0.0127112914131169,0.2338898985095142,0.2260869565217391,-0.0396691148094129,0.0127066231867761,-0.06334841628959281,0.00434894660245852
8,42,xgb,s1_plus_ig,0.25,0.25,positive_only,s1_plus_ig/mode=positive_only/ratio=0.25/keep=0.25,0.3073160049009044,0.0083849799489609,0.4289943954024638,0.3661971830985915,0.0334530507848454,0.970701963117192,0.2335970281923027,S1/random_under_10to1,0.3739532049701536,0.0091141086401749,0.4564884235513047,0.4084507042253521,0.0354432218137652,0.002660753880266,-0.0056182117707078,0.0,-0.06663720006924923,-0.000729128691214,-0.04225352112676062,-0.001990171028919796
8,42,xgb,s1_plus_ig,0.5,0.25,positive_only,s1_plus_ig/mode=positive_only/ratio=0.5/keep=0.25,0.3725710007702043,0.0083849799489609,0.4414793487603856,0.380281690140845,0.0293980279397218,0.970701963117192,0.2335970281923027,S1/random_under_10to1,0.3739532049701536,0.0091141086401749,0.4564884235513047,0.4084507042253521,0.0354432218137652,0.002660753880266,-0.0056182117707078,0.0,-0.0013822041999493329,-0.000729128691214,-0.028169014084507116,-0.0060451938740433975
8,42,xgb,s1_plus_ig,0.75,0.25,positive_only,s1_plus_ig/mode=positive_only/ratio=0.75/keep=0.25,0.3789675708121099,0.0080204156033539,0.4463179259852655,0.380281690140845,0.0307129395166211,0.970701963117192,0.2335970281923027,S1/random_under_10to1,0.3739532049701536,0.0091141086401749,0.4564884235513047,0.4084507042253521,0.0354432218137652,0.002660753880266,-0.0056182117707078,0.0,0.005014365841956303,-0.0010936930368210009,-0.028169014084507116,-0.004730282297144096
8,42,xgb,s1_plus_ig,1.0,0.25,positive_only,s1_plus_ig/mode=positive_only/ratio=1.0/keep=0.25,0.3924534670432243,0.0069267225665329,0.4617448427885821,0.380281690140845,0.031036104508339,0.970701963117192,0.2335970281923027,S1/random_under_10to1,0.3739532049701536,0.0091141086401749,0.4564884235513047,0.4084507042253521,0.0354432218137652,0.002660753880266,-0.0056182117707078,0.0,0.018500262073070706,-0.002187386073642,-0.028169014084507116,-0.004407117305426197
8,42,xgb,s1_plus_ig,1.5,0.25,positive_only,s1_plus_ig/mode=positive_only/ratio=1.5/keep=0.25,0.4328708645571337,0.0054684651841049,0.4721238426863746,0.380281690140845,0.0293306826768153,0.970701963117192,0.2335970281923027,S1/random_under_10to1,0.3739532049701536,0.0091141086401749,0.4564884235513047,0.4084507042253521,0.0354432218137652,0.002660753880266,-0.0056182117707078,0.0,0.05891765958698009,-0.00364564345607,-0.028169014084507116,-0.0061125391369498995
8,42,xgb,s1_plus_ig,2.0,0.25,positive_only,s1_plus_ig/mode=positive_only/ratio=2.0/keep=0.25,0.4561074165509972,0.0021873860736419,0.5383957198423418,0.380281690140845,0.031464181645593,0.970701963117192,0.2335970281923027,S1/random_under_10to1,0.3739532049701536,0.0091141086401749,0.4564884235513047,0.4084507042253521,0.0354432218137652,0.002660753880266,-0.0056182117707078,0.0,0.08215421158084357,-0.006926722566533001,-0.028169014084507116,-0.003979040168172195
8,42,xgb,s1_plus_ig,0.25,0.5,positive_only,s1_plus_ig/mode=positive_only/ratio=0.25/keep=0.5,0.3073160049009044,0.0083849799489609,0.4289943954024638,0.3661971830985915,0.0334530507848454,0.9998512790005948,0.2477888393075862,S1/random_under_10to1,0.3739532049701536,0.0091141086401749,0.4564884235513047,0.4084507042253521,0.0354432218137652,0.002660753880266,-0.0056182117707078,0.0,-0.06663720006924923,-0.000729128691214,-0.04225352112676062,-0.001990171028919796
8,42,xgb,s1_plus_ig,0.5,0.5,positive_only,s1_plus_ig/mode=positive_only/ratio=0.5/keep=0.5,0.3533249271479675,0.0448414145096609,0.4305000335597954,0.3380281690140845,0.0283162117394777,0.9998512790005948,0.2477888393075862,S1/random_under_10to1,0.3739532049701536,0.0091141086401749,0.4564884235513047,0.4084507042253521,0.0354432218137652,0.002660753880266,-0.0056182117707078,0.0,-0.020628277822186125,0.035727305869486,-0.07042253521126762,-0.007127010074287499
8,42,xgb,s1_plus_ig,0.75,0.5,positive_only,s1_plus_ig/mode=positive_only/ratio=0.75/keep=0.5,0.360730883340487,0.0616113744075829,0.4204278661100023,0.323943661971831,0.0271498831578775,0.9998512790005948,0.2477888393075862,S1/random_under_10to1,0.3739532049701536,0.0091141086401749,0.4564884235513047,0.4084507042253521,0.0354432218137652,0.002660753880266,-0.0056182117707078,0.0,-0.013222321629666633,0.052497265767408,-0.08450704225352113,-0.008293338655887699
8,42,xgb,s1_plus_ig,1.0,0.5,positive_only,s1_plus_ig/mode=positive_only/ratio=1.0/keep=0.5,0.3668891582606369,0.0375501275975209,0.4527486360782229,0.380281690140845,0.029268304847388,0.9998512790005948,0.2477888393075862,S1/random_under_10to1,0.3739532049701536,0.0091141086401749,0.4564884235513047,0.4084507042253521,0.0354432218137652,0.002660753880266,-0.0056182117707078,0.0,-0.007064046709516714,0.028436018957346,-0.028169014084507116,-0.0061749169663771995
8,42,xgb,s1_plus_ig,1.5,0.5,positive_only,s1_plus_ig/mode=positive_only/ratio=1.5/keep=0.5,0.3944176337754755,0.0371855632519139,0.4460077036551585,0.3661971830985915,0.0269538205186494,0.9998512790005948,0.2477888393075862,S1/random_under_10to1,0.3739532049701536,0.0091141086401749,0.4564884235513047,0.4084507042253521,0.0354432218137652,0.002660753880266,-0.0056182117707078,0.0,0.0204644288053219,0.028071454611738995,-0.04225352112676062,-0.008489401295115797
8,42,xgb,s1_plus_ig,2.0,0.5,positive_only,s1_plus_ig/mode=positive_only/ratio=2.0/keep=0.5,0.3770637598291959,0.0408312067079839,0.4466521671110482,0.380281690140845,0.0260635985662416,0.9998512790005948,0.2477888393075862,S1/random_under_10to1,0.3739532049701536,0.0091141086401749,0.4564884235513047,0.4084507042253521,0.0354432218137652,0.002660753880266,-0.0056182117707078,0.0,0.0031105548590422694,0.031717098067809,-0.028169014084507116,-0.009379623247523599
8,42,xgb,s1_plus_ig,0.25,0.75,positive_only,s1_plus_ig/mode=positive_only/ratio=0.25/keep=0.75,0.3073160049009044,0.0083849799489609,0.4289943954024638,0.3661971830985915,0.0334530507848454,0.9999628197501488,0.3224525281380499,S1/random_under_10to1,0.3739532049701536,0.0091141086401749,0.4564884235513047,0.4084507042253521,0.0354432218137652,0.002660753880266,-0.0056182117707078,0.0,-0.06663720006924923,-0.000729128691214,-0.04225352112676062,-0.001990171028919796
8,42,xgb,s1_plus_ig,0.5,0.75,positive_only,s1_plus_ig/mode=positive_only/ratio=0.5/keep=0.75,0.3533249271479675,0.0448414145096609,0.4305000335597954,0.3380281690140845,0.0283162117394777,0.9999628197501488,0.3224525281380499,S1/random_under_10to1,0.3739532049701536,0.0091141086401749,0.4564884235513047,0.4084507042253521,0.0354432218137652,0.002660753880266,-0.0056182117707078,0.0,-0.020628277822186125,0.035727305869486,-0.07042253521126762,-0.007127010074287499
8,42,xgb,s1_plus_ig,0.75,0.75,positive_only,s1_plus_ig/mode=positive_only/ratio=0.75/keep=0.75,0.3604429704718104,0.0583302952971199,0.4302864220230944,0.352112676056338,0.0302730857556694,0.9999628197501488,0.3224525281380499,S1/random_under_10to1,0.3739532049701536,0.0091141086401749,0.4564884235513047,0.4084507042253521,0.0354432218137652,0.002660753880266,-0.0056182117707078,0.0,-0.01351023449834321,0.049216186656945,-0.05633802816901412,-0.005170136058095798
8,42,xgb,s1_plus_ig,1.0,0.75,positive_only,s1_plus_ig/mode=positive_only/ratio=1.0/keep=0.75,0.3599183311837739,0.0080204156033539,0.4463179259852655,0.380281690140845,0.0284162094381071,0.9999628197501488,0.3224525281380499,S1/random_under_10to1,0.3739532049701536,0.0091141086401749,0.4564884235513047,0.4084507042253521,0.0354432218137652,0.002660753880266,-0.0056182117707078,0.0,-0.014034873786379687,-0.0010936930368210009,-0.028169014084507116,-0.0070270123756580975
8,42,xgb,s1_plus_ig,1.5,0.75,positive_only,s1_plus_ig/mode=positive_only/ratio=1.5/keep=0.75,0.3816757555946802,0.0102078016769959,0.4192502464408297,0.352112676056338,0.0296110004176228,0.9999628197501488,0.3224525281380499,S1/random_under_10to1,0.3739532049701536,0.0091141086401749,0.4564884235513047,0.4084507042253521,0.0354432218137652,0.002660753880266,-0.0056182117707078,0.0,0.007722550624526592,0.0010936930368209991,-0.05633802816901412,-0.005832221396142399
8,42,xgb,s1_plus_ig,2.0,0.75,positive_only,s1_plus_ig/mode=positive_only/ratio=2.0/keep=0.75,0.3784901195719457,0.0375501275975209,0.427435093189151,0.380281690140845,0.0260142826861589,0.9999628197501488,0.3224525281380499,S1/random_under_10to1,0.3739532049701536,0.0091141086401749,0.4564884235513047,0.4084507042253521,0.0354432218137652,0.002660753880266,-0.0056182117707078,0.0,0.004536914601792119,0.028436018957346,-0.028169014084507116,-0.009428939127606298
8,42,xgb,s1_plus_ig,0.25,1.0,positive_only,s1_plus_ig/mode=positive_only/ratio=0.25/keep=1.0,0.3073160049009044,0.0083849799489609,0.4289943954024638,0.3661971830985915,0.0334530507848454,1.0,0.3999204424542814,S1/random_under_10to1,0.3739532049701536,0.0091141086401749,0.4564884235513047,0.4084507042253521,0.0354432218137652,0.002660753880266,-0.0056182117707078,0.0,-0.06663720006924923,-0.000729128691214,-0.04225352112676062,-0.001990171028919796
8,42,xgb,s1_plus_ig,0.5,1.0,positive_only,s1_plus_ig/mode=positive_only/ratio=0.5/keep=1.0,0.3533249271479675,0.0448414145096609,0.4305000335597954,0.3380281690140845,0.0283162117394777,1.0,0.3999204424542814,S1/random_under_10to1,0.3739532049701536,0.0091141086401749,0.4564884235513047,0.4084507042253521,0.0354432218137652,0.002660753880266,-0.0056182117707078,0.0,-0.020628277822186125,0.035727305869486,-0.07042253521126762,-0.007127010074287499
8,42,xgb,s1_plus_ig,0.75,1.0,positive_only,s1_plus_ig/mode=positive_only/ratio=0.75/keep=1.0,0.3604429704718104,0.0583302952971199,0.4302864220230944,0.352112676056338,0.0302730857556694,1.0,0.3999204424542814,S1/random_under_10to1,0.3739532049701536,0.0091141086401749,0.4564884235513047,0.4084507042253521,0.0354432218137652,0.002660753880266,-0.0056182117707078,0.0,-0.01351023449834321,0.049216186656945,-0.05633802816901412,-0.005170136058095798
8,42,xgb,s1_plus_ig,1.0,1.0,positive_only,s1_plus_ig/mode=positive_only/ratio=1.0/keep=1.0,0.3599183311837739,0.0080204156033539,0.4463179259852655,0.380281690140845,0.0284162094381071,1.0,0.3999204424542814,S1/random_under_10to1,0.3739532049701536,0.0091141086401749,0.4564884235513047,0.4084507042253521,0.0354432218137652,0.002660753880266,-0.0056182117707078,0.0,-0.014034873786379687,-0.0010936930368210009,-0.028169014084507116,-0.0070270123756580975
8,42,xgb,s1_plus_ig,1.5,1.0,positive_only,s1_plus_ig/mode=positive_only/ratio=1.5/keep=1.0,0.3978250698545613,0.0051039008384979,0.4389608128004126,0.380281690140845,0.033724794428556,1.0,0.3999204424542814,S1/random_under_10to1,0.3739532049701536,0.0091141086401749,0.4564884235513047,0.4084507042253521,0.0354432218137652,0.002660753880266,-0.0056182117707078,0.0,0.02387186488440768,-0.004010207801677,-0.028169014084507116,-0.0017184273852091994
8,42,xgb,s1_plus_ig,2.0,1.0,positive_only,s1_plus_ig/mode=positive_only/ratio=2.0/keep=1.0,0.361764970041096,0.0495807510025519,0.4443675658599134,0.380281690140845,0.0314966176639536,1.0,0.3999204424542814,S1/random_under_10to1,0.3739532049701536,0.0091141086401749,0.4564884235513047,0.4084507042253521,0.0354432218137652,0.002660753880266,-0.0056182117707078,0.0,-0.012188234929057629,0.040466642362377,-0.028169014084507116,-0.0039466041498116
8,43,xgb,s1_plus_ig,0.25,0.25,positive_only,s1_plus_ig/mode=positive_only/ratio=0.25/keep=0.25,0.3765475350859639,0.0051039008384979,0.4654989850046892,0.380281690140845,0.0277894673602997,0.9660916121356335,0.2655770296181651,S1/smote,0.3283157196710154,0.0113014947138169,0.442856241290937,0.3943661971830985,0.0334932329883687,0.001330376940133,-0.0039700600309351,0.0,0.048231815414948476,-0.006197593875319,-0.014084507042253502,-0.005703765628068996
8,43,xgb,s1_plus_ig,0.5,0.25,positive_only,s1_plus_ig/mode=positive_only/ratio=0.5/keep=0.25,0.3648100336875492,0.0091141086401749,0.4322137772083966,0.380281690140845,0.0328123627996731,0.9660916121356335,0.2655770296181651,S1/smote,0.3283157196710154,0.0113014947138169,0.442856241290937,0.3943661971830985,0.0334932329883687,0.001330376940133,-0.0039700600309351,0.0,0.0364943140165338,-0.002187386073642,-0.014084507042253502,-0.000680870188695594
8,43,xgb,s1_plus_ig,0.75,0.25,positive_only,s1_plus_ig/mode=positive_only/ratio=0.75/keep=0.25,0.3775967177235623,0.0149471381698869,0.4299031126422408,0.380281690140845,0.0298498538605467,0.9660916121356335,0.2655770296181651,S1/smote,0.3283157196710154,0.0113014947138169,0.442856241290937,0.3943661971830985,0.0334932329883687,0.001330376940133,-0.0039700600309351,0.0,0.049280998052546876,0.00364564345607,-0.014084507042253502,-0.003643379127821998
8,43,xgb,s1_plus_ig,1.0,0.25,positive_only,s1_plus_ig/mode=positive_only/ratio=1.0/keep=0.25,0.3477393528639567,0.0091141086401749,0.4322137772083966,0.380281690140845,0.0306208783674008,0.9660916121356335,0.2655770296181651,S1/smote,0.3283157196710154,0.0113014947138169,0.442856241290937,0.3943661971830985,0.0334932329883687,0.001330376940133,-0.0039700600309351,0.0,0.01942363319294127,-0.002187386073642,-0.014084507042253502,-0.0028723546209678957
8,43,xgb,s1_plus_ig,1.5,0.25,positive_only,s1_plus_ig/mode=positive_only/ratio=1.5/keep=0.25,0.3663676246727971,0.0131243164418519,0.4468839209859828,0.380281690140845,0.0282236072475871,0.9660916121356335,0.2655770296181651,S1/smote,0.3283157196710154,0.0113014947138169,0.442856241290937,0.3943661971830985,0.0334932329883687,0.001330376940133,-0.0039700600309351,0.0,0.03805190500178168,0.0018228217280349991,-0.014084507042253502,-0.005269625740781596
8,43,xgb,s1_plus_ig,2.0,0.25,positive_only,s1_plus_ig/mode=positive_only/ratio=2.0/keep=0.25,0.3619361364492577,0.0120306234050309,0.4351555465464638,0.380281690140845,0.0316723287852403,0.9660916121356335,0.2655770296181651,S1/smote,0.3283157196710154,0.0113014947138169,0.442856241290937,0.3943661971830985,0.0334932329883687,0.001330376940133,-0.0039700600309351,0.0,0.03362041677824229,0.000729128691214,-0.014084507042253502,-0.0018209042031283942
8,43,xgb,s1_plus_ig,0.25,0.5,positive_only,s1_plus_ig/mode=positive_only/ratio=0.25/keep=0.5,0.3765475350859639,0.0051039008384979,0.4654989850046892,0.380281690140845,0.0277894673602997,0.997471743010113,0.3666115240611574,S1/smote,0.3283157196710154,0.0113014947138169,0.442856241290937,0.3943661971830985,0.0334932329883687,0.001330376940133,-0.0039700600309351,0.0,0.048231815414948476,-0.006197593875319,-0.014084507042253502,-0.005703765628068996
8,43,xgb,s1_plus_ig,0.5,0.5,positive_only,s1_plus_ig/mode=positive_only/ratio=0.5/keep=0.5,0.3631126723761638,0.0098432373313889,0.4356193471232558,0.3943661971830985,0.0301535303600879,0.997471743010113,0.3666115240611574,S1/smote,0.3283157196710154,0.0113014947138169,0.442856241290937,0.3943661971830985,0.0334932329883687,0.001330376940133,-0.0039700600309351,0.0,0.034796952705148376,-0.001458257382428,0.0,-0.003339702628280799
8,43,xgb,s1_plus_ig,0.75,0.5,positive_only,s1_plus_ig/mode=positive_only/ratio=0.75/keep=0.5,0.3171972023844567,0.0094786729857819,0.4277738173615115,0.380281690140845,0.0250848062909162,0.997471743010113,0.3666115240611574,S1/smote,0.3283157196710154,0.0113014947138169,0.442856241290937,0.3943661971830985,0.0334932329883687,0.001330376940133,-0.0039700600309351,0.0,-0.011118517286558716,-0.0018228217280350009,-0.014084507042253502,-0.008408426697452499
8,43,xgb,s1_plus_ig,1.0,0.5,positive_only,s1_plus_ig/mode=positive_only/ratio=1.0/keep=0.5,0.35500187661476,0.0422894640904119,0.4567805780456841,0.3943661971830985,0.0325456056217838,0.997471743010113,0.3666115240611574,S1/smote,0.3283157196710154,0.0113014947138169,0.442856241290937,0.3943661971830985,0.0334932329883687,0.001330376940133,-0.0039700600309351,0.0,0.0266861569437446,0.030987969376595,0.0,-0.0009476273665848939
8,43,xgb,s1_plus_ig,1.5,0.5,positive_only,s1_plus_ig/mode=positive_only/ratio=1.5/keep=0.5,0.3304966649458897,0.0087495442945679,0.4367802007494327,0.3943661971830985,0.0328261221514041,0.997471743010113,0.3666115240611574,S1/smote,0.3283157196710154,0.0113014947138169,0.442856241290937,0.3943661971830985,0.0334932329883687,0.001330376940133,-0.0039700600309351,0.0,0.0021809452748742797,-0.002551950419249001,0.0,-0.0006671108369646003
8,43,xgb,s1_plus_ig,2.0,0.5,positive_only,s1_plus_ig/mode=positive_only/ratio=2.0/keep=0.5,0.3349500146557634,0.0087495442945679,0.4367802007494327,0.380281690140845,0.0311305850555683,0.997471743010113,0.3666115240611574,S1/smote,0.3283157196710154,0.0113014947138169,0.442856241290937,0.3943661971830985,0.0334932329883687,0.001330376940133,-0.0039700600309351,0.0,0.00663429498474799,-0.002551950419249001,-0.014084507042253502,-0.0023626479328003984
8,43,xgb,s1_plus_ig,0.25,0.75,positive_only,s1_plus_ig/mode=positive_only/ratio=0.25/keep=0.75,0.3765475350859639,0.0051039008384979,0.4654989850046892,0.380281690140845,0.0277894673602997,0.9989961332540156,0.4154483411843837,S1/smote,0.3283157196710154,0.0113014947138169,0.442856241290937,0.3943661971830985,0.0334932329883687,0.001330376940133,-0.0039700600309351,0.0,0.048231815414948476,-0.006197593875319,-0.014084507042253502,-0.005703765628068996
8,43,xgb,s1_plus_ig,0.5,0.75,positive_only,s1_plus_ig/mode=positive_only/ratio=0.5/keep=0.75,0.3631126723761638,0.0098432373313889,0.4356193471232558,0.3943661971830985,0.0301535303600879,0.9989961332540156,0.4154483411843837,S1/smote,0.3283157196710154,0.0113014947138169,0.442856241290937,0.3943661971830985,0.0334932329883687,0.001330376940133,-0.0039700600309351,0.0,0.034796952705148376,-0.001458257382428,0.0,-0.003339702628280799
8,43,xgb,s1_plus_ig,0.75,0.75,positive_only,s1_plus_ig/mode=positive_only/ratio=0.75/keep=0.75,0.335675172666654,0.0426540284360189,0.4309828353940796,0.380281690140845,0.0333020092908907,0.9989961332540156,0.4154483411843837,S1/smote,0.3283157196710154,0.0113014947138169,0.442856241290937,0.3943661971830985,0.0334932329883687,0.001330376940133,-0.0039700600309351,0.0,0.00735945299563856,0.031352533722201995,-0.014084507042253502,-0.00019122369747799628
8,43,xgb,s1_plus_ig,1.0,0.75,positive_only,s1_plus_ig/mode=positive_only/ratio=1.0/keep=0.75,0.3158880828349629,0.0142180094786729,0.4253306414996995,0.3661971830985915,0.0294001880608611,0.9989961332540156,0.4154483411843837,S1/smote,0.3283157196710154,0.0113014947138169,0.442856241290937,0.3943661971830985,0.0334932329883687,0.001330376940133,-0.0039700600309351,0.0,-0.012427636836052525,0.002916514764856,-0.028169014084507005,-0.004093044927507596
8,43,xgb,s1_plus_ig,1.5,0.75,positive_only,s1_plus_ig/mode=positive_only/ratio=1.5/keep=0.75,0.3017174031118582,0.0091141086401749,0.4322137772083966,0.380281690140845,0.03118380904131,0.9989961332540156,0.4154483411843837,S1/smote,0.3283157196710154,0.0113014947138169,0.442856241290937,0.3943661971830985,0.0334932329883687,0.001330376940133,-0.0039700600309351,0.0,-0.02659831655915723,-0.002187386073642,-0.014084507042253502,-0.0023094239470586968
8,43,xgb,s1_plus_ig,2.0,0.75,positive_only,s1_plus_ig/mode=positive_only/ratio=2.0/keep=0.75,0.3463672191079445,0.0087495442945679,0.4367802007494327,0.380281690140845,0.0274505715443927,0.9989961332540156,0.4154483411843837,S1/smote,0.3283157196710154,0.0113014947138169,0.442856241290937,0.3943661971830985,0.0334932329883687,0.001330376940133,-0.0039700600309351,0.0,0.018051499436929075,-0.002551950419249001,-0.014084507042253502,-0.006042661443975996
8,43,xgb,s1_plus_ig,0.25,1.0,positive_only,s1_plus_ig/mode=positive_only/ratio=0.25/keep=1.0,0.3765475350859639,0.0051039008384979,0.4654989850046892,0.380281690140845,0.0277894673602997,0.999888459250446,0.3574613624166032,S1/smote,0.3283157196710154,0.0113014947138169,0.442856241290937,0.3943661971830985,0.0334932329883687,0.001330376940133,-0.0039700600309351,0.0,0.048231815414948476,-0.006197593875319,-0.014084507042253502,-0.005703765628068996
8,43,xgb,s1_plus_ig,0.5,1.0,positive_only,s1_plus_ig/mode=positive_only/ratio=0.5/keep=1.0,0.3631126723761638,0.0098432373313889,0.4356193471232558,0.3943661971830985,0.0301535303600879,0.999888459250446,0.3574613624166032,S1/smote,0.3283157196710154,0.0113014947138169,0.442856241290937,0.3943661971830985,0.0334932329883687,0.001330376940133,-0.0039700600309351,0.0,0.034796952705148376,-0.001458257382428,0.0,-0.003339702628280799
8,43,xgb,s1_plus_ig,0.75,1.0,positive_only,s1_plus_ig/mode=positive_only/ratio=0.75/keep=1.0,0.335675172666654,0.0426540284360189,0.4309828353940796,0.380281690140845,0.0333020092908907,0.999888459250446,0.3574613624166032,S1/smote,0.3283157196710154,0.0113014947138169,0.442856241290937,0.3943661971830985,0.0334932329883687,0.001330376940133,-0.0039700600309351,0.0,0.00735945299563856,0.031352533722201995,-0.014084507042253502,-0.00019122369747799628
8,43,xgb,s1_plus_ig,1.0,1.0,positive_only,s1_plus_ig/mode=positive_only/ratio=1.0/keep=1.0,0.3158880828349629,0.0142180094786729,0.4253306414996995,0.3661971830985915,0.0294001880608611,0.999888459250446,0.3574613624166032,S1/smote,0.3283157196710154,0.0113014947138169,0.442856241290937,0.3943661971830985,0.0334932329883687,0.001330376940133,-0.0039700600309351,0.0,-0.012427636836052525,0.002916514764856,-0.028169014084507005,-0.004093044927507596
8,43,xgb,s1_plus_ig,1.5,1.0,positive_only,s1_plus_ig/mode=positive_only/ratio=1.5/keep=1.0,0.3539764354765099,0.0091141086401749,0.4322137772083966,0.380281690140845,0.0293818676914882,0.999888459250446,0.3574613624166032,S1/smote,0.3283157196710154,0.0113014947138169,0.442856241290937,0.3943661971830985,0.0334932329883687,0.001330376940133,-0.0039700600309351,0.0,0.025660715805494505,-0.002187386073642,-0.014084507042253502,-0.004111365296880498
8,43,xgb,s1_plus_ig,2.0,1.0,positive_only,s1_plus_ig/mode=positive_only/ratio=2.0/keep=1.0,0.32241896688873,0.0087495442945679,0.4367802007494327,0.380281690140845,0.0318249001339657,0.999888459250446,0.3574613624166032,S1/smote,0.3283157196710154,0.0113014947138169,0.442856241290937,0.3943661971830985,0.0334932329883687,0.001330376940133,-0.0039700600309351,0.0,-0.005896752782285408,-0.002551950419249001,-0.014084507042253502,-0.0016683328544029943
8,44,xgb,s1_plus_ig,0.25,0.25,positive_only,s1_plus_ig/mode=positive_only/ratio=0.25/keep=0.25,0.3523928073793638,0.0076558512577469,0.4387607771062446,0.380281690140845,0.0372958345223903,0.9257882212968472,0.3930393454911744,S1/random_over,0.3891910992258038,0.0051039008384979,0.452361882513443,0.4084507042253521,0.0333809057960297,0.0004434589800443,-0.0022911101342299,0.0,-0.03679829184644001,0.002551950419249,-0.028169014084507116,0.003914928726360595
8,44,xgb,s1_plus_ig,0.5,0.25,positive_only,s1_plus_ig/mode=positive_only/ratio=0.5/keep=0.25,0.3193911687912417,0.0087495442945679,0.4367802007494327,0.380281690140845,0.0344458938252008,0.9257882212968472,0.3930393454911744,S1/random_over,0.3891910992258038,0.0051039008384979,0.452361882513443,0.4084507042253521,0.0333809057960297,0.0004434589800443,-0.0022911101342299,0.0,-0.06979993043456212,0.003645643456069999,-0.028169014084507116,0.001064988029171099
8,44,xgb,s1_plus_ig,0.75,0.25,positive_only,s1_plus_ig/mode=positive_only/ratio=0.75/keep=0.25,0.3344585803956316,0.0083849799489609,0.4414793487603856,0.380281690140845,0.0353589667864042,0.9257882212968472,0.3930393454911744,S1/random_over,0.3891910992258038,0.0051039008384979,0.452361882513443,0.4084507042253521,0.0333809057960297,0.0004434589800443,-0.0022911101342299,0.0,-0.054732518830172217,0.003281079110463,-0.028169014084507116,0.0019780609903744945
8,44,xgb,s1_plus_ig,1.0,0.25,positive_only,s1_plus_ig/mode=positive_only/ratio=1.0/keep=0.25,0.380460018931392,0.0080204156033539,0.4463179259852655,0.380281690140845,0.029497688715929,0.9257882212968472,0.3930393454911744,S1/random_over,0.3891910992258038,0.0051039008384979,0.452361882513443,0.4084507042253521,0.0333809057960297,0.0004434589800443,-0.0022911101342299,0.0,-0.00873108029441183,0.002916514764855999,-0.028169014084507116,-0.0038832170801007017
8,44,xgb,s1_plus_ig,1.5,0.25,positive_only,s1_plus_ig/mode=positive_only/ratio=1.5/keep=0.25,0.3717133417316674,0.0346336128326649,0.4494500417672962,0.3943661971830985,0.0306588722113201,0.9257882212968472,0.3930393454911744,S1/random_over,0.3891910992258038,0.0051039008384979,0.452361882513443,0.4084507042253521,0.0333809057960297,0.0004434589800443,-0.0022911101342299,0.0,-0.01747775749413638,0.029529711994167002,-0.014084507042253613,-0.0027220335847096024
8,44,xgb,s1_plus_ig,2.0,0.25,positive_only,s1_plus_ig/mode=positive_only/ratio=2.0/keep=0.25,0.3485159342617305,0.0083849799489609,0.4414793487603856,0.380281690140845,0.0292648246089349,0.9257882212968472,0.3930393454911744,S1/random_over,0.3891910992258038,0.0051039008384979,0.452361882513443,0.4084507042253521,0.0333809057960297,0.0004434589800443,-0.0022911101342299,0.0,-0.04067516496407331,0.003281079110463,-0.028169014084507116,-0.004116081187094802
8,44,xgb,s1_plus_ig,0.25,0.5,positive_only,s1_plus_ig/mode=positive_only/ratio=0.25/keep=0.5,0.3523928073793638,0.0076558512577469,0.4387607771062446,0.380281690140845,0.0372958345223903,0.9930472932778108,0.3966593098979475,S1/random_over,0.3891910992258038,0.0051039008384979,0.452361882513443,0.4084507042253521,0.0333809057960297,0.0004434589800443,-0.0022911101342299,0.0,-0.03679829184644001,0.002551950419249,-0.028169014084507116,0.003914928726360595
8,44,xgb,s1_plus_ig,0.5,0.5,positive_only,s1_plus_ig/mode=positive_only/ratio=0.5/keep=0.5,0.3313316273686864,0.0054684651841049,0.4592432754530942,0.380281690140845,0.0315024203801317,0.9930472932778108,0.3966593098979475,S1/random_over,0.3891910992258038,0.0051039008384979,0.452361882513443,0.4084507042253521,0.0333809057960297,0.0004434589800443,-0.0022911101342299,0.0,-0.05785947185711743,0.000364564345607,-0.028169014084507116,-0.0018784854158980027
8,44,xgb,s1_plus_ig,0.75,0.5,positive_only,s1_plus_ig/mode=positive_only/ratio=0.75/keep=0.5,0.3037025459265577,0.0083849799489609,0.4414793487603856,0.380281690140845,0.0347147408627247,0.9930472932778108,0.3966593098979475,S1/random_over,0.3891910992258038,0.0051039008384979,0.452361882513443,0.4084507042253521,0.0333809057960297,0.0004434589800443,-0.0022911101342299,0.0,-0.0854885532992461,0.003281079110463,-0.028169014084507116,0.0013338350666949952
8,44,xgb,s1_plus_ig,1.0,0.5,positive_only,s1_plus_ig/mode=positive_only/ratio=1.0/keep=0.5,0.3433270904383838,0.0087495442945679,0.4367802007494327,0.380281690140845,0.0370234333937569,0.9930472932778108,0.3966593098979475,S1/random_over,0.3891910992258038,0.0051039008384979,0.452361882513443,0.4084507042253521,0.0333809057960297,0.0004434589800443,-0.0022911101342299,0.0,-0.04586400878742003,0.003645643456069999,-0.028169014084507116,0.0036425275977271937
8,44,xgb,s1_plus_ig,1.5,0.5,positive_only,s1_plus_ig/mode=positive_only/ratio=1.5/keep=0.5,0.3708707597873175,0.0386438206343419,0.4561456665411506,0.380281690140845,0.0309004511834728,0.9930472932778108,0.3966593098979475,S1/random_over,0.3891910992258038,0.0051039008384979,0.452361882513443,0.4084507042253521,0.0333809057960297,0.0004434589800443,-0.0022911101342299,0.0,-0.01832033943848632,0.033539919795844,-0.028169014084507116,-0.0024804546125569045
8,44,xgb,s1_plus_ig,2.0,0.5,positive_only,s1_plus_ig/mode=positive_only/ratio=2.0/keep=0.5,0.3528707493617373,0.0091141086401749,0.4322137772083966,0.380281690140845,0.0359309760184676,0.9930472932778108,0.3966593098979475,S1/random_over,0.3891910992258038,0.0051039008384979,0.452361882513443,0.4084507042253521,0.0333809057960297,0.0004434589800443,-0.0022911101342299,0.0,-0.036320349864066515,0.004010207801677,-0.028169014084507116,0.002550070222437896
8,44,xgb,s1_plus_ig,0.25,0.75,positive_only,s1_plus_ig/mode=positive_only/ratio=0.25/keep=0.75,0.3523928073793638,0.0076558512577469,0.4387607771062446,0.380281690140845,0.0372958345223903,0.9955011897679952,0.376663839907335,S1/random_over,0.3891910992258038,0.0051039008384979,0.452361882513443,0.4084507042253521,0.0333809057960297,0.0004434589800443,-0.0022911101342299,0.0,-0.03679829184644001,0.002551950419249,-0.028169014084507116,0.003914928726360595
8,44,xgb,s1_plus_ig,0.5,0.75,positive_only,s1_plus_ig/mode=positive_only/ratio=0.5/keep=0.75,0.3313316273686864,0.0054684651841049,0.4592432754530942,0.380281690140845,0.0315024203801317,0.9955011897679952,0.376663839907335,S1/random_over,0.3891910992258038,0.0051039008384979,0.452361882513443,0.4084507042253521,0.0333809057960297,0.0004434589800443,-0.0022911101342299,0.0,-0.05785947185711743,0.000364564345607,-0.028169014084507116,-0.0018784854158980027
8,44,xgb,s1_plus_ig,0.75,0.75,positive_only,s1_plus_ig/mode=positive_only/ratio=0.75/keep=0.75,0.3249530768649246,0.0094786729857819,0.4153882567886137,0.3661971830985915,0.0341263202551547,0.9955011897679952,0.376663839907335,S1/random_over,0.3891910992258038,0.0051039008384979,0.452361882513443,0.4084507042253521,0.0333809057960297,0.0004434589800443,-0.0022911101342299,0.0,-0.06423802236087922,0.004374772147283999,-0.04225352112676062,0.0007454144591249948
8,44,xgb,s1_plus_ig,1.0,0.75,positive_only,s1_plus_ig/mode=positive_only/ratio=1.0/keep=0.75,0.3140932406682737,0.0080204156033539,0.4463179259852655,0.380281690140845,0.0327798382202561,0.9955011897679952,0.376663839907335,S1/random_over,0.3891910992258038,0.0051039008384979,0.452361882513443,0.4084507042253521,0.0333809057960297,0.0004434589800443,-0.0022911101342299,0.0,-0.0750978585575301,0.002916514764855999,-0.028169014084507116,-0.0006010675757736061
8,44,xgb,s1_plus_ig,1.5,0.75,positive_only,s1_plus_ig/mode=positive_only/ratio=1.5/keep=0.75,0.3313265101147448,0.0076558512577469,0.4513031224948508,0.380281690140845,0.0358743616064736,0.9955011897679952,0.376663839907335,S1/random_over,0.3891910992258038,0.0051039008384979,0.452361882513443,0.4084507042253521,0.0333809057960297,0.0004434589800443,-0.0022911101342299,0.0,-0.05786458911105902,0.002551950419249,-0.028169014084507116,0.002493455810443898
8,44,xgb,s1_plus_ig,2.0,0.75,positive_only,s1_plus_ig/mode=positive_only/ratio=2.0/keep=0.75,0.3616674039581631,0.0386438206343419,0.4561456665411506,0.380281690140845,0.0382551542108947,0.9955011897679952,0.376663839907335,S1/random_over,0.3891910992258038,0.0051039008384979,0.452361882513443,0.4084507042253521,0.0333809057960297,0.0004434589800443,-0.0022911101342299,0.0,-0.027523695267640702,0.033539919795844,-0.028169014084507116,0.004874248414864994
8,44,xgb,s1_plus_ig,0.25,1.0,positive_only,s1_plus_ig/mode=positive_only/ratio=0.25/keep=1.0,0.3523928073793638,0.0076558512577469,0.4387607771062446,0.380281690140845,0.0372958345223903,0.9932331945270672,0.3374189313935024,S1/random_over,0.3891910992258038,0.0051039008384979,0.452361882513443,0.4084507042253521,0.0333809057960297,0.0004434589800443,-0.0022911101342299,0.0,-0.03679829184644001,0.002551950419249,-0.028169014084507116,0.003914928726360595
8,44,xgb,s1_plus_ig,0.5,1.0,positive_only,s1_plus_ig/mode=positive_only/ratio=0.5/keep=1.0,0.3313316273686864,0.0054684651841049,0.4592432754530942,0.380281690140845,0.0315024203801317,0.9932331945270672,0.3374189313935024,S1/random_over,0.3891910992258038,0.0051039008384979,0.452361882513443,0.4084507042253521,0.0333809057960297,0.0004434589800443,-0.0022911101342299,0.0,-0.05785947185711743,0.000364564345607,-0.028169014084507116,-0.0018784854158980027
8,44,xgb,s1_plus_ig,0.75,1.0,positive_only,s1_plus_ig/mode=positive_only/ratio=0.75/keep=1.0,0.3249530768649246,0.0094786729857819,0.4153882567886137,0.3661971830985915,0.0341263202551547,0.9932331945270672,0.3374189313935024,S1/random_over,0.3891910992258038,0.0051039008384979,0.452361882513443,0.4084507042253521,0.0333809057960297,0.0004434589800443,-0.0022911101342299,0.0,-0.06423802236087922,0.004374772147283999,-0.04225352112676062,0.0007454144591249948
8,44,xgb,s1_plus_ig,1.0,1.0,positive_only,s1_plus_ig/mode=positive_only/ratio=1.0/keep=1.0,0.3140932406682737,0.0080204156033539,0.4463179259852655,0.380281690140845,0.0327798382202561,0.9932331945270672,0.3374189313935024,S1/random_over,0.3891910992258038,0.0051039008384979,0.452361882513443,0.4084507042253521,0.0333809057960297,0.0004434589800443,-0.0022911101342299,0.0,-0.0750978585575301,0.002916514764855999,-0.028169014084507116,-0.0006010675757736061
8,44,xgb,s1_plus_ig,1.5,1.0,positive_only,s1_plus_ig/mode=positive_only/ratio=1.5/keep=1.0,0.2984565366868668,0.0091141086401749,0.4322137772083966,0.380281690140845,0.0320025018245649,0.9932331945270672,0.3374189313935024,S1/random_over,0.3891910992258038,0.0051039008384979,0.452361882513443,0.4084507042253521,0.0333809057960297,0.0004434589800443,-0.0022911101342299,0.0,-0.09073456253893702,0.004010207801677,-0.028169014084507116,-0.0013784039714648047
8,44,xgb,s1_plus_ig,2.0,1.0,positive_only,s1_plus_ig/mode=positive_only/ratio=2.0/keep=1.0,0.2929118976915909,0.0094786729857819,0.4277738173615115,0.380281690140845,0.0273653739386351,0.9932331945270672,0.3374189313935024,S1/random_over,0.3891910992258038,0.0051039008384979,0.452361882513443,0.4084507042253521,0.0333809057960297,0.0004434589800443,-0.0022911101342299,0.0,-0.09627920153421293,0.004374772147283999,-0.028169014084507116,-0.006015531857394604
8,45,xgb,s1_plus_ig,0.25,0.25,positive_only,s1_plus_ig/mode=positive_only/ratio=0.25/keep=0.25,0.3684576130591201,0.0127597520962449,0.4392220608791923,0.380281690140845,0.035266853541228,0.9568709101725164,0.3615710486591837,S1/random_over,0.3665116049331232,0.0054684651841049,0.4847699894090051,0.4084507042253521,0.0355375329262651,0.0,0.0,0.0,0.0019460081259969342,0.00729128691214,-0.028169014084507116,-0.00027067938503710226
8,45,xgb,s1_plus_ig,0.5,0.25,positive_only,s1_plus_ig/mode=positive_only/ratio=0.5/keep=0.25,0.3239061657970844,0.0098432373313889,0.4356193471232558,0.3943661971830985,0.0369516017742523,0.9568709101725164,0.3615710486591837,S1/random_over,0.3665116049331232,0.0054684651841049,0.4847699894090051,0.4084507042253521,0.0355375329262651,0.0,0.0,0.0,-0.04260543913603876,0.004374772147284,-0.014084507042253613,0.0014140688479871988
8,45,xgb,s1_plus_ig,0.75,0.25,positive_only,s1_plus_ig/mode=positive_only/ratio=0.75/keep=0.25,0.346986557529135,0.0105723660226029,0.4272521503339048,0.3661971830985915,0.0323899920441878,0.9568709101725164,0.3615710486591837,S1/random_over,0.3665116049331232,0.0054684651841049,0.4847699894090051,0.4084507042253521,0.0355375329262651,0.0,0.0,0.0,-0.019525047403988194,0.005103900838498,-0.04225352112676062,-0.0031475408820773043
8,45,xgb,s1_plus_ig,1.0,0.25,positive_only,s1_plus_ig/mode=positive_only/ratio=1.0/keep=0.25,0.3872012162431197,0.0503098796937659,0.4570834508232083,0.380281690140845,0.0379987239766646,0.9568709101725164,0.3615710486591837,S1/random_over,0.3665116049331232,0.0054684651841049,0.4847699894090051,0.4084507042253521,0.0355375329262651,0.0,0.0,0.0,0.020689611309996525,0.044841414509661004,-0.028169014084507116,0.0024611910503994985
8,45,xgb,s1_plus_ig,1.5,0.25,positive_only,s1_plus_ig/mode=positive_only/ratio=1.5/keep=0.25,0.3852037090834328,0.0076558512577469,0.4513031224948508,0.3943661971830985,0.0349641721237349,0.9568709101725164,0.3615710486591837,S1/random_over,0.3665116049331232,0.0054684651841049,0.4847699894090051,0.4084507042253521,0.0355375329262651,0.0,0.0,0.0,0.01869210415030964,0.002187386073642,-0.014084507042253613,-0.0005733608025302039
8,45,xgb,s1_plus_ig,2.0,0.25,positive_only,s1_plus_ig/mode=positive_only/ratio=2.0/keep=0.25,0.3415167329159516,0.0437477214728399,0.4428099821845827,0.380281690140845,0.0348635391647465,0.9568709101725164,0.3615710486591837,S1/random_over,0.3665116049331232,0.0054684651841049,0.4847699894090051,0.4084507042253521,0.0355375329262651,0.0,0.0,0.0,-0.0249948720171716,0.038279256288735006,-0.028169014084507116,-0.0006739937615186029
8,45,xgb,s1_plus_ig,0.25,0.5,positive_only,s1_plus_ig/mode=positive_only/ratio=0.25/keep=0.5,0.3684576130591201,0.0127597520962449,0.4392220608791923,0.380281690140845,0.035266853541228,0.9984756097560976,0.4324768166000418,S1/random_over,0.3665116049331232,0.0054684651841049,0.4847699894090051,0.4084507042253521,0.0355375329262651,0.0,0.0,0.0,0.0019460081259969342,0.00729128691214,-0.028169014084507116,-0.00027067938503710226
8,45,xgb,s1_plus_ig,0.5,0.5,positive_only,s1_plus_ig/mode=positive_only/ratio=0.5/keep=0.5,0.3051586243646548,0.0087495442945679,0.4367802007494327,0.380281690140845,0.0284793579545858,0.9984756097560976,0.4324768166000418,S1/random_over,0.3665116049331232,0.0054684651841049,0.4847699894090051,0.4084507042253521,0.0355375329262651,0.0,0.0,0.0,-0.061352980568468385,0.003281079110462999,-0.028169014084507116,-0.007058174971679303
8,45,xgb,s1_plus_ig,0.75,0.5,positive_only,s1_plus_ig/mode=positive_only/ratio=0.75/keep=0.5,0.3344610183115876,0.0102078016769959,0.4192502464408297,0.3661971830985915,0.0363625665611313,0.9984756097560976,0.4324768166000418,S1/random_over,0.3665116049331232,0.0054684651841049,0.4847699894090051,0.4084507042253521,0.0355375329262651,0.0,0.0,0.0,-0.03205058662153559,0.004739336492890999,-0.04225352112676062,0.0008250336348661971
8,45,xgb,s1_plus_ig,1.0,0.5,positive_only,s1_plus_ig/mode=positive_only/ratio=1.0/keep=0.5,0.3697559415392117,0.0091141086401749,0.4322137772083966,0.380281690140845,0.0464902923366797,0.9984756097560976,0.4324768166000418,S1/random_over,0.3665116049331232,0.0054684651841049,0.4847699894090051,0.4084507042253521,0.0355375329262651,0.0,0.0,0.0,0.003244336606088527,0.00364564345607,-0.028169014084507116,0.010952759410414598
8,45,xgb,s1_plus_ig,1.5,0.5,positive_only,s1_plus_ig/mode=positive_only/ratio=1.5/keep=0.5,0.313584373389231,0.0091141086401749,0.4322137772083966,0.380281690140845,0.0354792802592978,0.9984756097560976,0.4324768166000418,S1/random_over,0.3665116049331232,0.0054684651841049,0.4847699894090051,0.4084507042253521,0.0355375329262651,0.0,0.0,0.0,-0.05292723154389217,0.00364564345607,-0.028169014084507116,-5.8252666967302524e-05
8,45,xgb,s1_plus_ig,2.0,0.5,positive_only,s1_plus_ig/mode=positive_only/ratio=2.0/keep=0.5,0.3583420142654438,0.0441122858184469,0.4413657542896863,0.380281690140845,0.0424407538648754,0.9984756097560976,0.4324768166000418,S1/random_over,0.3665116049331232,0.0054684651841049,0.4847699894090051,0.4084507042253521,0.0355375329262651,0.0,0.0,0.0,-0.00816959066767936,0.038643820634342005,-0.028169014084507116,0.006903220938610295
8,45,xgb,s1_plus_ig,0.25,0.75,positive_only,s1_plus_ig/mode=positive_only/ratio=0.25/keep=0.75,0.3684576130591201,0.0127597520962449,0.4392220608791923,0.380281690140845,0.035266853541228,0.9990333135038668,0.3969950155151888,S1/random_over,0.3665116049331232,0.0054684651841049,0.4847699894090051,0.4084507042253521,0.0355375329262651,0.0,0.0,0.0,0.0019460081259969342,0.00729128691214,-0.028169014084507116,-0.00027067938503710226
8,45,xgb,s1_plus_ig,0.5,0.75,positive_only,s1_plus_ig/mode=positive_only/ratio=0.5/keep=0.75,0.3051586243646548,0.0087495442945679,0.4367802007494327,0.380281690140845,0.0284793579545858,0.9990333135038668,0.3969950155151888,S1/random_over,0.3665116049331232,0.0054684651841049,0.4847699894090051,0.4084507042253521,0.0355375329262651,0.0,0.0,0.0,-0.061352980568468385,0.003281079110462999,-0.028169014084507116,-0.007058174971679303
8,45,xgb,s1_plus_ig,0.75,0.75,positive_only,s1_plus_ig/mode=positive_only/ratio=0.75/keep=0.75,0.3419378854741333,0.0477579292745169,0.4432605221586241,0.380281690140845,0.0342910474321735,0.9990333135038668,0.3969950155151888,S1/random_over,0.3665116049331232,0.0054684651841049,0.4847699894090051,0.4084507042253521,0.0355375329262651,0.0,0.0,0.0,-0.024573719458989896,0.042289464090411996,-0.028169014084507116,-0.0012464854940915995
8,45,xgb,s1_plus_ig,1.0,0.75,positive_only,s1_plus_ig/mode=positive_only/ratio=1.0/keep=0.75,0.3151510206337241,0.0091141086401749,0.4322137772083966,0.380281690140845,0.030454969355239,0.9990333135038668,0.3969950155151888,S1/random_over,0.3665116049331232,0.0054684651841049,0.4847699894090051,0.4084507042253521,0.0355375329262651,0.0,0.0,0.0,-0.051360584299399104,0.00364564345607,-0.028169014084507116,-0.005082563571026103
8,45,xgb,s1_plus_ig,1.5,0.75,positive_only,s1_plus_ig/mode=positive_only/ratio=1.5/keep=0.75,0.3384982098959628,0.0091141086401749,0.4322137772083966,0.380281690140845,0.0325196457942665,0.9990333135038668,0.3969950155151888,S1/random_over,0.3665116049331232,0.0054684651841049,0.4847699894090051,0.4084507042253521,0.0355375329262651,0.0,0.0,0.0,-0.028013395037160382,0.00364564345607,-0.028169014084507116,-0.0030178871319986034
8,45,xgb,s1_plus_ig,2.0,0.75,positive_only,s1_plus_ig/mode=positive_only/ratio=2.0/keep=0.75,0.3068419910488982,0.0083849799489609,0.4163033433381604,0.352112676056338,0.0346998716036236,0.9990333135038668,0.3969950155151888,S1/random_over,0.3665116049331232,0.0054684651841049,0.4847699894090051,0.4084507042253521,0.0355375329262651,0.0,0.0,0.0,-0.05966961388422498,0.002916514764856,-0.05633802816901412,-0.0008376613226415003
8,45,xgb,s1_plus_ig,0.25,1.0,positive_only,s1_plus_ig/mode=positive_only/ratio=0.25/keep=1.0,0.3684576130591201,0.0127597520962449,0.4392220608791923,0.380281690140845,0.035266853541228,0.998661511005354,0.4288988369283714,S1/random_over,0.3665116049331232,0.0054684651841049,0.4847699894090051,0.4084507042253521,0.0355375329262651,0.0,0.0,0.0,0.0019460081259969342,0.00729128691214,-0.028169014084507116,-0.00027067938503710226
8,45,xgb,s1_plus_ig,0.5,1.0,positive_only,s1_plus_ig/mode=positive_only/ratio=0.5/keep=1.0,0.3051586243646548,0.0087495442945679,0.4367802007494327,0.380281690140845,0.0284793579545858,0.998661511005354,0.4288988369283714,S1/random_over,0.3665116049331232,0.0054684651841049,0.4847699894090051,0.4084507042253521,0.0355375329262651,0.0,0.0,0.0,-0.061352980568468385,0.003281079110462999,-0.028169014084507116,-0.007058174971679303
8,45,xgb,s1_plus_ig,0.75,1.0,positive_only,s1_plus_ig/mode=positive_only/ratio=0.75/keep=1.0,0.3419378854741333,0.0477579292745169,0.4432605221586241,0.380281690140845,0.0342910474321735,0.998661511005354,0.4288988369283714,S1/random_over,0.3665116049331232,0.0054684651841049,0.4847699894090051,0.4084507042253521,0.0355375329262651,0.0,0.0,0.0,-0.024573719458989896,0.042289464090411996,-0.028169014084507116,-0.0012464854940915995
8,45,xgb,s1_plus_ig,1.0,1.0,positive_only,s1_plus_ig/mode=positive_only/ratio=1.0/keep=1.0,0.3151510206337241,0.0091141086401749,0.4322137772083966,0.380281690140845,0.030454969355239,0.998661511005354,0.4288988369283714,S1/random_over,0.3665116049331232,0.0054684651841049,0.4847699894090051,0.4084507042253521,0.0355375329262651,0.0,0.0,0.0,-0.051360584299399104,0.00364564345607,-0.028169014084507116,-0.005082563571026103
8,45,xgb,s1_plus_ig,1.5,1.0,positive_only,s1_plus_ig/mode=positive_only/ratio=1.5/keep=1.0,0.3312166105693966,0.0091141086401749,0.4322137772083966,0.380281690140845,0.0356231152117172,0.998661511005354,0.4288988369283714,S1/random_over,0.3665116049331232,0.0054684651841049,0.4847699894090051,0.4084507042253521,0.0355375329262651,0.0,0.0,0.0,-0.03529499436372657,0.00364564345607,-0.028169014084507116,8.558228545210017e-05
8,45,xgb,s1_plus_ig,2.0,1.0,positive_only,s1_plus_ig/mode=positive_only/ratio=2.0/keep=1.0,0.3332268816769437,0.0080204156033539,0.4338032329165056,0.380281690140845,0.0287948288342115,0.998661511005354,0.4288988369283714,S1/random_over,0.3665116049331232,0.0054684651841049,0.4847699894090051,0.4084507042253521,0.0355375329262651,0.0,0.0,0.0,-0.03328472325617948,0.002551950419248999,-0.028169014084507116,-0.006742704092053603
8,46,xgb,s1_plus_ig,0.25,0.25,positive_only,s1_plus_ig/mode=positive_only/ratio=0.25/keep=0.25,0.3484573031199974,0.0462996718920889,0.4644110046200115,0.3661971830985915,0.0315376637989474,0.9894408090422367,0.3263987233764274,S1/random_over,0.3479435929582807,0.0036456434560699,0.4529110075681021,0.3943661971830985,0.0261256726635585,0.0,0.0,0.0,0.0005137101617166961,0.042654028436019,-0.028169014084507005,0.005411991135388903
8,46,xgb,s1_plus_ig,0.5,0.25,positive_only,s1_plus_ig/mode=positive_only/ratio=0.5/keep=0.25,0.3275273187693567,0.0091141086401749,0.444442868418152,0.3943661971830985,0.0318215822354127,0.9894408090422367,0.3263987233764274,S1/random_over,0.3479435929582807,0.0036456434560699,0.4529110075681021,0.3943661971830985,0.0261256726635585,0.0,0.0,0.0,-0.020416274188924,0.005468465184105001,0.0,0.005695909571854198
8,46,xgb,s1_plus_ig,0.75,0.25,positive_only,s1_plus_ig/mode=positive_only/ratio=0.75/keep=0.25,0.3335623321673313,0.0091141086401749,0.4322137772083966,0.380281690140845,0.0280577501638036,0.9894408090422367,0.3263987233764274,S1/random_over,0.3479435929582807,0.0036456434560699,0.4529110075681021,0.3943661971830985,0.0261256726635585,0.0,0.0,0.0,-0.014381260790949424,0.005468465184105001,-0.014084507042253502,0.0019320775002450996
8,46,xgb,s1_plus_ig,1.0,0.25,positive_only,s1_plus_ig/mode=positive_only/ratio=1.0/keep=0.25,0.3878187458965691,0.0109369303682099,0.4584163989030023,0.4084507042253521,0.0340723793961032,0.9894408090422367,0.3263987233764274,S1/random_over,0.3479435929582807,0.0036456434560699,0.4529110075681021,0.3943661971830985,0.0261256726635585,0.0,0.0,0.0,0.039875152938288416,0.00729128691214,0.014084507042253613,0.0079467067325447
8,46,xgb,s1_plus_ig,1.5,0.25,positive_only,s1_plus_ig/mode=positive_only/ratio=1.5/keep=0.25,0.448890719866386,0.0477579292745169,0.4665460108636166,0.3661971830985915,0.033235202528118,0.9894408090422367,0.3263987233764274,S1/random_over,0.3479435929582807,0.0036456434560699,0.4529110075681021,0.3943661971830985,0.0261256726635585,0.0,0.0,0.0,0.10094712690810531,0.044112285818447,-0.028169014084507005,0.0071095298645595
8,46,xgb,s1_plus_ig,2.0,0.25,positive_only,s1_plus_ig/mode=positive_only/ratio=2.0/keep=0.25,0.3828829760275739,0.0448414145096609,0.4623221766548429,0.380281690140845,0.0314946630093709,0.9894408090422367,0.3263987233764274,S1/random_over,0.3479435929582807,0.0036456434560699,0.4529110075681021,0.3943661971830985,0.0261256726635585,0.0,0.0,0.0,0.03493938306929317,0.041195771053591,-0.014084507042253502,0.0053689903458124
8,46,xgb,s1_plus_ig,0.25,0.5,positive_only,s1_plus_ig/mode=positive_only/ratio=0.25/keep=0.5,0.3484573031199974,0.0462996718920889,0.4644110046200115,0.3661971830985915,0.0315376637989474,1.0,0.3297663889926996,S1/random_over,0.3479435929582807,0.0036456434560699,0.4529110075681021,0.3943661971830985,0.0261256726635585,0.0,0.0,0.0,0.0005137101617166961,0.042654028436019,-0.028169014084507005,0.005411991135388903
8,46,xgb,s1_plus_ig,0.5,0.5,positive_only,s1_plus_ig/mode=positive_only/ratio=0.5/keep=0.5,0.3211975347876041,0.0470288005833029,0.4693440366482523,0.380281690140845,0.0312343653918653,1.0,0.3297663889926996,S1/random_over,0.3479435929582807,0.0036456434560699,0.4529110075681021,0.3943661971830985,0.0261256726635585,0.0,0.0,0.0,-0.0267460581706766,0.043383157127233,-0.014084507042253502,0.005108692728306802
8,46,xgb,s1_plus_ig,0.75,0.5,positive_only,s1_plus_ig/mode=positive_only/ratio=0.75/keep=0.5,0.3629812158558417,0.0484870579657309,0.4483506291486587,0.380281690140845,0.028602649698885,1.0,0.3297663889926996,S1/random_over,0.3479435929582807,0.0036456434560699,0.4529110075681021,0.3943661971830985,0.0261256726635585,0.0,0.0,0.0,0.015037622897560998,0.044841414509661,-0.014084507042253502,0.0024769770353265004
8,46,xgb,s1_plus_ig,1.0,0.5,positive_only,s1_plus_ig/mode=positive_only/ratio=1.0/keep=0.5,0.3542947905474821,0.0572366022602989,0.4337045042556273,0.380281690140845,0.0305892881435134,1.0,0.3297663889926996,S1/random_over,0.3479435929582807,0.0036456434560699,0.4529110075681021,0.3943661971830985,0.0261256726635585,0.0,0.0,0.0,0.006351197589201385,0.053590958804229,-0.014084507042253502,0.004463615479954899
8,46,xgb,s1_plus_ig,1.5,0.5,positive_only,s1_plus_ig/mode=positive_only/ratio=1.5/keep=0.5,0.306386362070812,0.0091141086401749,0.4322137772083966,0.380281690140845,0.0278426184753172,1.0,0.3297663889926996,S1/random_over,0.3479435929582807,0.0036456434560699,0.4529110075681021,0.3943661971830985,0.0261256726635585,0.0,0.0,0.0,-0.04155723088746871,0.005468465184105001,-0.014084507042253502,0.0017169458117586994
8,46,xgb,s1_plus_ig,2.0,0.5,positive_only,s1_plus_ig/mode=positive_only/ratio=2.0/keep=0.5,0.3119812094602949,0.0091141086401749,0.4322137772083966,0.380281690140845,0.0307115916280797,1.0,0.3297663889926996,S1/random_over,0.3479435929582807,0.0036456434560699,0.4529110075681021,0.3943661971830985,0.0261256726635585,0.0,0.0,0.0,-0.035962383497985806,0.005468465184105001,-0.014084507042253502,0.0045859189645212
8,46,xgb,s1_plus_ig,0.25,0.75,positive_only,s1_plus_ig/mode=positive_only/ratio=0.25/keep=0.75,0.3484573031199974,0.0462996718920889,0.4644110046200115,0.3661971830985915,0.0315376637989474,1.0,0.2173508679369284,S1/random_over,0.3479435929582807,0.0036456434560699,0.4529110075681021,0.3943661971830985,0.0261256726635585,0.0,0.0,0.0,0.0005137101617166961,0.042654028436019,-0.028169014084507005,0.005411991135388903
8,46,xgb,s1_plus_ig,0.5,0.75,positive_only,s1_plus_ig/mode=positive_only/ratio=0.5/keep=0.75,0.3211975347876041,0.0470288005833029,0.4693440366482523,0.380281690140845,0.0312343653918653,1.0,0.2173508679369284,S1/random_over,0.3479435929582807,0.0036456434560699,0.4529110075681021,0.3943661971830985,0.0261256726635585,0.0,0.0,0.0,-0.0267460581706766,0.043383157127233,-0.014084507042253502,0.005108692728306802
8,46,xgb,s1_plus_ig,0.75,0.75,positive_only,s1_plus_ig/mode=positive_only/ratio=0.75/keep=0.75,0.3462725173949099,0.0080204156033539,0.4338032329165056,0.380281690140845,0.0278787987420396,1.0,0.2173508679369284,S1/random_over,0.3479435929582807,0.0036456434560699,0.4529110075681021,0.3943661971830985,0.0261256726635585,0.0,0.0,0.0,-0.0016710755633708163,0.004374772147284,-0.014084507042253502,0.0017531260784811008
8,46,xgb,s1_plus_ig,1.0,0.75,positive_only,s1_plus_ig/mode=positive_only/ratio=1.0/keep=0.75,0.3199055807466,0.0091141086401749,0.4322137772083966,0.380281690140845,0.0362389711544047,1.0,0.2173508679369284,S1/random_over,0.3479435929582807,0.0036456434560699,0.4529110075681021,0.3943661971830985,0.0261256726635585,0.0,0.0,0.0,-0.028038012211680674,0.005468465184105001,-0.014084507042253502,0.0101132984908462
8,46,xgb,s1_plus_ig,1.5,0.75,positive_only,s1_plus_ig/mode=positive_only/ratio=1.5/keep=0.75,0.3049839360013058,0.0091141086401749,0.4322137772083966,0.380281690140845,0.0369149891476917,1.0,0.2173508679369284,S1/random_over,0.3479435929582807,0.0036456434560699,0.4529110075681021,0.3943661971830985,0.0261256726635585,0.0,0.0,0.0,-0.0429596569569749,0.005468465184105001,-0.014084507042253502,0.010789316484133202
8,46,xgb,s1_plus_ig,2.0,0.75,positive_only,s1_plus_ig/mode=positive_only/ratio=2.0/keep=0.75,0.3329310475668055,0.0393729493255559,0.4611483644408097,0.380281690140845,0.0380539765329209,1.0,0.2173508679369284,S1/random_over,0.3479435929582807,0.0036456434560699,0.4529110075681021,0.3943661971830985,0.0261256726635585,0.0,0.0,0.0,-0.015012545391475174,0.035727305869486,-0.014084507042253502,0.0119283038693624
8,46,xgb,s1_plus_ig,0.25,1.0,positive_only,s1_plus_ig/mode=positive_only/ratio=0.25/keep=1.0,0.3484573031199974,0.0462996718920889,0.4644110046200115,0.3661971830985915,0.0315376637989474,1.0,0.2623152565693085,S1/random_over,0.3479435929582807,0.0036456434560699,0.4529110075681021,0.3943661971830985,0.0261256726635585,0.0,0.0,0.0,0.0005137101617166961,0.042654028436019,-0.028169014084507005,0.005411991135388903
8,46,xgb,s1_plus_ig,0.5,1.0,positive_only,s1_plus_ig/mode=positive_only/ratio=0.5/keep=1.0,0.3211975347876041,0.0470288005833029,0.4693440366482523,0.380281690140845,0.0312343653918653,1.0,0.2623152565693085,S1/random_over,0.3479435929582807,0.0036456434560699,0.4529110075681021,0.3943661971830985,0.0261256726635585,0.0,0.0,0.0,-0.0267460581706766,0.043383157127233,-0.014084507042253502,0.005108692728306802
8,46,xgb,s1_plus_ig,0.75,1.0,positive_only,s1_plus_ig/mode=positive_only/ratio=0.75/keep=1.0,0.3462725173949099,0.0080204156033539,0.4338032329165056,0.380281690140845,0.0278787987420396,1.0,0.2623152565693085,S1/random_over,0.3479435929582807,0.0036456434560699,0.4529110075681021,0.3943661971830985,0.0261256726635585,0.0,0.0,0.0,-0.0016710755633708163,0.004374772147284,-0.014084507042253502,0.0017531260784811008
8,46,xgb,s1_plus_ig,1.0,1.0,positive_only,s1_plus_ig/mode=positive_only/ratio=1.0/keep=1.0,0.3199055807466,0.0091141086401749,0.4322137772083966,0.380281690140845,0.0362389711544047,1.0,0.2623152565693085,S1/random_over,0.3479435929582807,0.0036456434560699,0.4529110075681021,0.3943661971830985,0.0261256726635585,0.0,0.0,0.0,-0.028038012211680674,0.005468465184105001,-0.014084507042253502,0.0101132984908462
8,46,xgb,s1_plus_ig,1.5,1.0,positive_only,s1_plus_ig/mode=positive_only/ratio=1.5/keep=1.0,0.352738468743183,0.0091141086401749,0.4322137772083966,0.380281690140845,0.0326574585600111,1.0,0.2623152565693085,S1/random_over,0.3479435929582807,0.0036456434560699,0.4529110075681021,0.3943661971830985,0.0261256726635585,0.0,0.0,0.0,0.004794875784902286,0.005468465184105001,-0.014084507042253502,0.006531785896452601
8,46,xgb,s1_plus_ig,2.0,1.0,positive_only,s1_plus_ig/mode=positive_only/ratio=2.0/keep=1.0,0.3644032484567446,0.0503098796937659,0.4570834508232083,0.380281690140845,0.0373034769407676,1.0,0.2623152565693085,S1/random_over,0.3479435929582807,0.0036456434560699,0.4529110075681021,0.3943661971830985,0.0261256726635585,0.0,0.0,0.0,0.0164596554984639,0.046664236237696,-0.014084507042253502,0.011177804277209099
9,42,xgb,s1_plus_ig,0.25,0.25,positive_only,s1_plus_ig/mode=positive_only/ratio=0.25/keep=0.25,0.0181860777138265,0.1598673300165837,0.0611104856975745,0.0,0.0434121920047974,0.8703923900118906,0.04068187335572,S1/random_over,0.0229377191441319,0.1014925373134328,0.0742652986791658,0.0285714285714285,0.0210308163835448,0.0588645071403692,0.0055782283323293,0.0,-0.0047516414303054,0.05837479270315091,-0.0285714285714285,0.0223813756212526
9,42,xgb,s1_plus_ig,0.5,0.25,positive_only,s1_plus_ig/mode=positive_only/ratio=0.5/keep=0.25,0.0193193284226065,0.1187396351575456,0.0638653361996876,0.0,0.0256851622799304,0.8703923900118906,0.04068187335572,S1/random_over,0.0229377191441319,0.1014925373134328,0.0742652986791658,0.0285714285714285,0.0210308163835448,0.0588645071403692,0.0055782283323293,0.0,-0.003618390721525401,0.017247097844112796,-0.0285714285714285,0.004654345896385598
9,42,xgb,s1_plus_ig,0.75,0.25,positive_only,s1_plus_ig/mode=positive_only/ratio=0.75/keep=0.25,0.0212930876850059,0.0444444444444444,0.0789008695856749,0.0,0.028610428477476,0.8703923900118906,0.04068187335572,S1/random_over,0.0229377191441319,0.1014925373134328,0.0742652986791658,0.0285714285714285,0.0210308163835448,0.0588645071403692,0.0055782283323293,0.0,-0.0016446314591259982,-0.057048092868988404,-0.0285714285714285,0.007579612093931199
9,42,xgb,s1_plus_ig,1.0,0.25,positive_only,s1_plus_ig/mode=positive_only/ratio=1.0/keep=0.25,0.0219619022149438,0.1213930348258706,0.0715841553907007,0.0285714285714285,0.0344436981490838,0.8703923900118906,0.04068187335572,S1/random_over,0.0229377191441319,0.1014925373134328,0.0742652986791658,0.0285714285714285,0.0210308163835448,0.0588645071403692,0.0055782283323293,0.0,-0.0009758169291880989,0.019900497512437804,0.0,0.013412881765539002
9,42,xgb,s1_plus_ig,1.5,0.25,positive_only,s1_plus_ig/mode=positive_only/ratio=1.5/keep=0.25,0.0193646327321112,0.0839137645107794,0.0550775505086292,0.0,0.0423410758346647,0.8703923900118906,0.04068187335572,S1/random_over,0.0229377191441319,0.1014925373134328,0.0742652986791658,0.0285714285714285,0.0210308163835448,0.0588645071403692,0.0055782283323293,0.0,-0.0035730864120206984,-0.017578772802653395,-0.0285714285714285,0.021310259451119896
9,42,xgb,s1_plus_ig,2.0,0.25,positive_only,s1_plus_ig/mode=positive_only/ratio=2.0/keep=0.25,0.0209524270372963,0.0766169154228855,0.0714099154374509,0.0,0.0376850656746208,0.8703923900118906,0.04068187335572,S1/random_over,0.0229377191441319,0.1014925373134328,0.0742652986791658,0.0285714285714285,0.0210308163835448,0.0588645071403692,0.0055782283323293,0.0,-0.001985292106835599,-0.024875621890547303,-0.0285714285714285,0.016654249291076
9,42,xgb,s1_plus_ig,0.25,0.5,positive_only,s1_plus_ig/mode=positive_only/ratio=0.25/keep=0.5,0.0181860777138265,0.1598673300165837,0.0611104856975745,0.0,0.0434121920047974,0.9637336504161712,0.0193193921350967,S1/random_over,0.0229377191441319,0.1014925373134328,0.0742652986791658,0.0285714285714285,0.0210308163835448,0.0588645071403692,0.0055782283323293,0.0,-0.0047516414303054,0.05837479270315091,-0.0285714285714285,0.0223813756212526
9,42,xgb,s1_plus_ig,0.5,0.5,positive_only,s1_plus_ig/mode=positive_only/ratio=0.5/keep=0.5,0.024922899792738,0.0560530679933665,0.1040692037952781,0.0,0.0333342387090872,0.9637336504161712,0.0193193921350967,S1/random_over,0.0229377191441319,0.1014925373134328,0.0742652986791658,0.0285714285714285,0.0210308163835448,0.0588645071403692,0.0055782283323293,0.0,0.001985180648606099,-0.0454394693200663,-0.0285714285714285,0.0123034223255424
9,42,xgb,s1_plus_ig,0.75,0.5,positive_only,s1_plus_ig/mode=positive_only/ratio=0.75/keep=0.5,0.0217116065353488,0.0444444444444444,0.0930794368180778,0.0,0.030989833823042,0.9637336504161712,0.0193193921350967,S1/random_over,0.0229377191441319,0.1014925373134328,0.0742652986791658,0.0285714285714285,0.0210308163835448,0.0588645071403692,0.0055782283323293,0.0,-0.0012261126087830983,-0.057048092868988404,-0.0285714285714285,0.0099590174394972
9,42,xgb,s1_plus_ig,1.0,0.5,positive_only,s1_plus_ig/mode=positive_only/ratio=1.0/keep=0.5,0.0213082209121854,0.0401326699834162,0.0700023438576108,0.0,0.0319925520282653,0.9637336504161712,0.0193193921350967,S1/random_over,0.0229377191441319,0.1014925373134328,0.0742652986791658,0.0285714285714285,0.0210308163835448,0.0588645071403692,0.0055782283323293,0.0,-0.0016294982319465003,-0.0613598673300166,-0.0285714285714285,0.0109617356447205
9,42,xgb,s1_plus_ig,1.5,0.5,positive_only,s1_plus_ig/mode=positive_only/ratio=1.5/keep=0.5,0.0268888312520704,0.1031509121061359,0.0927313875225266,0.0,0.0370427849376753,0.9637336504161712,0.0193193921350967,S1/random_over,0.0229377191441319,0.1014925373134328,0.0742652986791658,0.0285714285714285,0.0210308163835448,0.0588645071403692,0.0055782283323293,0.0,0.003951112107938502,0.0016583747927031017,-0.0285714285714285,0.0160119685541305
9,42,xgb,s1_plus_ig,2.0,0.5,positive_only,s1_plus_ig/mode=positive_only/ratio=2.0/keep=0.5,0.0252564460463525,0.0391376451077943,0.0864199798724186,0.0285714285714285,0.0383706384159723,0.9637336504161712,0.0193193921350967,S1/random_over,0.0229377191441319,0.1014925373134328,0.0742652986791658,0.0285714285714285,0.0210308163835448,0.0588645071403692,0.0055782283323293,0.0,0.0023187269022206004,-0.0623548922056385,0.0,0.017339822032427496
9,42,xgb,s1_plus_ig,0.25,0.75,positive_only,s1_plus_ig/mode=positive_only/ratio=0.25/keep=0.75,0.0181860777138265,0.1598673300165837,0.0611104856975745,0.0,0.0434121920047974,0.9747324613555292,0.0176934559690031,S1/random_over,0.0229377191441319,0.1014925373134328,0.0742652986791658,0.0285714285714285,0.0210308163835448,0.0588645071403692,0.0055782283323293,0.0,-0.0047516414303054,0.05837479270315091,-0.0285714285714285,0.0223813756212526
9,42,xgb,s1_plus_ig,0.5,0.75,positive_only,s1_plus_ig/mode=positive_only/ratio=0.5/keep=0.75,0.024922899792738,0.0560530679933665,0.1040692037952781,0.0,0.0333342387090872,0.9747324613555292,0.0176934559690031,S1/random_over,0.0229377191441319,0.1014925373134328,0.0742652986791658,0.0285714285714285,0.0210308163835448,0.0588645071403692,0.0055782283323293,0.0,0.001985180648606099,-0.0454394693200663,-0.0285714285714285,0.0123034223255424
9,42,xgb,s1_plus_ig,0.75,0.75,positive_only,s1_plus_ig/mode=positive_only/ratio=0.75/keep=0.75,0.0205748742616,0.0759535655058043,0.0719472288003879,0.0,0.0353402517508558,0.9747324613555292,0.0176934559690031,S1/random_over,0.0229377191441319,0.1014925373134328,0.0742652986791658,0.0285714285714285,0.0210308163835448,0.0588645071403692,0.0055782283323293,0.0,-0.002362844882531901,-0.0255389718076285,-0.0285714285714285,0.014309435367310996
9,42,xgb,s1_plus_ig,1.0,0.75,positive_only,s1_plus_ig/mode=positive_only/ratio=1.0/keep=0.75,0.0196074028442115,0.1107794361525704,0.0684324848334537,0.0,0.0279824016973168,0.9747324613555292,0.0176934559690031,S1/random_over,0.0229377191441319,0.1014925373134328,0.0742652986791658,0.0285714285714285,0.0210308163835448,0.0588645071403692,0.0055782283323293,0.0,-0.003330316299920401,0.009286898839137595,-0.0285714285714285,0.006951585313771998
9,42,xgb,s1_plus_ig,1.5,0.75,positive_only,s1_plus_ig/mode=positive_only/ratio=1.5/keep=0.75,0.0205708118510052,0.1349917081260364,0.0730786220970468,0.0,0.0311036969259043,0.9747324613555292,0.0176934559690031,S1/random_over,0.0229377191441319,0.1014925373134328,0.0742652986791658,0.0285714285714285,0.0210308163835448,0.0588645071403692,0.0055782283323293,0.0,-0.002366907293126698,0.03349917081260359,-0.0285714285714285,0.0100728805423595
9,42,xgb,s1_plus_ig,2.0,0.75,positive_only,s1_plus_ig/mode=positive_only/ratio=2.0/keep=0.75,0.0221792404455193,0.2255389718076285,0.0732062909889265,0.0285714285714285,0.0326971104430242,0.9747324613555292,0.0176934559690031,S1/random_over,0.0229377191441319,0.1014925373134328,0.0742652986791658,0.0285714285714285,0.0210308163835448,0.0588645071403692,0.0055782283323293,0.0,-0.0007584786986125983,0.1240464344941957,0.0,0.011666294059479401
9,42,xgb,s1_plus_ig,0.25,1.0,positive_only,s1_plus_ig/mode=positive_only/ratio=0.25/keep=1.0,0.0181860777138265,0.1598673300165837,0.0611104856975745,0.0,0.0434121920047974,0.974435196195006,0.0209803628932613,S1/random_over,0.0229377191441319,0.1014925373134328,0.0742652986791658,0.0285714285714285,0.0210308163835448,0.0588645071403692,0.0055782283323293,0.0,-0.0047516414303054,0.05837479270315091,-0.0285714285714285,0.0223813756212526
9,42,xgb,s1_plus_ig,0.5,1.0,positive_only,s1_plus_ig/mode=positive_only/ratio=0.5/keep=1.0,0.024922899792738,0.0560530679933665,0.1040692037952781,0.0,0.0333342387090872,0.974435196195006,0.0209803628932613,S1/random_over,0.0229377191441319,0.1014925373134328,0.0742652986791658,0.0285714285714285,0.0210308163835448,0.0588645071403692,0.0055782283323293,0.0,0.001985180648606099,-0.0454394693200663,-0.0285714285714285,0.0123034223255424
9,42,xgb,s1_plus_ig,0.75,1.0,positive_only,s1_plus_ig/mode=positive_only/ratio=0.75/keep=1.0,0.0205748742616,0.0759535655058043,0.0719472288003879,0.0,0.0353402517508558,0.974435196195006,0.0209803628932613,S1/random_over,0.0229377191441319,0.1014925373134328,0.0742652986791658,0.0285714285714285,0.0210308163835448,0.0588645071403692,0.0055782283323293,0.0,-0.002362844882531901,-0.0255389718076285,-0.0285714285714285,0.014309435367310996
9,42,xgb,s1_plus_ig,1.0,1.0,positive_only,s1_plus_ig/mode=positive_only/ratio=1.0/keep=1.0,0.0196074028442115,0.1107794361525704,0.0684324848334537,0.0,0.0279824016973168,0.974435196195006,0.0209803628932613,S1/random_over,0.0229377191441319,0.1014925373134328,0.0742652986791658,0.0285714285714285,0.0210308163835448,0.0588645071403692,0.0055782283323293,0.0,-0.003330316299920401,0.009286898839137595,-0.0285714285714285,0.006951585313771998
9,42,xgb,s1_plus_ig,1.5,1.0,positive_only,s1_plus_ig/mode=positive_only/ratio=1.5/keep=1.0,0.0219509993269606,0.1111111111111111,0.0682347661618641,0.0,0.0274130755494408,0.974435196195006,0.0209803628932613,S1/random_over,0.0229377191441319,0.1014925373134328,0.0742652986791658,0.0285714285714285,0.0210308163835448,0.0588645071403692,0.0055782283323293,0.0,-0.0009867198171712999,0.009618573797678304,-0.0285714285714285,0.0063822591658959996
9,42,xgb,s1_plus_ig,2.0,1.0,positive_only,s1_plus_ig/mode=positive_only/ratio=2.0/keep=1.0,0.0243958907797609,0.0630182421227197,0.0837207559315008,0.0,0.0324197078215211,0.974435196195006,0.0209803628932613,S1/random_over,0.0229377191441319,0.1014925373134328,0.0742652986791658,0.0285714285714285,0.0210308163835448,0.0588645071403692,0.0055782283323293,0.0,0.001458171635629002,-0.038474295190713104,-0.0285714285714285,0.0113888914379763
9,43,xgb,s1_plus_ig,0.25,0.25,positive_only,s1_plus_ig/mode=positive_only/ratio=0.25/keep=0.25,0.0258429708614154,0.1864013266998341,0.0812882073680013,0.0,0.0316268584809552,0.7407847800237812,0.0270133985257503,S1/random_under_10to1,0.0237296899268134,0.132669983416252,0.0831289954121062,0.0,0.0276768608968703,0.0672239637756879,0.0235037719435343,0.0,0.002113280934602002,0.05373134328358212,0.0,0.003949997584084899
9,43,xgb,s1_plus_ig,0.5,0.25,positive_only,s1_plus_ig/mode=positive_only/ratio=0.5/keep=0.25,0.0205547261473962,0.0895522388059701,0.0723558691729121,0.0,0.0306854875686203,0.7407847800237812,0.0270133985257503,S1/random_under_10to1,0.0237296899268134,0.132669983416252,0.0831289954121062,0.0,0.0276768608968703,0.0672239637756879,0.0235037719435343,0.0,-0.0031749637794172003,-0.043117744610281894,0.0,0.0030086266717499997
9,43,xgb,s1_plus_ig,0.75,0.25,positive_only,s1_plus_ig/mode=positive_only/ratio=0.75/keep=0.25,0.0224940305704528,0.0965174129353233,0.087712501587059,0.0,0.0253453474329161,0.7407847800237812,0.0270133985257503,S1/random_under_10to1,0.0237296899268134,0.132669983416252,0.0831289954121062,0.0,0.0276768608968703,0.0672239637756879,0.0235037719435343,0.0,-0.0012356593563605973,-0.036152570480928695,0.0,-0.0023315134639542018
9,43,xgb,s1_plus_ig,1.0,0.25,positive_only,s1_plus_ig/mode=positive_only/ratio=1.0/keep=0.25,0.0229103007220604,0.096849087893864,0.0774211713373752,0.0,0.0260106998903418,0.7407847800237812,0.0270133985257503,S1/random_under_10to1,0.0237296899268134,0.132669983416252,0.0831289954121062,0.0,0.0276768608968703,0.0672239637756879,0.0235037719435343,0.0,-0.0008193892047529995,-0.035820895522388,0.0,-0.0016661610065285028
9,43,xgb,s1_plus_ig,1.5,0.25,positive_only,s1_plus_ig/mode=positive_only/ratio=1.5/keep=0.25,0.0203623336370613,0.0262023217247097,0.0576599012606999,0.0285714285714285,0.0233278779032024,0.7407847800237812,0.0270133985257503,S1/random_under_10to1,0.0237296899268134,0.132669983416252,0.0831289954121062,0.0,0.0276768608968703,0.0672239637756879,0.0235037719435343,0.0,-0.0033673562897520992,-0.1064676616915423,0.0285714285714285,-0.004348982993667903
9,43,xgb,s1_plus_ig,2.0,0.25,positive_only,s1_plus_ig/mode=positive_only/ratio=2.0/keep=0.25,0.0184856666948781,0.2106135986733001,0.0640826601503867,0.0285714285714285,0.0205611094152396,0.7407847800237812,0.0270133985257503,S1/random_under_10to1,0.0237296899268134,0.132669983416252,0.0831289954121062,0.0,0.0276768608968703,0.0672239637756879,0.0235037719435343,0.0,-0.005244023231935298,0.0779436152570481,0.0285714285714285,-0.007115751481630701
9,43,xgb,s1_plus_ig,0.25,0.5,positive_only,s1_plus_ig/mode=positive_only/ratio=0.25/keep=0.5,0.0258429708614154,0.1864013266998341,0.0812882073680013,0.0,0.0316268584809552,0.9803804994054696,0.0188046648769115,S1/random_under_10to1,0.0237296899268134,0.132669983416252,0.0831289954121062,0.0,0.0276768608968703,0.0672239637756879,0.0235037719435343,0.0,0.002113280934602002,0.05373134328358212,0.0,0.003949997584084899
9,43,xgb,s1_plus_ig,0.5,0.5,positive_only,s1_plus_ig/mode=positive_only/ratio=0.5/keep=0.5,0.0226223543981824,0.1621890547263681,0.0682513199091466,0.0285714285714285,0.0371418852536666,0.9803804994054696,0.0188046648769115,S1/random_under_10to1,0.0237296899268134,0.132669983416252,0.0831289954121062,0.0,0.0276768608968703,0.0672239637756879,0.0235037719435343,0.0,-0.0011073355286309976,0.029519071310116107,0.0285714285714285,0.0094650243567963
9,43,xgb,s1_plus_ig,0.75,0.5,positive_only,s1_plus_ig/mode=positive_only/ratio=0.75/keep=0.5,0.0249023126226822,0.0520729684908789,0.096278187095636,0.0285714285714285,0.0319696055163716,0.9803804994054696,0.0188046648769115,S1/random_under_10to1,0.0237296899268134,0.132669983416252,0.0831289954121062,0.0,0.0276768608968703,0.0672239637756879,0.0235037719435343,0.0,0.0011726226958688017,-0.0805970149253731,0.0285714285714285,0.004292744619501302
9,43,xgb,s1_plus_ig,1.0,0.5,positive_only,s1_plus_ig/mode=positive_only/ratio=1.0/keep=0.5,0.0235462347851669,0.057379767827529,0.0644587113043624,0.0285714285714285,0.0331215280913009,0.9803804994054696,0.0188046648769115,S1/random_under_10to1,0.0237296899268134,0.132669983416252,0.0831289954121062,0.0,0.0276768608968703,0.0672239637756879,0.0235037719435343,0.0,-0.00018345514164649912,-0.075290215588723,0.0285714285714285,0.0054446671944306
9,43,xgb,s1_plus_ig,1.5,0.5,positive_only,s1_plus_ig/mode=positive_only/ratio=1.5/keep=0.5,0.0257328270174249,0.0703150912106135,0.0883091217241765,0.0,0.0320529418865164,0.9803804994054696,0.0188046648769115,S1/random_under_10to1,0.0237296899268134,0.132669983416252,0.0831289954121062,0.0,0.0276768608968703,0.0672239637756879,0.0235037719435343,0.0,0.002003137090611503,-0.0623548922056385,0.0,0.004376080989646102
9,43,xgb,s1_plus_ig,2.0,0.5,positive_only,s1_plus_ig/mode=positive_only/ratio=2.0/keep=0.5,0.0255839736944403,0.0162520729684908,0.0799045496858515,0.0571428571428571,0.0301271909492458,0.9803804994054696,0.0188046648769115,S1/random_under_10to1,0.0237296899268134,0.132669983416252,0.0831289954121062,0.0,0.0276768608968703,0.0672239637756879,0.0235037719435343,0.0,0.0018542837676269013,-0.1164179104477612,0.0571428571428571,0.0024503300523755003
9,43,xgb,s1_plus_ig,0.25,0.75,positive_only,s1_plus_ig/mode=positive_only/ratio=0.25/keep=0.75,0.0258429708614154,0.1864013266998341,0.0812882073680013,0.0,0.0316268584809552,0.9916765755053508,0.0241137546433699,S1/random_under_10to1,0.0237296899268134,0.132669983416252,0.0831289954121062,0.0,0.0276768608968703,0.0672239637756879,0.0235037719435343,0.0,0.002113280934602002,0.05373134328358212,0.0,0.003949997584084899
9,43,xgb,s1_plus_ig,0.5,0.75,positive_only,s1_plus_ig/mode=positive_only/ratio=0.5/keep=0.75,0.0226223543981824,0.1621890547263681,0.0682513199091466,0.0285714285714285,0.0371418852536666,0.9916765755053508,0.0241137546433699,S1/random_under_10to1,0.0237296899268134,0.132669983416252,0.0831289954121062,0.0,0.0276768608968703,0.0672239637756879,0.0235037719435343,0.0,-0.0011073355286309976,0.029519071310116107,0.0285714285714285,0.0094650243567963
9,43,xgb,s1_plus_ig,0.75,0.75,positive_only,s1_plus_ig/mode=positive_only/ratio=0.75/keep=0.75,0.0227977060799187,0.0819237147595356,0.0889355152444188,0.0,0.0308631322474511,0.9916765755053508,0.0241137546433699,S1/random_under_10to1,0.0237296899268134,0.132669983416252,0.0831289954121062,0.0,0.0276768608968703,0.0672239637756879,0.0235037719435343,0.0,-0.0009319838468946975,-0.0507462686567164,0.0,0.003186271350580798
9,43,xgb,s1_plus_ig,1.0,0.75,positive_only,s1_plus_ig/mode=positive_only/ratio=1.0/keep=0.75,0.0239574307222527,0.0882255389718076,0.0942260477042386,0.0,0.0308930245599279,0.9916765755053508,0.0241137546433699,S1/random_under_10to1,0.0237296899268134,0.132669983416252,0.0831289954121062,0.0,0.0276768608968703,0.0672239637756879,0.0235037719435343,0.0,0.0002277407954393018,-0.0444444444444444,0.0,0.0032161636630575995
9,43,xgb,s1_plus_ig,1.5,0.75,positive_only,s1_plus_ig/mode=positive_only/ratio=1.5/keep=0.75,0.0238798681772758,0.0812603648424544,0.0895050758176264,0.0,0.0343495098457294,0.9916765755053508,0.0241137546433699,S1/random_under_10to1,0.0237296899268134,0.132669983416252,0.0831289954121062,0.0,0.0276768608968703,0.0672239637756879,0.0235037719435343,0.0,0.00015017825046240163,-0.0514096185737976,0.0,0.006672648948859102
9,43,xgb,s1_plus_ig,2.0,0.75,positive_only,s1_plus_ig/mode=positive_only/ratio=2.0/keep=0.75,0.0248756380879157,0.0908789386401326,0.0920637415464265,0.0285714285714285,0.0331539060925295,0.9916765755053508,0.0241137546433699,S1/random_under_10to1,0.0237296899268134,0.132669983416252,0.0831289954121062,0.0,0.0276768608968703,0.0672239637756879,0.0235037719435343,0.0,0.0011459481611023024,-0.04179104477611939,0.0285714285714285,0.0054770451956592005
9,43,xgb,s1_plus_ig,0.25,1.0,positive_only,s1_plus_ig/mode=positive_only/ratio=0.25/keep=1.0,0.0258429708614154,0.1864013266998341,0.0812882073680013,0.0,0.0316268584809552,0.997027348394768,0.0208349752257788,S1/random_under_10to1,0.0237296899268134,0.132669983416252,0.0831289954121062,0.0,0.0276768608968703,0.0672239637756879,0.0235037719435343,0.0,0.002113280934602002,0.05373134328358212,0.0,0.003949997584084899
9,43,xgb,s1_plus_ig,0.5,1.0,positive_only,s1_plus_ig/mode=positive_only/ratio=0.5/keep=1.0,0.0226223543981824,0.1621890547263681,0.0682513199091466,0.0285714285714285,0.0371418852536666,0.997027348394768,0.0208349752257788,S1/random_under_10to1,0.0237296899268134,0.132669983416252,0.0831289954121062,0.0,0.0276768608968703,0.0672239637756879,0.0235037719435343,0.0,-0.0011073355286309976,0.029519071310116107,0.0285714285714285,0.0094650243567963
9,43,xgb,s1_plus_ig,0.75,1.0,positive_only,s1_plus_ig/mode=positive_only/ratio=0.75/keep=1.0,0.0227977060799187,0.0819237147595356,0.0889355152444188,0.0,0.0308631322474511,0.997027348394768,0.0208349752257788,S1/random_under_10to1,0.0237296899268134,0.132669983416252,0.0831289954121062,0.0,0.0276768608968703,0.0672239637756879,0.0235037719435343,0.0,-0.0009319838468946975,-0.0507462686567164,0.0,0.003186271350580798
9,43,xgb,s1_plus_ig,1.0,1.0,positive_only,s1_plus_ig/mode=positive_only/ratio=1.0/keep=1.0,0.0239574307222527,0.0882255389718076,0.0942260477042386,0.0,0.0308930245599279,0.997027348394768,0.0208349752257788,S1/random_under_10to1,0.0237296899268134,0.132669983416252,0.0831289954121062,0.0,0.0276768608968703,0.0672239637756879,0.0235037719435343,0.0,0.0002277407954393018,-0.0444444444444444,0.0,0.0032161636630575995
9,43,xgb,s1_plus_ig,1.5,1.0,positive_only,s1_plus_ig/mode=positive_only/ratio=1.5/keep=1.0,0.0250442999001384,0.0059701492537313,0.0675273593986011,0.0571428571428571,0.0298926220046949,0.997027348394768,0.0208349752257788,S1/random_under_10to1,0.0237296899268134,0.132669983416252,0.0831289954121062,0.0,0.0276768608968703,0.0672239637756879,0.0235037719435343,0.0,0.0013146099733250018,-0.1266998341625207,0.0571428571428571,0.0022157611078246
9,43,xgb,s1_plus_ig,2.0,1.0,positive_only,s1_plus_ig/mode=positive_only/ratio=2.0/keep=1.0,0.0198201696780992,0.2106135986733001,0.0714695369249657,0.0285714285714285,0.0312890201399394,0.997027348394768,0.0208349752257788,S1/random_under_10to1,0.0237296899268134,0.132669983416252,0.0831289954121062,0.0,0.0276768608968703,0.0672239637756879,0.0235037719435343,0.0,-0.003909520248714198,0.0779436152570481,0.0285714285714285,0.0036121592430690998
9,44,xgb,s1_plus_ig,0.25,0.25,positive_only,s1_plus_ig/mode=positive_only/ratio=0.25/keep=0.25,0.0188144984345723,0.1273631840796019,0.0592936958009853,0.0,0.0339919261892781,0.8906064209274673,0.0444210581817165,S1/random_under_20to1,0.0307094371834947,0.0043117744610281,0.0804344717726165,0.0857142857142857,0.0265071064294245,0.0,0.0,0.0,-0.0118949387489224,0.1230514096185738,-0.0857142857142857,0.0074848197598536
9,44,xgb,s1_plus_ig,0.5,0.25,positive_only,s1_plus_ig/mode=positive_only/ratio=0.5/keep=0.25,0.0201531567695809,0.1207296849087893,0.0719623443323216,0.0,0.0384959221710054,0.8906064209274673,0.0444210581817165,S1/random_under_20to1,0.0307094371834947,0.0043117744610281,0.0804344717726165,0.0857142857142857,0.0265071064294245,0.0,0.0,0.0,-0.0105562804139138,0.1164179104477612,-0.0857142857142857,0.0119888157415809
9,44,xgb,s1_plus_ig,0.75,0.25,positive_only,s1_plus_ig/mode=positive_only/ratio=0.75/keep=0.25,0.0176019602042973,0.1290215588723051,0.0673976093448736,0.0285714285714285,0.0432395752290079,0.8906064209274673,0.0444210581817165,S1/random_under_20to1,0.0307094371834947,0.0043117744610281,0.0804344717726165,0.0857142857142857,0.0265071064294245,0.0,0.0,0.0,-0.0131074769791974,0.124709784411277,-0.057142857142857204,0.0167324687995834
9,44,xgb,s1_plus_ig,1.0,0.25,positive_only,s1_plus_ig/mode=positive_only/ratio=1.0/keep=0.25,0.0172306497626039,0.1187396351575456,0.0545977728781619,0.0,0.0363262597958585,0.8906064209274673,0.0444210581817165,S1/random_under_20to1,0.0307094371834947,0.0043117744610281,0.0804344717726165,0.0857142857142857,0.0265071064294245,0.0,0.0,0.0,-0.0134787874208908,0.1144278606965175,-0.0857142857142857,0.009819153366433998
9,44,xgb,s1_plus_ig,1.5,0.25,positive_only,s1_plus_ig/mode=positive_only/ratio=1.5/keep=0.25,0.0161618136926265,0.0908789386401326,0.0506267835985954,0.0,0.0291949106878016,0.8906064209274673,0.0444210581817165,S1/random_under_20to1,0.0307094371834947,0.0043117744610281,0.0804344717726165,0.0857142857142857,0.0265071064294245,0.0,0.0,0.0,-0.014547623490868203,0.08656716417910451,-0.0857142857142857,0.002687804258377103
9,44,xgb,s1_plus_ig,2.0,0.25,positive_only,s1_plus_ig/mode=positive_only/ratio=2.0/keep=0.25,0.0178634387095127,0.0819237147595356,0.0781375404905891,0.0,0.0305618062857688,0.8906064209274673,0.0444210581817165,S1/random_under_20to1,0.0307094371834947,0.0043117744610281,0.0804344717726165,0.0857142857142857,0.0265071064294245,0.0,0.0,0.0,-0.012845998473982,0.0776119402985075,-0.0857142857142857,0.004054699856344303
9,44,xgb,s1_plus_ig,0.25,0.5,positive_only,s1_plus_ig/mode=positive_only/ratio=0.25/keep=0.5,0.0188144984345723,0.1273631840796019,0.0592936958009853,0.0,0.0339919261892781,0.9860285374554102,0.0203252874757241,S1/random_under_20to1,0.0307094371834947,0.0043117744610281,0.0804344717726165,0.0857142857142857,0.0265071064294245,0.0,0.0,0.0,-0.0118949387489224,0.1230514096185738,-0.0857142857142857,0.0074848197598536
9,44,xgb,s1_plus_ig,0.5,0.5,positive_only,s1_plus_ig/mode=positive_only/ratio=0.5/keep=0.5,0.020056551148507,0.0507462686567164,0.0713007281421456,0.0,0.0344703224178463,0.9860285374554102,0.0203252874757241,S1/random_under_20to1,0.0307094371834947,0.0043117744610281,0.0804344717726165,0.0857142857142857,0.0265071064294245,0.0,0.0,0.0,-0.0106528860349877,0.0464344941956883,-0.0857142857142857,0.007963215988421798
9,44,xgb,s1_plus_ig,0.75,0.5,positive_only,s1_plus_ig/mode=positive_only/ratio=0.75/keep=0.5,0.022735325731086,0.0859038142620232,0.0856318017816988,0.0,0.029334575608405,0.9860285374554102,0.0203252874757241,S1/random_under_20to1,0.0307094371834947,0.0043117744610281,0.0804344717726165,0.0857142857142857,0.0265071064294245,0.0,0.0,0.0,-0.0079741114524087,0.08159203980099511,-0.0857142857142857,0.002827469178980503
9,44,xgb,s1_plus_ig,1.0,0.5,positive_only,s1_plus_ig/mode=positive_only/ratio=1.0/keep=0.5,0.0212476832468611,0.1180762852404643,0.0642324054024449,0.0,0.0287245989277549,0.9860285374554102,0.0203252874757241,S1/random_under_20to1,0.0307094371834947,0.0043117744610281,0.0804344717726165,0.0857142857142857,0.0265071064294245,0.0,0.0,0.0,-0.0094617539366336,0.11376451077943621,-0.0857142857142857,0.0022174924983304027
9,44,xgb,s1_plus_ig,1.5,0.5,positive_only,s1_plus_ig/mode=positive_only/ratio=1.5/keep=0.5,0.0209493558641311,0.0812603648424544,0.067797682626418,0.0,0.025893941306055,0.9860285374554102,0.0203252874757241,S1/random_under_20to1,0.0307094371834947,0.0043117744610281,0.0804344717726165,0.0857142857142857,0.0265071064294245,0.0,0.0,0.0,-0.009760081319363602,0.0769485903814263,-0.0857142857142857,-0.0006131651233694975
9,44,xgb,s1_plus_ig,2.0,0.5,positive_only,s1_plus_ig/mode=positive_only/ratio=2.0/keep=0.5,0.0198993899347503,0.1031509121061359,0.0633631922390558,0.0,0.0324235293732159,0.9860285374554102,0.0203252874757241,S1/random_under_20to1,0.0307094371834947,0.0043117744610281,0.0804344717726165,0.0857142857142857,0.0265071064294245,0.0,0.0,0.0,-0.0108100472487444,0.09883913764510781,-0.0857142857142857,0.005916422943791404
9,44,xgb,s1_plus_ig,0.25,0.75,positive_only,s1_plus_ig/mode=positive_only/ratio=0.25/keep=0.75,0.0188144984345723,0.1273631840796019,0.0592936958009853,0.0,0.0339919261892781,0.9800832342449464,0.0259861769328382,S1/random_under_20to1,0.0307094371834947,0.0043117744610281,0.0804344717726165,0.0857142857142857,0.0265071064294245,0.0,0.0,0.0,-0.0118949387489224,0.1230514096185738,-0.0857142857142857,0.0074848197598536
9,44,xgb,s1_plus_ig,0.5,0.75,positive_only,s1_plus_ig/mode=positive_only/ratio=0.5/keep=0.75,0.020056551148507,0.0507462686567164,0.0713007281421456,0.0,0.0344703224178463,0.9800832342449464,0.0259861769328382,S1/random_under_20to1,0.0307094371834947,0.0043117744610281,0.0804344717726165,0.0857142857142857,0.0265071064294245,0.0,0.0,0.0,-0.0106528860349877,0.0464344941956883,-0.0857142857142857,0.007963215988421798
9,44,xgb,s1_plus_ig,0.75,0.75,positive_only,s1_plus_ig/mode=positive_only/ratio=0.75/keep=0.75,0.0216844562777464,0.0650082918739635,0.0697317523936991,0.0,0.0332560837829433,0.9800832342449464,0.0259861769328382,S1/random_under_20to1,0.0307094371834947,0.0043117744610281,0.0804344717726165,0.0857142857142857,0.0265071064294245,0.0,0.0,0.0,-0.009024980905748301,0.06069651741293539,-0.0857142857142857,0.006748977353518801
9,44,xgb,s1_plus_ig,1.0,0.75,positive_only,s1_plus_ig/mode=positive_only/ratio=1.0/keep=0.75,0.0242547857275141,0.0530679933665008,0.08193353123631,0.0,0.0305315720435592,0.9800832342449464,0.0259861769328382,S1/random_under_20to1,0.0307094371834947,0.0043117744610281,0.0804344717726165,0.0857142857142857,0.0265071064294245,0.0,0.0,0.0,-0.006454651455980603,0.0487562189054727,-0.0857142857142857,0.004024465614134703
9,44,xgb,s1_plus_ig,1.5,0.75,positive_only,s1_plus_ig/mode=positive_only/ratio=1.5/keep=0.75,0.0190851049977096,0.145273631840796,0.0763594502790798,0.0,0.0368142608610672,0.9800832342449464,0.0259861769328382,S1/random_under_20to1,0.0307094371834947,0.0043117744610281,0.0804344717726165,0.0857142857142857,0.0265071064294245,0.0,0.0,0.0,-0.0116243321857851,0.1409618573797679,-0.0857142857142857,0.0103071544316427
9,44,xgb,s1_plus_ig,2.0,0.75,positive_only,s1_plus_ig/mode=positive_only/ratio=2.0/keep=0.75,0.022424694607589,0.1648424543946932,0.0751544561754734,0.0285714285714285,0.0350901995336913,0.9800832342449464,0.0259861769328382,S1/random_under_20to1,0.0307094371834947,0.0043117744610281,0.0804344717726165,0.0857142857142857,0.0265071064294245,0.0,0.0,0.0,-0.008284742575905703,0.1605306799336651,-0.057142857142857204,0.008583093104266803
9,44,xgb,s1_plus_ig,0.25,1.0,positive_only,s1_plus_ig/mode=positive_only/ratio=0.25/keep=1.0,0.0188144984345723,0.1273631840796019,0.0592936958009853,0.0,0.0339919261892781,0.9976218787158144,0.0158034319641184,S1/random_under_20to1,0.0307094371834947,0.0043117744610281,0.0804344717726165,0.0857142857142857,0.0265071064294245,0.0,0.0,0.0,-0.0118949387489224,0.1230514096185738,-0.0857142857142857,0.0074848197598536
9,44,xgb,s1_plus_ig,0.5,1.0,positive_only,s1_plus_ig/mode=positive_only/ratio=0.5/keep=1.0,0.020056551148507,0.0507462686567164,0.0713007281421456,0.0,0.0344703224178463,0.9976218787158144,0.0158034319641184,S1/random_under_20to1,0.0307094371834947,0.0043117744610281,0.0804344717726165,0.0857142857142857,0.0265071064294245,0.0,0.0,0.0,-0.0106528860349877,0.0464344941956883,-0.0857142857142857,0.007963215988421798
9,44,xgb,s1_plus_ig,0.75,1.0,positive_only,s1_plus_ig/mode=positive_only/ratio=0.75/keep=1.0,0.0216844562777464,0.0650082918739635,0.0697317523936991,0.0,0.0332560837829433,0.9976218787158144,0.0158034319641184,S1/random_under_20to1,0.0307094371834947,0.0043117744610281,0.0804344717726165,0.0857142857142857,0.0265071064294245,0.0,0.0,0.0,-0.009024980905748301,0.06069651741293539,-0.0857142857142857,0.006748977353518801
9,44,xgb,s1_plus_ig,1.0,1.0,positive_only,s1_plus_ig/mode=positive_only/ratio=1.0/keep=1.0,0.0242547857275141,0.0530679933665008,0.08193353123631,0.0,0.0305315720435592,0.9976218787158144,0.0158034319641184,S1/random_under_20to1,0.0307094371834947,0.0043117744610281,0.0804344717726165,0.0857142857142857,0.0265071064294245,0.0,0.0,0.0,-0.006454651455980603,0.0487562189054727,-0.0857142857142857,0.004024465614134703
9,44,xgb,s1_plus_ig,1.5,1.0,positive_only,s1_plus_ig/mode=positive_only/ratio=1.5/keep=1.0,0.0195270750408249,0.1034825870646766,0.0729643805110349,0.0,0.0331265659380472,0.9976218787158144,0.0158034319641184,S1/random_under_20to1,0.0307094371834947,0.0043117744610281,0.0804344717726165,0.0857142857142857,0.0265071064294245,0.0,0.0,0.0,-0.0111823621426698,0.0991708126036485,-0.0857142857142857,0.006619459508622701
9,44,xgb,s1_plus_ig,2.0,1.0,positive_only,s1_plus_ig/mode=positive_only/ratio=2.0/keep=1.0,0.0284980884923777,0.0646766169154228,0.1059350519739959,0.0285714285714285,0.0348492027755032,0.9976218787158144,0.0158034319641184,S1/random_under_20to1,0.0307094371834947,0.0043117744610281,0.0804344717726165,0.0857142857142857,0.0265071064294245,0.0,0.0,0.0,-0.0022113486911170023,0.0603648424543947,-0.057142857142857204,0.0083420963460787
9,45,xgb,s1_plus_ig,0.25,0.25,positive_only,s1_plus_ig/mode=positive_only/ratio=0.25/keep=0.25,0.0177154323476542,0.1933665008291874,0.0554679954081644,0.0,0.0304337008520194,0.7883472057074912,0.0106687311259491,S1/smote,0.0232079744766764,0.0746268656716417,0.0843076340165645,0.0,0.0235430365825783,0.0456287008011145,0.0271874275161469,0.0,-0.005492542129022199,0.11873963515754571,0.0,0.006890664269441099
9,45,xgb,s1_plus_ig,0.5,0.25,positive_only,s1_plus_ig/mode=positive_only/ratio=0.5/keep=0.25,0.0201200367318931,0.1134328358208955,0.0668694751622406,0.0,0.0245812079812645,0.7883472057074912,0.0106687311259491,S1/smote,0.0232079744766764,0.0746268656716417,0.0843076340165645,0.0,0.0235430365825783,0.0456287008011145,0.0271874275161469,0.0,-0.0030879377447833,0.0388059701492538,0.0,0.0010381713986861996
9,45,xgb,s1_plus_ig,0.75,0.25,positive_only,s1_plus_ig/mode=positive_only/ratio=0.75/keep=0.25,0.0194677612303615,0.1442786069651741,0.059802472377775,0.0,0.0279235741421226,0.7883472057074912,0.0106687311259491,S1/smote,0.0232079744766764,0.0746268656716417,0.0843076340165645,0.0,0.0235430365825783,0.0456287008011145,0.0271874275161469,0.0,-0.003740213246314898,0.06965174129353241,0.0,0.0043805375595443
9,45,xgb,s1_plus_ig,1.0,0.25,positive_only,s1_plus_ig/mode=positive_only/ratio=1.0/keep=0.25,0.0218083450071053,0.1250414593698176,0.0695455890166504,0.0,0.025559711698332,0.7883472057074912,0.0106687311259491,S1/smote,0.0232079744766764,0.0746268656716417,0.0843076340165645,0.0,0.0235430365825783,0.0456287008011145,0.0271874275161469,0.0,-0.0013996294695711002,0.050414593698175886,0.0,0.0020166751157536973
9,45,xgb,s1_plus_ig,1.5,0.25,positive_only,s1_plus_ig/mode=positive_only/ratio=1.5/keep=0.25,0.0206723675156593,0.1983416252072968,0.0611901081988011,0.0,0.0247312138662515,0.7883472057074912,0.0106687311259491,S1/smote,0.0232079744766764,0.0746268656716417,0.0843076340165645,0.0,0.0235430365825783,0.0456287008011145,0.0271874275161469,0.0,-0.0025356069610170985,0.12371475953565511,0.0,0.0011881772836731981
9,45,xgb,s1_plus_ig,2.0,0.25,positive_only,s1_plus_ig/mode=positive_only/ratio=2.0/keep=0.25,0.018737151061858,0.1781094527363184,0.0535551374079052,0.0,0.0287132662108399,0.7883472057074912,0.0106687311259491,S1/smote,0.0232079744766764,0.0746268656716417,0.0843076340165645,0.0,0.0235430365825783,0.0456287008011145,0.0271874275161469,0.0,-0.004470823414818401,0.1034825870646767,0.0,0.005170229628261597
9,45,xgb,s1_plus_ig,0.25,0.5,positive_only,s1_plus_ig/mode=positive_only/ratio=0.25/keep=0.5,0.0177154323476542,0.1933665008291874,0.0554679954081644,0.0,0.0304337008520194,0.9780023781212842,0.0176966719299713,S1/smote,0.0232079744766764,0.0746268656716417,0.0843076340165645,0.0,0.0235430365825783,0.0456287008011145,0.0271874275161469,0.0,-0.005492542129022199,0.11873963515754571,0.0,0.006890664269441099
9,45,xgb,s1_plus_ig,0.5,0.5,positive_only,s1_plus_ig/mode=positive_only/ratio=0.5/keep=0.5,0.0212431892675955,0.0570480928689883,0.0775217723992664,0.0,0.0287031363973619,0.9780023781212842,0.0176966719299713,S1/smote,0.0232079744766764,0.0746268656716417,0.0843076340165645,0.0,0.0235430365825783,0.0456287008011145,0.0271874275161469,0.0,-0.0019647852090808986,-0.0175787728026534,0.0,0.0051600998147835996
9,45,xgb,s1_plus_ig,0.75,0.5,positive_only,s1_plus_ig/mode=positive_only/ratio=0.75/keep=0.5,0.0229698064085424,0.0736318407960199,0.0852055560411988,0.0,0.0277674976218085,0.9780023781212842,0.0176966719299713,S1/smote,0.0232079744766764,0.0746268656716417,0.0843076340165645,0.0,0.0235430365825783,0.0456287008011145,0.0271874275161469,0.0,-0.00023816806813399885,-0.0009950248756217944,0.0,0.004224461039230198
9,45,xgb,s1_plus_ig,1.0,0.5,positive_only,s1_plus_ig/mode=positive_only/ratio=1.0/keep=0.5,0.0200654361895462,0.0938640132669983,0.0693406498468287,0.0,0.0288808544600184,0.9780023781212842,0.0176966719299713,S1/smote,0.0232079744766764,0.0746268656716417,0.0843076340165645,0.0,0.0235430365825783,0.0456287008011145,0.0271874275161469,0.0,-0.0031425382871301984,0.019237147595356593,0.0,0.005337817877440098
9,45,xgb,s1_plus_ig,1.5,0.5,positive_only,s1_plus_ig/mode=positive_only/ratio=1.5/keep=0.5,0.0251561813341914,0.0258706467661691,0.0765800409965939,0.0285714285714285,0.0310417841394355,0.9780023781212842,0.0176966719299713,S1/smote,0.0232079744766764,0.0746268656716417,0.0843076340165645,0.0,0.0235430365825783,0.0456287008011145,0.0271874275161469,0.0,0.001948206857515001,-0.048756218905472604,0.0285714285714285,0.007498747556857199
9,45,xgb,s1_plus_ig,2.0,0.5,positive_only,s1_plus_ig/mode=positive_only/ratio=2.0/keep=0.5,0.0210924188679726,0.1519071310116086,0.0730599727640551,0.0,0.0298782474012913,0.9780023781212842,0.0176966719299713,S1/smote,0.0232079744766764,0.0746268656716417,0.0843076340165645,0.0,0.0235430365825783,0.0456287008011145,0.0271874275161469,0.0,-0.0021155556087037973,0.0772802653399669,0.0,0.0063352108187129975
9,45,xgb,s1_plus_ig,0.25,0.75,positive_only,s1_plus_ig/mode=positive_only/ratio=0.25/keep=0.75,0.0177154323476542,0.1933665008291874,0.0554679954081644,0.0,0.0304337008520194,0.9723543400713436,0.0177667723822265,S1/smote,0.0232079744766764,0.0746268656716417,0.0843076340165645,0.0,0.0235430365825783,0.0456287008011145,0.0271874275161469,0.0,-0.005492542129022199,0.11873963515754571,0.0,0.006890664269441099
9,45,xgb,s1_plus_ig,0.5,0.75,positive_only,s1_plus_ig/mode=positive_only/ratio=0.5/keep=0.75,0.0212431892675955,0.0570480928689883,0.0775217723992664,0.0,0.0287031363973619,0.9723543400713436,0.0177667723822265,S1/smote,0.0232079744766764,0.0746268656716417,0.0843076340165645,0.0,0.0235430365825783,0.0456287008011145,0.0271874275161469,0.0,-0.0019647852090808986,-0.0175787728026534,0.0,0.0051600998147835996
9,45,xgb,s1_plus_ig,0.75,0.75,positive_only,s1_plus_ig/mode=positive_only/ratio=0.75/keep=0.75,0.0246667725963525,0.0398009950248756,0.0854124592503003,0.0,0.0338043735272068,0.9723543400713436,0.0177667723822265,S1/smote,0.0232079744766764,0.0746268656716417,0.0843076340165645,0.0,0.0235430365825783,0.0456287008011145,0.0271874275161469,0.0,0.0014587981196760996,-0.0348258706467661,0.0,0.010261336944628496
9,45,xgb,s1_plus_ig,1.0,0.75,positive_only,s1_plus_ig/mode=positive_only/ratio=1.0/keep=0.75,0.0211519708709713,0.160530679933665,0.0690037280808107,0.0,0.0257456023040554,0.9723543400713436,0.0177667723822265,S1/smote,0.0232079744766764,0.0746268656716417,0.0843076340165645,0.0,0.0235430365825783,0.0456287008011145,0.0271874275161469,0.0,-0.002056003605705098,0.08590381426202329,0.0,0.002202565721477097
9,45,xgb,s1_plus_ig,1.5,0.75,positive_only,s1_plus_ig/mode=positive_only/ratio=1.5/keep=0.75,0.0214356779427543,0.057379767827529,0.0771712835905071,0.0,0.0315153604497486,0.9723543400713436,0.0177667723822265,S1/smote,0.0232079744766764,0.0746268656716417,0.0843076340165645,0.0,0.0235430365825783,0.0456287008011145,0.0271874275161469,0.0,-0.0017722965339221006,-0.0172470978441127,0.0,0.007972323867170297
9,45,xgb,s1_plus_ig,2.0,0.75,positive_only,s1_plus_ig/mode=positive_only/ratio=2.0/keep=0.75,0.0225147219841203,0.099502487562189,0.0855309547800595,0.0285714285714285,0.0312455516947034,0.9723543400713436,0.0177667723822265,S1/smote,0.0232079744766764,0.0746268656716417,0.0843076340165645,0.0,0.0235430365825783,0.0456287008011145,0.0271874275161469,0.0,-0.0006932524925560984,0.024875621890547303,0.0285714285714285,0.0077025151121250975
9,45,xgb,s1_plus_ig,0.25,1.0,positive_only,s1_plus_ig/mode=positive_only/ratio=0.25/keep=1.0,0.0177154323476542,0.1933665008291874,0.0554679954081644,0.0,0.0304337008520194,0.9821640903686089,0.0178799247268468,S1/smote,0.0232079744766764,0.0746268656716417,0.0843076340165645,0.0,0.0235430365825783,0.0456287008011145,0.0271874275161469,0.0,-0.005492542129022199,0.11873963515754571,0.0,0.006890664269441099
9,45,xgb,s1_plus_ig,0.5,1.0,positive_only,s1_plus_ig/mode=positive_only/ratio=0.5/keep=1.0,0.0212431892675955,0.0570480928689883,0.0775217723992664,0.0,0.0287031363973619,0.9821640903686089,0.0178799247268468,S1/smote,0.0232079744766764,0.0746268656716417,0.0843076340165645,0.0,0.0235430365825783,0.0456287008011145,0.0271874275161469,0.0,-0.0019647852090808986,-0.0175787728026534,0.0,0.0051600998147835996
9,45,xgb,s1_plus_ig,0.75,1.0,positive_only,s1_plus_ig/mode=positive_only/ratio=0.75/keep=1.0,0.0246667725963525,0.0398009950248756,0.0854124592503003,0.0,0.0338043735272068,0.9821640903686089,0.0178799247268468,S1/smote,0.0232079744766764,0.0746268656716417,0.0843076340165645,0.0,0.0235430365825783,0.0456287008011145,0.0271874275161469,0.0,0.0014587981196760996,-0.0348258706467661,0.0,0.010261336944628496
9,45,xgb,s1_plus_ig,1.0,1.0,positive_only,s1_plus_ig/mode=positive_only/ratio=1.0/keep=1.0,0.0211519708709713,0.160530679933665,0.0690037280808107,0.0,0.0257456023040554,0.9821640903686089,0.0178799247268468,S1/smote,0.0232079744766764,0.0746268656716417,0.0843076340165645,0.0,0.0235430365825783,0.0456287008011145,0.0271874275161469,0.0,-0.002056003605705098,0.08590381426202329,0.0,0.002202565721477097
9,45,xgb,s1_plus_ig,1.5,1.0,positive_only,s1_plus_ig/mode=positive_only/ratio=1.5/keep=1.0,0.0207873974791597,0.099502487562189,0.0954374839121003,0.0,0.0280563643001319,0.9821640903686089,0.0178799247268468,S1/smote,0.0232079744766764,0.0746268656716417,0.0843076340165645,0.0,0.0235430365825783,0.0456287008011145,0.0271874275161469,0.0,-0.0024205769975166984,0.024875621890547303,0.0,0.004513327717553597
9,45,xgb,s1_plus_ig,2.0,1.0,positive_only,s1_plus_ig/mode=positive_only/ratio=2.0/keep=1.0,0.0223695890046492,0.0776119402985074,0.0816988434986469,0.0,0.0285301331186476,0.9821640903686089,0.0178799247268468,S1/smote,0.0232079744766764,0.0746268656716417,0.0843076340165645,0.0,0.0235430365825783,0.0456287008011145,0.0271874275161469,0.0,-0.0008383854720271991,0.0029850746268657025,0.0,0.0049870965360693
9,46,xgb,s1_plus_ig,0.25,0.25,positive_only,s1_plus_ig/mode=positive_only/ratio=0.25/keep=0.25,0.01680576378157,0.1701492537313433,0.0487281040270292,0.0,0.0279952161429891,0.8596908442330559,0.0449220114939323,S1/random_over,0.0243763175237749,0.1087893864013267,0.0792127642439337,0.0285714285714285,0.023642515137331,0.0672239637756879,0.0235037719435343,0.0,-0.007570553742204899,0.061359867330016596,-0.0285714285714285,0.0043527010056580995
9,46,xgb,s1_plus_ig,0.5,0.25,positive_only,s1_plus_ig/mode=positive_only/ratio=0.5/keep=0.25,0.0170600386393139,0.2056384742951907,0.0510146470207828,0.0,0.0266435906974714,0.8596908442330559,0.0449220114939323,S1/random_over,0.0243763175237749,0.1087893864013267,0.0792127642439337,0.0285714285714285,0.023642515137331,0.0672239637756879,0.0235037719435343,0.0,-0.007316278884461,0.096849087893864,-0.0285714285714285,0.0030010755601403982
9,46,xgb,s1_plus_ig,0.75,0.25,positive_only,s1_plus_ig/mode=positive_only/ratio=0.75/keep=0.25,0.0176502540895037,0.1137645107794361,0.0572468330652916,0.0,0.0275093430731661,0.8596908442330559,0.0449220114939323,S1/random_over,0.0243763175237749,0.1087893864013267,0.0792127642439337,0.0285714285714285,0.023642515137331,0.0672239637756879,0.0235037719435343,0.0,-0.0067260634342712,0.004975124378109402,-0.0285714285714285,0.0038668279358351
9,46,xgb,s1_plus_ig,1.0,0.25,positive_only,s1_plus_ig/mode=positive_only/ratio=1.0/keep=0.25,0.017005220041614,0.2706467661691542,0.0514099473864346,0.0,0.0263090061852323,0.8596908442330559,0.0449220114939323,S1/random_over,0.0243763175237749,0.1087893864013267,0.0792127642439337,0.0285714285714285,0.023642515137331,0.0672239637756879,0.0235037719435343,0.0,-0.0073710974821609015,0.1618573797678275,-0.0285714285714285,0.002666491047901301
9,46,xgb,s1_plus_ig,1.5,0.25,positive_only,s1_plus_ig/mode=positive_only/ratio=1.5/keep=0.25,0.0213098795044048,0.2232172470978441,0.0740576360559834,0.0,0.0323644985139403,0.8596908442330559,0.0449220114939323,S1/random_over,0.0243763175237749,0.1087893864013267,0.0792127642439337,0.0285714285714285,0.023642515137331,0.0672239637756879,0.0235037719435343,0.0,-0.0030664380193701005,0.1144278606965174,-0.0285714285714285,0.008721983376609298
9,46,xgb,s1_plus_ig,2.0,0.25,positive_only,s1_plus_ig/mode=positive_only/ratio=2.0/keep=0.25,0.0201663395457976,0.1051409618573797,0.0719024469699605,0.0,0.031652255425226,0.8596908442330559,0.0449220114939323,S1/random_over,0.0243763175237749,0.1087893864013267,0.0792127642439337,0.0285714285714285,0.023642515137331,0.0672239637756879,0.0235037719435343,0.0,-0.0042099779779773,-0.003648424543946996,-0.0285714285714285,0.008009740287894997
9,46,xgb,s1_plus_ig,0.25,0.5,positive_only,s1_plus_ig/mode=positive_only/ratio=0.25/keep=0.5,0.01680576378157,0.1701492537313433,0.0487281040270292,0.0,0.0279952161429891,0.9503567181926278,0.0526648695105427,S1/random_over,0.0243763175237749,0.1087893864013267,0.0792127642439337,0.0285714285714285,0.023642515137331,0.0672239637756879,0.0235037719435343,0.0,-0.007570553742204899,0.061359867330016596,-0.0285714285714285,0.0043527010056580995
9,46,xgb,s1_plus_ig,0.5,0.5,positive_only,s1_plus_ig/mode=positive_only/ratio=0.5/keep=0.5,0.0199806809409379,0.0961857379767827,0.067783710877342,0.0,0.0247311306200769,0.9503567181926278,0.0526648695105427,S1/random_over,0.0243763175237749,0.1087893864013267,0.0792127642439337,0.0285714285714285,0.023642515137331,0.0672239637756879,0.0235037719435343,0.0,-0.004395636582836999,-0.012603648424543992,-0.0285714285714285,0.0010886154827459
9,46,xgb,s1_plus_ig,0.75,0.5,positive_only,s1_plus_ig/mode=positive_only/ratio=0.75/keep=0.5,0.0178021351752462,0.2961857379767827,0.0640112120390614,0.0,0.0320132517226499,0.9503567181926278,0.0526648695105427,S1/random_over,0.0243763175237749,0.1087893864013267,0.0792127642439337,0.0285714285714285,0.023642515137331,0.0672239637756879,0.0235037719435343,0.0,-0.0065741823485287,0.18739635157545603,-0.0285714285714285,0.008370736585318898
9,46,xgb,s1_plus_ig,1.0,0.5,positive_only,s1_plus_ig/mode=positive_only/ratio=1.0/keep=0.5,0.0201440438156915,0.1064676616915422,0.0710668691807566,0.0,0.0332373875581509,0.9503567181926278,0.0526648695105427,S1/random_over,0.0243763175237749,0.1087893864013267,0.0792127642439337,0.0285714285714285,0.023642515137331,0.0672239637756879,0.0235037719435343,0.0,-0.004232273708083399,-0.0023217247097844923,-0.0285714285714285,0.0095948724208199
9,46,xgb,s1_plus_ig,1.5,0.5,positive_only,s1_plus_ig/mode=positive_only/ratio=1.5/keep=0.5,0.0213829610183053,0.1330016583747927,0.0741412805589717,0.0,0.0320696626554981,0.9503567181926278,0.0526648695105427,S1/random_over,0.0243763175237749,0.1087893864013267,0.0792127642439337,0.0285714285714285,0.023642515137331,0.0672239637756879,0.0235037719435343,0.0,-0.0029933565054695993,0.024212271973465996,-0.0285714285714285,0.008427147518167099
9,46,xgb,s1_plus_ig,2.0,0.5,positive_only,s1_plus_ig/mode=positive_only/ratio=2.0/keep=0.5,0.0199783436052073,0.1628524046434494,0.0760793015655589,0.0,0.0313010373524342,0.9503567181926278,0.0526648695105427,S1/random_over,0.0243763175237749,0.1087893864013267,0.0792127642439337,0.0285714285714285,0.023642515137331,0.0672239637756879,0.0235037719435343,0.0,-0.0043979739185676,0.054063018242122715,-0.0285714285714285,0.007658522215103197
9,46,xgb,s1_plus_ig,0.25,0.75,positive_only,s1_plus_ig/mode=positive_only/ratio=0.25/keep=0.75,0.01680576378157,0.1701492537313433,0.0487281040270292,0.0,0.0279952161429891,0.9753269916765754,0.0223932878828997,S1/random_over,0.0243763175237749,0.1087893864013267,0.0792127642439337,0.0285714285714285,0.023642515137331,0.0672239637756879,0.0235037719435343,0.0,-0.007570553742204899,0.061359867330016596,-0.0285714285714285,0.0043527010056580995
9,46,xgb,s1_plus_ig,0.5,0.75,positive_only,s1_plus_ig/mode=positive_only/ratio=0.5/keep=0.75,0.0199806809409379,0.0961857379767827,0.067783710877342,0.0,0.0247311306200769,0.9753269916765754,0.0223932878828997,S1/random_over,0.0243763175237749,0.1087893864013267,0.0792127642439337,0.0285714285714285,0.023642515137331,0.0672239637756879,0.0235037719435343,0.0,-0.004395636582836999,-0.012603648424543992,-0.0285714285714285,0.0010886154827459
9,46,xgb,s1_plus_ig,0.75,0.75,positive_only,s1_plus_ig/mode=positive_only/ratio=0.75/keep=0.75,0.0182222694915867,0.1562189054726368,0.0627319007918109,0.0,0.0298623455651788,0.9753269916765754,0.0223932878828997,S1/random_over,0.0243763175237749,0.1087893864013267,0.0792127642439337,0.0285714285714285,0.023642515137331,0.0672239637756879,0.0235037719435343,0.0,-0.006154048032188199,0.047429519071310114,-0.0285714285714285,0.0062198304278478014
9,46,xgb,s1_plus_ig,1.0,0.75,positive_only,s1_plus_ig/mode=positive_only/ratio=1.0/keep=0.75,0.0275918199085359,0.0391376451077943,0.0864199798724186,0.0285714285714285,0.0274544244209677,0.9753269916765754,0.0223932878828997,S1/random_over,0.0243763175237749,0.1087893864013267,0.0792127642439337,0.0285714285714285,0.023642515137331,0.0672239637756879,0.0235037719435343,0.0,0.0032155023847609994,-0.0696517412935324,0.0,0.0038119092836366997
9,46,xgb,s1_plus_ig,1.5,0.75,positive_only,s1_plus_ig/mode=positive_only/ratio=1.5/keep=0.75,0.0205698757859345,0.1290215588723051,0.0673976093448736,0.0,0.0259718496334247,0.9753269916765754,0.0223932878828997,S1/random_over,0.0243763175237749,0.1087893864013267,0.0792127642439337,0.0285714285714285,0.023642515137331,0.0672239637756879,0.0235037719435343,0.0,-0.0038064417378404006,0.020232172470978402,-0.0285714285714285,0.0023293344960936997
9,46,xgb,s1_plus_ig,2.0,0.75,positive_only,s1_plus_ig/mode=positive_only/ratio=2.0/keep=0.75,0.0216073081686662,0.1575456053067993,0.0786086485775764,0.0,0.0296995870336876,0.9753269916765754,0.0223932878828997,S1/random_over,0.0243763175237749,0.1087893864013267,0.0792127642439337,0.0285714285714285,0.023642515137331,0.0672239637756879,0.0235037719435343,0.0,-0.0027690093551086988,0.04875621890547262,-0.0285714285714285,0.006057071896356601
9,46,xgb,s1_plus_ig,0.25,1.0,positive_only,s1_plus_ig/mode=positive_only/ratio=0.25/keep=1.0,0.01680576378157,0.1701492537313433,0.0487281040270292,0.0,0.0279952161429891,0.9684898929845422,0.0173934449264994,S1/random_over,0.0243763175237749,0.1087893864013267,0.0792127642439337,0.0285714285714285,0.023642515137331,0.0672239637756879,0.0235037719435343,0.0,-0.007570553742204899,0.061359867330016596,-0.0285714285714285,0.0043527010056580995
9,46,xgb,s1_plus_ig,0.5,1.0,positive_only,s1_plus_ig/mode=positive_only/ratio=0.5/keep=1.0,0.0199806809409379,0.0961857379767827,0.067783710877342,0.0,0.0247311306200769,0.9684898929845422,0.0173934449264994,S1/random_over,0.0243763175237749,0.1087893864013267,0.0792127642439337,0.0285714285714285,0.023642515137331,0.0672239637756879,0.0235037719435343,0.0,-0.004395636582836999,-0.012603648424543992,-0.0285714285714285,0.0010886154827459
9,46,xgb,s1_plus_ig,0.75,1.0,positive_only,s1_plus_ig/mode=positive_only/ratio=0.75/keep=1.0,0.0182222694915867,0.1562189054726368,0.0627319007918109,0.0,0.0298623455651788,0.9684898929845422,0.0173934449264994,S1/random_over,0.0243763175237749,0.1087893864013267,0.0792127642439337,0.0285714285714285,0.023642515137331,0.0672239637756879,0.0235037719435343,0.0,-0.006154048032188199,0.047429519071310114,-0.0285714285714285,0.0062198304278478014
9,46,xgb,s1_plus_ig,1.0,1.0,positive_only,s1_plus_ig/mode=positive_only/ratio=1.0/keep=1.0,0.0275918199085359,0.0391376451077943,0.0864199798724186,0.0285714285714285,0.0274544244209677,0.9684898929845422,0.0173934449264994,S1/random_over,0.0243763175237749,0.1087893864013267,0.0792127642439337,0.0285714285714285,0.023642515137331,0.0672239637756879,0.0235037719435343,0.0,0.0032155023847609994,-0.0696517412935324,0.0,0.0038119092836366997
9,46,xgb,s1_plus_ig,1.5,1.0,positive_only,s1_plus_ig/mode=positive_only/ratio=1.5/keep=1.0,0.0209493747001181,0.1923714759535655,0.0787439485374791,0.0,0.0246422776179951,0.9684898929845422,0.0173934449264994,S1/random_over,0.0243763175237749,0.1087893864013267,0.0792127642439337,0.0285714285714285,0.023642515137331,0.0672239637756879,0.0235037719435343,0.0,-0.0034269428236568013,0.0835820895522388,-0.0285714285714285,0.0009997624806641
9,46,xgb,s1_plus_ig,2.0,1.0,positive_only,s1_plus_ig/mode=positive_only/ratio=2.0/keep=1.0,0.0234199920145444,0.0703150912106135,0.0767549671975059,0.0285714285714285,0.0267627838585083,0.9684898929845422,0.0173934449264994,S1/random_over,0.0243763175237749,0.1087893864013267,0.0792127642439337,0.0285714285714285,0.023642515137331,0.0672239637756879,0.0235037719435343,0.0,-0.000956325509230499,-0.0384742951907132,0.0,0.003120268721177301
10,42,xgb,s1_plus_ig,0.25,0.25,positive_only,s1_plus_ig/mode=positive_only/ratio=0.25/keep=0.25,0.1028587950325061,0.0245023599425405,0.2189319688446737,0.2099009900990099,0.1193465814748979,0.997001133786848,0.0546195451217567,S0/none,0.125974433308165,0.0182433819002667,0.2809851994922857,0.293069306930693,0.134270588571309,0.0196603898875871,0.2361692701123195,0.2474437627811861,-0.023115638275658892,0.006258978042273797,-0.0831683168316831,-0.01492400709641109
10,42,xgb,s1_plus_ig,0.5,0.25,positive_only,s1_plus_ig/mode=positive_only/ratio=0.5/keep=0.25,0.1017716230551034,0.0192284013954442,0.2294106018484301,0.2178217821782178,0.1139314130542192,0.997001133786848,0.0546195451217567,S0/none,0.125974433308165,0.0182433819002667,0.2809851994922857,0.293069306930693,0.134270588571309,0.0196603898875871,0.2361692701123195,0.2474437627811861,-0.02420281025306159,0.0009850194951774999,-0.0752475247524752,-0.020339175517089803
10,42,xgb,s1_plus_ig,0.75,0.25,positive_only,s1_plus_ig/mode=positive_only/ratio=0.75/keep=0.25,0.107894924365845,0.0210547917094192,0.2329648617990584,0.2277227722772277,0.1203405085894416,0.997001133786848,0.0546195451217567,S0/none,0.125974433308165,0.0182433819002667,0.2809851994922857,0.293069306930693,0.134270588571309,0.0196603898875871,0.2361692701123195,0.2474437627811861,-0.018079508942319994,0.0028114098091524993,-0.0653465346534653,-0.013930079981867391
10,42,xgb,s1_plus_ig,1.0,0.25,positive_only,s1_plus_ig/mode=positive_only/ratio=1.0/keep=0.25,0.1154261286819434,0.0194951775087215,0.2426674955528076,0.2198019801980198,0.1208197112488286,0.997001133786848,0.0546195451217567,S0/none,0.125974433308165,0.0182433819002667,0.2809851994922857,0.293069306930693,0.134270588571309,0.0196603898875871,0.2361692701123195,0.2474437627811861,-0.010548304626221597,0.0012517956084548004,-0.0732673267326732,-0.01345087732248039
10,42,xgb,s1_plus_ig,1.5,0.25,positive_only,s1_plus_ig/mode=positive_only/ratio=1.5/keep=0.25,0.1062729264878942,0.020931664272522,0.2395630595103801,0.2277227722772277,0.124660253700123,0.997001133786848,0.0546195451217567,S0/none,0.125974433308165,0.0182433819002667,0.2809851994922857,0.293069306930693,0.134270588571309,0.0196603898875871,0.2361692701123195,0.2474437627811861,-0.01970150682027079,0.0026882823722552997,-0.0653465346534653,-0.009610334871185996
10,42,xgb,s1_plus_ig,2.0,0.25,positive_only,s1_plus_ig/mode=positive_only/ratio=2.0/keep=0.25,0.1150378086883938,0.0208495793145906,0.2471285339388977,0.2217821782178217,0.1222898868498203,0.997001133786848,0.0546195451217567,S0/none,0.125974433308165,0.0182433819002667,0.2809851994922857,0.293069306930693,0.134270588571309,0.0196603898875871,0.2361692701123195,0.2474437627811861,-0.010936624619771185,0.002606197414323899,-0.0712871287128713,-0.011980701721488698
10,42,xgb,s1_plus_ig,0.25,0.5,positive_only,s1_plus_ig/mode=positive_only/ratio=0.25/keep=0.5,0.1028587950325061,0.0245023599425405,0.2189319688446737,0.2099009900990099,0.1193465814748979,0.9999361484760768,0.0617124566063435,S0/none,0.125974433308165,0.0182433819002667,0.2809851994922857,0.293069306930693,0.134270588571309,0.0196603898875871,0.2361692701123195,0.2474437627811861,-0.023115638275658892,0.006258978042273797,-0.0831683168316831,-0.01492400709641109
10,42,xgb,s1_plus_ig,0.5,0.5,positive_only,s1_plus_ig/mode=positive_only/ratio=0.5/keep=0.5,0.1121055583169874,0.0190437102400985,0.2526519941438058,0.2079207920792079,0.1231181523800478,0.9999361484760768,0.0617124566063435,S0/none,0.125974433308165,0.0182433819002667,0.2809851994922857,0.293069306930693,0.134270588571309,0.0196603898875871,0.2361692701123195,0.2474437627811861,-0.013868874991177588,0.0008003283398317976,-0.08514851485148509,-0.011152436191261203
10,42,xgb,s1_plus_ig,0.75,0.5,positive_only,s1_plus_ig/mode=positive_only/ratio=0.75/keep=0.5,0.1160520962397552,0.0176893084342294,0.2536112912890743,0.2376237623762376,0.1270464304171217,0.9999361484760768,0.0617124566063435,S0/none,0.125974433308165,0.0182433819002667,0.2809851994922857,0.293069306930693,0.134270588571309,0.0196603898875871,0.2361692701123195,0.2474437627811861,-0.009922337068409795,-0.0005540734660373012,-0.055445544554455384,-0.00722415815418731
10,42,xgb,s1_plus_ig,1.0,0.5,positive_only,s1_plus_ig/mode=positive_only/ratio=1.0/keep=0.5,0.124214652641791,0.0176072234762979,0.2804023855522706,0.2772277227722772,0.1326749839510846,0.9999361484760768,0.0617124566063435,S0/none,0.125974433308165,0.0182433819002667,0.2809851994922857,0.293069306930693,0.134270588571309,0.0196603898875871,0.2361692701123195,0.2474437627811861,-0.0017597806663739862,-0.0006361584239688023,-0.0158415841584158,-0.0015956046202244
10,42,xgb,s1_plus_ig,1.5,0.5,positive_only,s1_plus_ig/mode=positive_only/ratio=1.5/keep=0.5,0.1391738964572323,0.015780833162323,0.2719331149978538,0.2811881188118812,0.1311777905011024,0.9999361484760768,0.0617124566063435,S0/none,0.125974433308165,0.0182433819002667,0.2809851994922857,0.293069306930693,0.134270588571309,0.0196603898875871,0.2361692701123195,0.2474437627811861,0.013199463149067309,-0.002462548737943701,-0.01188118811881178,-0.0030927980702065982
10,42,xgb,s1_plus_ig,2.0,0.5,positive_only,s1_plus_ig/mode=positive_only/ratio=2.0/keep=0.5,0.1662288193334937,0.0139954853273137,0.2875211820393434,0.3287128712871287,0.1552195006187072,0.9999361484760768,0.0617124566063435,S0/none,0.125974433308165,0.0182433819002667,0.2809851994922857,0.293069306930693,0.134270588571309,0.0196603898875871,0.2361692701123195,0.2474437627811861,0.040254386025328714,-0.004247896572953,0.03564356435643573,0.02094891204739821
10,42,xgb,s1_plus_ig,0.25,0.75,positive_only,s1_plus_ig/mode=positive_only/ratio=0.25/keep=0.75,0.1028587950325061,0.0245023599425405,0.2189319688446737,0.2099009900990099,0.1193465814748979,0.9999702026221692,0.0661192845789487,S0/none,0.125974433308165,0.0182433819002667,0.2809851994922857,0.293069306930693,0.134270588571309,0.0196603898875871,0.2361692701123195,0.2474437627811861,-0.023115638275658892,0.006258978042273797,-0.0831683168316831,-0.01492400709641109
10,42,xgb,s1_plus_ig,0.5,0.75,positive_only,s1_plus_ig/mode=positive_only/ratio=0.5/keep=0.75,0.1121055583169874,0.0190437102400985,0.2526519941438058,0.2079207920792079,0.1231181523800478,0.9999702026221692,0.0661192845789487,S0/none,0.125974433308165,0.0182433819002667,0.2809851994922857,0.293069306930693,0.134270588571309,0.0196603898875871,0.2361692701123195,0.2474437627811861,-0.013868874991177588,0.0008003283398317976,-0.08514851485148509,-0.011152436191261203
10,42,xgb,s1_plus_ig,0.75,0.75,positive_only,s1_plus_ig/mode=positive_only/ratio=0.75/keep=0.75,0.1223891168783019,0.0197414323825159,0.2618060390516882,0.2257425742574257,0.1346203260356227,0.9999702026221692,0.0661192845789487,S0/none,0.125974433308165,0.0182433819002667,0.2809851994922857,0.293069306930693,0.134270588571309,0.0196603898875871,0.2361692701123195,0.2474437627811861,-0.0035853164298630946,0.0014980504822491997,-0.0673267326732673,0.0003497374643137152
10,42,xgb,s1_plus_ig,1.0,0.75,positive_only,s1_plus_ig/mode=positive_only/ratio=1.0/keep=0.75,0.1257119089383211,0.0180586907449209,0.2575136346113594,0.2297029702970297,0.1376009847724179,0.9999702026221692,0.0661192845789487,S0/none,0.125974433308165,0.0182433819002667,0.2809851994922857,0.293069306930693,0.134270588571309,0.0196603898875871,0.2361692701123195,0.2474437627811861,-0.0002625243698438917,-0.00018469115534579944,-0.06336633663366328,0.003330396201108893
10,42,xgb,s1_plus_ig,1.5,0.75,positive_only,s1_plus_ig/mode=positive_only/ratio=1.5/keep=0.75,0.1238684413548655,0.0161707367124974,0.258702205295816,0.2752475247524752,0.1282939341739279,0.9999702026221692,0.0661192845789487,S0/none,0.125974433308165,0.0182433819002667,0.2809851994922857,0.293069306930693,0.134270588571309,0.0196603898875871,0.2361692701123195,0.2474437627811861,-0.0021059919532994964,-0.0020726451877693015,-0.017821782178217782,-0.005976654397381098
10,42,xgb,s1_plus_ig,2.0,0.75,positive_only,s1_plus_ig/mode=positive_only/ratio=2.0/keep=0.75,0.1232297304256291,0.0181612969423353,0.2605896730292427,0.2514851485148515,0.1454793362909966,0.9999702026221692,0.0661192845789487,S0/none,0.125974433308165,0.0182433819002667,0.2809851994922857,0.293069306930693,0.134270588571309,0.0196603898875871,0.2361692701123195,0.2474437627811861,-0.0027447028825358932,-8.20849579314005e-05,-0.04158415841584151,0.011208747719687606
10,42,xgb,s1_plus_ig,0.25,1.0,positive_only,s1_plus_ig/mode=positive_only/ratio=0.25/keep=1.0,0.1028587950325061,0.0245023599425405,0.2189319688446737,0.2099009900990099,0.1193465814748979,0.9999815540042,0.0901565661284577,S0/none,0.125974433308165,0.0182433819002667,0.2809851994922857,0.293069306930693,0.134270588571309,0.0196603898875871,0.2361692701123195,0.2474437627811861,-0.023115638275658892,0.006258978042273797,-0.0831683168316831,-0.01492400709641109
10,42,xgb,s1_plus_ig,0.5,1.0,positive_only,s1_plus_ig/mode=positive_only/ratio=0.5/keep=1.0,0.1121055583169874,0.0190437102400985,0.2526519941438058,0.2079207920792079,0.1231181523800478,0.9999815540042,0.0901565661284577,S0/none,0.125974433308165,0.0182433819002667,0.2809851994922857,0.293069306930693,0.134270588571309,0.0196603898875871,0.2361692701123195,0.2474437627811861,-0.013868874991177588,0.0008003283398317976,-0.08514851485148509,-0.011152436191261203
10,42,xgb,s1_plus_ig,0.75,1.0,positive_only,s1_plus_ig/mode=positive_only/ratio=0.75/keep=1.0,0.1223891168783019,0.0197414323825159,0.2618060390516882,0.2257425742574257,0.1346203260356227,0.9999815540042,0.0901565661284577,S0/none,0.125974433308165,0.0182433819002667,0.2809851994922857,0.293069306930693,0.134270588571309,0.0196603898875871,0.2361692701123195,0.2474437627811861,-0.0035853164298630946,0.0014980504822491997,-0.0673267326732673,0.0003497374643137152
10,42,xgb,s1_plus_ig,1.0,1.0,positive_only,s1_plus_ig/mode=positive_only/ratio=1.0/keep=1.0,0.1257119089383211,0.0180586907449209,0.2575136346113594,0.2297029702970297,0.1376009847724179,0.9999815540042,0.0901565661284577,S0/none,0.125974433308165,0.0182433819002667,0.2809851994922857,0.293069306930693,0.134270588571309,0.0196603898875871,0.2361692701123195,0.2474437627811861,-0.0002625243698438917,-0.00018469115534579944,-0.06336633663366328,0.003330396201108893
10,42,xgb,s1_plus_ig,1.5,1.0,positive_only,s1_plus_ig/mode=positive_only/ratio=1.5/keep=1.0,0.1271728296750435,0.0274779396675559,0.2465528368160972,0.2316831683168317,0.1175736290948818,0.9999815540042,0.0901565661284577,S0/none,0.125974433308165,0.0182433819002667,0.2809851994922857,0.293069306930693,0.134270588571309,0.0196603898875871,0.2361692701123195,0.2474437627811861,0.001198396366878518,0.009234557767289198,-0.0613861386138613,-0.0166969594764272
10,42,xgb,s1_plus_ig,2.0,1.0,positive_only,s1_plus_ig/mode=positive_only/ratio=2.0/keep=1.0,0.1126127676867984,0.0233326492920172,0.259382393870021,0.198019801980198,0.1307341983433065,0.9999815540042,0.0901565661284577,S0/none,0.125974433308165,0.0182433819002667,0.2809851994922857,0.293069306930693,0.134270588571309,0.0196603898875871,0.2361692701123195,0.2474437627811861,-0.013361665621366592,0.005089267391750498,-0.095049504950495,-0.003536390228002506
10,43,xgb,s1_plus_ig,0.25,0.25,positive_only,s1_plus_ig/mode=positive_only/ratio=0.25/keep=0.25,0.1162449862768454,0.0185306792530268,0.2520740081340316,0.2138613861386138,0.1284745155508482,0.99468820861678,0.0999891311109845,S1/random_over,0.1299972506502855,0.0168684588549148,0.2730362297240692,0.295049504950495,0.1186080249226847,0.01712280036048,0.2319642451033538,0.2188139059304703,-0.013752264373440098,0.0016622203981119972,-0.08118811881188118,0.009866490628163513
10,43,xgb,s1_plus_ig,0.5,0.25,positive_only,s1_plus_ig/mode=positive_only/ratio=0.5/keep=0.25,0.1144449288432982,0.0161912579519803,0.2402303413064572,0.2455445544554455,0.1139322250507997,0.99468820861678,0.0999891311109845,S1/random_over,0.1299972506502855,0.0168684588549148,0.2730362297240692,0.295049504950495,0.1186080249226847,0.01712280036048,0.2319642451033538,0.2188139059304703,-0.015552321806987304,-0.0006772009029345008,-0.049504950495049466,-0.004675799871885003
10,43,xgb,s1_plus_ig,0.75,0.25,positive_only,s1_plus_ig/mode=positive_only/ratio=0.75/keep=0.25,0.1292406196979731,0.0180176482659552,0.2590227416404502,0.2534653465346534,0.1212761404669588,0.99468820861678,0.0999891311109845,S1/random_over,0.1299972506502855,0.0168684588549148,0.2730362297240692,0.295049504950495,0.1186080249226847,0.01712280036048,0.2319642451033538,0.2188139059304703,-0.0007566309523124037,0.001149189411040398,-0.041584158415841566,0.0026681155442740967
10,43,xgb,s1_plus_ig,1.0,0.25,positive_only,s1_plus_ig/mode=positive_only/ratio=1.0/keep=0.25,0.1195173601478795,0.0153088446542171,0.2530114738457417,0.2178217821782178,0.1137667294095378,0.99468820861678,0.0999891311109845,S1/random_over,0.1299972506502855,0.0168684588549148,0.2730362297240692,0.295049504950495,0.1186080249226847,0.01712280036048,0.2319642451033538,0.2188139059304703,-0.010479890502405997,-0.0015596142006977023,-0.07722772277227719,-0.0048412955131468954
10,43,xgb,s1_plus_ig,1.5,0.25,positive_only,s1_plus_ig/mode=positive_only/ratio=1.5/keep=0.25,0.1418684623677664,0.0120664888159244,0.2785726091310115,0.3148514851485148,0.1150159674502388,0.99468820861678,0.0999891311109845,S1/random_over,0.1299972506502855,0.0168684588549148,0.2730362297240692,0.295049504950495,0.1186080249226847,0.01712280036048,0.2319642451033538,0.2188139059304703,0.0118712117174809,-0.004801970038990402,0.01980198019801982,-0.0035920574724458976
10,43,xgb,s1_plus_ig,2.0,0.25,positive_only,s1_plus_ig/mode=positive_only/ratio=2.0/keep=0.25,0.1310235282025172,0.0164785553047404,0.2719915422110155,0.297029702970297,0.1189452730042385,0.99468820861678,0.0999891311109845,S1/random_over,0.1299972506502855,0.0168684588549148,0.2730362297240692,0.295049504950495,0.1186080249226847,0.01712280036048,0.2319642451033538,0.2188139059304703,0.001026277552231697,-0.00038990355017440304,0.0019801980198020375,0.0003372480815538037
10,43,xgb,s1_plus_ig,0.25,0.5,positive_only,s1_plus_ig/mode=positive_only/ratio=0.25/keep=0.5,0.1162449862768454,0.0185306792530268,0.2520740081340316,0.2138613861386138,0.1284745155508482,0.9997587831318464,0.0851038536470139,S1/random_over,0.1299972506502855,0.0168684588549148,0.2730362297240692,0.295049504950495,0.1186080249226847,0.01712280036048,0.2319642451033538,0.2188139059304703,-0.013752264373440098,0.0016622203981119972,-0.08118811881188118,0.009866490628163513
10,43,xgb,s1_plus_ig,0.5,0.5,positive_only,s1_plus_ig/mode=positive_only/ratio=0.5/keep=0.5,0.1208417722329514,0.0168068951364662,0.2556070887857178,0.2613861386138614,0.1402939762892656,0.9997587831318464,0.0851038536470139,S1/random_over,0.1299972506502855,0.0168684588549148,0.2730362297240692,0.295049504950495,0.1186080249226847,0.01712280036048,0.2319642451033538,0.2188139059304703,-0.009155478417334106,-6.156371844859981e-05,-0.03366336633663358,0.0216859513665809
10,43,xgb,s1_plus_ig,0.75,0.5,positive_only,s1_plus_ig/mode=positive_only/ratio=0.75/keep=0.5,0.1302356440969806,0.0178739995895752,0.262445986769622,0.2633663366336634,0.1240084841095667,0.9997587831318464,0.0851038536470139,S1/random_over,0.1299972506502855,0.0168684588549148,0.2730362297240692,0.295049504950495,0.1186080249226847,0.01712280036048,0.2319642451033538,0.2188139059304703,0.00023839344669510099,0.0010055407346603977,-0.0316831683168316,0.005400459186882006
10,43,xgb,s1_plus_ig,1.0,0.5,positive_only,s1_plus_ig/mode=positive_only/ratio=1.0/keep=0.5,0.1315366122765221,0.0157397906833572,0.2696334770225937,0.300990099009901,0.1368380173274023,0.9997587831318464,0.0851038536470139,S1/random_over,0.1299972506502855,0.0168684588549148,0.2730362297240692,0.295049504950495,0.1186080249226847,0.01712280036048,0.2319642451033538,0.2188139059304703,0.0015393616262366072,-0.0011286681715576008,0.005940594059406001,0.018229992404717607
10,43,xgb,s1_plus_ig,1.5,0.5,positive_only,s1_plus_ig/mode=positive_only/ratio=1.5/keep=0.5,0.1311719931423565,0.0235789041658116,0.2692924833915336,0.2455445544554455,0.1216877993252784,0.9997587831318464,0.0851038536470139,S1/random_over,0.1299972506502855,0.0168684588549148,0.2730362297240692,0.295049504950495,0.1186080249226847,0.01712280036048,0.2319642451033538,0.2188139059304703,0.0011747424920710015,0.006710445310896797,-0.049504950495049466,0.003079774402593702
10,43,xgb,s1_plus_ig,2.0,0.5,positive_only,s1_plus_ig/mode=positive_only/ratio=2.0/keep=0.5,0.1298729450170331,0.0223886722758054,0.2711613269681769,0.2673267326732673,0.1259557311896186,0.9997587831318464,0.0851038536470139,S1/random_over,0.1299972506502855,0.0168684588549148,0.2730362297240692,0.295049504950495,0.1186080249226847,0.01712280036048,0.2319642451033538,0.2188139059304703,-0.00012430563325241395,0.0055202134208906,-0.027722772277227692,0.007347706266933915
10,43,xgb,s1_plus_ig,0.25,0.75,positive_only,s1_plus_ig/mode=positive_only/ratio=0.25/keep=0.75,0.1162449862768454,0.0185306792530268,0.2520740081340316,0.2138613861386138,0.1284745155508482,0.9999702026221692,0.0938355600619354,S1/random_over,0.1299972506502855,0.0168684588549148,0.2730362297240692,0.295049504950495,0.1186080249226847,0.01712280036048,0.2319642451033538,0.2188139059304703,-0.013752264373440098,0.0016622203981119972,-0.08118811881188118,0.009866490628163513
10,43,xgb,s1_plus_ig,0.5,0.75,positive_only,s1_plus_ig/mode=positive_only/ratio=0.5/keep=0.75,0.1208417722329514,0.0168068951364662,0.2556070887857178,0.2613861386138614,0.1402939762892656,0.9999702026221692,0.0938355600619354,S1/random_over,0.1299972506502855,0.0168684588549148,0.2730362297240692,0.295049504950495,0.1186080249226847,0.01712280036048,0.2319642451033538,0.2188139059304703,-0.009155478417334106,-6.156371844859981e-05,-0.03366336633663358,0.0216859513665809
10,43,xgb,s1_plus_ig,0.75,0.75,positive_only,s1_plus_ig/mode=positive_only/ratio=0.75/keep=0.75,0.1235548349869167,0.0168068951364662,0.2620133489163331,0.2712871287128713,0.1331480175576325,0.9999702026221692,0.0938355600619354,S1/random_over,0.1299972506502855,0.0168684588549148,0.2730362297240692,0.295049504950495,0.1186080249226847,0.01712280036048,0.2319642451033538,0.2188139059304703,-0.006442415663368797,-6.156371844859981e-05,-0.023762376237623672,0.014539992634947804
10,43,xgb,s1_plus_ig,1.0,0.75,positive_only,s1_plus_ig/mode=positive_only/ratio=1.0/keep=0.75,0.1111744578230181,0.0252411245639236,0.2500646251035404,0.2277227722772277,0.1680706997157039,0.9999702026221692,0.0938355600619354,S1/random_over,0.1299972506502855,0.0168684588549148,0.2730362297240692,0.295049504950495,0.1186080249226847,0.01712280036048,0.2319642451033538,0.2188139059304703,-0.0188227928272674,0.008372665709008797,-0.06732673267326728,0.049462674793019204
10,43,xgb,s1_plus_ig,1.5,0.75,positive_only,s1_plus_ig/mode=positive_only/ratio=1.5/keep=0.75,0.1259160146815896,0.0235789041658116,0.2781697088796089,0.3108910891089109,0.1598005108409717,0.9999702026221692,0.0938355600619354,S1/random_over,0.1299972506502855,0.0168684588549148,0.2730362297240692,0.295049504950495,0.1186080249226847,0.01712280036048,0.2319642451033538,0.2188139059304703,-0.00408123596869589,0.006710445310896797,0.01584158415841591,0.04119248591828699
10,43,xgb,s1_plus_ig,2.0,0.75,positive_only,s1_plus_ig/mode=positive_only/ratio=2.0/keep=0.75,0.1212627149556057,0.0180381695054381,0.2774614613430812,0.2633663366336634,0.1364659063553051,0.9999702026221692,0.0938355600619354,S1/random_over,0.1299972506502855,0.0168684588549148,0.2730362297240692,0.295049504950495,0.1186080249226847,0.01712280036048,0.2319642451033538,0.2188139059304703,-0.008734535694679801,0.0011697106505232993,-0.0316831683168316,0.01785788143262039
10,43,xgb,s1_plus_ig,0.25,1.0,positive_only,s1_plus_ig/mode=positive_only/ratio=0.25/keep=1.0,0.1162449862768454,0.0185306792530268,0.2520740081340316,0.2138613861386138,0.1284745155508482,0.9999929053862308,0.1090252700313142,S1/random_over,0.1299972506502855,0.0168684588549148,0.2730362297240692,0.295049504950495,0.1186080249226847,0.01712280036048,0.2319642451033538,0.2188139059304703,-0.013752264373440098,0.0016622203981119972,-0.08118811881188118,0.009866490628163513
10,43,xgb,s1_plus_ig,0.5,1.0,positive_only,s1_plus_ig/mode=positive_only/ratio=0.5/keep=1.0,0.1208417722329514,0.0168068951364662,0.2556070887857178,0.2613861386138614,0.1402939762892656,0.9999929053862308,0.1090252700313142,S1/random_over,0.1299972506502855,0.0168684588549148,0.2730362297240692,0.295049504950495,0.1186080249226847,0.01712280036048,0.2319642451033538,0.2188139059304703,-0.009155478417334106,-6.156371844859981e-05,-0.03366336633663358,0.0216859513665809
10,43,xgb,s1_plus_ig,0.75,1.0,positive_only,s1_plus_ig/mode=positive_only/ratio=0.75/keep=1.0,0.1235548349869167,0.0168068951364662,0.2620133489163331,0.2712871287128713,0.1331480175576325,0.9999929053862308,0.1090252700313142,S1/random_over,0.1299972506502855,0.0168684588549148,0.2730362297240692,0.295049504950495,0.1186080249226847,0.01712280036048,0.2319642451033538,0.2188139059304703,-0.006442415663368797,-6.156371844859981e-05,-0.023762376237623672,0.014539992634947804
10,43,xgb,s1_plus_ig,1.0,1.0,positive_only,s1_plus_ig/mode=positive_only/ratio=1.0/keep=1.0,0.1111744578230181,0.0252411245639236,0.2500646251035404,0.2277227722772277,0.1680706997157039,0.9999929053862308,0.1090252700313142,S1/random_over,0.1299972506502855,0.0168684588549148,0.2730362297240692,0.295049504950495,0.1186080249226847,0.01712280036048,0.2319642451033538,0.2188139059304703,-0.0188227928272674,0.008372665709008797,-0.06732673267326728,0.049462674793019204
10,43,xgb,s1_plus_ig,1.5,1.0,positive_only,s1_plus_ig/mode=positive_only/ratio=1.5/keep=1.0,0.1238492095369893,0.0229837882208085,0.2611857661190127,0.2415841584158415,0.1652283216201905,0.9999929053862308,0.1090252700313142,S1/random_over,0.1299972506502855,0.0168684588549148,0.2730362297240692,0.295049504950495,0.1186080249226847,0.01712280036048,0.2319642451033538,0.2188139059304703,-0.006148041113296199,0.0061153293658937,-0.053465346534653485,0.046620296697505795
10,43,xgb,s1_plus_ig,2.0,1.0,positive_only,s1_plus_ig/mode=positive_only/ratio=2.0/keep=1.0,0.1354927279249642,0.0274163759491073,0.2637033963581417,0.2693069306930693,0.1726847432999896,0.9999929053862308,0.1090252700313142,S1/random_over,0.1299972506502855,0.0168684588549148,0.2730362297240692,0.295049504950495,0.1186080249226847,0.01712280036048,0.2319642451033538,0.2188139059304703,0.005495477274678695,0.010547917094192498,-0.025742574257425654,0.05407671837730489
10,44,xgb,s1_plus_ig,0.25,0.25,positive_only,s1_plus_ig/mode=positive_only/ratio=0.25/keep=0.25,0.1080192037987033,0.0220398112045967,0.2279930553464611,0.1782178217821782,0.1287279913052197,0.9990136054421768,0.0642565928051202,S1/random_under_20to1,0.131008336280407,0.013338805663862,0.2837259278647766,0.3069306930693069,0.1492652098829934,0.0135891476545083,0.2387189433370489,0.2392638036809816,-0.0229891324817037,0.0087010055407347,-0.12871287128712872,-0.020537218577773714
10,44,xgb,s1_plus_ig,0.5,0.25,positive_only,s1_plus_ig/mode=positive_only/ratio=0.5/keep=0.25,0.1176615749719333,0.0138107941719679,0.2823466316514748,0.2732673267326733,0.1497973192004777,0.9990136054421768,0.0642565928051202,S1/random_under_20to1,0.131008336280407,0.013338805663862,0.2837259278647766,0.3069306930693069,0.1492652098829934,0.0135891476545083,0.2387189433370489,0.2392638036809816,-0.013346761308473704,0.00047198850810589894,-0.03366336633663364,0.0005321093174842917
10,44,xgb,s1_plus_ig,0.75,0.25,positive_only,s1_plus_ig/mode=positive_only/ratio=0.75/keep=0.25,0.1107775548291902,0.0198029961009644,0.2494048652347,0.2158415841584158,0.1213303276041477,0.9990136054421768,0.0642565928051202,S1/random_under_20to1,0.131008336280407,0.013338805663862,0.2837259278647766,0.3069306930693069,0.1492652098829934,0.0135891476545083,0.2387189433370489,0.2392638036809816,-0.020230781451216803,0.006464190437102399,-0.09108910891089111,-0.027934882278845705
10,44,xgb,s1_plus_ig,1.0,0.25,positive_only,s1_plus_ig/mode=positive_only/ratio=1.0/keep=0.25,0.1185172039585029,0.0168889800943977,0.2499158889564948,0.2356435643564356,0.1453429193978484,0.9990136054421768,0.0642565928051202,S1/random_under_20to1,0.131008336280407,0.013338805663862,0.2837259278647766,0.3069306930693069,0.1492652098829934,0.0135891476545083,0.2387189433370489,0.2392638036809816,-0.012491132321904103,0.003550174430535699,-0.07128712871287132,-0.0039222904851450024
10,44,xgb,s1_plus_ig,1.5,0.25,positive_only,s1_plus_ig/mode=positive_only/ratio=1.5/keep=0.25,0.1173252149357864,0.018961625282167,0.2433032551373929,0.2277227722772277,0.1215095694199853,0.9990136054421768,0.0642565928051202,S1/random_under_20to1,0.131008336280407,0.013338805663862,0.2837259278647766,0.3069306930693069,0.1492652098829934,0.0135891476545083,0.2387189433370489,0.2392638036809816,-0.013683121344620602,0.005622819618305,-0.07920792079207922,-0.027755640463008116
10,44,xgb,s1_plus_ig,2.0,0.25,positive_only,s1_plus_ig/mode=positive_only/ratio=2.0/keep=0.25,0.1179038246109942,0.0189821465216499,0.2505687673548306,0.2415841584158415,0.1234860156719816,0.9990136054421768,0.0642565928051202,S1/random_under_20to1,0.131008336280407,0.013338805663862,0.2837259278647766,0.3069306930693069,0.1492652098829934,0.0135891476545083,0.2387189433370489,0.2392638036809816,-0.013104511669412802,0.005643340857787898,-0.06534653465346543,-0.02577919421101181
10,44,xgb,s1_plus_ig,0.25,0.5,positive_only,s1_plus_ig/mode=positive_only/ratio=0.25/keep=0.5,0.1080192037987033,0.0220398112045967,0.2279930553464611,0.1782178217821782,0.1287279913052197,0.9998680401838924,0.0538565019968725,S1/random_under_20to1,0.131008336280407,0.013338805663862,0.2837259278647766,0.3069306930693069,0.1492652098829934,0.0135891476545083,0.2387189433370489,0.2392638036809816,-0.0229891324817037,0.0087010055407347,-0.12871287128712872,-0.020537218577773714
10,44,xgb,s1_plus_ig,0.5,0.5,positive_only,s1_plus_ig/mode=positive_only/ratio=0.5/keep=0.5,0.124677832027367,0.0168889800943977,0.2678183184272129,0.2554455445544554,0.1329586722317936,0.9998680401838924,0.0538565019968725,S1/random_under_20to1,0.131008336280407,0.013338805663862,0.2837259278647766,0.3069306930693069,0.1492652098829934,0.0135891476545083,0.2387189433370489,0.2392638036809816,-0.006330504253040006,0.003550174430535699,-0.05148514851485153,-0.0163065376511998
10,44,xgb,s1_plus_ig,0.75,0.5,positive_only,s1_plus_ig/mode=positive_only/ratio=0.75/keep=0.5,0.1272831543225728,0.0191668376769956,0.2713413690063469,0.2495049504950495,0.1521089453158587,0.9998680401838924,0.0538565019968725,S1/random_under_20to1,0.131008336280407,0.013338805663862,0.2837259278647766,0.3069306930693069,0.1492652098829934,0.0135891476545083,0.2387189433370489,0.2392638036809816,-0.003725181957834195,0.0058280320131336005,-0.05742574257425742,0.0028437354328652853
10,44,xgb,s1_plus_ig,1.0,0.5,positive_only,s1_plus_ig/mode=positive_only/ratio=1.0/keep=0.5,0.1236430914512284,0.0187358916478555,0.2557499494049241,0.201980198019802,0.150214875241354,0.9998680401838924,0.0538565019968725,S1/random_under_20to1,0.131008336280407,0.013338805663862,0.2837259278647766,0.3069306930693069,0.1492652098829934,0.0135891476545083,0.2387189433370489,0.2392638036809816,-0.007365244829178608,0.005397085983993499,-0.10495049504950493,0.0009496653583605796
10,44,xgb,s1_plus_ig,1.5,0.5,positive_only,s1_plus_ig/mode=positive_only/ratio=1.5/keep=0.5,0.1260677898943209,0.0286476503180792,0.2437687498373563,0.2297029702970297,0.1629870883395934,0.9998680401838924,0.0538565019968725,S1/random_under_20to1,0.131008336280407,0.013338805663862,0.2837259278647766,0.3069306930693069,0.1492652098829934,0.0135891476545083,0.2387189433370489,0.2392638036809816,-0.004940546386086098,0.015308844654217198,-0.07722772277227721,0.0137218784566
10,44,xgb,s1_plus_ig,2.0,0.5,positive_only,s1_plus_ig/mode=positive_only/ratio=2.0/keep=0.5,0.1332537297453429,0.0180997332238867,0.2647072597412873,0.2594059405940594,0.1716553662886,0.9998680401838924,0.0538565019968725,S1/random_under_20to1,0.131008336280407,0.013338805663862,0.2837259278647766,0.3069306930693069,0.1492652098829934,0.0135891476545083,0.2387189433370489,0.2392638036809816,0.0022453934649359075,0.0047609275600247,-0.04752475247524751,0.022390156405606598
10,44,xgb,s1_plus_ig,0.25,0.75,positive_only,s1_plus_ig/mode=positive_only/ratio=0.25/keep=0.75,0.1080192037987033,0.0220398112045967,0.2279930553464611,0.1782178217821782,0.1287279913052197,0.9998524320336,0.0811973171568702,S1/random_under_20to1,0.131008336280407,0.013338805663862,0.2837259278647766,0.3069306930693069,0.1492652098829934,0.0135891476545083,0.2387189433370489,0.2392638036809816,-0.0229891324817037,0.0087010055407347,-0.12871287128712872,-0.020537218577773714
10,44,xgb,s1_plus_ig,0.5,0.75,positive_only,s1_plus_ig/mode=positive_only/ratio=0.5/keep=0.75,0.124677832027367,0.0168889800943977,0.2678183184272129,0.2554455445544554,0.1329586722317936,0.9998524320336,0.0811973171568702,S1/random_under_20to1,0.131008336280407,0.013338805663862,0.2837259278647766,0.3069306930693069,0.1492652098829934,0.0135891476545083,0.2387189433370489,0.2392638036809816,-0.006330504253040006,0.003550174430535699,-0.05148514851485153,-0.0163065376511998
10,44,xgb,s1_plus_ig,0.75,0.75,positive_only,s1_plus_ig/mode=positive_only/ratio=0.75/keep=0.75,0.1282983464696898,0.0137287092140365,0.2789658398293628,0.3069306930693069,0.1472082583687568,0.9998524320336,0.0811973171568702,S1/random_under_20to1,0.131008336280407,0.013338805663862,0.2837259278647766,0.3069306930693069,0.1492652098829934,0.0135891476545083,0.2387189433370489,0.2392638036809816,-0.0027099898107172116,0.0003899035501745002,0.0,-0.002056951514236599
10,44,xgb,s1_plus_ig,1.0,0.75,positive_only,s1_plus_ig/mode=positive_only/ratio=1.0/keep=0.75,0.1120383352691546,0.0236404678842602,0.2566985699459591,0.1821782178217821,0.1447540829002848,0.9998524320336,0.0811973171568702,S1/random_under_20to1,0.131008336280407,0.013338805663862,0.2837259278647766,0.3069306930693069,0.1492652098829934,0.0135891476545083,0.2387189433370489,0.2392638036809816,-0.018970001011252402,0.010301662220398201,-0.12475247524752484,-0.004511126982708613
10,44,xgb,s1_plus_ig,1.5,0.75,positive_only,s1_plus_ig/mode=positive_only/ratio=1.5/keep=0.75,0.1291422420553618,0.0269238662015185,0.2617092886215488,0.2415841584158415,0.1546512515329753,0.9998524320336,0.0811973171568702,S1/random_under_20to1,0.131008336280407,0.013338805663862,0.2837259278647766,0.3069306930693069,0.1492652098829934,0.0135891476545083,0.2387189433370489,0.2392638036809816,-0.0018660942250452173,0.0135850605376565,-0.06534653465346543,0.005386041649981882
10,44,xgb,s1_plus_ig,2.0,0.75,positive_only,s1_plus_ig/mode=positive_only/ratio=2.0/keep=0.75,0.1280527892170096,0.0211163554278678,0.2691105830579733,0.2594059405940594,0.1591640216846298,0.9998524320336,0.0811973171568702,S1/random_under_20to1,0.131008336280407,0.013338805663862,0.2837259278647766,0.3069306930693069,0.1492652098829934,0.0135891476545083,0.2387189433370489,0.2392638036809816,-0.0029555470633974013,0.0077775497640057995,-0.04752475247524751,0.009898811801636376
10,44,xgb,s1_plus_ig,0.25,1.0,positive_only,s1_plus_ig/mode=positive_only/ratio=0.25/keep=1.0,0.1080192037987033,0.0220398112045967,0.2279930553464611,0.1782178217821782,0.1287279913052197,0.999909188943754,0.0980747948455839,S1/random_under_20to1,0.131008336280407,0.013338805663862,0.2837259278647766,0.3069306930693069,0.1492652098829934,0.0135891476545083,0.2387189433370489,0.2392638036809816,-0.0229891324817037,0.0087010055407347,-0.12871287128712872,-0.020537218577773714
10,44,xgb,s1_plus_ig,0.5,1.0,positive_only,s1_plus_ig/mode=positive_only/ratio=0.5/keep=1.0,0.124677832027367,0.0168889800943977,0.2678183184272129,0.2554455445544554,0.1329586722317936,0.999909188943754,0.0980747948455839,S1/random_under_20to1,0.131008336280407,0.013338805663862,0.2837259278647766,0.3069306930693069,0.1492652098829934,0.0135891476545083,0.2387189433370489,0.2392638036809816,-0.006330504253040006,0.003550174430535699,-0.05148514851485153,-0.0163065376511998
10,44,xgb,s1_plus_ig,0.75,1.0,positive_only,s1_plus_ig/mode=positive_only/ratio=0.75/keep=1.0,0.1282983464696898,0.0137287092140365,0.2789658398293628,0.3069306930693069,0.1472082583687568,0.999909188943754,0.0980747948455839,S1/random_under_20to1,0.131008336280407,0.013338805663862,0.2837259278647766,0.3069306930693069,0.1492652098829934,0.0135891476545083,0.2387189433370489,0.2392638036809816,-0.0027099898107172116,0.0003899035501745002,0.0,-0.002056951514236599
10,44,xgb,s1_plus_ig,1.0,1.0,positive_only,s1_plus_ig/mode=positive_only/ratio=1.0/keep=1.0,0.1120383352691546,0.0236404678842602,0.2566985699459591,0.1821782178217821,0.1447540829002848,0.999909188943754,0.0980747948455839,S1/random_under_20to1,0.131008336280407,0.013338805663862,0.2837259278647766,0.3069306930693069,0.1492652098829934,0.0135891476545083,0.2387189433370489,0.2392638036809816,-0.018970001011252402,0.010301662220398201,-0.12475247524752484,-0.004511126982708613
10,44,xgb,s1_plus_ig,1.5,1.0,positive_only,s1_plus_ig/mode=positive_only/ratio=1.5/keep=1.0,0.1373225345349485,0.0183049456187153,0.2559554865160902,0.2277227722772277,0.1740928667413934,0.999909188943754,0.0980747948455839,S1/random_under_20to1,0.131008336280407,0.013338805663862,0.2837259278647766,0.3069306930693069,0.1492652098829934,0.0135891476545083,0.2387189433370489,0.2392638036809816,0.006314198254541492,0.0049661399548533,-0.07920792079207922,0.024827656858399993
10,44,xgb,s1_plus_ig,2.0,1.0,positive_only,s1_plus_ig/mode=positive_only/ratio=2.0/keep=1.0,0.1272600296807714,0.0263082290170326,0.2549105488710378,0.2138613861386138,0.1284523020424078,0.999909188943754,0.0980747948455839,S1/random_under_20to1,0.131008336280407,0.013338805663862,0.2837259278647766,0.3069306930693069,0.1492652098829934,0.0135891476545083,0.2387189433370489,0.2392638036809816,-0.003748306599635598,0.0129694233531706,-0.09306930693069312,-0.02081290784058562
10,45,xgb,s1_plus_ig,0.25,0.25,positive_only,s1_plus_ig/mode=positive_only/ratio=0.25/keep=0.25,0.1079304542940222,0.0169710650523291,0.2480884966449301,0.2178217821782178,0.1268269396369052,0.998843537414966,0.0562577144369155,S1/random_under_20to1,0.133166144128667,0.0210342704699363,0.271909483171701,0.2376237623762376,0.1246502535799126,0.0192097898781008,0.2466714198610501,0.1860940695296523,-0.025235689834644803,-0.004063205417607199,-0.01980198019801982,0.0021766860569925883
10,45,xgb,s1_plus_ig,0.5,0.25,positive_only,s1_plus_ig/mode=positive_only/ratio=0.5/keep=0.25,0.0979673153358615,0.0221629386414939,0.2448543344858844,0.196039603960396,0.1152086767925137,0.998843537414966,0.0562577144369155,S1/random_under_20to1,0.133166144128667,0.0210342704699363,0.271909483171701,0.2376237623762376,0.1246502535799126,0.0192097898781008,0.2466714198610501,0.1860940695296523,-0.0351988287928055,0.0011286681715576008,-0.04158415841584162,-0.009441576787398903
10,45,xgb,s1_plus_ig,0.75,0.25,positive_only,s1_plus_ig/mode=positive_only/ratio=0.75/keep=0.25,0.1055973532275593,0.02320952185512,0.2475826259860564,0.2099009900990099,0.1212861756191654,0.998843537414966,0.0562577144369155,S1/random_under_20to1,0.133166144128667,0.0210342704699363,0.271909483171701,0.2376237623762376,0.1246502535799126,0.0192097898781008,0.2466714198610501,0.1860940695296523,-0.027568790901107712,0.0021752513851837005,-0.02772277227722772,-0.003364077960747211
10,45,xgb,s1_plus_ig,1.0,0.25,positive_only,s1_plus_ig/mode=positive_only/ratio=1.0/keep=0.25,0.1214232613588986,0.0209727067514877,0.2500029479265434,0.2079207920792079,0.1381563512917457,0.998843537414966,0.0562577144369155,S1/random_under_20to1,0.133166144128667,0.0210342704699363,0.271909483171701,0.2376237623762376,0.1246502535799126,0.0192097898781008,0.2466714198610501,0.1860940695296523,-0.011742882769768412,-6.156371844859981e-05,-0.0297029702970297,0.013506097711833087
10,45,xgb,s1_plus_ig,1.5,0.25,positive_only,s1_plus_ig/mode=positive_only/ratio=1.5/keep=0.25,0.1181950205307448,0.0214241740201108,0.2580729688844198,0.2316831683168317,0.1247099045815378,0.998843537414966,0.0562577144369155,S1/random_under_20to1,0.133166144128667,0.0210342704699363,0.271909483171701,0.2376237623762376,0.1246502535799126,0.0192097898781008,0.2466714198610501,0.1860940695296523,-0.014971123597922215,0.0003899035501745002,-0.005940594059405918,5.965100162519388e-05
10,45,xgb,s1_plus_ig,2.0,0.25,positive_only,s1_plus_ig/mode=positive_only/ratio=2.0/keep=0.25,0.1161946763734455,0.0246460086189205,0.2572844725095089,0.2237623762376237,0.129310657292405,0.998843537414966,0.0562577144369155,S1/random_under_20to1,0.133166144128667,0.0210342704699363,0.271909483171701,0.2376237623762376,0.1246502535799126,0.0192097898781008,0.2466714198610501,0.1860940695296523,-0.016971467755221514,0.0036117381489841997,-0.013861386138613901,0.004660403712492406
10,45,xgb,s1_plus_ig,0.25,0.5,positive_only,s1_plus_ig/mode=positive_only/ratio=0.25/keep=0.5,0.1079304542940222,0.0169710650523291,0.2480884966449301,0.2178217821782178,0.1268269396369052,0.9999432430898462,0.0465831021095749,S1/random_under_20to1,0.133166144128667,0.0210342704699363,0.271909483171701,0.2376237623762376,0.1246502535799126,0.0192097898781008,0.2466714198610501,0.1860940695296523,-0.025235689834644803,-0.004063205417607199,-0.01980198019801982,0.0021766860569925883
10,45,xgb,s1_plus_ig,0.5,0.5,positive_only,s1_plus_ig/mode=positive_only/ratio=0.5/keep=0.5,0.1031913341625899,0.0183459880976811,0.2357157971947141,0.2178217821782178,0.1176594797260576,0.9999432430898462,0.0465831021095749,S1/random_under_20to1,0.133166144128667,0.0210342704699363,0.271909483171701,0.2376237623762376,0.1246502535799126,0.0192097898781008,0.2466714198610501,0.1860940695296523,-0.029974809966077112,-0.002688282372255199,-0.01980198019801982,-0.006990773853855006
10,45,xgb,s1_plus_ig,0.75,0.5,positive_only,s1_plus_ig/mode=positive_only/ratio=0.75/keep=0.5,0.1130539805849806,0.0267802175251385,0.2399349080879087,0.2099009900990099,0.1247752479940698,0.9999432430898462,0.0465831021095749,S1/random_under_20to1,0.133166144128667,0.0210342704699363,0.271909483171701,0.2376237623762376,0.1246502535799126,0.0192097898781008,0.2466714198610501,0.1860940695296523,-0.020112163543686404,0.005745947055202202,-0.02772277227722772,0.00012499441415719792
10,45,xgb,s1_plus_ig,1.0,0.5,positive_only,s1_plus_ig/mode=positive_only/ratio=1.0/keep=0.5,0.1230872759864985,0.0193104863533757,0.26923873552028,0.2554455445544554,0.126427708016984,0.9999432430898462,0.0465831021095749,S1/random_under_20to1,0.133166144128667,0.0210342704699363,0.271909483171701,0.2376237623762376,0.1246502535799126,0.0192097898781008,0.2466714198610501,0.1860940695296523,-0.010078868142168504,-0.0017237841165606005,0.017821782178217782,0.0017774544370713907
10,45,xgb,s1_plus_ig,1.5,0.5,positive_only,s1_plus_ig/mode=positive_only/ratio=1.5/keep=0.5,0.1352894390947819,0.019105273958547,0.2705209663443491,0.2693069306930693,0.1461431488930875,0.9999432430898462,0.0465831021095749,S1/random_under_20to1,0.133166144128667,0.0210342704699363,0.271909483171701,0.2376237623762376,0.1246502535799126,0.0192097898781008,0.2466714198610501,0.1860940695296523,0.0021232949661148803,-0.0019289965113892978,0.03168316831683171,0.021492895313174887
10,45,xgb,s1_plus_ig,2.0,0.5,positive_only,s1_plus_ig/mode=positive_only/ratio=2.0/keep=0.5,0.1347517368480236,0.025938846706341,0.2641402327687854,0.2574257425742574,0.1393474884664284,0.9999432430898462,0.0465831021095749,S1/random_under_20to1,0.133166144128667,0.0210342704699363,0.271909483171701,0.2376237623762376,0.1246502535799126,0.0192097898781008,0.2466714198610501,0.1860940695296523,0.0015855927193565988,0.004904576236404702,0.019801980198019764,0.014697234886515781
10,45,xgb,s1_plus_ig,0.25,0.75,positive_only,s1_plus_ig/mode=positive_only/ratio=0.25/keep=0.75,0.1079304542940222,0.0169710650523291,0.2480884966449301,0.2178217821782178,0.1268269396369052,0.9999631080084,0.0415525444738313,S1/random_under_20to1,0.133166144128667,0.0210342704699363,0.271909483171701,0.2376237623762376,0.1246502535799126,0.0192097898781008,0.2466714198610501,0.1860940695296523,-0.025235689834644803,-0.004063205417607199,-0.01980198019801982,0.0021766860569925883
10,45,xgb,s1_plus_ig,0.5,0.75,positive_only,s1_plus_ig/mode=positive_only/ratio=0.5/keep=0.75,0.1031913341625899,0.0183459880976811,0.2357157971947141,0.2178217821782178,0.1176594797260576,0.9999631080084,0.0415525444738313,S1/random_under_20to1,0.133166144128667,0.0210342704699363,0.271909483171701,0.2376237623762376,0.1246502535799126,0.0192097898781008,0.2466714198610501,0.1860940695296523,-0.029974809966077112,-0.002688282372255199,-0.01980198019801982,-0.006990773853855006
10,45,xgb,s1_plus_ig,0.75,0.75,positive_only,s1_plus_ig/mode=positive_only/ratio=0.75/keep=0.75,0.1080748711945683,0.0230453519392571,0.248403262170075,0.2336633663366336,0.1149859331603857,0.9999631080084,0.0415525444738313,S1/random_under_20to1,0.133166144128667,0.0210342704699363,0.271909483171701,0.2376237623762376,0.1246502535799126,0.0192097898781008,0.2466714198610501,0.1860940695296523,-0.025091272934098713,0.0020110814693208023,-0.003960396039604019,-0.009664320419526903
10,45,xgb,s1_plus_ig,1.0,0.75,positive_only,s1_plus_ig/mode=positive_only/ratio=1.0/keep=0.75,0.1128738552700092,0.022142417402011,0.2518945233166222,0.2118811881188118,0.1246041027854327,0.9999631080084,0.0415525444738313,S1/random_under_20to1,0.133166144128667,0.0210342704699363,0.271909483171701,0.2376237623762376,0.1246502535799126,0.0192097898781008,0.2466714198610501,0.1860940695296523,-0.020292288858657803,0.0011081469320746995,-0.02574257425742582,-4.615079447990722e-05
10,45,xgb,s1_plus_ig,1.5,0.75,positive_only,s1_plus_ig/mode=positive_only/ratio=1.5/keep=0.75,0.1299616464048865,0.0252616458034065,0.263053537592001,0.2455445544554455,0.1554158037728249,0.9999631080084,0.0415525444738313,S1/random_under_20to1,0.133166144128667,0.0210342704699363,0.271909483171701,0.2376237623762376,0.1246502535799126,0.0192097898781008,0.2466714198610501,0.1860940695296523,-0.0032044977237805083,0.004227375333470201,0.0079207920792079,0.0307655501929123
10,45,xgb,s1_plus_ig,2.0,0.75,positive_only,s1_plus_ig/mode=positive_only/ratio=2.0/keep=0.75,0.1202172781365446,0.0217319926123537,0.2587097327494409,0.2356435643564356,0.1216572233066475,0.9999631080084,0.0415525444738313,S1/random_under_20to1,0.133166144128667,0.0210342704699363,0.271909483171701,0.2376237623762376,0.1246502535799126,0.0192097898781008,0.2466714198610501,0.1860940695296523,-0.012948865992122402,0.0006977221424174021,-0.0019801980198020097,-0.0029930302732651126
10,45,xgb,s1_plus_ig,0.25,1.0,positive_only,s1_plus_ig/mode=positive_only/ratio=0.25/keep=1.0,0.1079304542940222,0.0169710650523291,0.2480884966449301,0.2178217821782178,0.1268269396369052,0.9999900675407232,0.0472990874885582,S1/random_under_20to1,0.133166144128667,0.0210342704699363,0.271909483171701,0.2376237623762376,0.1246502535799126,0.0192097898781008,0.2466714198610501,0.1860940695296523,-0.025235689834644803,-0.004063205417607199,-0.01980198019801982,0.0021766860569925883
10,45,xgb,s1_plus_ig,0.5,1.0,positive_only,s1_plus_ig/mode=positive_only/ratio=0.5/keep=1.0,0.1031913341625899,0.0183459880976811,0.2357157971947141,0.2178217821782178,0.1176594797260576,0.9999900675407232,0.0472990874885582,S1/random_under_20to1,0.133166144128667,0.0210342704699363,0.271909483171701,0.2376237623762376,0.1246502535799126,0.0192097898781008,0.2466714198610501,0.1860940695296523,-0.029974809966077112,-0.002688282372255199,-0.01980198019801982,-0.006990773853855006
10,45,xgb,s1_plus_ig,0.75,1.0,positive_only,s1_plus_ig/mode=positive_only/ratio=0.75/keep=1.0,0.1080748711945683,0.0230453519392571,0.248403262170075,0.2336633663366336,0.1149859331603857,0.9999900675407232,0.0472990874885582,S1/random_under_20to1,0.133166144128667,0.0210342704699363,0.271909483171701,0.2376237623762376,0.1246502535799126,0.0192097898781008,0.2466714198610501,0.1860940695296523,-0.025091272934098713,0.0020110814693208023,-0.003960396039604019,-0.009664320419526903
10,45,xgb,s1_plus_ig,1.0,1.0,positive_only,s1_plus_ig/mode=positive_only/ratio=1.0/keep=1.0,0.1128738552700092,0.022142417402011,0.2518945233166222,0.2118811881188118,0.1246041027854327,0.9999900675407232,0.0472990874885582,S1/random_under_20to1,0.133166144128667,0.0210342704699363,0.271909483171701,0.2376237623762376,0.1246502535799126,0.0192097898781008,0.2466714198610501,0.1860940695296523,-0.020292288858657803,0.0011081469320746995,-0.02574257425742582,-4.615079447990722e-05
10,45,xgb,s1_plus_ig,1.5,1.0,positive_only,s1_plus_ig/mode=positive_only/ratio=1.5/keep=1.0,0.1325083464031551,0.017894520829058,0.2685336180536715,0.2297029702970297,0.135901975839175,0.9999900675407232,0.0472990874885582,S1/random_under_20to1,0.133166144128667,0.0210342704699363,0.271909483171701,0.2376237623762376,0.1246502535799126,0.0192097898781008,0.2466714198610501,0.1860940695296523,-0.0006577977255119161,-0.003139749640878299,-0.0079207920792079,0.011251722259262381
10,45,xgb,s1_plus_ig,2.0,1.0,positive_only,s1_plus_ig/mode=positive_only/ratio=2.0/keep=1.0,0.115203125068436,0.0218756412887338,0.2579309922072411,0.2336633663366336,0.1330088921373019,0.9999900675407232,0.0472990874885582,S1/random_under_20to1,0.133166144128667,0.0210342704699363,0.271909483171701,0.2376237623762376,0.1246502535799126,0.0192097898781008,0.2466714198610501,0.1860940695296523,-0.01796301906023101,0.0008413708187974996,-0.003960396039604019,0.008358638557389303
10,46,xgb,s1_plus_ig,0.25,0.25,positive_only,s1_plus_ig/mode=positive_only/ratio=0.25/keep=0.25,0.1142667308235282,0.0226759696285655,0.2548430384426252,0.2376237623762376,0.1207563147851382,0.9977097505668934,0.0526167110766301,S1/random_under_10to1,0.1299114239418065,0.0208495793145906,0.2683170578329787,0.2455445544554455,0.1182412910613989,0.0226011478442346,0.2312407088190552,0.1963190184049079,-0.01564469311827829,0.0018263903139748988,-0.0079207920792079,0.002515023723739296
10,46,xgb,s1_plus_ig,0.5,0.25,positive_only,s1_plus_ig/mode=positive_only/ratio=0.5/keep=0.25,0.1171187644886934,0.0249948696901292,0.2457166462147444,0.2059405940594059,0.1126809252699684,0.9977097505668934,0.0526167110766301,S1/random_under_10to1,0.1299114239418065,0.0208495793145906,0.2683170578329787,0.2455445544554455,0.1182412910613989,0.0226011478442346,0.2312407088190552,0.1963190184049079,-0.012792659453113087,0.0041452903755386,-0.03960396039603961,-0.005560365791430502
10,46,xgb,s1_plus_ig,0.75,0.25,positive_only,s1_plus_ig/mode=positive_only/ratio=0.75/keep=0.25,0.121212043084762,0.0267186538066899,0.2551952878779528,0.2297029702970297,0.1233763225187208,0.9977097505668934,0.0526167110766301,S1/random_under_10to1,0.1299114239418065,0.0208495793145906,0.2683170578329787,0.2455445544554455,0.1182412910613989,0.0226011478442346,0.2312407088190552,0.1963190184049079,-0.008699380857044497,0.005869074492099301,-0.0158415841584158,0.005135031457321901
10,46,xgb,s1_plus_ig,1.0,0.25,positive_only,s1_plus_ig/mode=positive_only/ratio=1.0/keep=0.25,0.1161088694100121,0.0264108352144469,0.2576582206122552,0.198019801980198,0.1069936233993998,0.9977097505668934,0.0526167110766301,S1/random_under_10to1,0.1299114239418065,0.0208495793145906,0.2683170578329787,0.2455445544554455,0.1182412910613989,0.0226011478442346,0.2312407088190552,0.1963190184049079,-0.013802554531794395,0.005561255899856298,-0.04752475247524751,-0.011247667661999097
10,46,xgb,s1_plus_ig,1.5,0.25,positive_only,s1_plus_ig/mode=positive_only/ratio=1.5/keep=0.25,0.1180381910281786,0.0272932485122101,0.2600451012181161,0.2178217821782178,0.1021613684026131,0.9977097505668934,0.0526167110766301,S1/random_under_10to1,0.1299114239418065,0.0208495793145906,0.2683170578329787,0.2455445544554455,0.1182412910613989,0.0226011478442346,0.2312407088190552,0.1963190184049079,-0.011873232913627893,0.0064436691976195,-0.02772277227722772,-0.0160799226587858
10,46,xgb,s1_plus_ig,2.0,0.25,positive_only,s1_plus_ig/mode=positive_only/ratio=2.0/keep=0.25,0.1186935987863832,0.0255899856351323,0.2679592463137666,0.2554455445544554,0.1081019183678633,0.9977097505668934,0.0526167110766301,S1/random_under_10to1,0.1299114239418065,0.0208495793145906,0.2683170578329787,0.2455445544554455,0.1182412910613989,0.0226011478442346,0.2312407088190552,0.1963190184049079,-0.011217825155423286,0.0047404063205417,0.009900990099009882,-0.010139372693535598
10,46,xgb,s1_plus_ig,0.25,0.5,positive_only,s1_plus_ig/mode=positive_only/ratio=0.25/keep=0.5,0.1142667308235282,0.0226759696285655,0.2548430384426252,0.2376237623762376,0.1207563147851382,0.9999702026221692,0.056102281024818,S1/random_under_10to1,0.1299114239418065,0.0208495793145906,0.2683170578329787,0.2455445544554455,0.1182412910613989,0.0226011478442346,0.2312407088190552,0.1963190184049079,-0.01564469311827829,0.0018263903139748988,-0.0079207920792079,0.002515023723739296
10,46,xgb,s1_plus_ig,0.5,0.5,positive_only,s1_plus_ig/mode=positive_only/ratio=0.5/keep=0.5,0.1162779503588866,0.02714959983583,0.2511556187278009,0.2158415841584158,0.1272072030007355,0.9999702026221692,0.056102281024818,S1/random_under_10to1,0.1299114239418065,0.0208495793145906,0.2683170578329787,0.2455445544554455,0.1182412910613989,0.0226011478442346,0.2312407088190552,0.1963190184049079,-0.013633473582919886,0.006300020521239399,-0.0297029702970297,0.008965911939336615
10,46,xgb,s1_plus_ig,0.75,0.5,positive_only,s1_plus_ig/mode=positive_only/ratio=0.75/keep=0.5,0.1205818023426205,0.0238046378001231,0.2536407716766953,0.198019801980198,0.1228744633814098,0.9999702026221692,0.056102281024818,S1/random_under_10to1,0.1299114239418065,0.0208495793145906,0.2683170578329787,0.2455445544554455,0.1182412910613989,0.0226011478442346,0.2312407088190552,0.1963190184049079,-0.009329621599185989,0.0029550584855324996,-0.04752475247524751,0.004633172320010898
10,46,xgb,s1_plus_ig,1.0,0.5,positive_only,s1_plus_ig/mode=positive_only/ratio=1.0/keep=0.5,0.1332296827949723,0.0225528421916683,0.267999797687777,0.2455445544554455,0.1266332023034112,0.9999702026221692,0.056102281024818,S1/random_under_10to1,0.1299114239418065,0.0208495793145906,0.2683170578329787,0.2455445544554455,0.1182412910613989,0.0226011478442346,0.2312407088190552,0.1963190184049079,0.0033182588531658064,0.0017032628770776992,0.0,0.008391911242012315
10,46,xgb,s1_plus_ig,1.5,0.5,positive_only,s1_plus_ig/mode=positive_only/ratio=1.5/keep=0.5,0.1276347195524305,0.0216293864149394,0.2673609559195805,0.2653465346534653,0.1484846134033935,0.9999702026221692,0.056102281024818,S1/random_under_10to1,0.1299114239418065,0.0208495793145906,0.2683170578329787,0.2455445544554455,0.1182412910613989,0.0226011478442346,0.2312407088190552,0.1963190184049079,-0.002276704389375994,0.0007798071003487991,0.019801980198019792,0.030243322341994602
10,46,xgb,s1_plus_ig,2.0,0.5,positive_only,s1_plus_ig/mode=positive_only/ratio=2.0/keep=0.5,0.1382667805432042,0.0177098296737122,0.2772183782701795,0.2752475247524752,0.1308072575986927,0.9999702026221692,0.056102281024818,S1/random_under_10to1,0.1299114239418065,0.0208495793145906,0.2683170578329787,0.2455445544554455,0.1182412910613989,0.0226011478442346,0.2312407088190552,0.1963190184049079,0.008355356601397718,-0.0031397496408783997,0.0297029702970297,0.01256596653729379
10,46,xgb,s1_plus_ig,0.25,0.75,positive_only,s1_plus_ig/mode=positive_only/ratio=0.25/keep=0.75,0.1142667308235282,0.0226759696285655,0.2548430384426252,0.2376237623762376,0.1207563147851382,0.9999602701628924,0.0651136939154582,S1/random_under_10to1,0.1299114239418065,0.0208495793145906,0.2683170578329787,0.2455445544554455,0.1182412910613989,0.0226011478442346,0.2312407088190552,0.1963190184049079,-0.01564469311827829,0.0018263903139748988,-0.0079207920792079,0.002515023723739296
10,46,xgb,s1_plus_ig,0.5,0.75,positive_only,s1_plus_ig/mode=positive_only/ratio=0.5/keep=0.75,0.1162779503588866,0.02714959983583,0.2511556187278009,0.2158415841584158,0.1272072030007355,0.9999602701628924,0.0651136939154582,S1/random_under_10to1,0.1299114239418065,0.0208495793145906,0.2683170578329787,0.2455445544554455,0.1182412910613989,0.0226011478442346,0.2312407088190552,0.1963190184049079,-0.013633473582919886,0.006300020521239399,-0.0297029702970297,0.008965911939336615
10,46,xgb,s1_plus_ig,0.75,0.75,positive_only,s1_plus_ig/mode=positive_only/ratio=0.75/keep=0.75,0.1125773703138476,0.0202339421301046,0.2684022096107321,0.2435643564356435,0.1311856722813524,0.9999602701628924,0.0651136939154582,S1/random_under_10to1,0.1299114239418065,0.0208495793145906,0.2683170578329787,0.2455445544554455,0.1182412910613989,0.0226011478442346,0.2312407088190552,0.1963190184049079,-0.017334053627958895,-0.0006156371844860016,-0.0019801980198020097,0.01294438121995349
10,46,xgb,s1_plus_ig,1.0,0.75,positive_only,s1_plus_ig/mode=positive_only/ratio=1.0/keep=0.75,0.1131316314438812,0.0294069361789452,0.2561589983989066,0.196039603960396,0.1329149643617484,0.9999602701628924,0.0651136939154582,S1/random_under_10to1,0.1299114239418065,0.0208495793145906,0.2683170578329787,0.2455445544554455,0.1182412910613989,0.0226011478442346,0.2312407088190552,0.1963190184049079,-0.016779792497925286,0.0085573568643546,-0.04950495049504952,0.014673673300349507
10,46,xgb,s1_plus_ig,1.5,0.75,positive_only,s1_plus_ig/mode=positive_only/ratio=1.5/keep=0.75,0.114709883953824,0.0260824953827211,0.265606311683903,0.2059405940594059,0.1219300519446964,0.9999602701628924,0.0651136939154582,S1/random_under_10to1,0.1299114239418065,0.0208495793145906,0.2683170578329787,0.2455445544554455,0.1182412910613989,0.0226011478442346,0.2312407088190552,0.1963190184049079,-0.015201539987982488,0.005232916068130498,-0.03960396039603961,0.003688760883297504
10,46,xgb,s1_plus_ig,2.0,0.75,positive_only,s1_plus_ig/mode=positive_only/ratio=2.0/keep=0.75,0.1400223915898964,0.0104453108967781,0.2772820639690352,0.3168316831683168,0.1382936253623788,0.9999602701628924,0.0651136939154582,S1/random_under_10to1,0.1299114239418065,0.0208495793145906,0.2683170578329787,0.2455445544554455,0.1182412910613989,0.0226011478442346,0.2312407088190552,0.1963190184049079,0.010110967648089914,-0.0104042684178125,0.07128712871287127,0.0200523343009799
10,46,xgb,s1_plus_ig,0.25,1.0,positive_only,s1_plus_ig/mode=positive_only/ratio=0.25/keep=1.0,0.1142667308235282,0.0226759696285655,0.2548430384426252,0.2376237623762376,0.1207563147851382,0.9999914864634768,0.0777096696599547,S1/random_under_10to1,0.1299114239418065,0.0208495793145906,0.2683170578329787,0.2455445544554455,0.1182412910613989,0.0226011478442346,0.2312407088190552,0.1963190184049079,-0.01564469311827829,0.0018263903139748988,-0.0079207920792079,0.002515023723739296
10,46,xgb,s1_plus_ig,0.5,1.0,positive_only,s1_plus_ig/mode=positive_only/ratio=0.5/keep=1.0,0.1162779503588866,0.02714959983583,0.2511556187278009,0.2158415841584158,0.1272072030007355,0.9999914864634768,0.0777096696599547,S1/random_under_10to1,0.1299114239418065,0.0208495793145906,0.2683170578329787,0.2455445544554455,0.1182412910613989,0.0226011478442346,0.2312407088190552,0.1963190184049079,-0.013633473582919886,0.006300020521239399,-0.0297029702970297,0.008965911939336615
10,46,xgb,s1_plus_ig,0.75,1.0,positive_only,s1_plus_ig/mode=positive_only/ratio=0.75/keep=1.0,0.1125773703138476,0.0202339421301046,0.2684022096107321,0.2435643564356435,0.1311856722813524,0.9999914864634768,0.0777096696599547,S1/random_under_10to1,0.1299114239418065,0.0208495793145906,0.2683170578329787,0.2455445544554455,0.1182412910613989,0.0226011478442346,0.2312407088190552,0.1963190184049079,-0.017334053627958895,-0.0006156371844860016,-0.0019801980198020097,0.01294438121995349
10,46,xgb,s1_plus_ig,1.0,1.0,positive_only,s1_plus_ig/mode=positive_only/ratio=1.0/keep=1.0,0.1131316314438812,0.0294069361789452,0.2561589983989066,0.196039603960396,0.1329149643617484,0.9999914864634768,0.0777096696599547,S1/random_under_10to1,0.1299114239418065,0.0208495793145906,0.2683170578329787,0.2455445544554455,0.1182412910613989,0.0226011478442346,0.2312407088190552,0.1963190184049079,-0.016779792497925286,0.0085573568643546,-0.04950495049504952,0.014673673300349507
10,46,xgb,s1_plus_ig,1.5,1.0,positive_only,s1_plus_ig/mode=positive_only/ratio=1.5/keep=1.0,0.1092514465722801,0.0240508926739175,0.2468446156691856,0.1782178217821782,0.1398007216226646,0.9999914864634768,0.0777096696599547,S1/random_under_10to1,0.1299114239418065,0.0208495793145906,0.2683170578329787,0.2455445544554455,0.1182412910613989,0.0226011478442346,0.2312407088190552,0.1963190184049079,-0.02065997736952639,0.003201313359326899,-0.0673267326732673,0.021559430561265705
10,46,xgb,s1_plus_ig,2.0,1.0,positive_only,s1_plus_ig/mode=positive_only/ratio=2.0/keep=1.0,0.117629206982061,0.0228811820233942,0.2605908281484631,0.1742574257425742,0.1384419668399938,0.9999914864634768,0.0777096696599547,S1/random_under_10to1,0.1299114239418065,0.0208495793145906,0.2683170578329787,0.2455445544554455,0.1182412910613989,0.0226011478442346,0.2312407088190552,0.1963190184049079,-0.01228221695974549,0.0020316027088035996,-0.07128712871287132,0.020200675778594898
